Bib Number,Athlete Name,Gender,City,State,Country,Division,Status,Finish Time,Swim Time,T1 Time,Bike Time,T2 Time,Run Time,Overall Rank,Gender Rank,Division Rank,AWA Points,Swim Rank (Overall),Swim Rank (Gender),Swim Rank (Division),Bike Rank (Overall),Bike Rank (Gender),Bike Rank (Division),Run Rank (Overall),Run Rank (Gender),Run Rank (Division),Finish (Seconds),Swim (Seconds),T1 (Seconds),Bike (Seconds),T2 (Seconds),Run (Seconds)
"299","Nicholas Bongi","Male","Denver","CO","US","M30-34","FIN","3:40:32","","0:00:00","2:18:13","0:01:50","1:20:28","1","1","1","3500","99999","99999","99999","3","3","1","1","1","1","13232","","","8293","110","4828"
"288","Emmanuel Lopez","Male","Mission","US-TX","US","M40-44","FIN","3:44:57","","0:00:00","2:20:19","0:01:16","1:23:21","2","2","1","3500","99999","99999","99999","5","5","1","2","2","1","13497","","","8419","76","5001"
"1948","Mitch Adshead","Male","Fort Worth","TX","US","M30-34","FIN","3:46:36","","0:00:00","2:19:13","0:02:58","1:24:25","3","3","2","3390","99999","99999","99999","4","4","2","3","3","2","13596","","","8353","178","5065"
"273","Aidan Aronin","Male","South Orange","US-NJ","US","M18-24","FIN","3:47:46","","0:00:00","2:16:29","0:01:22","1:29:55","4","4","1","3500","99999","99999","99999","1","1","1","4","4","1","13666","","","8189","82","5395"
"282","Jeff Scarella","Male","CARROLLTON","US-TX","US","M45-49","FIN","3:49:30","","0:00:00","2:21:24","0:01:17","1:26:50","5","5","1","3500","99999","99999","99999","7","7","1","5","5","1","13770","","","8484","77","5210"
"2057","Zachary Smith","Male","RHOME","US-TX","US","M35-39","FIN","3:54:32","","0:00:00","2:21:19","0:01:24","1:31:49","6","6","1","3500","99999","99999","99999","6","6","1","6","6","1","14072","","","8479","84","5509"
"112","Alex Bergeson","Male","Hermosa Beach","CA","US","M35-39","FIN","3:57:27","","0:00:00","2:31:40","0:01:57","1:23:50","7","7","2","3447","99999","99999","99999","30","28","6","7","7","2","14247","","","9100","117","5030"
"389","Lane Monroe","Male","LUBBOCK","TX","US","M18-24","FIN","3:57:49","","0:00:00","2:27:49","0:01:17","1:28:43","8","8","2","3319","99999","99999","99999","17","17","2","8","8","2","14269","","","8869","77","5323"
"309","Marko Knezovic","Male","Santiago","CL-CL-RM","RS","M50-54","FIN","3:58:49","","0:00:00","2:17:25","0:02:20","1:39:04","9","9","1","3500","99999","99999","99999","2","2","1","9","9","1","14329","","","8245","140","5944"
"383","Matt Carson","Male","Argyle","US-TX","US","M30-34","FIN","4:00:52","","0:00:00","2:30:31","0:01:53","1:28:28","10","10","3","3134","99999","99999","99999","24","22","5","10","10","3","14452","","","9031","113","5308"
"896","David Tatum","Male","Fresno","CA","US","M45-49","FIN","4:01:57","","0:00:00","2:25:11","0:02:23","1:34:23","11","11","2","3275","99999","99999","99999","10","10","2","11","11","2","14517","","","8711","143","5663"
"1749","Rafael Silva","Male","San Antonio","TEXAS","US","M45-49","FIN","4:02:06","","0:00:00","2:31:55","0:01:42","1:28:29","12","12","3","3273","99999","99999","99999","34","32","7","12","12","3","14526","","","9115","102","5309"
"2098","Brendan Loehr","Male","Austin","US-TX","US","M45-49","FIN","4:04:47","","0:00:00","2:28:19","0:01:33","1:34:55","13","13","4","3224","99999","99999","99999","20","20","5","13","13","4","14687","","","8899","93","5695"
"321","Marcelo Costa","Male","Bentonville","ARKANSAS","BR","M45-49","FIN","4:05:35","","0:00:00","2:28:13","0:02:32","1:34:50","14","14","5","3210","99999","99999","99999","19","19","4","14","14","5","14735","","","8893","152","5690"
"1499","Nicholas Mason","Male","MIAMI","FL","AU","M35-39","FIN","4:05:43","","0:00:00","2:22:30","0:02:09","1:41:04","15","15","3","3298","99999","99999","99999","8","8","2","15","15","3","14743","","","8550","129","6064"
"331","Isabella Buttaci","Female","Baton Rouge","LA","US","F25-29","FIN","4:05:52","","0:00:00","2:30:10","0:01:43","1:33:59","16","1","1","3500","99999","99999","99999","23","2","1","16","1","1","14752","","","9010","103","5639"
"2114","Jacob Becker","Male","MINEOLA","NY","US","M30-34","FIN","4:06:48","","0:00:00","2:31:05","0:03:44","1:31:59","17","16","4","3027","99999","99999","99999","27","25","7","17","16","4","14808","","","9065","224","5519"
"1885","Russell Walther","Male","Tallahassee","FL","US","M40-44","FIN","4:07:50","","0:00:00","2:25:56","0:01:57","1:39:56","18","17","2","3088","99999","99999","99999","11","11","2","18","17","2","14870","","","8756","117","5996"
"271","Benjamin Fuqua","Male","DALLAS","US-TX","US","M40-44","FIN","4:08:04","","0:00:00","2:27:53","0:02:24","1:37:47","19","18","3","3083","99999","99999","99999","18","18","3","19","18","3","14884","","","8873","144","5867"
"255","Tim Wing","Male","Stalybridge","foreigner","GB","M55-59","FIN","4:08:19","","0:00:00","2:24:46","0:02:36","1:40:57","20","19","1","3500","99999","99999","99999","9","9","1","20","19","1","14899","","","8686","156","6057"
"1427","Jeffrey Kinlan","Male","Arlington","TX","US","M40-44","FIN","4:08:30","","0:00:00","2:40:02","0:01:25","1:27:04","21","20","4","3076","99999","99999","99999","91","86","13","21","20","4","14910","","","9602","85","5224"
"230","Cody Solbo","Male","Magnolia ","TX","US","M35-39","FIN","4:08:42","","0:00:00","2:31:41","0:01:33","1:35:28","22","21","4","3245","99999","99999","99999","31","29","7","22","21","4","14922","","","9101","93","5728"
"1875","Robert Thurston","Male","Fort Worth","TX","US","M50-54","FIN","4:08:49","","0:00:00","2:36:17","0:02:17","1:30:14","23","22","2","3320","99999","99999","99999","59","56","8","23","22","2","14929","","","9377","137","5414"
"1454","Nicholas Hook","Male","SAN FRANCISCO","CA","US","M30-34","FIN","4:09:08","","0:00:00","2:27:16","0:01:57","1:39:55","24","23","5","2985","99999","99999","99999","14","14","3","24","23","5","14948","","","8836","117","5995"
"272","David Taylor","Male","Mission","US-TX","US","M45-49","FIN","4:10:06","","0:00:00","2:26:42","0:01:39","1:41:45","25","24","6","3129","99999","99999","99999","12","12","3","25","24","6","15006","","","8802","99","6105"
"1389","Michael Engle","Male","Northlake","TX","US","M35-39","FIN","4:10:24","","0:00:00","2:31:06","0:01:52","1:37:26","26","25","5","3214","99999","99999","99999","28","26","5","26","25","5","15024","","","9066","112","5846"
"646","Christopher Rountree","Male","Irving","US-TX","US","M50-54","FIN","4:11:12","","0:00:00","2:31:50","0:02:58","1:36:25","27","26","3","3277","99999","99999","99999","33","31","3","27","26","3","15072","","","9110","178","5785"
"354","Justin Buschman","Male","Spicewood","US-TX","US","M45-49","FIN","4:11:56","","0:00:00","2:32:11","0:01:28","1:38:17","28","27","7","3096","99999","99999","99999","35","33","8","28","27","7","15116","","","9131","88","5897"
"259","Nicholas Catullo","Male","Lucas","TX","US","M18-24","FIN","4:12:22","","0:00:00","2:38:10","0:01:18","1:32:53","29","28","3","3057","99999","99999","99999","71","68","4","29","28","3","15142","","","9490","78","5573"
"350","Geoffrey Orland","Male","Lakewood Ranch","FL","US","M40-44","FIN","4:12:55","","0:00:00","2:39:22","0:02:16","1:31:17","30","29","5","2996","99999","99999","99999","83","79","10","30","29","5","15175","","","9562","136","5477"
"233","Kenneth Meyer","Male","Austin","US-TX","US","M30-34","FIN","4:13:09","","0:00:00","2:28:43","0:01:54","1:42:32","31","30","6","2912","99999","99999","99999","21","21","4","31","30","6","15189","","","8923","114","6152"
"279","Marc Laroche","Male","Verdun","CA-QC","CA","M60-64","FIN","4:13:22","","0:00:00","2:33:48","0:01:54","1:37:40","32","31","1","3500","99999","99999","99999","41","39","2","32","31","1","15202","","","9228","114","5860"
"868","Pedro Trindade","Male","Savannah","US-TX","US","M50-54","FIN","4:15:00","","0:00:00","2:32:11","0:01:27","1:41:22","33","32","4","3208","99999","99999","99999","36","34","4","33","32","4","15300","","","9131","87","6082"
"325","Guido Tirone","Male","Dallas","US-TX","IT","M35-39","FIN","4:15:08","","0:00:00","2:36:01","0:01:55","1:37:12","34","33","6","3129","99999","99999","99999","54","51","9","34","33","6","15308","","","9361","115","5832"
"1049","Patrick Butkovich","Male","Tallahassee","FL","US","M25-29","FIN","4:15:23","","0:00:00","2:35:40","0:01:14","1:38:28","35","34","1","3500","99999","99999","99999","52","49","2","35","34","1","15323","","","9340","74","5908"
"239","Brian Kiscoe","Male","The Woodlands","TX","US","M50-54","FIN","4:16:03","","0:00:00","2:27:36","0:02:47","1:45:40","36","35","5","3189","99999","99999","99999","16","16","2","36","35","5","15363","","","8856","167","6340"
"366","Sal Fernandez","Male","Edmond","US-OK","US","M18-24","FIN","4:16:36","","0:00:00","2:39:55","0:02:10","1:34:31","37","36","4","2981","99999","99999","99999","89","84","5","37","36","4","15396","","","9595","130","5671"
"950","James Busenbarrick","Male","Benton","LA","US","M40-44","FIN","4:16:40","","0:00:00","2:35:25","0:01:22","1:39:54","38","37","6","2929","99999","99999","99999","49","46","6","38","37","6","15400","","","9325","82","5994"
"292","Scott Foreman","Male","Phoenix","US-MD","US","M35-39","FIN","4:16:43","","0:00:00","2:36:01","0:01:52","1:38:51","39","38","7","3100","99999","99999","99999","55","52","10","39","38","7","15403","","","9361","112","5931"
"371","Brandon Terwege","Male","Highland Village","TX","US","M25-29","FIN","4:16:50","","0:00:00","2:33:08","0:01:58","1:41:43","40","39","2","3473","99999","99999","99999","38","36","1","40","39","2","15410","","","9188","118","6103"
"367","Ramin Rezvani","Male","SAN FRANCISCO","US-CA","US","M35-39","FIN","4:17:13","","0:00:00","2:26:47","0:03:14","1:47:13","41","40","8","3091","99999","99999","99999","13","13","3","41","40","8","15433","","","8807","194","6433"
"364","Matt Ruebel","Male","Austin","TX","US","M45-49","FIN","4:17:46","","0:00:00","2:30:42","0:02:17","1:44:48","42","41","8","2991","99999","99999","99999","25","23","6","42","41","8","15466","","","9042","137","6288"
"1540","Ethan Nguyen","Male","Dallas","TX","US","M25-29","FIN","4:17:46","","0:00:00","2:36:08","0:02:51","1:38:46","43","42","3","3457","99999","99999","99999","57","54","4","43","42","3","15466","","","9368","171","5926"
"1932","MASON SMITH","Male","Bryan","Texas","US","M30-34","FIN","4:17:53","","0:00:00","2:44:21","0:01:51","1:31:41","44","43","7","2827","99999","99999","99999","144","138","23","44","43","7","15473","","","9861","111","5501"
"2101","Suryansh Yadav","Male","Collegeville","PA","US","M18-24","FIN","4:18:04","","0:00:00","2:40:20","0:01:20","1:36:23","45","44","5","2954","99999","99999","99999","95","90","6","45","44","5","15484","","","9620","80","5783"
"2072","Michael George","Male","Conroe","TX","US","M30-34","FIN","4:18:04","","0:00:00","2:38:55","0:01:47","1:37:22","46","45","8","2824","99999","99999","99999","78","74","12","46","45","8","15484","","","9535","107","5842"
"151","Chad Hanson","Male","Henderson","US-NV","US","M50-54","FIN","4:18:15","","0:00:00","2:35:05","0:01:25","1:41:44","47","46","6","3150","99999","99999","99999","47","44","7","47","46","6","15495","","","9305","85","6104"
"241","Kate Looney","Female","Spring","TX","US","F45-49","FIN","4:18:35","","0:00:00","2:34:26","0:02:58","1:41:12","48","2","1","3500","99999","99999","99999","44","3","1","48","2","1","15515","","","9266","178","6072"
"1224","Carlos Poggi B.","Male","Southlake","US-TX","EC","M40-44","FIN","4:19:39","","0:00:00","2:34:10","0:02:27","1:43:02","49","47","7","2875","99999","99999","99999","42","40","5","49","47","7","15579","","","9250","147","6182"
"297","Todd RICKETTS","Male","Newark","US-OH","US","M45-49","FIN","4:20:18","","0:00:00","2:35:21","0:02:27","1:42:29","50","48","9","2945","99999","99999","99999","48","45","9","50","48","9","15618","","","9321","147","6149"
"312","Ryan Mcandrews","Male","Chattanooga","TN","US","M30-34","FIN","4:20:26","","0:00:00","2:39:06","0:03:27","1:37:53","51","49","9","2781","99999","99999","99999","82","78","13","51","49","9","15626","","","9546","207","5873"
"280","Brett Winkelman","Male","Fargo","ND","US","M40-44","FIN","4:20:45","","0:00:00","2:32:19","0:01:53","1:46:32","52","50","8","2855","99999","99999","99999","37","35","4","52","50","8","15645","","","9139","113","6392"
"1744","Reace Hudgeons","Male","Auburn","US-KS","US","M30-34","FIN","4:20:47","","0:00:00","2:43:21","0:01:49","1:35:37","53","51","10","2775","99999","99999","99999","132","126","20","53","51","10","15647","","","9801","109","5737"
"2096","Doug Farre","Male","AUSTIN","TX","US","M35-39","FIN","4:21:40","","0:00:00","2:43:26","0:03:11","1:35:03","54","52","9","3011","99999","99999","99999","134","128","23","54","52","9","15700","","","9806","191","5703"
"700","Brandon Harvill","Male","Plano","TX","US","M40-44","FIN","4:21:41","","0:00:00","2:41:01","0:01:38","1:39:01","55","53","9","2838","99999","99999","99999","106","101","16","55","53","9","15701","","","9661","98","5941"
"281","David Carter","Male","ROCKWALL","TX","US","M40-44","FIN","4:21:44","","0:00:00","2:42:16","0:01:54","1:37:35","56","54","10","2837","99999","99999","99999","121","115","18","56","54","10","15704","","","9736","114","5855"
"168","Felix Christl","Male","FRISCO","TX","DE","M30-34","FIN","4:21:46","","0:00:00","2:38:15","0:03:04","1:40:27","57","55","11","2757","99999","99999","99999","72","69","11","57","55","11","15706","","","9495","184","6027"
"1043","Ben Guevara","Male","Mandeville","LA","US","M45-49","FIN","4:22:24","","0:00:00","2:36:02","0:02:02","1:44:20","58","56","10","2907","99999","99999","99999","56","53","11","58","56","10","15744","","","9362","122","6260"
"1367","Kevin Lupton","Male","The Woodlands","TX","US","M35-39","FIN","4:22:41","","0:00:00","2:37:51","0:02:30","1:42:21","59","57","10","2993","99999","99999","99999","69","66","13","59","57","10","15761","","","9471","150","6141"
"334","Angel Martin","Female","Bossier City","LA","US","F40-44","FIN","4:23:17","","0:00:00","2:39:30","0:01:22","1:42:24","60","3","1","3500","99999","99999","99999","84","5","1","60","3","1","15797","","","9570","82","6144"
"293","Elias Villalobos","Male","New Braunfels","TX","US","M30-34","FIN","4:24:03","","0:00:00","2:44:09","0:02:02","1:37:51","61","58","12","2716","99999","99999","99999","140","134","22","61","58","12","15843","","","9849","122","5871"
"455","Tim Hawley","Male","KELLER","TX","US","M35-39","FIN","4:24:10","","0:00:00","2:40:14","0:01:42","1:42:14","62","59","11","2966","99999","99999","99999","93","88","17","62","59","11","15850","","","9614","102","6134"
"497","Joel Kinnunen","Male","MARANA","AZ","US","M60-64","FIN","4:24:12","","0:00:00","2:38:34","0:02:33","1:43:04","63","60","2","3305","99999","99999","99999","76","72","3","63","60","2","15852","","","9514","153","6184"
"211","Andy Miller","Male","Lawrenceburg","IN","US","M35-39","FIN","4:24:45","","0:00:00","2:36:09","0:01:05","1:47:30","64","61","12","2956","99999","99999","99999","58","55","11","64","61","12","15885","","","9369","65","6450"
"267","Shane Welty","Male","Irving","US-TX","US","M50-54","FIN","4:24:59","","0:00:00","2:34:21","0:02:38","1:48:01","65","62","7","3029","99999","99999","99999","43","41","6","65","62","7","15899","","","9261","158","6481"
"1176","Kevin Gilbert","Male","Lake Charles","LA","US","M35-39","FIN","4:25:03","","0:00:00","2:50:22","0:03:48","1:30:53","66","63","13","2950","99999","99999","99999","234","220","39","66","63","13","15903","","","10222","228","5453"
"724","Anthony Quinn","Male","North Richland Hills","US-TX","US","M40-44","FIN","4:25:23","","0:00:00","2:44:15","0:01:21","1:39:47","67","64","11","2772","99999","99999","99999","143","137","20","67","64","11","15923","","","9855","81","5987"
"521","Tristen Even","Male","DALLAS","TX","US","M25-29","FIN","4:25:31","","0:00:00","2:35:54","0:02:03","1:47:34","68","65","4","3317","99999","99999","99999","53","50","3","68","65","4","15931","","","9354","123","6454"
"1161","Mario Minelli","Male","Bella Vista","AR","US","M55-59","FIN","4:25:41","","0:00:00","2:35:29","0:01:53","1:48:19","69","66","2","3187","99999","99999","99999","50","47","3","69","66","2","15941","","","9329","113","6499"
"339","Scott Callahan","Male","Suffolk","US-VA","US","M55-59","FIN","4:25:59","","0:00:00","2:34:56","0:01:56","1:49:08","70","67","3","3182","99999","99999","99999","46","43","2","70","67","3","15959","","","9296","116","6548"
"256","Stephen Horan","Male","Conover","US-NC","US","M50-54","FIN","4:26:04","","0:00:00","2:46:39","0:03:25","1:35:59","71","68","8","3009","99999","99999","99999","172","163","23","71","68","8","15964","","","9999","205","5759"
"1418","Gray Slocum","Male","HOUSTON","TX","US","M40-44","FIN","4:26:04","","0:00:00","2:45:11","0:01:57","1:38:57","72","69","12","2759","99999","99999","99999","154","147","22","72","69","12","15964","","","9911","117","5937"
"258","Arthus Del Rio","Male","Georgetown ","TX","US","M55-59","FIN","4:26:09","","0:00:00","2:36:21","0:02:28","1:47:20","73","70","4","3179","99999","99999","99999","60","57","4","73","70","4","15969","","","9381","148","6440"
"1543","Dylan Harden","Male","Austin","TX","US","M25-29","FIN","4:26:23","","0:00:00","2:46:32","0:01:46","1:38:04","74","71","5","3302","99999","99999","99999","170","161","10","74","71","5","15983","","","9992","106","5884"
"1109","Cooper Morris","Male","Lubbock","Texas","US","M18-24","FIN","4:26:26","","0:00:00","2:40:56","0:01:44","1:43:47","75","72","6","2804","99999","99999","99999","103","98","7","75","72","6","15986","","","9656","104","6227"
"2092","Luke Houillion","Male","DALLAS","TX","US","M25-29","FIN","4:26:31","","0:00:00","2:40:43","0:05:04","1:40:44","76","73","6","3299","99999","99999","99999","101","96","5","76","73","6","15991","","","9643","304","6044"
"799","Tanner Overholts","Male","Westerville","OH","US","M18-24","FIN","4:26:42","","0:00:00","2:57:44","0:01:53","1:27:05","77","74","7","2799","99999","99999","99999","363","330","16","77","74","7","16002","","","10664","113","5225"
"403","Cody Miller","Male","Tyler","TX","US","M35-39","FIN","4:27:05","","0:00:00","2:42:52","0:02:07","1:42:07","78","75","14","2914","99999","99999","99999","129","123","22","78","75","14","16025","","","9772","127","6127"
"326","Derek Reeves","Male","Cary","US-NC","US","M30-34","FIN","4:27:09","","0:00:00","2:31:31","0:01:44","1:53:54","79","76","13","2660","99999","99999","99999","29","27","8","79","76","13","16029","","","9091","104","6834"
"343","Zachary Strater","Male","Carmel","IN","US","M30-34","FIN","4:27:34","","0:00:00","2:44:42","0:01:36","1:41:16","80","77","14","2653","99999","99999","99999","150","143","24","80","77","14","16054","","","9882","96","6076"
"2127","Michael Forrester","Male","AUSTIN","TX","US","M30-34","FIN","4:27:41","","0:00:00","2:41:21","0:04:14","1:42:06","81","78","15","2651","99999","99999","99999","115","109","16","81","78","15","16061","","","9681","254","6126"
"1475","Alex Kraisinger","Male","Mt Pleasant","PA","US","M30-34","FIN","4:27:44","","0:00:00","2:43:42","0:02:05","1:41:57","82","79","16","2650","99999","99999","99999","136","130","21","82","79","16","16064","","","9822","125","6117"
"1471","David Woods","Male","BENTON","LA","US","M45-49","FIN","4:28:06","","0:00:00","2:41:09","0:02:20","1:44:38","83","80","11","2805","99999","99999","99999","108","103","14","83","80","11","16086","","","9669","140","6278"
"1275","Matt Schwarz","Male","Bentonville","AR","US","M25-29","FIN","4:28:07","","0:00:00","2:49:23","0:01:57","1:36:48","84","81","7","3270","99999","99999","99999","219","205","15","84","81","7","16087","","","10163","117","5808"
"178","Phil Critelli","Male","Euless","TX","US","M35-39","FIN","4:28:09","","0:00:00","2:48:30","0:02:01","1:37:37","85","82","15","2894","99999","99999","99999","196","184","31","85","82","15","16089","","","10110","121","5857"
"742","Fernando Acaso","Male","Atascocita","TX","MX","M40-44","FIN","4:28:23","","0:00:00","2:40:59","0:04:22","1:43:02","86","83","13","2718","99999","99999","99999","105","100","15","86","83","13","16103","","","9659","262","6182"
"1323","Cristina Satterfield-Gibbons","Female","Longview","TX","US","F40-44","FIN","4:28:33","","0:00:00","2:44:26","0:03:17","1:40:50","87","4","2","3405","99999","99999","99999","147","7","3","87","4","2","16113","","","9866","197","6050"
"1560","Bradley Murphree","Male","Glendale","CA","US","M40-44","FIN","4:28:39","","0:00:00","2:39:38","0:03:58","1:45:03","88","84","14","2713","99999","99999","99999","86","81","12","88","84","14","16119","","","9578","238","6303"
"1813","Grant McConnell","Male","Austin","TX","US","M30-34","FIN","4:28:48","","0:00:00","2:36:27","0:04:57","1:47:24","89","85","17","2631","99999","99999","99999","62","59","9","89","85","17","16128","","","9387","297","6444"
"264","Jason Voehl","Male","Fort Worth","TX","US","M35-39","FIN","4:29:00","","0:00:00","2:38:23","0:02:28","1:48:09","90","86","16","2879","99999","99999","99999","74","70","14","90","86","16","16140","","","9503","148","6489"
"269","Dana Bullard","Female","Southlake","US-TX","US","F45-49","FIN","4:29:05","","0:00:00","2:46:57","0:01:25","1:40:43","91","5","2","3311","99999","99999","99999","176","10","2","91","5","2","16145","","","10017","85","6043"
"235","Arthur Mathisen","Male","Hermiston","US-OR","US","M55-59","FIN","4:29:12","","0:00:00","2:37:56","0:02:56","1:48:21","92","87","5","3124","99999","99999","99999","70","67","5","92","87","5","16152","","","9476","176","6501"
"1949","Joseph Bickham","Male","Rockwall","TX","US","M35-39","FIN","4:29:45","","0:00:00","2:27:30","0:02:01","2:00:14","93","88","17","2866","99999","99999","99999","15","15","4","93","88","17","16185","","","8850","121","7214"
"985","Will Vetter","Male","Wichita","Kansas","US","M18-24","FIN","4:30:07","","0:00:00","2:52:13","0:02:27","1:35:26","94","89","8","2737","99999","99999","99999","267","250","13","94","89","8","16207","","","10333","147","5726"
"342","Ramzy Loutfy","Male","Frisco","TX","US","M35-39","FIN","4:30:09","","0:00:00","2:42:06","0:02:16","1:45:48","95","90","18","2858","99999","99999","99999","119","113","20","95","90","18","16209","","","9726","136","6348"
"333","Alec Patterson","Male","Bloomington","IN","US","M25-29","FIN","4:30:13","","0:00:00","2:53:02","0:04:22","1:32:49","96","91","8","3233","99999","99999","99999","284","263","20","96","91","8","16213","","","10382","262","5569"
"633","Matthew Olivolo","Male","MCKINNEY","TX","US","M55-59","FIN","4:30:28","","0:00:00","2:39:45","0:02:46","1:47:57","97","92","6","3101","99999","99999","99999","87","82","6","97","92","6","16228","","","9585","166","6477"
"1377","Victor Neiva","Male","Fort Worth","Texas","BR","M25-29","FIN","4:30:51","","0:00:00","2:46:22","0:02:03","1:42:26","98","93","9","3221","99999","99999","99999","167","158","9","98","93","9","16251","","","9982","123","6146"
"552","Egor Aronin","Male","South Orange","US-NJ","US","M50-54","FIN","4:31:05","","0:00:00","2:36:25","0:03:10","1:51:30","99","94","9","2919","99999","99999","99999","61","58","9","99","94","9","16265","","","9385","190","6690"
"353","Julio Noriega","Male","Gautemala","","GT","M40-44","FIN","4:31:32","","0:00:00","2:36:39","0:03:32","1:51:21","100","95","15","2661","99999","99999","99999","65","62","7","100","95","15","16292","","","9399","212","6681"
"858","Ryan Key","Male","Houston","TX","US","M40-44","FIN","4:31:36","","0:00:00","2:38:25","0:01:38","1:51:33","101","96","16","2660","99999","99999","99999","75","71","8","101","96","16","16296","","","9505","98","6693"
"529","Bradley West","Male","Trimble","MO","US","M40-44","FIN","4:32:09","","0:00:00","2:46:01","0:01:47","1:44:21","102","97","17","2650","99999","99999","99999","162","154","23","102","97","17","16329","","","9961","107","6261"
"1970","Joshua Nosal","Male","McKeesport","PA","US","M35-39","FIN","4:32:11","","0:00:00","2:44:35","0:04:58","1:42:39","103","98","19","2822","99999","99999","99999","149","142","24","103","98","19","16331","","","9875","298","6159"
"751","Mitchel Zimmerman","Male","Dallas","US-TX","US","M30-34","FIN","4:32:11","","0:00:00","2:41:17","0:02:52","1:48:02","104","99","18","2570","99999","99999","99999","113","107","15","104","99","18","16331","","","9677","172","6482"
"530","Cara Johnson","Female","mckinney","US-TX","US","F40-44","FIN","4:32:12","","0:00:00","2:46:15","0:01:45","1:44:13","105","6","3","3339","99999","99999","99999","166","9","4","105","6","3","16332","","","9975","105","6253"
"2024","Tyler Mckay","Male","BELLA VISTA","AR","US","M30-34","FIN","4:33:11","","0:00:00","2:36:35","0:02:58","1:53:39","106","100","19","2552","99999","99999","99999","64","61","10","106","100","19","16391","","","9395","178","6819"
"541","Levi Nisimblat","Male","Corpus Christi","TEXAS","US","M18-24","FIN","4:33:21","","0:00:00","2:48:17","0:03:04","1:41:59","107","101","9","2679","99999","99999","99999","193","182","10","107","101","9","16401","","","10097","184","6119"
"1981","David Gerada","Male","WACO","TX","US","M25-29","FIN","4:33:23","","0:00:00","2:46:00","0:03:01","1:44:23","108","102","10","3176","99999","99999","99999","161","153","7","108","102","10","16403","","","9960","181","6263"
"518","Ray Clennell","Female","WINTER GARDEN","US-FL","US","F35-39","FIN","4:33:24","","0:00:00","2:29:22","0:02:08","2:01:55","109","7","1","3500","99999","99999","99999","22","1","1","109","7","1","16404","","","8962","128","7315"
"351","Derek Bailey","Male","SPRING","US-TX","US","M45-49","FIN","4:33:24","","0:00:00","2:44:11","0:03:32","1:45:41","110","103","12","2709","99999","99999","99999","141","135","22","110","103","12","16404","","","9851","212","6341"
"318","Bryn Becker","Female","Dallas","TX","US","F25-29","FIN","4:33:31","","0:00:00","2:52:09","0:01:41","1:39:40","111","8","2","3002","99999","99999","99999","265","17","3","111","8","2","16411","","","10329","101","5980"
"1296","Sean O'Quinn","Male","Overland Park","Kansas","US","M35-39","FIN","4:33:36","","0:00:00","2:42:39","0:02:40","1:48:18","112","104","20","2796","99999","99999","99999","124","118","21","112","104","20","16416","","","9759","160","6498"
"357","Franziska Fitz","Female","Walnut Creek","CALIFORNIA","US","F40-44","FIN","4:33:55","","0:00:00","2:47:51","0:02:07","1:43:58","113","9","4","3308","99999","99999","99999","186","11","5","113","9","4","16435","","","10071","127","6238"
"167","Rokas Buracas","Male","Limassol","Lemesos","LT","M40-44","FIN","4:33:59","","0:00:00","2:39:37","0:02:25","1:51:58","114","105","18","2617","99999","99999","99999","85","80","11","114","105","18","16439","","","9577","145","6718"
"1413","Garrett Brown","Male","Aledo","TX","US","M65-69","FIN","4:34:09","","0:00:00","2:43:11","0:03:55","1:47:02","115","106","1","3500","99999","99999","99999","130","124","1","115","106","1","16449","","","9791","235","6422"
"384","Jeff Raines","Male","Midland","TX","US","M40-44","FIN","4:34:14","","0:00:00","2:50:22","0:03:10","1:40:43","116","107","19","2612","99999","99999","99999","235","221","34","116","107","19","16454","","","10222","190","6043"
"1972","William Robinson","Male","DALLAS","TX","US","M35-39","FIN","4:34:22","","0:00:00","2:46:41","0:04:00","1:43:42","117","108","21","2783","99999","99999","99999","173","164","29","117","108","21","16462","","","10001","240","6222"
"228","Travis Hackney","Male","harahan","US-LA","US","M50-54","FIN","4:34:27","","0:00:00","2:43:52","0:02:56","1:47:39","118","109","10","2858","99999","99999","99999","139","133","20","118","109","10","16467","","","9832","176","6459"
"1791","Owen Stone","Male","Austin","TX","US","M30-34","FIN","4:34:33","","0:00:00","2:31:05","0:03:46","1:59:43","119","110","20","2527","99999","99999","99999","26","24","6","119","110","20","16473","","","9065","226","7183"
"1892","Annika Porteous","Female","Menlo Park","CA","US","F18-24","FIN","4:34:49","","0:00:00","2:48:58","0:01:32","1:44:19","120","10","1","3500","99999","99999","99999","206","14","1","120","10","1","16489","","","10138","92","6259"
"1233","Bryan Kelley","Male","Pearland","US-US-TX","US","M40-44","FIN","4:35:02","","0:00:00","2:44:27","0:03:37","1:46:57","121","111","20","2598","99999","99999","99999","148","141","21","121","111","20","16502","","","9867","217","6417"
"1817","Rodrigo Morales","Male","Houston","TX","PE","M45-49","FIN","4:35:05","","0:00:00","2:49:55","0:03:14","1:41:56","122","112","13","2679","99999","99999","99999","227","213","32","122","112","13","16505","","","10195","194","6116"
"303","Alan Valderrabano","Male","Naucalpan","MX-MEX","MX","M35-39","FIN","4:35:13","","0:00:00","2:49:20","0:03:32","1:42:21","123","113","22","2767","99999","99999","99999","217","203","35","123","113","22","16513","","","10160","212","6141"
"2021","Melisa Christian","Female","Dallas","TX","US","F50-54","FIN","4:35:19","","0:00:00","2:45:21","0:02:19","1:47:39","124","11","1","3500","99999","99999","99999","158","8","1","124","11","1","16519","","","9921","139","6459"
"314","Hunter Gonzalez","Male","Beaumont","US-TX","US","M18-24","FIN","4:35:21","","0:00:00","2:47:09","0:02:04","1:46:09","125","114","10","2643","99999","99999","99999","178","168","9","125","114","10","16521","","","10029","124","6369"
"1743","Russell Burke","Male","Prosper","US-TX","US","M45-49","FIN","4:35:25","","0:00:00","2:43:43","0:03:14","1:48:28","126","115","14","2673","99999","99999","99999","137","131","20","126","115","14","16525","","","9823","194","6508"
"1090","Rodrigo Diaz","Male","Guatemala","GUATEMALA","GT","M45-49","FIN","4:35:36","","0:00:00","2:53:51","0:04:05","1:37:41","127","116","15","2670","99999","99999","99999","293","270","41","127","116","15","16536","","","10431","245","5861"
"1216","Craig Howie","Male","Ancaster","ON","CA","M50-54","FIN","4:35:47","","0:00:00","2:40:40","0:02:32","1:52:36","128","117","11","2834","99999","99999","99999","100","95","15","128","117","11","16547","","","9640","152","6756"
"346","Ute Nestler","Female","Plano","US-TX","DE","F55-59","FIN","4:35:51","","0:00:00","2:38:21","0:01:21","1:56:10","129","12","1","3500","99999","99999","99999","73","4","1","129","12","1","16551","","","9501","81","6970"
"1589","Raul Rodriguez","Male","Pharr","TX","US","M40-44","FIN","4:36:01","","0:00:00","2:53:22","0:04:26","1:38:13","130","118","21","2580","99999","99999","99999","287","265","37","130","118","21","16561","","","10402","266","5893"
"1316","Steven Allotto","Male","Tyler","TX","US","M40-44","FIN","4:36:03","","0:00:00","2:42:25","0:03:53","1:49:46","131","119","22","2580","99999","99999","99999","122","116","19","131","119","22","16563","","","9745","233","6586"
"232","Jorge Quintero","Male","HOUSTON","TX","VE","M55-59","FIN","4:36:13","","0:00:00","2:41:06","0:02:00","1:53:07","132","120","7","2997","99999","99999","99999","107","102","9","132","120","7","16573","","","9666","120","6787"
"1305","Craig Mayer","Male","saint louis","US-MO","US","M40-44","FIN","4:36:13","","0:00:00","2:46:46","0:02:49","1:46:39","133","121","23","2577","99999","99999","99999","175","166","26","133","121","23","16573","","","10006","169","6399"
"632","Jacob Leeling","Male","Saint Paul","US-MN","US","M50-54","FIN","4:36:22","","0:00:00","2:41:13","0:03:30","1:51:39","134","122","12","2824","99999","99999","99999","111","106","18","134","122","12","16582","","","9673","210","6699"
"795","Everett Mahlmann","Male","McKinney","TX","US","M30-34","FIN","4:36:27","","0:00:00","2:42:04","0:01:44","1:52:39","135","123","21","2493","99999","99999","99999","118","112","17","135","123","21","16587","","","9724","104","6759"
"1399","Filippo Bora","Male","Montebelluna","TV","IT","M18-24","FIN","4:36:28","","0:00:00","3:00:23","0:02:27","1:33:38","136","124","11","2623","99999","99999","99999","420","380","18","136","124","11","16588","","","10823","147","5618"
"324","Jason Philbin","Male","Charlotte","US-NC","US","M55-59","FIN","4:36:31","","0:00:00","2:45:19","0:03:35","1:47:37","137","125","8","2992","99999","99999","99999","157","150","14","137","125","8","16591","","","9919","215","6457"
"1643","Tucker Ward","Male","Dallas","TX","US","M25-29","FIN","4:36:44","","0:00:00","2:48:05","0:04:11","1:44:28","138","126","11","3115","99999","99999","99999","190","179","12","138","126","11","16604","","","10085","251","6268"
"337","Zac Hake","Male","Edmond","OK","US","M35-39","FIN","4:36:49","","0:00:00","2:33:37","0:01:47","2:01:26","139","127","23","2738","99999","99999","99999","39","37","8","139","127","23","16609","","","9217","107","7286"
"1231","Eric Nguyen","Male","DALLAS","TX","US","M30-34","FIN","4:37:05","","0:00:00","2:56:52","0:03:41","1:36:32","140","128","22","2482","99999","99999","99999","341","311","48","140","128","22","16625","","","10612","221","5792"
"110","Rui Murua","Male","Oceanside","CA","BR","M35-39","FIN","4:37:17","","0:00:00","2:40:33","0:02:35","1:54:09","141","129","24","2730","99999","99999","99999","98","93","18","141","129","24","16637","","","9633","155","6849"
"313","Kristin Kurokawa","Female","mckinney","US-TX","US","F40-44","FIN","4:37:37","","0:00:00","2:41:14","0:01:52","1:54:31","142","13","5","3242","99999","99999","99999","112","6","2","142","13","5","16657","","","9674","112","6871"
"242","John Roche","Male","The Woodlands","TX","US","M50-54","FIN","4:37:38","","0:00:00","2:33:37","0:03:26","2:00:35","143","130","13","2801","99999","99999","99999","40","38","5","143","130","13","16658","","","9217","206","7235"
"1982","Bryan COLLIER","Male","Mckinney","US-TX","US","M35-39","FIN","4:37:56","","0:00:00","2:50:52","0:02:10","1:44:54","144","131","25","2718","99999","99999","99999","243","228","40","144","131","25","16676","","","10252","130","6294"
"1091","Darren Eklund","Male","Calgary","AB","CA","M55-59","FIN","4:38:14","","0:00:00","2:41:21","0:03:53","1:53:01","145","132","9","2961","99999","99999","99999","114","108","10","145","132","9","16694","","","9681","233","6781"
"305","Enzo Salazar Nisimblat","Male","College Station","TX","IT","M18-24","FIN","4:38:23","","0:00:00","2:42:48","0:02:09","1:53:25","146","133","12","2588","99999","99999","99999","126","120","8","146","133","12","16703","","","9768","129","6805"
"348","Phillip Conway","Male","LAKEWOOD RCH","US-FL","US","M45-49","FIN","4:38:34","","0:00:00","2:43:23","0:01:57","1:53:14","147","134","16","2616","99999","99999","99999","133","127","19","147","134","16","16714","","","9803","117","6794"
"1772","Max Power","Male","Fort Worth","US-TX","US","M25-29","FIN","4:38:35","","0:00:00","2:54:12","0:02:42","1:41:41","148","135","12","3082","99999","99999","99999","297","273","21","148","135","12","16715","","","10452","162","6101"
"719","Harrison Keith","Male","Austin","US-TX","US","M25-29","FIN","4:38:41","","0:00:00","2:51:58","0:01:32","1:45:10","149","136","13","3080","99999","99999","99999","259","243","18","149","136","13","16721","","","10318","92","6310"
"951","Lynne Champagne","Female","Bossier City","LA","US","F45-49","FIN","4:38:41","","0:00:00","2:48:53","0:03:50","1:45:58","150","14","3","3138","99999","99999","99999","205","13","3","150","14","3","16721","","","10133","230","6358"
"1335","Arturo Martinez-Castellanos","Male","San Antonio","TX","US","M35-39","FIN","4:38:44","","0:00:00","2:49:03","0:02:13","1:47:28","151","137","26","2704","99999","99999","99999","210","196","33","151","137","26","16724","","","10143","133","6448"
"1075","Ryan Begerman","Male","Aurora","US-CO","US","M40-44","FIN","4:38:49","","0:00:00","2:48:34","0:01:44","1:48:32","152","138","24","2530","99999","99999","99999","197","185","28","152","138","24","16729","","","10114","104","6512"
"379","Maura Pearsall","Female","Stillwater","US-OK","US","F35-39","FIN","4:38:59","","0:00:00","2:57:01","0:04:19","1:37:39","153","15","2","3399","99999","99999","99999","342","31","3","153","15","2","16739","","","10621","259","5859"
"2117","Joshua Arreguin","Male","Rockwall","TX","US","M35-39","FIN","4:39:11","","0:00:00","2:53:01","0:04:47","1:41:23","154","139","27","2696","99999","99999","99999","282","262","44","154","139","27","16751","","","10381","287","6083"
"1112","Stephen Wilson","Male","Dallas","TX","US","M35-39","FIN","4:39:18","","0:00:00","2:46:10","0:02:06","1:51:03","155","140","28","2694","99999","99999","99999","163","155","28","155","140","28","16758","","","9970","126","6663"
"1569","John Craig","Male","Austin","US-TX","US","M40-44","FIN","4:39:22","","0:00:00","2:49:21","0:02:22","1:47:38","156","141","25","2520","99999","99999","99999","218","204","31","156","141","25","16762","","","10161","142","6458"
"316","Robert Victor","Male","Greenville","SC","US","M40-44","FIN","4:39:30","","0:00:00","2:46:26","0:03:49","1:49:14","157","142","26","2518","99999","99999","99999","169","160","24","157","142","26","16770","","","9986","229","6554"
"270","Ryan Tibball","Male","FORT WORTH","TX","US","M55-59","FIN","4:39:38","","0:00:00","2:50:47","0:03:01","1:45:50","158","143","10","2936","99999","99999","99999","240","225","20","158","143","10","16778","","","10247","181","6350"
"378","Guilherme Fernandes","Male","TYLER","TX","BR","M25-29","FIN","4:40:03","","0:00:00","2:44:22","0:02:34","1:53:08","159","144","14","3056","99999","99999","99999","146","140","6","159","144","14","16803","","","9862","154","6788"
"1525","Austin Laase","Male","Woodbridge","US-VA","US","M25-29","FIN","4:40:06","","0:00:00","2:50:16","0:04:16","1:45:34","160","145","15","3055","99999","99999","99999","233","219","17","160","145","15","16806","","","10216","256","6334"
"373","Christopher Weathers","Male","Austin","TX","US","M25-29","FIN","4:40:09","","0:00:00","2:47:24","0:02:18","1:50:27","161","146","16","3054","99999","99999","99999","181","171","11","161","146","16","16809","","","10044","138","6627"
"1319","Carlos Torres","Male","San Antonio","TX","US","M50-54","FIN","4:40:24","","0:00:00","2:39:05","0:03:38","1:57:41","162","147","14","2751","99999","99999","99999","81","77","13","162","147","14","16824","","","9545","218","7061"
"1829","Craig Knott","Male","AUSTIN","TX","US","M30-34","FIN","4:40:26","","0:00:00","2:43:16","0:02:56","1:54:14","163","148","23","2421","99999","99999","99999","131","125","19","163","148","23","16826","","","9796","176","6854"
"876","Kitsy Smith","Female","DALLAS","TX","US","F40-44","FIN","4:40:51","","0:00:00","2:53:11","0:03:22","1:44:18","164","16","6","3183","99999","99999","99999","286","22","7","164","16","6","16851","","","10391","202","6258"
"1278","Juan Gomez","Male","Dallas","US-TX","US","M40-44","FIN","4:41:01","","0:00:00","2:40:04","0:03:40","1:57:17","165","149","27","2490","99999","99999","99999","92","87","14","165","149","27","16861","","","9604","220","7037"
"310","Nick Johnson","Male","North Liberty","IA","US","M25-29","FIN","4:41:14","","0:00:00","2:50:15","0:03:04","1:47:55","166","150","17","3034","99999","99999","99999","231","217","16","166","150","17","16874","","","10215","184","6475"
"260","Zac Sartin","Male","Southlake","TX","US","M45-49","FIN","4:41:16","","0:00:00","2:42:48","0:02:15","1:56:12","167","151","17","2568","99999","99999","99999","127","121","18","167","151","17","16876","","","9768","135","6972"
"478","Jackson Stott","Male","Calgary","AB","CA","M30-34","FIN","4:41:34","","0:00:00","2:42:06","0:02:22","1:57:06","168","152","24","2401","99999","99999","99999","120","114","18","168","152","24","16894","","","9726","142","7026"
"1528","Sebastian Busto","Male","Arlington","TX","GT","M30-34","FIN","4:41:41","","0:00:00","2:51:26","0:02:04","1:48:12","169","153","25","2399","99999","99999","99999","252","236","34","169","153","25","16901","","","10286","124","6492"
"1686","Ryan Kuithe","Male","Northlake","TX","US","M35-39","FIN","4:41:41","","0:00:00","2:39:01","0:04:43","1:57:57","170","154","29","2651","99999","99999","99999","80","76","15","170","154","29","16901","","","9541","283","7077"
"252","Jeffrey Fox","Male","Garland","TX","US","M60-64","FIN","4:41:44","","0:00:00","2:48:39","0:02:13","1:50:52","171","155","3","2989","99999","99999","99999","200","188","5","171","155","3","16904","","","10119","133","6652"
"2053","Nathan Woolcock","Male","Harvard","Massachusetts","US","M18-24","FIN","4:42:05","","0:00:00","2:50:23","0:01:30","1:50:12","172","156","13","2522","99999","99999","99999","236","222","11","172","156","13","16925","","","10223","90","6612"
"1821","Jacob Shaffer","Male","Weatherford","TX","US","M45-49","FIN","4:42:17","","0:00:00","2:42:48","0:02:47","1:56:43","173","157","18","2549","99999","99999","99999","125","119","17","173","157","18","16937","","","9768","167","7003"
"2063","Michael Hart","Male","Dallas","US-TX","US","M40-44","FIN","4:42:34","","0:00:00","2:41:11","0:02:44","1:58:39","174","158","28","2462","99999","99999","99999","109","104","17","174","158","28","16954","","","9671","164","7119"
"2013","Jonathan Berk","Male","Dallas","TX","US","M40-44","FIN","4:42:42","","0:00:00","2:48:01","0:03:29","1:51:12","175","159","29","2460","99999","99999","99999","189","178","27","175","159","29","16962","","","10081","209","6672"
"113","Chris (Stewart) Mickler","Male","Austin","US-TX","US","M50-54","FIN","4:42:51","","0:00:00","2:49:17","0:02:51","1:50:43","176","160","15","2707","99999","99999","99999","216","202","32","176","160","15","16971","","","10157","171","6643"
"410","Deborah Guthmann","Female","KLAMATH FALLS","OR","US","F30-34","FIN","4:42:57","","0:00:00","2:56:48","0:04:01","1:42:07","177","17","1","3500","99999","99999","99999","339","30","4","177","17","1","16977","","","10608","241","6127"
"914","Chris Sternberg","Male","MAGNOLIA","TX","US","M35-39","FIN","4:43:19","","0:00:00","2:49:12","0:05:49","1:48:19","178","161","30","2621","99999","99999","99999","213","199","34","178","161","30","16999","","","10152","349","6499"
"295","Dallas Holverson","Male","NAVARRE","US-FL","US","M55-59","FIN","4:43:21","","0:00:00","2:49:09","0:02:47","1:51:25","179","162","11","2869","99999","99999","99999","212","198","17","179","162","11","17001","","","10149","167","6685"
"682","Tyrone Dunson","Male","DENTON","US-TX","US","M55-59","FIN","4:43:25","","0:00:00","2:43:32","0:02:28","1:57:24","180","163","12","2868","99999","99999","99999","135","129","12","180","163","12","17005","","","9812","148","7044"
"1825","Chad Brothers","Male","DOUBLE OAK","TX","US","M50-54","FIN","4:43:25","","0:00:00","2:36:44","0:02:48","2:03:53","181","164","16","2697","99999","99999","99999","66","63","11","181","164","16","17005","","","9404","168","7433"
"515","Matthew Hester","Male","Yuma","AZ","US","M35-39","FIN","4:43:47","","0:00:00","2:49:51","0:01:43","1:52:12","182","165","31","2613","99999","99999","99999","225","211","37","182","165","31","17027","","","10191","103","6732"
"1100","Steve Becker","Male","Schenectady","NY","US","M60-64","FIN","4:43:53","","0:00:00","2:49:03","0:01:25","1:53:25","183","166","4","2950","99999","99999","99999","209","195","6","183","166","4","17033","","","10143","85","6805"
"1714","Thomas Hojnicki","Male","Denver","US-CO","US","M25-29","FIN","4:43:54","","0:00:00","2:58:43","0:03:35","1:41:37","184","167","18","2986","99999","99999","99999","390","355","34","184","167","18","17034","","","10723","215","6097"
"1169","Nikolai Urban","Male","Dallas","Texas","US","M25-29","FIN","4:43:58","","0:00:00","2:46:11","0:04:40","1:53:07","185","168","19","2985","99999","99999","99999","165","157","8","185","168","19","17038","","","9971","280","6787"
"1465","Joshua Keller","Male","Fort Worth","TX","US","M30-34","FIN","4:44:06","","0:00:00","2:49:55","0:03:55","1:50:16","186","169","26","2355","99999","99999","99999","226","212","29","186","169","26","17046","","","10195","235","6616"
"1718","Kieran Redington","Male","New York","NY","US","M18-24","FIN","4:44:08","","0:00:00","3:03:13","0:03:32","1:37:22","187","170","14","2485","99999","99999","99999","465","414","22","187","170","14","17048","","","10993","212","5842"
"1228","Matthew Giliotti","Male","Frisco","TX","US","M35-39","FIN","4:44:17","","0:00:00","3:07:42","0:01:19","1:35:16","188","171","32","2604","99999","99999","99999","578","493","79","188","171","32","17057","","","11262","79","5716"
"975","Beau Johnson","Male","McPherson","Kansas","US","M30-34","FIN","4:44:18","","0:00:00","2:52:19","0:02:50","1:49:09","189","172","27","2352","99999","99999","99999","268","251","38","189","172","27","17058","","","10339","170","6549"
"347","Alexandra Porter","Female","Redwood City","US-CA","US","F30-34","FIN","4:44:20","","0:00:00","2:52:32","0:03:26","1:48:22","190","18","2","3475","99999","99999","99999","270","18","1","190","18","2","17060","","","10352","206","6502"
"784","Francisco Lopez","Male","Arlington","Texas","US","M35-39","FIN","4:44:30","","0:00:00","2:54:48","0:05:21","1:44:21","191","173","33","2600","99999","99999","99999","308","283","49","191","173","33","17070","","","10488","321","6261"
"1600","Matt Wolf","Male","QUEEN CREEK","AZ","US","M45-49","FIN","4:44:35","","0:00:00","2:46:24","0:05:47","1:52:23","192","174","19","2508","99999","99999","99999","168","159","26","192","174","19","17075","","","9984","347","6743"
"2017","Daniel Moore","Male","Austin","US-TX","US","M25-29","FIN","4:45:01","","0:00:00","2:52:12","0:03:10","1:49:40","193","175","20","2966","99999","99999","99999","266","249","19","193","175","20","17101","","","10332","190","6580"
"249","Joe Elieson","Male","Southlake","US-TX","US","M55-59","FIN","4:45:02","","0:00:00","2:46:10","0:02:31","1:56:21","194","176","13","2839","99999","99999","99999","164","156","15","194","176","13","17102","","","9970","151","6981"
"1476","Hassan Rabbani","Male","ALLEN","TX","US","M40-44","FIN","4:45:12","","0:00:00","2:38:39","0:03:29","2:03:04","195","177","30","2415","99999","99999","99999","77","73","9","195","177","30","17112","","","9519","209","7384"
"649","David Roark","Male","Little Elm","US-Texas","US","M35-39","FIN","4:45:20","","0:00:00","2:50:16","0:04:01","1:51:04","196","178","34","2585","99999","99999","99999","232","218","38","196","178","34","17120","","","10216","241","6664"
"358","Alex Perez","Male","Plano","US-US-TX","CO","M50-54","FIN","4:45:30","","0:00:00","2:51:12","0:06:23","1:47:55","197","179","17","2659","99999","99999","99999","247","231","35","197","179","17","17130","","","10272","383","6475"
"1786","Navid Hassani","Male","Lewisville","US-TX","US","M40-44","FIN","4:45:40","","0:00:00","2:51:40","0:03:39","1:50:20","198","180","31","2407","99999","99999","99999","256","240","35","198","180","31","17140","","","10300","219","6620"
"1047","Edvin Ordonez","Male","The Colony","TX","GT","M50-54","FIN","4:45:52","","0:00:00","2:47:18","0:02:53","1:55:42","199","181","18","2653","99999","99999","99999","180","170","26","199","181","18","17152","","","10038","173","6942"
"1573","Alp Guneri","Male","Los Angeles","CA","TR","M18-24","FIN","4:45:55","","0:00:00","3:03:57","0:02:07","1:39:51","200","182","15","2453","99999","99999","99999","483","426","24","200","182","15","17155","","","11037","127","5991"
"462","Riley Cole","Male","Westminster","US-CO","US","M55-59","FIN","4:46:01","","0:00:00","2:40:27","0:03:56","2:01:38","201","183","14","2821","99999","99999","99999","97","92","8","201","183","14","17161","","","9627","236","7298"
"2037","Kyle Witherspoon","Male","Fort Worth","TX","US","M35-39","FIN","4:46:04","","0:00:00","2:44:50","0:01:59","1:59:15","202","184","35","2572","99999","99999","99999","151","144","25","202","184","35","17164","","","9890","119","7155"
"304","Nathan Nienhuis","Male","PANTEGO","US-TX","US","M35-39","FIN","4:46:10","","0:00:00","2:40:58","0:02:22","2:02:50","203","185","36","2570","99999","99999","99999","104","99","19","203","185","36","17170","","","9658","142","7370"
"534","Takeshi Yamagishi","Male","Frisco","TX","JP","M40-44","FIN","4:46:16","","0:00:00","3:02:28","0:02:07","1:41:41","204","186","32","2396","99999","99999","99999","453","405","51","204","186","32","17176","","","10948","127","6101"
"585","Stephanie Plocharski","Female","Guatemala","","GT","F45-49","FIN","4:46:32","","0:00:00","3:06:54","0:03:34","1:36:05","205","19","4","2996","99999","99999","99999","557","75","10","205","19","4","17192","","","11214","214","5765"
"2115","Joseph Pongetti","Male","Jackson","MS","US","M30-34","FIN","4:46:33","","0:00:00","2:50:49","0:03:24","1:52:20","206","187","28","2311","99999","99999","99999","242","227","32","206","187","28","17193","","","10249","204","6740"
"1629","Jaxson Mahlstadt","Male","Waco","TX","US","M25-29","FIN","4:46:35","","0:00:00","2:58:33","0:02:59","1:45:03","207","188","21","2938","99999","99999","99999","384","350","32","207","188","21","17195","","","10713","179","6303"
"931","Rocco Ronzone","Male","Fort Worth","TX","US","M18-24","FIN","4:46:47","","0:00:00","3:07:09","0:02:31","1:37:06","208","189","16","2437","99999","99999","99999","567","487","32","208","189","16","17207","","","11229","151","5826"
"317","Fernando Soto Martinez","Male","Aguascalientes","MX-AGU","MX","M35-39","FIN","4:46:50","","0:00:00","3:01:04","0:03:27","1:42:19","209","190","37","2558","99999","99999","99999","433","390","64","209","190","37","17210","","","10864","207","6139"
"507","Kevin Connolly","Male","DALLAS","US-TX","US","M25-29","FIN","4:46:54","","0:00:00","2:57:52","0:03:51","1:45:11","210","191","22","2932","99999","99999","99999","365","332","30","210","191","22","17214","","","10672","231","6311"
"409","Jason Lepage","Male","Lubbock","US-TX","US","M35-39","FIN","4:47:02","","0:00:00","2:49:34","0:02:10","1:55:17","211","192","38","2555","99999","99999","99999","221","207","36","211","192","38","17222","","","10174","130","6917"
"730","Pablo Ramirez Santaella Urencio","Male","Monterrey","NL","MX","M25-29","FIN","4:47:05","","0:00:00","2:54:59","0:03:42","1:48:24","212","193","23","2929","99999","99999","99999","311","285","24","212","193","23","17225","","","10499","222","6504"
"199","Charles Elfer","Male","Fayetteville","GA","US","M45-49","FIN","4:47:26","","0:00:00","2:55:11","0:01:43","1:50:32","213","194","20","2457","99999","99999","99999","315","289","45","213","194","20","17246","","","10511","103","6632"
"570","Karren Hatch-Millis","Female","Gilbert","AZ","US","F45-49","FIN","4:47:40","","0:00:00","3:00:16","0:02:59","1:44:25","214","20","5","2976","99999","99999","99999","419","40","5","214","20","5","17260","","","10816","179","6265"
"1458","Michael King","Male","Lubbock","TX","US","M45-49","FIN","4:47:40","","0:00:00","2:57:24","0:03:47","1:46:29","215","195","21","2453","99999","99999","99999","352","319","51","215","195","21","17260","","","10644","227","6389"
"1489","Glenn Merkel","Male","Fort Worth","TX","US","M50-54","FIN","4:47:50","","0:00:00","2:40:35","0:02:16","2:04:59","216","196","19","2617","99999","99999","99999","99","94","14","216","196","19","17270","","","9635","136","7499"
"2075","Michael Benson","Male","Irving","TX","US","M45-49","FIN","4:47:58","","0:00:00","2:44:21","0:02:22","2:01:14","217","197","22","2447","99999","99999","99999","145","139","23","217","197","22","17278","","","9861","142","7274"
"115","Holden Hunt","Male","Anderson","South Carolina","US","M18-24","FIN","4:48:09","","0:00:00","2:52:57","0:04:07","1:51:05","218","198","17","2413","99999","99999","99999","280","260","14","218","198","17","17289","","","10377","247","6665"
"690","Patrick Young","Male","Carrollton","US-TX","US","M45-49","FIN","4:48:13","","0:00:00","2:47:53","0:01:37","1:58:43","219","199","23","2443","99999","99999","99999","187","176","29","219","199","23","17293","","","10073","97","7123"
"238","Chris Lenihan","Male","FRANKLIN","US-TN","US","M45-49","FIN","4:48:13","","0:00:00","2:51:39","0:04:43","1:51:51","220","200","24","2443","99999","99999","99999","255","239","35","220","200","24","17293","","","10299","283","6711"
"619","Robbie Bruce","Male","Overland Park","US-KS","US","M45-49","FIN","4:48:13","","0:00:00","2:45:44","0:02:38","1:59:51","221","201","25","2443","99999","99999","99999","160","152","25","221","201","25","17293","","","9944","158","7191"
"111","Tyler Vance","Male","Austin","US-TEXAS","US","M50-54","FIN","4:48:31","","0:00:00","2:36:31","0:03:03","2:08:57","222","202","20","2605","99999","99999","99999","63","60","10","222","202","20","17311","","","9391","183","7737"
"441","Nic Ross","Male","AUSTIN","TX","US","M30-34","FIN","4:48:43","","0:00:00","2:40:27","0:02:57","2:05:19","223","203","29","2272","99999","99999","99999","96","91","14","223","203","29","17323","","","9627","177","7519"
"387","Tim Mccurry","Male","Denver","CO","US","M35-39","FIN","4:48:58","","0:00:00","2:45:04","0:02:18","2:01:36","224","204","39","2520","99999","99999","99999","153","146","27","224","204","39","17338","","","9904","138","7296"
"2086","Marc Justin Calamlam","Male","San Antonio","TX","US","M25-29","FIN","4:49:10","","0:00:00","2:49:12","0:05:06","1:54:51","225","205","24","2891","99999","99999","99999","214","200","14","225","205","24","17350","","","10152","306","6891"
"1236","Chance Harris","Male","HIGHLAND VLG","TX","US","M40-44","FIN","4:49:12","","0:00:00","2:58:39","0:03:35","1:46:57","226","206","33","2343","99999","99999","99999","387","352","43","226","206","33","17352","","","10719","215","6417"
"1931","Wayne Guidry","Male","Longview","TX","US","M50-54","FIN","4:49:14","","0:00:00","2:47:11","0:02:08","1:59:56","227","207","21","2592","99999","99999","99999","179","169","25","227","207","21","17354","","","10031","128","7196"
"160","Zach Miller","Male","Aurora","IN","US","M35-39","FIN","4:49:45","","0:00:00","2:39:56","0:03:00","2:06:49","228","208","40","2506","99999","99999","99999","90","85","16","228","208","40","17385","","","9596","180","7609"
"437","Rylan Lee","Male","Flower Mound","US-Texas","US","M18-24","FIN","4:49:52","","0:00:00","3:05:27","0:02:30","1:41:55","229","209","18","2382","99999","99999","99999","523","456","27","229","209","18","17392","","","11127","150","6115"
"231","Ted Shue","Male","glendale","WI","US","M55-59","FIN","4:50:03","","0:00:00","2:42:35","0:04:29","2:02:59","230","210","15","2748","99999","99999","99999","123","117","11","230","210","15","17403","","","9755","269","7379"
"1644","Matthew Pearce","Male","Baton Rouge","LA","US","M35-39","FIN","4:50:06","","0:00:00","2:36:54","0:03:21","2:09:51","231","211","41","2499","99999","99999","99999","67","64","12","231","211","41","17406","","","9414","201","7791"
"129","Gene Kelly","Male","LONGVIEW","TX","US","M55-59","FIN","4:50:07","","0:00:00","2:56:25","0:04:18","1:49:24","232","212","16","2747","99999","99999","99999","332","303","29","232","212","16","17407","","","10585","258","6564"
"535","Bonnie Branson","Female","Edmond","OK","US","F50-54","FIN","4:50:09","","0:00:00","2:52:44","0:04:40","1:52:46","233","21","2","3233","99999","99999","99999","276","20","3","233","21","2","17409","","","10364","280","6766"
"1872","Catherine Cushatt","Female","WICHITA FALLS","TX","US","F25-29","FIN","4:50:14","","0:00:00","2:53:02","0:04:22","1:52:50","234","22","3","2701","99999","99999","99999","283","21","4","234","22","3","17414","","","10382","262","6770"
"2051","Rick Overton","Male","Oklahoma City","Oklahoma","US","M50-54","FIN","4:50:15","","0:00:00","2:58:27","0:03:56","1:47:52","235","213","22","2574","99999","99999","99999","380","346","47","235","213","22","17415","","","10707","236","6472"
"319","Alessia Catullo","Female","Lucas","TX","US","F18-24","FIN","4:50:24","","0:00:00","2:52:38","0:02:28","1:55:18","236","23","2","3219","99999","99999","99999","274","19","2","236","23","2","17424","","","10358","148","6918"
"1320","Amy Collins","Female","smiley","US-TX","US","F40-44","FIN","4:50:33","","0:00:00","2:58:34","0:01:35","1:50:24","237","24","7","3009","99999","99999","99999","385","35","10","237","24","7","17433","","","10714","95","6624"
"240","Jason Jones","Male","Spring","TX","US","M45-49","FIN","4:50:33","","0:00:00","2:41:35","0:03:56","2:05:02","238","214","26","2401","99999","99999","99999","116","110","15","238","214","26","17433","","","9695","236","7502"
"289","Terri Stone","Female","PEARLAND","TX","US","F55-59","FIN","4:50:50","","0:00:00","2:53:36","0:02:17","1:54:58","239","25","2","3230","99999","99999","99999","290","23","2","239","25","2","17450","","","10416","137","6898"
"125","Brandon Wilk","Male","DALLAS","TX","US","M35-39","FIN","4:50:56","","0:00:00","2:47:30","0:05:15","1:58:11","240","215","42","2484","99999","99999","99999","182","172","30","240","215","42","17456","","","10050","315","7091"
"2020","Simon Essl","Male","DALLAS","TX","US","M55-59","FIN","4:50:57","","0:00:00","2:39:49","0:04:14","2:06:53","241","216","17","2732","99999","99999","99999","88","83","7","241","216","17","17457","","","9589","254","7613"
"1929","Rhett Moffett","Male","Cedar Hill","TX","US","M30-34","FIN","4:51:00","","0:00:00","2:48:38","0:02:58","1:59:24","242","217","30","2231","99999","99999","99999","198","186","26","242","217","30","17460","","","10118","178","7164"
"1549","Jack Waterman","Male","Los Angeles","CA","US","M18-24","FIN","4:51:05","","0:00:00","2:57:32","0:03:30","1:50:03","243","218","19","2360","99999","99999","99999","359","326","15","243","218","19","17465","","","10652","210","6603"
"1164","Rob Mott","Male","Calgary","AB","CA","M50-54","FIN","4:51:19","","0:00:00","2:48:23","0:02:18","2:00:38","244","219","23","2555","99999","99999","99999","194","183","29","244","219","23","17479","","","10103","138","7238"
"1514","Brian Lee","Male","Las Vegas","NV","US","M18-24","FIN","4:51:53","","0:00:00","2:34:37","0:02:39","2:14:37","245","220","20","2345","99999","99999","99999","45","42","3","245","220","20","17513","","","9277","159","8077"
"825","Peter Moore","Male","Lees Summit","MO","US","M30-34","FIN","4:52:03","","0:00:00","2:56:19","0:03:28","1:52:17","246","221","31","2212","99999","99999","99999","329","300","46","246","221","31","17523","","","10579","208","6737"
"671","Billy Ramsey","Male","Dallas","TX","US","M30-34","FIN","4:52:17","","0:00:00","3:02:16","0:03:18","1:46:43","247","222","32","2208","99999","99999","99999","449","402","61","247","222","32","17537","","","10936","198","6403"
"432","Matthew Mccurry","Male","Coppell","TX","US","M30-34","FIN","4:52:22","","0:00:00","2:52:48","0:01:53","1:57:40","248","223","33","2207","99999","99999","99999","277","257","40","248","223","33","17542","","","10368","113","7060"
"2054","Matt Costello","Male","Dallas","TX","US","M35-39","FIN","4:52:33","","0:00:00","2:55:12","0:03:41","1:53:40","249","224","43","2455","99999","99999","99999","317","291","51","249","224","43","17553","","","10512","221","6820"
"361","Kyle Braun","Male","HOUSTON","TX","US","M40-44","FIN","4:52:40","","0:00:00","2:49:35","0:04:07","1:58:58","250","225","34","2281","99999","99999","99999","222","208","32","250","225","34","17560","","","10175","247","7138"
"1611","Luke Dawson","Male","Overland Park","US-KS","GB","M45-49","FIN","4:52:44","","0:00:00","2:51:25","0:03:37","1:57:43","251","226","27","2361","99999","99999","99999","251","235","34","251","226","27","17564","","","10285","217","7063"
"1376","Kevin Bradley","Male","Austin","TX","US","M30-34","FIN","4:52:54","","0:00:00","2:47:31","0:03:11","2:02:11","252","227","34","2197","99999","99999","99999","183","173","25","252","227","34","17574","","","10051","191","7331"
"1343","Antonio Vanni","Male","ALLEN","TX","BR","M50-54","FIN","4:53:07","","0:00:00","2:48:52","0:04:39","1:59:35","253","228","24","2522","99999","99999","99999","204","192","31","253","228","24","17587","","","10132","279","7175"
"1778","Savannah Carson","Female","Argyle","US-TX","US","F30-34","FIN","4:53:14","","0:00:00","2:54:03","0:07:50","1:51:21","254","26","3","3314","99999","99999","99999","296","24","2","254","26","3","17594","","","10443","470","6681"
"734","Vincent Love","Male","DALLAS","US-TX","US","M35-39","FIN","4:53:35","","0:00:00","2:53:49","0:04:35","1:55:11","255","229","44","2437","99999","99999","99999","292","269","46","255","229","44","17615","","","10429","275","6911"
"1849","Evan Hall","Male","Carrollton","TX","US","M35-39","FIN","4:53:36","","0:00:00","2:53:57","0:02:49","1:56:50","256","230","45","2436","99999","99999","99999","294","271","47","256","230","45","17616","","","10437","169","7010"
"1538","Zachary Henthorn","Male","The Woodlands","US-TX","US","M30-34","FIN","4:54:06","","0:00:00","2:49:16","0:02:36","2:02:14","257","231","35","2175","99999","99999","99999","215","201","27","257","231","35","17646","","","10156","156","7334"
"1358","Samantha Weinberg","Female","New York","US-NY","US","F35-39","FIN","4:54:25","","0:00:00","3:02:07","0:03:12","1:49:06","258","27","3","3121","99999","99999","99999","448","47","6","258","27","3","17665","","","10927","192","6546"
"1174","Jason Wilford","Male","Bentonville","Arkansas","ZA","M50-54","FIN","4:54:34","","0:00:00","2:49:29","0:04:45","2:00:20","259","232","25","2496","99999","99999","99999","220","206","33","259","232","25","17674","","","10169","285","7220"
"1853","Antonio Gil","Male","Austin","Texas","CL","M25-29","FIN","4:54:46","","0:00:00","2:57:09","0:05:18","1:52:18","260","233","25","2791","99999","99999","99999","345","313","27","260","233","25","17686","","","10629","318","6738"
"1835","Matthew Masotto","Male","Dallas","TEXAS","US","M18-24","FIN","4:54:49","","0:00:00","2:59:07","0:03:46","1:51:56","261","234","21","2293","99999","99999","99999","397","359","17","261","234","21","17689","","","10747","226","6716"
"188","Shannon Puls","Male","JACKSON","MO","US","M55-59","FIN","4:54:50","","0:00:00","2:51:26","0:03:27","1:59:57","262","235","18","2662","99999","99999","99999","254","238","21","262","235","18","17690","","","10286","207","7197"
"327","Arianna Werts","Female","ROCHESTER","US-MN","US","F25-29","FIN","4:54:58","","0:00:00","2:50:26","0:01:30","2:03:02","263","28","4","2616","99999","99999","99999","237","15","2","263","28","4","17698","","","10226","90","7382"
"276","Mark Neumayer","Male","Dallas","US-US-TX","US","M55-59","FIN","4:55:01","","0:00:00","2:50:06","0:03:44","2:01:11","264","236","19","2659","99999","99999","99999","229","215","18","264","236","19","17701","","","10206","224","7271"
"1368","Maximilian Gasser","Male","Wichita Falls","Texas","DE","M35-39","FIN","4:55:40","","0:00:00","2:56:19","0:02:32","1:56:49","265","237","46","2399","99999","99999","99999","330","301","53","265","237","46","17740","","","10579","152","7009"
"1683","Mathieu Meyers","Male","Dallas","TX","US","M35-39","FIN","4:55:42","","0:00:00","2:49:02","0:03:21","2:03:19","266","238","47","2399","99999","99999","99999","208","194","32","266","238","47","17742","","","10142","201","7399"
"237","Heidi Schmitt","Female","WAIALUA","US-HI","US","F55-59","FIN","4:55:52","","0:00:00","3:03:22","0:02:24","1:50:07","267","29","3","3139","99999","99999","99999","468","52","4","267","29","3","17752","","","11002","144","6607"
"1150","Robert Miller","Male","Allen","Texas","US","M40-44","FIN","4:56:03","","0:00:00","2:57:49","0:04:04","1:54:09","268","239","35","2220","99999","99999","99999","364","331","41","268","239","35","17763","","","10669","244","6849"
"341","Keith Watson","Male","CHARLOTTESVLE","US-VA","US","M55-59","FIN","4:56:03","","0:00:00","2:50:27","0:03:06","2:02:30","269","240","20","2640","99999","99999","99999","238","223","19","269","240","20","17763","","","10227","186","7350"
"1045","Bryant Truong","Male","Santa Clara","CA","US","M40-44","FIN","4:56:07","","0:00:00","2:49:42","0:04:19","2:02:06","270","241","36","2219","99999","99999","99999","223","209","33","270","241","36","17767","","","10182","259","7326"
"1599","Aisling Gilmore","Female","Houston","TX","US","F18-24","FIN","4:56:20","","0:00:00","3:08:11","0:03:00","1:45:09","271","30","3","3112","99999","99999","99999","589","87","9","271","30","3","17780","","","11291","180","6309"
"1462","Harold Wilson","Male","Austin","TX","US","M45-49","FIN","4:56:42","","0:00:00","2:35:38","0:03:45","2:17:19","272","242","28","2290","99999","99999","99999","51","48","10","272","242","28","17802","","","9338","225","8239"
"1309","Cameron Coday","Female","Houston","TX","US","F30-34","FIN","4:56:51","","0:00:00","3:04:40","0:01:27","1:50:43","273","31","4","3249","99999","99999","99999","504","62","8","273","31","4","17811","","","11080","87","6643"
"1511","David Isaacks","Male","Blue Springs","MO","US","M30-34","FIN","4:56:54","","0:00:00","2:58:05","0:03:32","1:55:17","274","243","36","2125","99999","99999","99999","371","338","52","274","243","36","17814","","","10685","212","6917"
"132","Ian Smith","Male","BELTON","TX","US","M30-34","FIN","4:57:05","","0:00:00","3:12:19","0:05:28","1:39:17","275","244","37","2122","99999","99999","99999","668","569","83","275","244","37","17825","","","11539","328","5957"
"747","Brett Wilson","Male","Owasso","OK","US","M45-49","FIN","4:57:19","","0:00:00","2:48:52","0:02:24","2:06:03","276","245","29","2279","99999","99999","99999","203","191","31","276","245","29","17839","","","10132","144","7563"
"686","Matthew Cox","Male","LEWISVILLE","US-TX","US","M50-54","FIN","4:57:24","","0:00:00","2:47:46","0:01:53","2:07:45","277","246","26","2445","99999","99999","99999","185","175","27","277","246","26","17844","","","10066","113","7665"
"245","Caitlin Saunders","Female","Austin","Texas","US","F40-44","FIN","4:57:38","","0:00:00","2:55:45","0:01:52","2:00:01","278","32","8","2881","99999","99999","99999","320","27","9","278","32","8","17858","","","10545","112","7201"
"1013","Richard Rosado","Male","Wooster","OH","US","M45-49","FIN","4:57:41","","0:00:00","2:55:08","0:01:45","2:00:48","279","247","30","2272","99999","99999","99999","314","288","44","279","247","30","17861","","","10508","105","7248"
"1214","Grant Hughes","Male","Lubbock","Texas","US","M18-24","FIN","4:57:52","","0:00:00","3:01:40","0:03:07","1:53:05","280","248","22","2238","99999","99999","99999","440","394","20","280","248","22","17872","","","10900","187","6785"
"520","Joseph Moler","Male","Dallas","Texas","US","M18-24","FIN","4:57:58","","0:00:00","3:06:12","0:03:03","1:48:43","281","249","23","2236","99999","99999","99999","539","469","28","281","249","23","17878","","","11172","183","6523"
"519","Alejandro Selvi","Male","MIAMI","FL","VE","M45-49","FIN","4:58:09","","0:00:00","2:55:19","0:02:37","2:00:14","282","250","31","2264","99999","99999","99999","319","293","47","282","250","31","17889","","","10519","157","7214"
"1555","Clayton Thayer","Male","Dallas","Texas","US","M30-34","FIN","4:58:16","","0:00:00","2:54:57","0:03:55","1:59:25","283","251","38","2100","99999","99999","99999","310","284","42","283","251","38","17896","","","10497","235","7165"
"1986","Alberto Campuzano","Male","DALLAS","TX","MX","M45-49","FIN","4:58:18","","0:00:00","2:47:35","0:03:16","2:07:27","284","252","32","2261","99999","99999","99999","184","174","28","284","252","32","17898","","","10055","196","7647"
"349","María Renée Mendizábal Mollinedo","Female","Guatemala","GUATEMALA","GT","F30-34","FIN","4:58:27","","0:00:00","2:55:46","0:02:19","2:00:23","285","33","5","3221","99999","99999","99999","321","28","3","285","33","5","17907","","","10546","139","7223"
"328","Sean Kwiatek","Male","FLINT","TX","US","M45-49","FIN","4:58:31","","0:00:00","2:41:58","0:01:46","2:14:48","286","253","33","2257","99999","99999","99999","117","111","16","286","253","33","17911","","","9718","106","8088"
"1584","Conner Wales","Male","Dallas","TX","US","M30-34","FIN","4:58:34","","0:00:00","2:57:07","0:04:30","1:56:57","287","254","39","2095","99999","99999","99999","344","312","49","287","254","39","17914","","","10627","270","7017"
"737","Patrick Marasco","Male","Dallas","TX","US","M25-29","FIN","4:58:35","","0:00:00","2:54:22","0:02:33","2:01:40","288","255","26","2722","99999","99999","99999","300","276","22","288","255","26","17915","","","10462","153","7300"
"128","Patrick Cary","Male","Monroe Township","New Jersey","US","M18-24","FIN","4:58:55","","0:00:00","3:06:49","0:03:03","1:49:03","289","256","24","2219","99999","99999","99999","555","482","30","289","256","24","17935","","","11209","183","6543"
"285","Theresa Helsel","Female","Oakland","FLORIDA","US","F50-54","FIN","4:59:02","","0:00:00","3:03:09","0:04:11","1:51:42","290","34","3","3073","99999","99999","99999","463","50","5","290","34","3","17942","","","10989","251","6702"
"1190","Sofia Alfieri","Female","Newark","DE","US","F25-29","FIN","4:59:03","","0:00:00","3:00:31","0:01:55","1:56:37","291","35","5","2542","99999","99999","99999","421","41","6","291","35","5","17943","","","10831","115","6997"
"322","Layne Argyle","Male","Mapleton","UT","US","M50-54","FIN","4:59:04","","0:00:00","2:40:51","0:04:09","2:14:04","292","257","27","2415","99999","99999","99999","102","97","16","292","257","27","17944","","","9651","249","8044"
"1139","Christopher John","Male","Frisco","TEXAS","US","M35-39","FIN","4:59:09","","0:00:00","2:56:34","0:03:40","1:58:56","293","258","48","2336","99999","99999","99999","335","306","54","293","258","48","17949","","","10594","220","7136"
"869","Chris Bevenue","Male","Frisco","US-TX","US","M55-59","FIN","4:59:18","","0:00:00","2:53:34","0:02:33","2:03:12","294","259","21","2582","99999","99999","99999","289","267","25","294","259","21","17958","","","10414","153","7392"
"1197","Austin Cunningham","Male","Mandeville","US-LA","US","M30-34","FIN","4:59:19","","0:00:00","2:52:05","0:02:24","2:04:49","295","260","40","2081","99999","99999","99999","264","248","37","295","260","40","17959","","","10325","144","7489"
"344","Beth Colon","Female","New Orleans","LA","US","F50-54","FIN","4:59:27","","0:00:00","2:48:24","0:02:33","2:08:30","296","36","4","3065","99999","99999","99999","195","12","2","296","36","4","17967","","","10104","153","7710"
"1794","David Stiles","Male","Urbandale","US-IA","US","M35-39","FIN","4:59:28","","0:00:00","2:58:30","0:02:08","1:58:50","297","261","49","2331","99999","99999","99999","382","348","60","297","261","49","17968","","","10710","128","7130"
"376","Suzanne Loftus","Female","San Jose","US-CA","US","F45-49","FIN","4:59:29","","0:00:00","3:00:34","0:03:03","1:55:52","298","37","6","2763","99999","99999","99999","424","42","6","298","37","6","17969","","","10834","183","6952"
"263","Crystal Ring","Female","POCAHONTAS","US-AR","US","F35-39","FIN","4:59:45","","0:00:00","3:17:39","0:02:04","1:40:02","299","38","4","3025","99999","99999","99999","807","139","14","299","38","4","17985","","","11859","124","6002"
"320","David Jordan","Male","DEER PARK","WA","US","M55-59","FIN","4:59:49","","0:00:00","2:58:45","0:04:15","1:56:48","300","262","22","2573","99999","99999","99999","391","356","33","300","262","22","17989","","","10725","255","7008"
"1287","Chris Horton","Male","Edmond","OK","US","M40-44","FIN","5:00:06","","0:00:00","2:49:01","0:04:36","2:06:29","301","263","37","2147","99999","99999","99999","207","193","30","301","263","37","18006","","","10141","276","7589"
"472","Andres Gutierrez","Male","Sachse","TX","US","M50-54","FIN","5:00:11","","0:00:00","2:48:09","0:02:53","2:09:10","302","264","28","2395","99999","99999","99999","191","180","28","302","264","28","18011","","","10089","173","7750"
"1137","Geoffrey Pool","Male","PEMBROKE PNES","FL","US","M40-44","FIN","5:00:15","","0:00:00","3:05:14","0:03:19","1:51:42","303","265","38","2144","99999","99999","99999","513","447","57","303","265","38","18015","","","11114","199","6702"
"763","John Stoklas","Male","SAN ANTONIO","TX","US","M18-24","FIN","5:00:16","","0:00:00","3:13:02","0:02:37","1:44:37","304","266","25","2195","99999","99999","99999","688","583","35","304","266","25","18016","","","11582","157","6277"
"243","Larry Eaton","Male","THE WOODLANDS","TX","US","M50-54","FIN","5:00:30","","0:00:00","2:41:12","0:04:14","2:15:04","305","267","29","2389","99999","99999","99999","110","105","17","305","267","29","18030","","","9672","254","8104"
"335","Khon Truong","Male","Manvel","US-TX","US","M55-59","FIN","5:00:32","","0:00:00","2:52:02","0:02:23","2:06:07","306","268","23","2560","99999","99999","99999","262","246","23","306","268","23","18032","","","10322","143","7567"
"130","Ryan Hoffman","Male","Dallas","Texas","US","M25-29","FIN","5:00:37","","0:00:00","3:04:37","0:03:18","1:52:41","307","269","27","2685","99999","99999","99999","500","441","39","307","269","27","18037","","","11077","198","6761"
"1669","Dan Feickert","Male","Elkhorn","Nebraska","US","M30-34","FIN","5:00:45","","0:00:00","2:51:15","0:04:39","2:04:52","308","270","41","2056","99999","99999","99999","248","232","33","308","270","41","18045","","","10275","279","7492"
"1898","Devi de Oliveira","Female","VOORHEES","New Jersey","US","F25-29","FIN","5:00:47","","0:00:00","2:59:15","0:01:52","1:59:40","309","39","6","2511","99999","99999","99999","400","39","5","309","39","6","18047","","","10755","112","7180"
"278","Nick Logan","Male","Westport","CT","US","M45-49","FIN","5:00:47","","0:00:00","2:38:57","0:02:55","2:18:55","310","271","34","2216","99999","99999","99999","79","75","12","310","271","34","18047","","","9537","175","8335"
"761","Zhen Sun","Male","Plano","TX","US","M35-39","FIN","5:00:49","","0:00:00","2:50:53","0:02:06","2:07:50","311","272","50","2306","99999","99999","99999","244","229","41","311","272","50","18049","","","10253","126","7670"
"1107","Calee Wilson","Female","Dallas","TX","US","F35-39","FIN","5:00:54","","0:00:00","3:07:13","0:02:52","1:50:49","312","40","5","3005","99999","99999","99999","568","81","10","312","40","5","18054","","","11233","172","6649"
"363","Chris Quintero","Male","AUSTIN","US-TX","US","M45-49","FIN","5:00:55","","0:00:00","2:58:26","0:02:31","1:59:59","313","273","35","2214","99999","99999","99999","379","345","55","313","273","35","18055","","","10706","151","7199"
"1873","David Tatum","Male","Cedar Hill","TX","US","M40-44","FIN","5:00:56","","0:00:00","3:12:08","0:03:26","1:45:22","314","274","39","2132","99999","99999","99999","665","566","74","314","274","39","18056","","","11528","206","6322"
"929","Adam Mullan","Male","Gulf Breeze","FL","US","M40-44","FIN","5:01:22","","0:00:00","2:57:31","0:02:39","2:01:13","315","275","40","2124","99999","99999","99999","358","325","39","315","275","40","18082","","","10651","159","7273"
"257","Lacy Smyth","Male","Pearland","US-TX","US","M45-49","FIN","5:01:29","","0:00:00","2:51:59","0:02:30","2:06:59","316","276","36","2204","99999","99999","99999","260","244","36","316","276","36","18089","","","10319","150","7619"
"1262","Scott White","Male","Frisco","TX","US","M55-59","FIN","5:01:30","","0:00:00","2:49:09","0:03:09","2:09:12","317","277","24","2542","99999","99999","99999","211","197","16","317","277","24","18090","","","10149","189","7752"
"1797","Sebastian Mendez","Male","Garland","US-Texas","US","M30-34","FIN","5:01:35","","0:00:00","2:50:28","0:02:41","2:08:26","318","278","42","2041","99999","99999","99999","239","224","31","318","278","42","18095","","","10228","161","7706"
"345","Sebastian Geoffroy","Male","Lake Geneva","WI","US","M30-34","FIN","5:01:39","","0:00:00","2:56:05","0:04:43","2:00:51","319","279","43","2039","99999","99999","99999","324","295","43","319","279","43","18099","","","10565","283","7251"
"941","Brandon Vaughn","Male","The Colony","TX","US","M30-34","FIN","5:01:41","","0:00:00","3:04:57","0:03:08","1:53:35","320","280","44","2039","99999","99999","99999","508","444","65","320","280","44","18101","","","11097","188","6815"
"311","Eric Goldberg","Male","FULTON","US-MD","US","M55-59","FIN","5:01:49","","0:00:00","2:57:31","0:06:00","1:58:18","321","281","25","2537","99999","99999","99999","356","323","31","321","281","25","18109","","","10651","360","7098"
"2083","John Malanga","Male","PHOENIX","AZ","US","M25-29","FIN","5:01:53","","0:00:00","2:56:44","0:02:56","2:02:13","322","282","28","2663","99999","99999","99999","336","307","26","322","282","28","18113","","","10604","176","7333"
"390","Robin Bresser","Male","Houston","TX","DE","M60-64","FIN","5:01:57","","0:00:00","2:48:16","0:03:19","2:10:22","323","283","5","2625","99999","99999","99999","192","181","4","323","283","5","18117","","","10096","199","7822"
"606","Jacob Campbell","Male","McKinney","US-TX","US","M25-29","FIN","5:01:59","","0:00:00","3:08:26","0:03:25","1:50:08","324","284","29","2661","99999","99999","99999","592","505","51","324","284","29","18119","","","11306","205","6608"
"356","Michael Fenton","Male","Spring","US-US-TX","CA","M45-49","FIN","5:02:12","","0:00:00","2:46:58","0:04:28","2:10:46","325","285","37","2191","99999","99999","99999","177","167","27","325","285","37","18132","","","10018","268","7846"
"1705","Euvaldo Villaboim","Male","Edmond","OK","US","M45-49","FIN","5:02:15","","0:00:00","2:40:20","0:02:48","2:19:07","326","286","38","2190","99999","99999","99999","94","89","13","326","286","38","18135","","","9620","168","8347"
"1036","Crystal Moore","Female","Port Neches","TX","US","F35-39","FIN","5:02:18","","0:00:00","3:02:40","0:02:15","1:57:23","327","41","6","2979","99999","99999","99999","455","49","8","327","41","6","18138","","","10960","135","7043"
"1529","Julie Gliesing","Female","Normandy Park","WA","US","F40-44","FIN","5:02:24","","0:00:00","3:00:34","0:02:21","1:59:28","328","42","9","2795","99999","99999","99999","426","43","11","328","42","9","18144","","","10834","141","7168"
"1065","Johnathan Gonzalez","Male","Irving","TX","US","M25-29","FIN","5:02:34","","0:00:00","3:15:21","0:03:25","1:43:48","329","287","30","2650","99999","99999","99999","752","631","69","329","287","30","18154","","","11721","205","6228"
"1871","Eric Lockwood","Male","Dallas","TX","US","M30-34","FIN","5:02:38","","0:00:00","2:52:30","0:04:03","2:06:05","330","288","45","2022","99999","99999","99999","269","252","39","330","288","45","18158","","","10350","243","7565"
"1378","Jose Andres Martinez","Male","Plano","TX","US","M40-44","FIN","5:02:44","","0:00:00","3:05:51","0:04:57","1:51:55","331","289","41","2099","99999","99999","99999","533","465","61","331","289","41","18164","","","11151","297","6715"
"1474","Maria Fernanda Valencia","Female","Brownsville","Texas","US","F25-29","FIN","5:02:45","","0:00:00","3:05:37","0:02:17","1:54:51","332","43","7","2476","99999","99999","99999","527","68","8","332","43","7","18165","","","11137","137","6891"
"1792","Chelsea Stiles","Female","Urbandale","US-IA","US","F35-39","FIN","5:02:51","","0:00:00","2:59:02","0:01:49","2:02:00","333","44","7","2969","99999","99999","99999","396","38","5","333","44","7","18171","","","10742","109","7320"
"2038","Hunter Ryan","Male","Chandler","Arizona","US","M35-39","FIN","5:03:01","","0:00:00","2:51:16","0:02:30","2:09:15","334","290","51","2267","99999","99999","99999","250","234","42","334","290","51","18181","","","10276","150","7755"
"1843","Leo Novak","Male","Oklahoma City","OK","US","M50-54","FIN","5:03:17","","0:00:00","2:57:15","0:02:13","2:03:49","335","291","30","2339","99999","99999","99999","348","316","42","335","291","30","18197","","","10635","133","7429"
"161","James Dossey","Male","Montgomery","TX","US","M45-49","FIN","5:03:17","","0:00:00","2:57:31","0:05:51","1:59:55","336","292","39","2171","99999","99999","99999","357","324","52","336","292","39","18197","","","10651","351","7195"
"2052","Tara Detamble","Female","TYLER","US-TX","US","F35-39","FIN","5:03:22","","0:00:00","3:07:22","0:01:49","1:54:11","337","45","8","2960","99999","99999","99999","570","83","11","337","45","8","18202","","","11242","109","6851"
"932","Kal-El Bonilla","Male","Scotch Plains","New Jersey","US","M18-24","FIN","5:03:30","","0:00:00","3:16:28","0:02:10","1:44:52","338","293","26","2136","99999","99999","99999","780","652","44","338","293","26","18210","","","11788","130","6292"
"2027","Salman Bhai","Male","Carrollton","TX","US","M35-39","FIN","5:03:32","","0:00:00","3:08:50","0:02:25","1:52:17","339","294","52","2258","99999","99999","99999","597","509","81","339","294","52","18212","","","11330","145","6737"
"954","Michael Perolio","Male","San Antonio","Texas","US","M35-39","FIN","5:03:36","","0:00:00","3:15:53","0:02:08","1:45:35","340","295","53","2256","99999","99999","99999","766","643","95","340","295","53","18216","","","11753","128","6335"
"1391","Hunter De La Garza","Male","Fort Worth","Texas","US","M30-34","FIN","5:03:38","","0:00:00","2:59:25","0:05:11","1:59:02","341","296","46","2004","99999","99999","99999","401","362","54","341","296","46","18218","","","10765","311","7142"
"274","Kurt David","Male","Lenexa","US-KS","US","M60-64","FIN","5:03:38","","0:00:00","2:56:06","0:07:13","2:00:19","342","297","6","2595","99999","99999","99999","325","296","8","342","297","6","18218","","","10566","433","7219"
"1416","Mark Yocum","Male","Bulverde","US-TX","US","M50-54","FIN","5:03:47","","0:00:00","2:46:45","0:02:50","2:14:13","343","298","31","2330","99999","99999","99999","174","165","24","343","298","31","18227","","","10005","170","8053"
"2089","Stephen Kersten","Male","Portland","OR","US","M35-39","FIN","5:03:48","","0:00:00","2:58:11","0:03:10","2:02:27","344","299","54","2253","99999","99999","99999","375","341","57","344","299","54","18228","","","10691","190","7347"
"958","Gavin Kash","Male","Sour Lake","US-TX","US","M18-24","FIN","5:04:01","","0:00:00","2:51:01","0:02:35","2:10:25","345","300","27","2127","99999","99999","99999","245","230","12","345","300","27","18241","","","10261","155","7825"
"1508","Alastair Miller","Male","BOERNE","TX","US","M55-59","FIN","5:04:21","","0:00:00","2:58:46","0:04:03","2:01:32","346","301","26","2491","99999","99999","99999","392","357","34","346","301","26","18261","","","10726","243","7292"
"2100","Chris Noland","Male","FLOWER MOUND","TX","US","M50-54","FIN","5:04:25","","0:00:00","2:48:50","0:04:54","2:10:41","347","302","32","2319","99999","99999","99999","202","190","30","347","302","32","18265","","","10130","294","7841"
"253","Jeff Lipschultz","Male","Southlake","TX","US","M55-59","FIN","5:04:31","","0:00:00","2:52:39","0:02:25","2:09:27","348","303","27","2488","99999","99999","99999","275","256","24","348","303","27","18271","","","10359","145","7767"
"1559","Steven Alamillo","Male","Albuquerque","NM","US","M30-34","FIN","5:04:40","","0:00:00","2:49:51","0:02:30","2:12:19","349","304","47","1985","99999","99999","99999","224","210","28","349","304","47","18280","","","10191","150","7939"
"1472","Dan Arnette","Male","Bossier city","LA","US","M40-44","FIN","5:04:44","","0:00:00","2:58:21","0:03:32","2:02:51","350","305","42","2063","99999","99999","99999","378","344","42","350","305","42","18284","","","10701","212","7371"
"650","Alonso Munoz","Male","Little Elm","TX","US","M40-44","FIN","5:04:45","","0:00:00","2:59:54","0:03:09","2:01:42","351","306","43","2063","99999","99999","99999","412","373","47","351","306","43","18285","","","10794","189","7302"
"653","Darrel Neal","Male","FRISCO","US-TX","US","M65-69","FIN","5:04:46","","0:00:00","3:00:07","0:02:06","2:02:33","352","307","2","2948","99999","99999","99999","416","377","7","352","307","2","18286","","","10807","126","7353"
"1022","Cody Zamorano","Male","Frisco","TX","US","M18-24","FIN","5:04:50","","0:00:00","3:07:05","0:05:41","1:52:05","353","308","28","2112","99999","99999","99999","562","484","31","353","308","28","18290","","","11225","341","6725"
"804","David Yee","Male","Castro Valley","US-CA","US","M50-54","FIN","5:04:57","","0:00:00","3:00:01","0:01:48","2:03:08","354","309","33","2309","99999","99999","99999","415","376","49","354","309","33","18297","","","10801","108","7388"
"1159","Lesley Brainard","Female","Saulsbury","TN","US","F55-59","FIN","5:05:08","","0:00:00","3:06:32","0:03:49","1:54:46","355","46","4","2972","99999","99999","99999","550","73","6","355","46","4","18308","","","11192","229","6886"
"296","Perry Hock","Male","Hamilton","OH","US","M50-54","FIN","5:05:19","","0:00:00","2:50:47","0:03:00","2:11:31","356","310","34","2303","99999","99999","99999","241","226","34","356","310","34","18319","","","10247","180","7891"
"1299","Adrian Wong","Male","North Richland Hills","Texas","US","M25-29","FIN","5:05:21","","0:00:00","3:07:49","0:03:54","1:53:38","357","311","31","2600","99999","99999","99999","585","500","48","357","311","31","18321","","","11269","234","6818"
"261","Chris Catullo","Male","Allen","US-TX","US","M55-59","FIN","5:05:25","","0:00:00","2:59:41","0:03:07","2:02:37","358","312","28","2472","99999","99999","99999","410","371","35","358","312","28","18325","","","10781","187","7357"
"1945","Grayson Magruder","Male","Plano","TX","US","M35-39","FIN","5:05:25","","0:00:00","3:07:39","0:06:10","1:51:36","359","313","55","2224","99999","99999","99999","577","492","78","359","313","55","18325","","","11259","370","6696"
"1519","Kathryn Palmer","Female","Dallas","TX","US","F18-24","FIN","5:05:32","","0:00:00","2:57:18","0:03:22","2:04:52","360","47","4","2947","99999","99999","99999","351","33","3","360","47","4","18332","","","10638","202","7492"
"1385","John Byers","Male","Brentwood","TN","US","M45-49","FIN","5:05:45","","0:00:00","3:05:15","0:03:45","1:56:45","361","314","40","2127","99999","99999","99999","515","449","69","361","314","40","18345","","","11115","225","7005"
"2120","Cale Tucker","Male","Tyler","Texas","US","M30-34","FIN","5:05:50","","0:00:00","3:02:19","0:02:44","2:00:48","362","315","48","1964","99999","99999","99999","451","403","62","362","315","48","18350","","","10939","164","7248"
"1602","Sydney Sharp","Female","Rockwall","TX","US","F25-29","FIN","5:05:52","","0:00:00","3:13:50","0:03:30","1:48:31","363","48","8","2420","99999","99999","99999","709","110","12","363","48","8","18352","","","11630","210","6511"
"539","Jake Hamilton","Male","Tyler","Texas","US","M25-29","FIN","5:05:54","","0:00:00","3:04:00","0:05:01","1:56:53","364","316","32","2590","99999","99999","99999","486","429","38","364","316","32","18354","","","11040","301","7013"
"1207","Clayton Ferguson","Male","Double Oak","US-US-Texas","US","M40-44","FIN","5:05:54","","0:00:00","2:54:45","0:04:14","2:06:55","365","317","44","2042","99999","99999","99999","306","282","38","365","317","44","18354","","","10485","254","7615"
"2107","Kurtis Kemper","Male","Denver","CO","US","M30-34","FIN","5:06:00","","0:00:00","3:04:10","0:03:11","1:58:38","366","318","49","1961","99999","99999","99999","489","432","64","366","318","49","18360","","","11050","191","7118"
"788","Kurt Green","Male","North Richland Hills","TX","US","M25-29","FIN","5:06:04","","0:00:00","2:58:31","0:03:40","2:03:53","367","319","33","2587","99999","99999","99999","383","349","31","367","319","33","18364","","","10711","220","7433"
"903","Alfonso Roda","Male","KEENE","TX","US","M35-39","FIN","5:06:13","","0:00:00","3:06:27","0:02:46","1:57:00","368","320","56","2209","99999","99999","99999","545","474","75","368","320","56","18373","","","11187","166","7020"
"1592","Scott Conant","Male","COLLEGE STA","US-TX","US","M35-39","FIN","5:06:14","","0:00:00","3:13:50","0:02:29","1:49:55","369","321","57","2209","99999","99999","99999","707","598","90","369","321","57","18374","","","11630","149","6595"
"391","Daniel Reintjes","Male","Lakeside","CA","US","M50-54","FIN","5:06:18","","0:00:00","2:57:55","0:02:22","2:06:01","370","322","35","2285","99999","99999","99999","368","335","45","370","322","35","18378","","","10675","142","7561"
"374","John Lackey","Male","Tulsa","US-US-OK","US","M50-54","FIN","5:06:33","","0:00:00","2:44:13","0:05:00","2:17:19","371","323","36","2280","99999","99999","99999","142","136","21","371","323","36","18393","","","9853","300","8239"
"427","Samer Tabbara","Male","Midlothian","US-TX","US","M45-49","FIN","5:06:35","","0:00:00","3:09:50","0:02:14","1:54:30","372","324","41","2112","99999","99999","99999","619","527","80","372","324","41","18395","","","11390","134","6870"
"1722","Alex Grosvenor","Male","FORT WORTH","TX","US","M35-39","FIN","5:06:54","","0:00:00","2:58:15","0:04:07","2:04:32","373","325","58","2197","99999","99999","99999","376","342","58","373","325","58","18414","","","10695","247","7472"
"323","Laura Zanardini","Female","League City","TX","IT","F40-44","FIN","5:07:07","","0:00:00","3:03:22","0:02:40","2:01:04","374","49","10","2711","99999","99999","99999","470","53","13","374","49","10","18427","","","11002","160","7264"
"340","Seiko Dejima","Female","Marfa","TX","JP","F50-54","FIN","5:07:08","","0:00:00","3:07:02","0:02:17","1:57:49","375","50","5","2927","99999","99999","99999","561","78","10","375","50","5","18428","","","11222","137","7069"
"893","Austin Reppart","Male","Kingsport","US-TN","US","M30-34","FIN","5:07:23","","0:00:00","3:10:33","0:03:10","1:53:41","376","326","50","1936","99999","99999","99999","630","537","76","376","326","50","18443","","","11433","190","6821"
"1723","Chris Monrad","Male","Dallas","TX","US","M18-24","FIN","5:07:24","","0:00:00","3:05:17","0:04:05","1:58:03","377","327","29","2066","99999","99999","99999","516","450","26","377","327","29","18444","","","11117","245","7083"
"1724","Matt Patton","Male","MENTOR","OH","US","M40-44","FIN","5:07:31","","0:00:00","2:52:49","0:04:48","2:09:54","378","328","45","2013","99999","99999","99999","278","258","36","378","328","45","18451","","","10369","288","7794"
"605","Alex Barrientos","Male","Lewisville","TX","US","M45-49","FIN","5:07:38","","0:00:00","3:09:26","0:04:51","1:53:21","379","329","42","2093","99999","99999","99999","612","521","79","379","329","42","18458","","","11366","291","6801"
"1203","Jason Schneider","Male","ALLEN","TX","US","M45-49","FIN","5:07:38","","0:00:00","2:58:40","0:03:15","2:05:43","380","330","43","2093","99999","99999","99999","388","353","56","380","330","43","18458","","","10720","195","7543"
"1657","Abby Loyd","Female","Houston","Texas","US","F25-29","FIN","5:07:41","","0:00:00","3:11:45","0:03:25","1:52:31","381","51","9","2387","99999","99999","99999","651","98","10","381","51","9","18461","","","11505","205","6751"
"2028","Ethan Town","Male","Sneads Ferry","NC","US","M30-34","FIN","5:07:43","","0:00:00","3:12:39","0:05:13","1:49:51","382","331","51","1930","99999","99999","99999","676","575","85","382","331","51","18463","","","11559","313","6591"
"332","Julie Rubel","Female","Bowling Green","OH","US","F45-49","FIN","5:07:44","","0:00:00","2:58:09","0:04:02","2:05:33","383","52","7","2615","99999","99999","99999","374","34","4","383","52","7","18464","","","10689","242","7533"
"1613","Kaitlyn Wallace","Female","Austin","TX","US","F30-34","FIN","5:08:06","","0:00:00","3:04:35","0:02:33","2:00:58","384","53","6","3047","99999","99999","99999","499","59","7","384","53","6","18486","","","11075","153","7258"
"1346","Connor Hanna","Male","Bullard","TX","US","M25-29","FIN","5:08:13","","0:00:00","3:12:33","0:03:54","1:51:46","385","332","34","2549","99999","99999","99999","673","572","60","385","332","34","18493","","","11553","234","6706"
"1402","Amelia Bradley","Female","Dallas","Texas","US","F18-24","FIN","5:08:19","","0:00:00","3:07:35","0:05:41","1:55:02","386","54","5","2897","99999","99999","99999","576","85","8","386","54","5","18499","","","11255","341","6902"
"1603","Andrea Urdanetam","Female","Dallas","US-TX","US","F18-24","FIN","5:08:21","","0:00:00","3:04:39","0:04:12","1:59:30","387","55","6","2896","99999","99999","99999","502","61","6","387","55","6","18501","","","11079","252","7170"
"381","bob de lange","Male","Flower Mound","US-TX","BE","M55-59","FIN","5:08:28","","0:00:00","2:54:45","0:04:10","2:09:33","388","333","29","2417","99999","99999","99999","305","281","26","388","333","29","18508","","","10485","250","7773"
"1468","Kara Zardeneta","Female","DENVER","CO","US","F30-34","FIN","5:08:33","","0:00:00","3:04:30","0:03:51","2:00:12","389","56","7","3039","99999","99999","99999","496","58","6","389","56","7","18513","","","11070","231","7212"
"212","Peter Liu","Male","Long Island City","New York","US","M35-39","FIN","5:08:36","","0:00:00","3:16:24","0:03:00","1:49:12","390","334","59","2166","99999","99999","99999","778","650","96","390","334","59","18516","","","11784","180","6552"
"1220","Joshua Tulino","Male","Tucson","AZ","US","M50-54","FIN","5:08:43","","0:00:00","2:56:49","0:02:25","2:09:30","391","335","37","2241","99999","99999","99999","340","310","40","391","335","37","18523","","","10609","145","7770"
"1127","Christopher Pate","Male","Houston","TX","US","M35-39","FIN","5:08:44","","0:00:00","2:53:46","0:04:19","2:10:39","392","336","60","2164","99999","99999","99999","291","268","45","392","336","60","18524","","","10426","259","7839"
"587","Simra Tatum","Female","Wylie","US-TX","US","F40-44","FIN","5:08:46","","0:00:00","3:06:11","0:02:35","2:00:00","393","57","11","2681","99999","99999","99999","538","70","15","393","57","11","18526","","","11171","155","7200"
"1610","Jeff Bennett","Male","Lewisville","TX","US","M55-59","FIN","5:08:46","","0:00:00","2:45:18","0:03:04","2:20:24","394","337","30","2411","99999","99999","99999","156","149","13","394","337","30","18526","","","9918","184","8424"
"298","Catherine Roch","Female","Blaschette","LU-ME","CH","F60-64","FIN","5:08:55","","0:00:00","2:54:47","0:02:15","2:11:52","395","58","1","3500","99999","99999","99999","307","25","1","395","58","1","18535","","","10487","135","7912"
"1054","Ray Scharlott","Male","Clarksville","US-TN","US","M45-49","FIN","5:09:11","","0:00:00","2:54:33","0:03:10","2:11:28","396","338","44","2065","99999","99999","99999","304","280","43","396","338","44","18551","","","10473","190","7888"
"1672","Timo Schnoebbe","Male","Wichita Falls","TX","DE","M50-54","FIN","5:09:35","","0:00:00","3:04:10","0:03:08","2:02:17","397","339","38","2226","99999","99999","99999","488","431","55","397","339","38","18575","","","11050","188","7337"
"368","Rebecca Pilcher","Female","Bradenton","US-FL","US","F18-24","FIN","5:09:36","","0:00:00","3:16:08","0:01:49","1:51:38","398","59","7","2873","99999","99999","99999","773","127","10","398","59","7","18576","","","11768","109","6698"
"1576","David Sugg","Male","Jackson","Mississippi","US","M45-49","FIN","5:09:36","","0:00:00","2:59:39","0:04:23","2:05:34","399","340","45","2058","99999","99999","99999","409","370","58","399","340","45","18576","","","10779","263","7534"
"1955","Ambroise Asselin","Male","Dallas","Texas","FR","M25-29","FIN","5:09:40","","0:00:00","2:59:10","0:04:19","2:06:11","400","341","35","2522","99999","99999","99999","398","360","35","400","341","35","18580","","","10750","259","7571"
"936","Marissa Palmer","Female","Coppell","TX","US","F40-44","FIN","5:09:43","","0:00:00","3:15:10","0:03:07","1:51:26","401","60","12","2664","99999","99999","99999","746","121","25","401","60","12","18583","","","11710","187","6686"
"1306","Michael Roberts","Male","Springdale","AR","US","M50-54","FIN","5:09:49","","0:00:00","2:57:36","0:04:17","2:07:56","402","342","39","2222","99999","99999","99999","361","328","44","402","342","39","18589","","","10656","257","7676"
"221","Matt Mueller","Male","Little Elm","TX","US","M45-49","FIN","5:09:50","","0:00:00","2:59:56","0:05:49","2:04:04","403","343","46","2054","99999","99999","99999","413","374","59","403","343","46","18590","","","10796","349","7444"
"1966","Patrick Chen","Male","Houston","TX","US","M40-44","FIN","5:09:53","","0:00:00","3:06:00","0:03:43","2:00:10","404","344","46","1971","99999","99999","99999","535","466","62","404","344","46","18593","","","11160","223","7210"
"377","Aimee Taylor","Female","Mandeville","US-LA","US","F45-49","FIN","5:09:54","","0:00:00","3:14:45","0:02:49","1:52:19","405","61","8","2576","99999","99999","99999","733","118","15","405","61","8","18594","","","11685","169","6739"
"1891","Miles Oberton","Male","TOMBALL","TX","US","M45-49","FIN","5:09:54","","0:00:00","3:03:19","0:04:13","2:02:23","406","345","47","2052","99999","99999","99999","467","416","65","406","345","47","18594","","","10999","253","7343"
"150","Richard Lee","Male","Key Biscayne","Florida","GT","M45-49","FIN","5:10:00","","0:00:00","3:04:40","0:02:57","2:02:23","407","346","48","2051","99999","99999","99999","503","442","68","407","346","48","18600","","","11080","177","7343"
"912","Jose Trevino","Male","McAllen","TX","US","M35-39","FIN","5:10:04","","0:00:00","2:57:54","0:05:35","2:06:35","408","347","61","2140","99999","99999","99999","367","334","56","408","347","61","18604","","","10674","335","7595"
"820","Colin O’connor","Male","Chesterland","US-OH","US","M25-29","FIN","5:10:06","","0:00:00","3:01:53","0:03:47","2:04:27","409","348","36","2515","99999","99999","99999","443","397","37","409","348","36","18606","","","10913","227","7467"
"920","Natalie Villalobos","Female","New Braunfels","TEXAS","US","F30-34","FIN","5:10:24","","0:00:00","3:07:29","0:03:03","1:59:52","410","62","8","3005","99999","99999","99999","574","84","11","410","62","8","18624","","","11249","183","7192"
"505","Timothy Poole","Male","HOT SPRINGS","US-AR","US","M55-59","FIN","5:10:26","","0:00:00","3:08:31","0:04:04","1:57:51","411","349","31","2381","99999","99999","99999","594","506","43","411","349","31","18626","","","11311","244","7071"
"375","Britt Landrum","Male","GULF BREEZE","FL","US","M55-59","FIN","5:10:34","","0:00:00","2:56:31","0:03:44","2:10:20","412","350","32","2379","99999","99999","99999","333","304","30","412","350","32","18634","","","10591","224","7820"
"262","Julie Zdorov","Female","DALLAS","US-TX","US","F40-44","FIN","5:10:38","","0:00:00","2:51:05","0:03:09","2:16:23","413","63","13","2647","99999","99999","99999","246","16","6","413","63","13","18638","","","10265","189","8183"
"246","Colin Lord","Male","THOMPSONS STN","TN","US","M40-44","FIN","5:10:41","","0:00:00","2:46:35","0:05:14","2:18:52","414","351","47","1956","99999","99999","99999","171","162","25","414","351","47","18641","","","9995","314","8332"
"1210","Becky Ronaldson","Female","Whitehouse","US-OH","BM","F40-44","FIN","5:10:46","","0:00:00","3:05:21","0:02:56","2:02:29","415","64","14","2645","99999","99999","99999","519","67","14","415","64","14","18646","","","11121","176","7349"
"1386","Laura Tameirao","Female","Chicago","IL","BR","F30-34","FIN","5:10:51","","0:00:00","3:04:58","0:02:36","2:03:16","416","65","9","2997","99999","99999","99999","509","65","9","416","65","9","18651","","","11098","156","7396"
"1906","Ryan Chester","Male","Rogers","AR","US","M25-29","FIN","5:10:51","","0:00:00","2:58:35","0:04:58","2:07:18","417","352","37","2501","99999","99999","99999","386","351","33","417","352","37","18651","","","10715","298","7638"
"217","Katherine Griffin","Female","Hot springs","AR","US","F30-34","FIN","5:10:52","","0:00:00","3:07:08","0:02:02","2:01:42","418","66","10","2997","99999","99999","99999","564","79","10","418","66","10","18652","","","11228","122","7302"
"1334","Dania Estephanie Contreras Machon","Female","Guatemala","","GT","F40-44","FIN","5:11:09","","0:00:00","3:12:44","0:04:54","1:53:31","419","67","15","2638","99999","99999","99999","677","102","21","419","67","15","18669","","","11564","294","6811"
"1173","Ladell George","Male","Saulsbury","TN","US","M50-54","FIN","5:11:10","","0:00:00","2:57:10","0:03:37","2:10:23","420","353","40","2197","99999","99999","99999","346","314","41","420","353","40","18670","","","10630","217","7823"
"875","Dustin Smith","Male","Houston","TX","US","M50-54","FIN","5:11:12","","0:00:00","2:54:22","0:08:09","2:08:41","421","354","41","2197","99999","99999","99999","299","275","39","421","354","41","18672","","","10462","489","7721"
"1655","Katie Benjamin","Female","Katy","TX","US","F35-39","FIN","5:11:23","","0:00:00","2:57:03","0:03:20","2:11:00","422","68","9","2816","99999","99999","99999","343","32","4","422","68","9","18683","","","10623","200","7860"
"1419","Michael Johnson","Male","Simi Valley","US-CA","US","M35-39","FIN","5:11:29","","0:00:00","3:04:15","0:06:09","2:01:05","423","355","62","2114","99999","99999","99999","490","433","70","423","355","62","18689","","","11055","369","7265"
"198","Austin Williams","Male","Haymarket","VA","US","M25-29","FIN","5:11:56","","0:00:00","2:55:12","0:05:17","2:11:27","424","356","38","2482","99999","99999","99999","316","290","25","424","356","38","18716","","","10512","317","7887"
"913","Brayden Dillard","Male","Edinburg","TX","US","M30-34","FIN","5:11:59","","0:00:00","2:57:55","0:05:57","2:08:07","425","357","52","1853","99999","99999","99999","369","336","51","425","357","52","18719","","","10675","357","7687"
"1116","John Doty","Male","Aubrey","US-TX","US","M45-49","FIN","5:12:00","","0:00:00","3:18:01","0:03:07","1:50:51","426","358","49","2015","99999","99999","99999","820","677","90","426","358","49","18720","","","11881","187","6651"
"596","Preston Rutherford","Male","Highland Village","TX","US","M25-29","FIN","5:12:00","","0:00:00","2:59:35","0:05:24","2:07:02","427","359","39","2480","99999","99999","99999","408","369","36","427","359","39","18720","","","10775","324","7622"
"431","Madison Flowers","Male","Fort Worth","TX","US","M45-49","FIN","5:12:01","","0:00:00","3:06:47","0:02:12","2:03:02","428","360","50","2014","99999","99999","99999","554","481","74","428","360","50","18721","","","11207","132","7382"
"1851","Josh Olivier","Male","Dallas","Texas","US","M30-34","FIN","5:12:05","","0:00:00","3:01:04","0:03:54","2:07:07","429","361","53","1852","99999","99999","99999","432","389","58","429","361","53","18725","","","10864","234","7627"
"1588","Lucas Pereira","Male","Tyler","TX","ES","M25-29","FIN","5:12:07","","0:00:00","3:05:43","0:05:04","2:01:20","430","362","40","2478","99999","99999","99999","529","461","42","430","362","40","18727","","","11143","304","7280"
"1587","Andres Noyola","Male","TYLER","TX","US","M30-34","FIN","5:12:12","","0:00:00","3:05:50","0:05:02","2:01:20","431","363","54","1850","99999","99999","99999","532","464","68","431","363","54","18732","","","11150","302","7280"
"1099","Nicole Mason","Female","TULSA","OK","US","F35-39","FIN","5:12:13","","0:00:00","3:02:17","0:05:11","2:04:45","432","69","10","2801","99999","99999","99999","450","48","7","432","69","10","18733","","","10937","311","7485"
"1682","Nick Frank","Male","DALLAS","TX","US","M25-29","FIN","5:12:21","","0:00:00","3:06:30","0:05:02","2:00:49","433","364","41","2474","99999","99999","99999","548","476","45","433","364","41","18741","","","11190","302","7249"
"307","Bobbi Hebermehl","Female","Addison","US-TX","US","F25-29","FIN","5:12:26","","0:00:00","3:17:01","0:02:14","1:53:11","434","70","10","2301","99999","99999","99999","792","132","15","434","70","10","18746","","","11821","134","6791"
"1042","Stephanie Taylor","Female","HOUSTON","TX","US","F40-44","FIN","5:12:32","","0:00:00","3:10:38","0:03:44","1:58:10","435","71","16","2613","99999","99999","99999","635","94","19","435","71","16","18752","","","11438","224","7090"
"1957","Michael Taylor","Male","Tyler","Texas","US","M40-44","FIN","5:12:33","","0:00:00","3:03:56","0:03:37","2:04:59","436","365","48","1923","99999","99999","99999","482","425","52","436","365","48","18753","","","11036","217","7499"
"813","Ben Westwick","Male","Tomball","Texas","US","M25-29","FIN","5:12:35","","0:00:00","3:13:22","0:02:04","1:57:10","437","366","42","2470","99999","99999","99999","696","590","63","437","366","42","18755","","","11602","124","7030"
"1401","Jamie Pratt","Female","Austin","TX","US","F30-34","FIN","5:12:35","","0:00:00","3:12:52","0:04:41","1:55:03","438","72","11","2966","99999","99999","99999","684","105","15","438","72","11","18755","","","11572","281","6903"
"824","Tonya Amos","Female","WENTZVILLE","US-MO","US","F40-44","FIN","5:12:40","","0:00:00","3:07:21","0:03:29","2:01:50","439","73","17","2611","99999","99999","99999","569","82","18","439","73","17","18760","","","11241","209","7310"
"1106","Andrew Lovato","Male","Leonard","TX","US","M25-29","FIN","5:12:45","","0:00:00","3:08:21","0:02:53","2:01:31","440","367","43","2467","99999","99999","99999","591","504","50","440","367","43","18765","","","11301","173","7291"
"1953","Nicolas Biondo","Male","Port Washington","NY","US","M25-29","FIN","5:12:59","","0:00:00","3:29:32","0:04:48","1:38:40","441","368","44","2463","99999","99999","99999","1082","871","102","441","368","44","18779","","","12572","288","5920"
"544","Jennifer Walker","Female","Rockwall","TX","US","F55-59","FIN","5:13:05","","0:00:00","3:04:47","0:03:36","2:04:43","442","74","5","2829","99999","99999","99999","506","64","5","442","74","5","18785","","","11087","216","7483"
"1619","Rodrigo Goulart","Male","Plano","TX","US","M45-49","FIN","5:13:23","","0:00:00","3:05:32","0:05:44","2:02:07","443","369","51","1990","99999","99999","99999","525","458","70","443","369","51","18803","","","11132","344","7327"
"1837","Sasha Johnson","Female","Leonard","US-Texas","US","F35-39","FIN","5:13:36","","0:00:00","3:03:26","0:05:33","2:04:38","444","75","11","2776","99999","99999","99999","473","54","9","444","75","11","18816","","","11006","333","7478"
"1041","Brandon Liggett","Male","New Carlisle","IN","US","M45-49","FIN","5:13:39","","0:00:00","3:03:03","0:02:44","2:07:51","445","370","52","1985","99999","99999","99999","460","411","64","445","370","52","18819","","","10983","164","7671"
"250","Dylan Ralston","Male","Suffolk","US-VA","US","M50-54","FIN","5:13:42","","0:00:00","2:51:16","0:04:54","2:17:32","446","371","42","2152","99999","99999","99999","249","233","36","446","371","42","18822","","","10276","294","8252"
"1780","Michael Loftis","Male","Keller","TX","US","M50-54","FIN","5:13:47","","0:00:00","2:51:57","0:02:21","2:19:29","447","372","43","2150","99999","99999","99999","258","242","37","447","372","43","18827","","","10317","141","8369"
"1546","Juby Garcia","Male","Mission","TX","US","M40-44","FIN","5:13:51","","0:00:00","2:57:36","0:04:04","2:12:11","448","373","49","1899","99999","99999","99999","360","327","40","448","373","49","18831","","","10656","244","7931"
"1255","DeQuan Lewis","Male","Phoenix","US-AZ","US","M30-34","FIN","5:14:02","","0:00:00","3:15:59","0:03:27","1:54:37","449","374","55","1817","99999","99999","99999","768","644","94","449","374","55","18842","","","11759","207","6877"
"1135","Adam Hoisington","Male","SUGAR LAND","TX","US","M35-39","FIN","5:14:22","","0:00:00","2:51:56","0:04:53","2:17:34","450","375","63","2063","99999","99999","99999","257","241","43","450","375","63","18862","","","10316","293","8254"
"164","Nicholas Orenstein","Male","Westport","CONNECTICUT","US","M18-24","FIN","5:14:24","","0:00:00","3:13:22","0:03:01","1:58:01","451","376","30","1940","99999","99999","99999","698","592","37","451","376","30","18864","","","11602","181","7081"
"1234","Burke Strickland","Male","Trophy Club","Texas","US","M40-44","FIN","5:14:25","","0:00:00","3:09:47","0:04:50","1:59:47","452","377","50","1889","99999","99999","99999","617","525","70","452","377","50","18865","","","11387","290","7187"
"1974","Owen Robinson","Male","Austin","Texas","US","M25-29","FIN","5:14:25","","0:00:00","3:13:39","0:03:11","1:57:34","453","378","45","2437","99999","99999","99999","703","595","64","453","378","45","18865","","","11619","191","7054"
"1620","Phillip McDaniel","Male","Atlantic Beach","FL","US","M25-29","FIN","5:14:35","","0:00:00","3:14:04","0:02:20","1:58:10","454","379","46","2434","99999","99999","99999","716","605","65","454","379","46","18875","","","11644","140","7090"
"1362","Andre Denis","Male","Grapevine","US-TX","US","M30-34","FIN","5:14:36","","0:00:00","2:56:09","0:01:50","2:16:37","455","380","56","1806","99999","99999","99999","327","298","44","455","380","56","18876","","","10569","110","8197"
"1999","Jordan Laner","Male","Austin","TX","AU","M25-29","FIN","5:14:36","","0:00:00","3:19:01","0:06:11","1:49:24","456","381","47","2434","99999","99999","99999","844","697","80","456","381","47","18876","","","11941","371","6564"
"611","Leeann Young","Female","Frisco","TX","US","F50-54","FIN","5:14:50","","0:00:00","3:04:42","0:02:55","2:07:13","457","76","6","2788","99999","99999","99999","505","63","7","457","76","6","18890","","","11082","175","7633"
"639","Mark Litton","Male","Lucas","US-TX","GB","M55-59","FIN","5:14:55","","0:00:00","2:52:00","0:05:14","2:17:40","458","382","33","2301","99999","99999","99999","261","245","22","458","382","33","18895","","","10320","314","8260"
"574","Daniel Roch","Male","Stamford","CT","CH","M25-29","FIN","5:15:05","","0:00:00","2:48:38","0:02:03","2:24:25","459","383","48","2425","99999","99999","99999","199","187","13","459","383","48","18905","","","10118","123","8665"
"806","Morgan McCaffrey","Female","dallas","TX","US","F25-29","FIN","5:15:07","","0:00:00","3:17:50","0:02:47","1:54:30","460","77","11","2253","99999","99999","99999","812","141","16","460","77","11","18907","","","11870","167","6870"
"1166","Eric Guzman-Alvarez","Male","Fort Worth","TX","US","M45-49","FIN","5:15:12","","0:00:00","3:05:50","0:03:13","2:06:09","461","384","53","1957","99999","99999","99999","531","463","71","461","384","53","18912","","","11150","193","7569"
"1024","Kaitlin Groves","Female","Houston","TX","US","F18-24","FIN","5:15:18","","0:00:00","2:58:59","0:02:46","2:13:34","462","78","8","2771","99999","99999","99999","394","36","4","462","78","8","18918","","","10739","166","8014"
"1407","Andrew Mies","Male","WICHITA","KS","US","M55-59","FIN","5:15:21","","0:00:00","3:04:35","0:04:03","2:06:43","463","385","34","2293","99999","99999","99999","498","440","41","463","385","34","18921","","","11075","243","7603"
"736","John Graham","Male","Granger","US-IN","US","M25-29","FIN","5:15:40","","0:00:00","3:06:01","0:03:02","2:06:36","464","386","49","2414","99999","99999","99999","536","467","43","464","386","49","18940","","","11161","182","7596"
"286","Dave Helsel","Male","Oakland","FL","US","M50-54","FIN","5:15:46","","0:00:00","3:09:00","0:05:33","2:01:12","465","387","44","2114","99999","99999","99999","600","512","60","465","387","44","18946","","","11340","333","7272"
"407","Nathan Rusterholtz","Male","HEWITT","TX","US","M35-39","FIN","5:15:54","","0:00:00","2:55:49","0:07:44","2:12:22","466","388","64","2035","99999","99999","99999","322","294","52","466","388","64","18954","","","10549","464","7942"
"681","JP Caoleng","Male","MCKINNEY","TX","PH","M45-49","FIN","5:16:00","","0:00:00","2:53:31","0:04:31","2:17:58","467","389","54","1943","99999","99999","99999","288","266","40","467","389","54","18960","","","10411","271","8278"
"251","Vincent Ortiz","Male","Chesapeake","VA","US","M65-69","FIN","5:16:05","","0:00:00","2:59:32","0:07:00","2:09:33","468","390","3","2745","99999","99999","99999","405","366","6","468","390","3","18965","","","10772","420","7773"
"1269","Sam Bradley","Male","Minneapolis","Minnesota","US","M18-24","FIN","5:16:05","","0:00:00","3:09:46","0:02:34","2:03:45","469","391","31","1910","99999","99999","99999","616","524","33","469","391","31","18965","","","11386","154","7425"
"1905","Connelly Mitchell","Male","Austin","Texas","US","M25-29","FIN","5:16:16","","0:00:00","3:15:35","0:04:23","1:56:17","470","392","50","2404","99999","99999","99999","758","636","70","470","392","50","18976","","","11735","263","6977"
"440","Amanda Aitken","Female","AUSTIN","US-TX","US","F30-34","FIN","5:16:19","","0:00:00","3:17:10","0:03:54","1:55:16","471","79","12","2899","99999","99999","99999","795","135","20","471","79","12","18979","","","11830","234","6916"
"399","Joel Gamez","Male","IRVING","TX","US","M40-44","FIN","5:16:23","","0:00:00","3:17:54","0:04:36","1:53:54","472","393","51","1854","99999","99999","99999","816","674","85","472","393","51","18983","","","11874","276","6834"
"871","Jeff McReynolds","Male","Plano","US-TEXAS","US","M60-64","FIN","5:16:24","","0:00:00","3:03:59","0:05:36","2:06:50","473","394","7","2365","99999","99999","99999","484","427","14","473","394","7","18984","","","11039","336","7610"
"1757","Maggie Waters","Female","HIGHLAND VLG","TX","US","F30-34","FIN","5:16:25","","0:00:00","3:20:16","0:03:27","1:52:42","474","80","13","2897","99999","99999","99999","870","154","21","474","80","13","18985","","","12016","207","6762"
"721","Enrique Cruz Avila","Male","Houston","Texas","US","M35-39","FIN","5:16:27","","0:00:00","3:05:24","0:05:50","2:05:12","475","395","65","2025","99999","99999","99999","521","454","72","475","395","65","18987","","","11124","350","7512"
"1789","Matthew Powell","Male","Arlington","Texas","US","M40-44","FIN","5:16:31","","0:00:00","3:12:21","0:08:05","1:56:06","476","396","52","1851","99999","99999","99999","669","570","75","476","396","52","18991","","","11541","485","6966"
"1755","Jack Zastrow","Male","Fate","TEXAS","US","M30-34","FIN","5:16:33","","0:00:00","2:58:41","0:07:44","2:10:07","477","397","57","1771","99999","99999","99999","389","354","53","477","397","57","18993","","","10721","464","7807"
"1409","Jana Townsend","Male","Longview","US-TX","US","M65-69","FIN","5:16:36","","0:00:00","3:01:20","0:01:46","2:13:30","478","398","4","2735","99999","99999","99999","435","392","8","478","398","4","18996","","","10880","106","8010"
"1395","Nelson Nguyen","Male","houston","TX","US","M40-44","FIN","5:16:43","","0:00:00","3:09:27","0:02:45","2:04:30","479","399","53","1848","99999","99999","99999","613","522","69","479","399","53","19003","","","11367","165","7470"
"1967","William Curtis","Male","Lewiston","US-NY","US","M65-69","FIN","5:16:44","","0:00:00","2:56:46","0:02:29","2:17:29","480","400","5","2733","99999","99999","99999","338","309","4","480","400","5","19004","","","10606","149","8249"
"921","Eric Lara","Male","Dallas","TX","US","M35-39","FIN","5:16:48","","0:00:00","3:22:15","0:05:10","1:49:23","481","401","66","2019","99999","99999","99999","916","748","111","481","401","66","19008","","","12135","310","6563"
"1473","Matthew Newberry","Male","Bossier City","LA","US","M35-39","FIN","5:16:49","","0:00:00","2:44:57","0:04:22","2:27:30","482","402","67","2018","99999","99999","99999","152","145","26","482","402","67","19009","","","9897","262","8850"
"165","Oliver Hocking","Male","San Francisco","CA","US","M18-24","FIN","5:16:57","","0:00:00","3:21:39","0:02:45","1:52:34","483","403","32","1894","99999","99999","99999","899","733","51","483","403","32","19017","","","12099","165","6754"
"2111","William Eckard","Male","DOUBLE OAK","TX","ZA","M45-49","FIN","5:17:04","","0:00:00","2:54:02","0:04:53","2:18:10","484","404","55","1923","99999","99999","99999","295","272","42","484","404","55","19024","","","10442","293","8290"
"1771","Kevin Velasquez","Male","Rockwall","Texas","HN","M45-49","FIN","5:17:07","","0:00:00","3:07:26","0:02:44","2:06:56","485","405","56","1922","99999","99999","99999","571","488","75","485","405","56","19027","","","11246","164","7616"
"963","Miguel QUINONES","Male","Henrico","US-VA","US","M55-59","FIN","5:17:10","","0:00:00","3:12:50","0:04:53","1:59:26","486","406","35","2260","99999","99999","99999","682","579","52","486","406","35","19030","","","11570","293","7166"
"1673","Oliver Sobik","Male","Little Rock","ARKANSAS","US","M35-39","FIN","5:17:21","","0:00:00","3:00:00","0:02:48","2:14:32","487","407","68","2009","99999","99999","99999","414","375","62","487","407","68","19041","","","10800","168","8072"
"1946","Rick Hahn","Male","Broken Arrow","OK","US","M30-34","FIN","5:17:21","","0:00:00","2:56:12","0:03:45","2:17:23","488","408","58","1757","99999","99999","99999","328","299","45","488","408","58","19041","","","10572","225","8243"
"676","Richard Hebert","Male","McKinney","US-TX","US","M60-64","FIN","5:17:24","","0:00:00","3:07:48","0:02:28","2:07:07","489","409","8","2347","99999","99999","99999","583","498","18","489","409","8","19044","","","11268","148","7627"
"800","Jacob Scheiffler","Male","Addison","Texas","US","M25-29","FIN","5:17:24","","0:00:00","3:15:19","0:04:32","1:57:33","490","410","51","2383","99999","99999","99999","751","630","68","490","410","51","19044","","","11719","272","7053"
"489","Samantha Joray","Female","Burleson","TX","US","F25-29","FIN","5:17:32","","0:00:00","3:01:36","0:02:31","2:13:25","491","81","12","2210","99999","99999","99999","438","45","7","491","81","12","19052","","","10896","151","8005"
"493","David Reagler","Male","HOT SPRINGS","US-AR","US","M60-64","FIN","5:17:33","","0:00:00","3:05:38","0:04:58","2:06:56","492","411","9","2344","99999","99999","99999","528","460","16","492","411","9","19053","","","11138","298","7616"
"468","Jonathan Brown","Male","WYLIE","US-TX","US","M50-54","FIN","5:17:36","","0:00:00","3:08:58","0:04:16","2:04:21","493","412","45","2081","99999","99999","99999","598","510","59","493","412","45","19056","","","11338","256","7461"
"1900","Courtney Michael","Male","LITTLE ROCK","AR","US","M45-49","FIN","5:17:37","","0:00:00","2:55:12","0:05:43","2:16:42","494","413","57","1913","99999","99999","99999","318","292","46","494","413","57","19057","","","10512","343","8202"
"1914","Michael Delaney","Male","Williamsburg","MI","US","M40-44","FIN","5:17:43","","0:00:00","3:21:31","0:06:28","1:49:43","495","414","54","1830","99999","99999","99999","895","730","90","495","414","54","19063","","","12091","388","6583"
"1136","Joseph Edmondson","Male","Sugar Land","TX","US","M45-49","FIN","5:17:49","","0:00:00","3:07:49","0:02:46","2:07:14","496","415","58","1910","99999","99999","99999","584","499","76","496","415","58","19069","","","11269","166","7634"
"2060","Jonah Stulberg","Male","HOUSTON","TX","US","M45-49","FIN","5:17:50","","0:00:00","2:52:33","0:03:26","2:21:50","497","416","59","1910","99999","99999","99999","272","254","38","497","416","59","19070","","","10353","206","8510"
"1895","Ryan Fallon","Male","Cambridge","Massachusetts","US","M18-24","FIN","5:17:56","","0:00:00","3:15:32","0:05:12","1:57:12","498","417","33","1877","99999","99999","99999","755","634","42","498","417","33","19076","","","11732","312","7032"
"1844","Lee Taylor","Male","Lubbock","Texas","US","M18-24","FIN","5:18:03","","0:00:00","3:19:19","0:05:11","1:53:33","499","418","34","1874","99999","99999","99999","855","706","48","499","418","34","19083","","","11959","311","6813"
"464","Shannan Potts","Female","Lytton","IA","US","F45-49","FIN","5:18:05","","0:00:00","3:03:55","0:02:59","2:11:11","500","82","9","2429","99999","99999","99999","481","57","8","500","82","9","19085","","","11035","179","7871"
"1866","Ret Taylor","Male","Seattle","Washington","US","M25-29","FIN","5:18:05","","0:00:00","3:12:49","0:06:20","1:58:57","501","419","52","2371","99999","99999","99999","680","578","62","501","419","52","19085","","","11569","380","7137"
"575","James Hooppaw","Male","Lake Wales","FL","US","M30-34","FIN","5:18:09","","0:00:00","3:07:43","0:04:41","2:05:44","502","420","59","1742","99999","99999","99999","580","495","69","502","420","59","19089","","","11263","281","7544"
"1937","Colin Finnegan","Male","Baton Rouge","LA","US","M30-34","FIN","5:18:11","","0:00:00","3:02:34","0:02:37","2:13:01","503","421","60","1742","99999","99999","99999","454","406","63","503","421","60","19091","","","10954","157","7981"
"1978","James Toledo","Male","Crystal Lake","IL","US","M45-49","FIN","5:18:13","","0:00:00","3:02:00","0:05:03","2:11:10","504","422","60","1903","99999","99999","99999","446","400","63","504","422","60","19093","","","10920","303","7870"
"126","Christopher Cassell","Male","Grapevine","TX","US","M50-54","FIN","5:18:14","","0:00:00","3:04:34","0:05:59","2:07:41","505","423","46","2070","99999","99999","99999","497","439","57","505","423","46","19094","","","11074","359","7661"
"1102","Clay Jenkins","Male","Lumberton","Texas","US","M18-24","FIN","5:18:23","","0:00:00","3:00:32","0:04:03","2:13:48","506","424","35","1868","99999","99999","99999","422","381","19","506","424","35","19103","","","10832","243","8028"
"715","Jonathan Drexel","Male","PLANO","TX","US","M40-44","FIN","5:18:23","","0:00:00","3:05:07","0:04:43","2:08:33","507","425","55","1818","99999","99999","99999","510","445","56","507","425","55","19103","","","11107","283","7713"
"962","Karin QUINONES","Female","Henrico","US-VA","US","F50-54","FIN","5:18:31","","0:00:00","3:12:32","0:06:01","1:59:57","508","83","7","2722","99999","99999","99999","672","101","12","508","83","7","19111","","","11552","361","7197"
"746","Michael Anderson","Male","Dallas","Texas","US","M25-29","FIN","5:18:34","","0:00:00","3:12:06","0:02:47","2:03:41","509","426","53","2362","99999","99999","99999","663","565","59","509","426","53","19114","","","11526","167","7421"
"654","Paul Mages","Male","Schwenksville","PA","US","M45-49","FIN","5:18:39","","0:00:00","2:57:56","0:02:52","2:17:51","510","427","61","1895","99999","99999","99999","370","337","53","510","427","61","19119","","","10676","172","8271"
"1167","James Erlandson","Male","Fredericksburg","TX","US","M50-54","FIN","5:18:39","","0:00:00","2:37:27","0:03:12","2:37:59","511","428","47","2063","99999","99999","99999","68","65","12","511","428","47","19119","","","9447","192","9479"
"1607","Alexis Grewer","Female","Round Rock","TX","US","F35-39","FIN","5:18:42","","0:00:00","2:56:04","0:03:53","2:18:45","512","84","12","2684","99999","99999","99999","323","29","2","512","84","12","19122","","","10564","233","8325"
"616","Ramses Palomo","Male","Frisco","TX","US","M50-54","FIN","5:18:43","","0:00:00","2:57:27","0:04:36","2:16:40","513","429","48","2061","99999","99999","99999","354","321","43","513","429","48","19123","","","10647","276","8200"
"1621","Bryce Wujcik","Male","Dallas","TX","US","M25-29","FIN","5:18:49","","0:00:00","3:09:11","0:02:43","2:06:54","514","430","54","2358","99999","99999","99999","606","518","53","514","430","54","19129","","","11351","163","7614"
"1339","Mario Bijasa","Male","Austin","Texas","US","M35-39","FIN","5:18:49","","0:00:00","3:09:33","0:04:15","2:05:01","515","431","69","1982","99999","99999","99999","615","523","83","515","431","69","19129","","","11373","255","7501"
"731","Mikhail Nosov","Male","Pflugerville","TX","US","M45-49","FIN","5:18:50","","0:00:00","2:43:44","0:04:33","2:30:33","516","432","62","1892","99999","99999","99999","138","132","21","516","432","62","19130","","","9824","273","9033"
"994","Aaron Osiek","Male","Windham","US-NH","US","M18-24","FIN","5:19:01","","0:00:00","3:19:20","0:04:58","1:54:43","517","433","36","1857","99999","99999","99999","856","707","49","517","433","36","19141","","","11960","298","6883"
"1761","Dave Tomes","Male","San Antonio","US-US-TX","US","M60-64","FIN","5:19:02","","0:00:00","3:12:10","0:03:51","2:03:01","518","434","10","2318","99999","99999","99999","666","567","23","518","434","10","19142","","","11530","231","7381"
"1558","Ethan Davis","Male","WYLIE","TX","US","M25-29","FIN","5:19:10","","0:00:00","3:09:08","0:06:42","2:03:20","519","435","55","2351","99999","99999","99999","604","516","52","519","435","55","19150","","","11348","402","7400"
"1312","Matthew York","Male","KELLER","TX","US","M40-44","FIN","5:19:18","","0:00:00","3:04:28","0:03:40","2:11:10","520","436","56","1801","99999","99999","99999","495","438","55","520","436","56","19158","","","11068","220","7870"
"1063","Dane Block","Male","HUNTSVILLE","AL","US","M55-59","FIN","5:19:19","","0:00:00","3:03:25","0:03:17","2:12:36","521","437","36","2222","99999","99999","99999","472","419","40","521","437","36","19159","","","11005","197","7956"
"1959","Ashish Mainali","Male","Dallas","TX","NP","M30-34","FIN","5:19:26","","0:00:00","3:12:46","0:04:19","2:02:22","522","438","61","1719","99999","99999","99999","679","577","86","522","438","61","19166","","","11566","259","7342"
"1606","Nathan Kuntz","Male","Broken Arrow","OK","US","M40-44","FIN","5:19:36","","0:00:00","3:05:17","0:04:02","2:10:17","523","439","57","1796","99999","99999","99999","517","451","58","523","439","57","19176","","","11117","242","7817"
"2030","Aaron Buley","Male","Flower Mound","TX","US","M40-44","FIN","5:19:38","","0:00:00","2:58:50","0:04:48","2:16:00","524","440","58","1795","99999","99999","99999","393","358","44","524","440","58","19178","","","10730","288","8160"
"1750","Hannah Lindner","Female","Edmond","US-OK","US","F30-34","FIN","5:19:52","","0:00:00","3:11:30","0:03:25","2:04:57","525","85","14","2835","99999","99999","99999","645","96","13","525","85","14","19192","","","11490","205","7497"
"421","Kelsey Kennedy","Female","Austin","Texas","US","F35-39","FIN","5:20:37","","0:00:00","3:26:12","0:02:01","1:52:24","526","86","13","2650","99999","99999","99999","1002","189","24","526","86","13","19237","","","12372","121","6744"
"401","Gareth Payne","Male","West Molesey","LONDON, CITY OF","GB","M45-49","FIN","5:20:53","","0:00:00","2:47:55","0:05:05","2:27:53","527","441","63","1855","99999","99999","99999","188","177","30","527","441","63","19253","","","10075","305","8873"
"2043","Chloe Finken","Female","Bentonville","AR","US","F18-24","FIN","5:20:54","","0:00:00","3:03:45","0:03:21","2:13:48","528","87","9","2670","99999","99999","99999","477","55","5","528","87","9","19254","","","11025","201","8028"
"770","Nickolas Robinett","Male","Fort Worth","TX","US","M30-34","FIN","5:20:58","","0:00:00","3:01:53","0:03:25","2:15:40","529","442","62","1692","99999","99999","99999","444","398","60","529","442","62","19258","","","10913","205","8140"
"506","Cari Lubenow","Female","Sutton","MA","US","F40-44","FIN","5:21:03","","0:00:00","2:54:50","0:03:02","2:23:11","530","88","18","2460","99999","99999","99999","309","26","8","530","88","18","19263","","","10490","182","8591"
"1954","Grant Heskamp","Male","WASHINGTON","US-DC","US","M35-39","FIN","5:21:04","","0:00:00","3:17:57","0:06:21","1:56:47","531","443","70","1942","99999","99999","99999","817","675","99","531","443","70","19264","","","11877","381","7007"
"2004","Brandon Thorpe","","Broken Arrow","Oklahoma","US","M30-34","FIN","5:21:17","","0:00:00","2:51:26","0:04:45","2:25:06","532","444","63","1686","99999","99999","99999","253","237","35","532","444","63","19277","","","10286","285","8706"
"476","Rafael Torneros","Male","CORP CHRISTI","TX","US","M35-39","FIN","5:21:19","","0:00:00","2:56:45","0:02:53","2:21:40","533","445","71","1937","99999","99999","99999","337","308","55","533","445","71","19279","","","10605","173","8500"
"1735","Matt Harding","Male","Midland","TX","US","M35-39","FIN","5:21:25","","0:00:00","3:00:12","0:03:58","2:17:15","534","446","72","1936","99999","99999","99999","418","379","63","534","446","72","19285","","","10812","238","8235"
"1742","Tim Wallace","Male","Lawton ","OKLAHOMA","US","M30-34","FIN","5:21:31","","0:00:00","2:59:33","0:04:27","2:17:32","535","447","64","1682","99999","99999","99999","406","367","55","535","447","64","19291","","","10773","267","8252"
"750","Derek Plate","Male","Dallas","TX","US","M40-44","FIN","5:21:44","","0:00:00","2:48:45","0:03:54","2:29:05","536","448","59","1757","99999","99999","99999","201","189","29","536","448","59","19304","","","10125","234","8945"
"1832","Nicholas Struys","Male","New York City","NEW YORK","BE","M25-29","FIN","5:21:47","","0:00:00","3:11:58","0:04:19","2:05:31","537","449","56","2304","99999","99999","99999","658","560","58","537","449","56","19307","","","11518","259","7531"
"1726","Christina Powell","Female","Houston","TX","US","F35-39","FIN","5:21:52","","0:00:00","3:23:57","0:02:57","1:54:58","538","89","14","2627","99999","99999","99999","956","177","21","538","89","14","19312","","","12237","177","6898"
"254","Shon Rhoton","Male","Castle Pines","US-CO","US","M50-54","FIN","5:22:05","","0:00:00","3:09:08","0:04:29","2:08:29","539","450","49","2001","99999","99999","99999","603","515","61","539","450","49","19325","","","11348","269","7709"
"528","Christian Williams","Male","Dallas","Texas","US","M35-39","FIN","5:22:13","","0:00:00","3:24:57","0:04:59","1:52:18","540","451","73","1921","99999","99999","99999","980","797","116","540","451","73","19333","","","12297","299","6738"
"531","Derlys Aguilera","Male","Plano","TX","PY","M45-49","FIN","5:22:17","","0:00:00","3:06:46","0:07:12","2:08:20","541","452","64","1829","99999","99999","99999","553","480","73","541","452","64","19337","","","11206","432","7700"
"268","Brianna Maze","Female","MORGANTOWN","WV","US","F35-39","FIN","5:22:32","","0:00:00","3:30:50","0:01:52","1:49:50","542","90","15","2615","99999","99999","99999","1108","222","27","542","90","15","19352","","","12650","112","6590"
"1185","Madeline Tofanelli","Female","Frisco","TX","US","F30-34","FIN","5:22:39","","0:00:00","3:10:25","0:04:30","2:07:43","543","91","15","2785","99999","99999","99999","628","93","12","543","91","15","19359","","","11425","270","7663"
"365","Victor Torres","Male","Dallas","US-TX","PR","M65-69","FIN","5:22:52","","0:00:00","3:03:00","0:02:55","2:16:57","544","453","6","2623","99999","99999","99999","458","409","9","544","453","6","19372","","","10980","175","8217"
"1876","Michael Smith","Male","Dallas","Texas","US","M30-34","FIN","5:22:53","","0:00:00","3:15:17","0:03:23","2:04:13","545","454","65","1657","99999","99999","99999","749","628","93","545","454","65","19373","","","11717","203","7453"
"1248","Juan Jose Joachin","Male","Alpharetta","GA","US","M50-54","FIN","5:22:54","","0:00:00","3:02:50","0:04:01","2:16:03","546","455","50","1986","99999","99999","99999","456","407","50","546","455","50","19374","","","10970","241","8163"
"656","Tyler Rochon","Female","Argyle","US-TX","US","F30-34","FIN","5:23:32","","0:00:00","3:13:13","0:04:59","2:05:20","547","92","16","2769","99999","99999","99999","692","106","16","547","92","16","19412","","","11593","299","7520"
"1562","Caio Correa","Male","Prosper","TX","BR","M45-49","FIN","5:23:33","","0:00:00","2:50:08","0:02:48","2:30:37","548","456","65","1807","99999","99999","99999","230","216","33","548","456","65","19413","","","10208","168","9037"
"984","David Pesa","Male","Rock Hill","SC","US","M35-39","FIN","5:23:35","","0:00:00","3:10:22","0:04:47","2:08:25","549","457","74","1897","99999","99999","99999","627","535","84","549","457","74","19415","","","11422","287","7705"
"1212","Scott Shurley","Male","SHREVEPORT","LA","US","M50-54","FIN","5:23:41","","0:00:00","2:54:17","0:03:35","2:25:49","550","458","51","1972","99999","99999","99999","298","274","38","550","458","51","19421","","","10457","215","8749"
"733","Armando Ramirez Santaella Urencio","Male","Monterrey","NLE","MX","M30-34","FIN","5:23:45","","0:00:00","2:52:03","0:03:26","2:28:16","551","459","66","1642","99999","99999","99999","263","247","36","551","459","66","19425","","","10323","206","8896"
"1921","Anzae Alexander","Male","Lakehills","TX","US","M45-49","FIN","5:23:47","","0:00:00","3:11:25","0:09:59","2:02:23","552","460","66","1802","99999","99999","99999","643","548","82","552","460","66","19427","","","11485","599","7343"
"1530","Sharon Bedford","Female","St Hedwig","TX","US","F55-59","FIN","5:23:48","","0:00:00","3:14:48","0:08:13","2:00:47","553","93","6","2636","99999","99999","99999","736","119","10","553","93","6","19428","","","11688","493","7247"
"1130","Anthony Chu","Male","Sugar Land","US-TX","US","M45-49","FIN","5:23:50","","0:00:00","3:03:47","0:03:07","2:16:55","554","461","67","1802","99999","99999","99999","478","423","66","554","461","67","19430","","","11027","187","8215"
"513","Robert Fenger","Male","LOS ALTOS HLS","CA","US","M25-29","FIN","5:23:52","","0:00:00","3:05:15","0:03:52","2:14:45","555","462","57","2267","99999","99999","99999","514","448","40","555","462","57","19432","","","11115","232","8085"
"1985","Michael Rohr","Male","Midland","Texas","US","M30-34","FIN","5:23:52","","0:00:00","3:21:46","0:02:54","1:59:11","556","463","67","1640","99999","99999","99999","903","737","105","556","463","67","19432","","","12106","174","7151"
"1244","Ryan Millard","Male","Frisco","Texas","US","M35-39","FIN","5:23:58","","0:00:00","3:14:53","0:03:47","2:05:18","557","464","75","1890","99999","99999","99999","737","618","92","557","464","75","19438","","","11693","227","7518"
"1703","Meghan Gebke","Female","Allen","TX","US","F40-44","FIN","5:23:58","","0:00:00","3:01:39","0:01:30","2:20:48","558","94","19","2407","99999","99999","99999","439","46","12","558","94","19","19438","","","10899","90","8448"
"1760","Bradley Tomes","Male","Houston","US-TX","US","M30-34","FIN","5:24:00","","0:00:00","3:10:16","0:02:46","2:10:58","559","465","68","1637","99999","99999","99999","625","533","74","559","465","68","19440","","","11416","166","7858"
"745","Matt Cherry","Male","Louisville","KY","US","M25-29","FIN","5:24:08","","0:00:00","3:17:48","0:05:17","2:01:02","560","466","58","2262","99999","99999","99999","811","671","77","560","466","58","19448","","","11868","317","7262"
"1862","Jacob Schmelz","Male","San Antonio","TX","US","M30-34","FIN","5:24:08","","0:00:00","3:11:36","0:05:11","2:07:21","561","467","69","1635","99999","99999","99999","648","551","81","561","467","69","19448","","","11496","311","7641"
"578","Jeffery Arnier","Male","Arlington","TX","US","M70-74","FIN","5:24:19","","0:00:00","3:13:09","0:03:41","2:07:30","562","468","1","3500","99999","99999","99999","691","586","1","562","468","1","19459","","","11589","221","7650"
"1077","Vincent Bao","Male","Odessa","TX","US","M18-24","FIN","5:24:21","","0:00:00","3:03:44","0:02:55","2:17:42","563","469","37","1761","99999","99999","99999","476","422","23","563","469","37","19461","","","11024","175","8262"
"1083","Alvaro Gomez","Male","LITTLE ELM","US-TX","CO","M55-59","FIN","5:24:21","","0:00:00","3:00:07","0:05:18","2:18:56","564","470","37","2131","99999","99999","99999","417","378","36","564","470","37","19461","","","10807","318","8336"
"1198","Christy Soncrant","Female","toledo","OH","US","F50-54","FIN","5:24:32","","0:00:00","3:01:33","0:05:34","2:17:25","565","95","8","2614","99999","99999","99999","437","44","4","565","95","8","19472","","","10893","334","8245"
"595","Lainy Porter","Female","Scottsdale","US-AZ","US","F45-49","FIN","5:24:39","","0:00:00","3:08:30","0:03:51","2:12:17","566","96","10","2310","99999","99999","99999","593","88","12","566","96","10","19479","","","11310","231","7937"
"499","Jenna Gorham","Female","Sammamish","WA","US","F55-59","FIN","5:24:43","","0:00:00","3:17:59","0:04:57","2:01:47","567","97","7","2620","99999","99999","99999","818","143","13","567","97","7","19483","","","11879","297","7307"
"634","Robert Smeby","Male","MCKINNEY","TX","US","M70-74","FIN","5:24:54","","0:00:00","3:18:07","0:02:43","2:04:04","568","471","2","3489","99999","99999","99999","823","679","2","568","471","2","19494","","","11887","163","7444"
"832","Scott Berning","Male","Lancaster","WI","US","M35-39","FIN","5:24:58","","0:00:00","3:23:36","0:05:02","1:56:20","569","472","76","1872","99999","99999","99999","950","774","113","569","472","76","19498","","","12216","302","6980"
"966","Daniel Santos","Male","McAllen","TX","US","M25-29","FIN","5:25:30","","0:00:00","3:07:28","0:01:54","2:16:07","570","473","59","2237","99999","99999","99999","573","490","47","570","473","59","19530","","","11248","114","8167"
"821","Scott Rook","Male","CONROE","TX","US","M60-64","FIN","5:25:34","","0:00:00","3:08:33","0:04:54","2:12:07","571","474","11","2200","99999","99999","99999","595","507","19","571","474","11","19534","","","11313","294","7927"
"1322","Rebecca Page","Female","FRISCO","TX","US","F35-39","FIN","5:25:39","","0:00:00","3:24:37","0:03:52","1:57:10","572","98","16","2559","99999","99999","99999","970","179","22","572","98","16","19539","","","12277","232","7030"
"1426","Jordan Terry","Male","MCKINNEY","TX","US","M35-39","FIN","5:25:40","","0:00:00","3:06:17","0:02:52","2:16:31","573","475","77","1859","99999","99999","99999","543","472","74","573","475","77","19540","","","11177","172","8191"
"1989","Jeremy Watkins","Male","Wichita Falls","Texas","US","M50-54","FIN","5:25:45","","0:00:00","3:03:22","0:08:45","2:13:38","574","476","52","1935","99999","99999","99999","469","417","52","574","476","52","19545","","","11002","525","8018"
"2079","Bryan Nelson","Male","Lindale","US-TX","US","M50-54","FIN","5:25:56","","0:00:00","3:11:10","0:05:41","2:09:05","575","477","53","1931","99999","99999","99999","641","546","64","575","477","53","19556","","","11470","341","7745"
"1940","Ford Kirk","Male","Dallas","Texas","US","M30-34","FIN","5:25:57","","0:00:00","3:01:40","0:03:40","2:20:37","576","478","70","1602","99999","99999","99999","441","395","59","576","478","70","19557","","","10900","220","8437"
"775","Dallas Followill","Male","Austin","Texas","US","M40-44","FIN","5:26:13","","0:00:00","3:05:29","0:05:28","2:15:16","577","479","60","1677","99999","99999","99999","524","457","59","577","479","60","19573","","","11129","328","8116"
"2123","Gillian Arreguin","Female","Rockwall","TX","US","F35-39","FIN","5:26:15","","0:00:00","3:17:51","0:06:42","2:01:42","578","99","17","2548","99999","99999","99999","813","142","15","578","99","17","19575","","","11871","402","7302"
"1939","Elizabeth Turner","Female","DALLAS","Texas","US","F25-29","FIN","5:26:17","","0:00:00","3:06:59","0:05:22","2:13:56","579","100","13","2052","99999","99999","99999","560","77","9","579","100","13","19577","","","11219","322","8036"
"1507","Tevin Covington","Male","Rockwall","TX","US","M30-34","FIN","5:26:33","","0:00:00","3:00:40","0:05:02","2:20:52","580","480","71","1591","99999","99999","99999","427","384","57","580","480","71","19593","","","10840","302","8452"
"1586","Arthur Fagundes","Male","Dallas","TX","BR","M30-34","FIN","5:26:35","","0:00:00","3:10:38","0:06:01","2:09:57","581","481","72","1591","99999","99999","99999","634","541","78","581","481","72","19595","","","11438","361","7797"
"1520","Kaitlin Snow","Female","Dallas","Texas","US","F40-44","FIN","5:26:41","","0:00:00","3:14:33","0:05:02","2:07:06","582","101","20","2358","99999","99999","99999","729","116","23","582","101","20","19601","","","11673","302","7626"
"1754","Jonathan Kight","Male","Carrollton","TX","US","M40-44","FIN","5:26:57","","0:00:00","3:01:41","0:03:35","2:21:41","583","482","61","1664","99999","99999","99999","442","396","50","583","482","61","19617","","","10901","215","8501"
"1119","Luke Clayton","Male","STILLWATER","OK","US","M18-24","FIN","5:27:06","","0:00:00","3:03:03","0:05:05","2:18:58","584","483","38","1712","99999","99999","99999","459","410","21","584","483","38","19626","","","10983","305","8338"
"1441","Tuff Donovan","Male","Henderson","NV","US","M25-29","FIN","5:27:16","","0:00:00","3:26:55","0:03:35","1:56:45","585","484","60","2206","99999","99999","99999","1026","828","95","585","484","60","19636","","","12415","215","7005"
"1785","Tim Smith","Male","CARROLLTON","US-TX","US","M40-44","FIN","5:27:16","","0:00:00","3:07:33","0:04:49","2:14:53","586","485","62","1658","99999","99999","99999","575","491","66","586","485","62","19636","","","11253","289","8093"
"2085","Dennis Shipman","Male","Frisco","US-US-TX","US","M60-64","FIN","5:27:17","","0:00:00","2:52:56","0:03:36","2:30:45","587","486","12","2169","99999","99999","99999","279","259","7","587","486","12","19637","","","10376","216","9045"
"1941","Derek Patrick","Male","Bel Aire","Kansas","US","M40-44","FIN","5:27:36","","0:00:00","3:14:29","0:04:37","2:08:30","588","487","63","1652","99999","99999","99999","725","612","77","588","487","63","19656","","","11669","277","7710"
"1171","Weslyn Brown","Female","Plano","TX","US","F18-24","FIN","5:27:37","","0:00:00","3:07:09","0:06:38","2:13:51","589","102","10","2549","99999","99999","99999","566","80","7","589","102","10","19657","","","11229","398","8031"
"2029","Christine Bruno","Female","Shorewood","WI","US","F35-39","FIN","5:27:43","","0:00:00","3:22:43","0:07:09","1:57:51","590","103","18","2522","99999","99999","99999","927","171","19","590","103","18","19663","","","12163","429","7071"
"1936","Jonathan Taylor","Male","McKinney","TX","US","M45-49","FIN","5:27:47","","0:00:00","2:45:14","0:03:49","2:38:44","591","488","68","1730","99999","99999","99999","155","148","24","591","488","68","19667","","","9914","229","9524"
"1711","Tommy Simpson","Male","Dallas","TX","US","M18-24","FIN","5:27:53","","0:00:00","3:27:31","0:05:00","1:55:23","592","489","39","1697","99999","99999","99999","1039","837","59","592","489","39","19673","","","12451","300","6923"
"1249","David Denton","Male","Prosper","TX","US","M50-54","FIN","5:28:01","","0:00:00","2:45:44","0:04:30","2:37:47","593","490","54","1894","99999","99999","99999","159","151","22","593","490","54","19681","","","9944","270","9467"
"1510","Shane Pemberton","Male","Oklahoma City","OK","US","M35-39","FIN","5:28:01","","0:00:00","2:54:27","0:04:38","2:28:56","594","491","78","1817","99999","99999","99999","301","277","48","594","491","78","19681","","","10467","278","8936"
"859","Jack Shaw","Male","Philadelphia","Pennsylvania","US","M25-29","FIN","5:28:05","","0:00:00","3:24:18","0:05:09","1:58:38","595","492","61","2191","99999","99999","99999","964","787","91","595","492","61","19685","","","12258","309","7118"
"1694","Kevin Mills","Male","FORT WORTH","TX","US","M55-59","FIN","5:28:05","","0:00:00","2:55:06","0:02:11","2:30:48","596","493","38","2064","99999","99999","99999","313","287","27","596","493","38","19685","","","10506","131","9048"
"547","Alexander Banks","Male","Little Elm","TX","US","M30-34","FIN","5:28:05","","0:00:00","2:53:03","0:02:24","2:32:39","597","494","73","1564","99999","99999","99999","285","264","41","597","494","73","19685","","","10383","144","9159"
"840","Conor Spagnolli","Male","Southlake","TEXAS","US","M18-24","FIN","5:28:08","","0:00:00","3:23:28","0:05:02","1:59:38","598","495","40","1693","99999","99999","99999","945","772","54","598","495","40","19688","","","12208","302","7178"
"942","Ivan Garcia","Male","Fort Worth","TX","US","M35-39","FIN","5:28:11","","0:00:00","3:28:42","0:04:22","1:55:07","599","496","79","1814","99999","99999","99999","1066","862","126","599","496","79","19691","","","12522","262","6907"
"1005","Kevin Harkins","Male","dallas","TX","US","M45-49","FIN","5:28:15","","0:00:00","3:01:14","0:05:32","2:21:29","600","497","69","1722","99999","99999","99999","434","391","61","600","497","69","19695","","","10874","332","8489"
"394","Joshua Holsomback","Male","bedford","TX","US","M35-39","FIN","5:28:18","","0:00:00","3:20:05","0:07:06","2:01:07","601","498","80","1812","99999","99999","99999","869","716","106","601","498","80","19698","","","12005","426","7267"
"1347","Thomas M Fehringer","Male","Columbus","NE","US","F50-54","FIN","5:28:31","","0:00:00","3:22:07","0:04:22","2:02:02","602","104","9","2542","99999","99999","99999","913","168","24","602","104","9","19711","","","12127","262","7322"
"823","Kenneth Holloway","Male","PROSPER","TX","US","M45-49","FIN","5:28:38","","0:00:00","3:04:23","0:07:23","2:16:52","603","499","70","1715","99999","99999","99999","493","436","67","603","499","70","19718","","","11063","443","8212"
"988","Vinay Vallab","Male","Plano","TX","US","M25-29","FIN","5:28:47","","0:00:00","3:12:37","0:05:03","2:11:07","604","500","62","2178","99999","99999","99999","675","574","61","604","500","62","19727","","","11557","303","7867"
"1626","James Watts","Male","Santa Monica","CALIFORNIA","US","M18-24","FIN","5:29:05","","0:00:00","3:12:03","0:07:38","2:09:24","605","501","41","1676","99999","99999","99999","662","564","34","605","501","41","19745","","","11523","458","7764"
"836","Juan Pablo Sustaita","Male","Saltillo","MX-COA","MX","M30-34","FIN","5:29:08","","0:00:00","3:21:32","0:02:29","2:05:07","606","502","74","1545","99999","99999","99999","896","731","104","606","502","74","19748","","","12092","149","7507"
"229","Kecia Place-Fencl","Female","AMES","US-IA","US","F45-49","FIN","5:29:20","","0:00:00","3:06:57","0:03:14","2:19:08","607","105","11","2226","99999","99999","99999","559","76","11","607","105","11","19760","","","11217","194","8348"
"922","Tina Jacobson","Female","VERONA","WI","US","F55-59","FIN","5:29:20","","0:00:00","2:58:59","0:03:01","2:27:20","608","106","8","2537","99999","99999","99999","395","37","3","608","106","8","19760","","","10739","181","8840"
"1445","Peter Balyta","Male","Allen","TX","US","M55-59","FIN","5:29:24","","0:00:00","3:04:49","0:03:22","2:21:13","609","503","39","2040","99999","99999","99999","507","443","42","609","503","39","19764","","","11089","202","8473"
"940","Eric Herrera","Male","Little Elm","Texas","US","M30-34","FIN","5:29:25","","0:00:00","3:22:49","0:05:01","2:01:34","610","504","75","1540","99999","99999","99999","929","757","109","610","504","75","19765","","","12169","301","7294"
"1675","Miguel Cantu","Male","San Antonio","TX","MX","M25-29","FIN","5:29:29","","0:00:00","3:20:34","0:06:02","2:02:53","611","505","63","2166","99999","99999","99999","878","720","85","611","505","63","19769","","","12034","362","7373"
"1515","Fabian Aguirre","Male","Celina","US-TX","US","M30-34","FIN","5:29:31","","0:00:00","3:19:18","0:03:25","2:06:48","612","506","76","1538","99999","99999","99999","852","703","101","612","506","76","19771","","","11958","205","7608"
"149","Herschel Forester","Male","Garland","TX","US","M65-69","FIN","5:29:34","","0:00:00","3:13:36","0:03:15","2:12:43","613","507","7","2502","99999","99999","99999","702","594","13","613","507","7","19774","","","11616","195","7963"
"1103","Israel Ramirez","Male","Rowlett","US-TX","MX","M40-44","FIN","5:29:34","","0:00:00","3:07:28","0:03:49","2:18:17","614","508","64","1616","99999","99999","99999","572","489","65","614","508","64","19774","","","11248","229","8297"
"905","Claudia Spooner","Female","Cedar Park","TX","US","F55-59","FIN","5:29:47","","0:00:00","3:16:54","0:03:26","2:09:27","615","107","9","2529","99999","99999","99999","787","130","12","615","107","9","19787","","","11814","206","7767"
"372","Brenda Flores","Female","HOUSTON","US-TX","US","F45-49","FIN","5:29:48","","0:00:00","3:17:07","0:02:53","2:09:48","616","108","12","2218","99999","99999","99999","794","134","18","616","108","12","19788","","","11827","173","7788"
"1429","sergio vidana","Male","Dallas","TX","US","M35-39","FIN","5:29:49","","0:00:00","3:17:53","0:03:50","2:08:05","617","509","81","1784","99999","99999","99999","815","673","98","617","509","81","19789","","","11873","230","7685"
"1720","Alex Caroom","Male","FORT WORTH","TX","US","M30-34","FIN","5:29:49","","0:00:00","3:12:35","0:04:23","2:12:51","618","510","77","1532","99999","99999","99999","674","573","84","618","510","77","19789","","","11555","263","7971"
"1752","Kelly Greathouse","Female","Aledo","US-TX","US","F40-44","FIN","5:30:05","","0:00:00","3:06:12","0:04:35","2:19:18","619","109","21","2297","99999","99999","99999","541","71","16","619","109","21","19805","","","11172","275","8358"
"1325","Erick Lemus","Male","Spring","TX","GT","M25-29","FIN","5:30:06","","0:00:00","3:06:57","0:04:40","2:18:29","620","511","64","2155","99999","99999","99999","558","483","46","620","511","64","19806","","","11217","280","8309"
"993","Evan Conley","Male","Windham","US-NH","US","M18-24","FIN","5:30:12","","0:00:00","3:15:43","0:04:15","2:10:15","621","512","42","1656","99999","99999","99999","763","641","43","621","512","42","19812","","","11743","255","7815"
"248","Gary Ledger","Male","San Dimas","CA","US","M65-69","FIN","5:30:19","","0:00:00","3:22:30","0:04:40","2:03:09","622","513","8","2489","99999","99999","99999","920","752","17","622","513","8","19819","","","12150","280","7389"
"1798","Carrie Barrett","Female","Austin","TX","US","F50-54","FIN","5:30:20","","0:00:00","3:16:19","0:04:53","2:09:09","623","110","10","2509","99999","99999","99999","776","128","15","623","110","10","19820","","","11779","293","7749"
"608","Eugene Pawlik III","Male","McKinney","TEXAS","US","M40-44","FIN","5:30:55","","0:00:00","3:09:06","0:04:02","2:17:47","624","514","65","1592","99999","99999","99999","602","514","68","624","514","65","19855","","","11346","242","8267"
"2019","Andrew Bohl","Male","Austin","Texas","US","M30-34","FIN","5:31:01","","0:00:00","3:32:34","0:04:23","1:54:04","625","515","78","1511","99999","99999","99999","1142","903","128","625","515","78","19861","","","12754","263","6844"
"934","Kitty Badger","Female","McKinney","US-Texas","US","F60-64","FIN","5:31:10","","0:00:00","3:20:30","0:04:45","2:05:54","626","111","2","3099","99999","99999","99999","877","158","5","626","111","2","19870","","","12030","285","7554"
"1464","Preston Dent","Male","BELDEN","MS","US","M30-34","FIN","5:31:25","","0:00:00","3:23:18","0:05:06","2:03:01","627","516","79","1504","99999","99999","99999","939","767","111","627","516","79","19885","","","12198","306","7381"
"411","Raina Van Uum-Luse","Female","Allen","TX","US","F35-39","FIN","5:31:31","","0:00:00","3:34:35","0:03:31","1:53:25","628","112","19","2453","99999","99999","99999","1182","252","32","628","112","19","19891","","","12875","211","6805"
"1550","David Gardner","Male","Tulsa","OK","US","M55-59","FIN","5:31:35","","0:00:00","3:12:00","0:05:28","2:14:07","629","517","40","2001","99999","99999","99999","660","562","51","629","517","40","19895","","","11520","328","8047"
"397","Rebecca Kelly","Female","Cooksville","MD","US","F25-29","FIN","5:31:42","","0:00:00","3:29:07","0:04:28","1:58:07","630","113","14","1955","99999","99999","99999","1075","208","19","630","113","14","19902","","","12547","268","7087"
"330","Joshua Balli","Male","Bush","LA","US","M25-29","FIN","5:31:45","","0:00:00","3:05:27","0:02:14","2:24:04","631","518","65","2125","99999","99999","99999","522","455","41","631","518","65","19905","","","11127","134","8644"
"1532","Charlie Canedy","Male","San Antonio","TX","US","M65-69","FIN","5:31:47","","0:00:00","2:52:58","0:06:31","2:32:18","632","519","9","2462","99999","99999","99999","281","261","2","632","519","9","19907","","","10378","391","9138"
"1196","Kaitlin Hanson","Female","Plano","TX","US","F35-39","FIN","5:31:51","","0:00:00","3:26:28","0:04:03","2:01:20","633","114","20","2447","99999","99999","99999","1010","191","25","633","114","20","19911","","","12388","243","7280"
"577","Bradley Sanchez","Male","Pittsburgh","US-PA","US","M25-29","FIN","5:31:55","","0:00:00","3:15:59","0:02:33","2:13:22","634","520","66","2122","99999","99999","99999","770","645","72","634","520","66","19915","","","11759","153","8002"
"668","Michael Czarnik","Male","McKinney","TX","US","M60-64","FIN","5:31:55","","0:00:00","3:15:26","0:03:53","2:12:35","635","521","13","2086","99999","99999","99999","753","632","28","635","521","13","19915","","","11726","233","7955"
"360","Sabrina Somarribas","Female","Albuquerque","US-NM","US","F35-39","FIN","5:31:57","","0:00:00","3:21:37","0:02:22","2:07:57","636","115","21","2446","99999","99999","99999","897","166","18","636","115","21","19917","","","12097","142","7677"
"919","Miguel Santos","Male","MCALLEN","TX","US","M50-54","FIN","5:31:59","","0:00:00","2:42:49","0:05:26","2:43:44","637","522","55","1823","99999","99999","99999","128","122","19","637","522","55","19919","","","9769","326","9824"
"642","Florent Baldini","Male","Richmond","Virginia","US","M40-44","FIN","5:32:01","","0:00:00","3:23:13","0:02:30","2:06:18","638","523","66","1572","99999","99999","99999","936","764","93","638","523","66","19921","","","12193","150","7578"
"2058","Zach Morgan","Male","Crosby","TX","US","M40-44","FIN","5:32:02","","0:00:00","2:59:31","0:03:22","2:29:10","639","524","67","1572","99999","99999","99999","404","365","46","639","524","67","19922","","","10771","202","8950"
"1637","Brandon Quinonez","Male","Aubrey","Texas","US","M30-34","FIN","5:32:07","","0:00:00","3:11:27","0:12:42","2:07:58","640","525","80","1491","99999","99999","99999","644","549","79","640","525","80","19927","","","11487","762","7678"
"791","Thomas Domogalik","Male","Magnolia","TX","US","M18-24","FIN","5:32:10","","0:00:00","3:03:59","0:04:48","2:23:23","641","526","43","1620","99999","99999","99999","485","428","25","641","526","43","19930","","","11039","288","8603"
"1541","Clayton Schuler","Male","Fort Worth","TX","US","M30-34","FIN","5:32:17","","0:00:00","2:56:24","0:03:28","2:32:25","642","527","81","1488","99999","99999","99999","331","302","47","642","527","81","19937","","","10584","208","9145"
"706","Hidekazu Suzuki","Male","Plano","US-TX","JP","M50-54","FIN","5:32:28","","0:00:00","3:15:37","0:08:48","2:08:02","643","528","56","1814","99999","99999","99999","762","640","74","643","528","56","19948","","","11737","528","7682"
"1382","Luke Mace","Male","Spring","US-TX","AU","M45-49","FIN","5:32:33","","0:00:00","2:58:20","0:04:59","2:29:15","644","529","71","1645","99999","99999","99999","377","343","54","644","529","71","19953","","","10700","299","8955"
"748","Tim Clifford","Male","Grand Prairie","TX","US","M30-34","FIN","5:32:42","","0:00:00","3:07:46","0:06:40","2:18:16","645","530","82","1481","99999","99999","99999","582","497","70","645","530","82","19962","","","11266","400","8296"
"1132","Karen Moser","Female","RICHMOND","TX","US","F50-54","FIN","5:33:00","","0:00:00","3:09:12","0:05:51","2:17:56","646","116","11","2461","99999","99999","99999","607","89","11","646","116","11","19980","","","11352","351","8276"
"583","Bryan Towers","Male","FRISCO","US-TX","US","M40-44","FIN","5:33:01","","0:00:00","3:01:02","0:05:12","2:26:47","647","531","68","1554","99999","99999","99999","431","388","49","647","531","68","19981","","","10862","312","8807"
"1259","Jimmie Colon","Male","New Orleans","LA","PR","M55-59","FIN","5:33:08","","0:00:00","3:10:06","0:05:41","2:17:21","648","532","41","1973","99999","99999","99999","621","529","46","648","532","41","19988","","","11406","341","8241"
"1695","Zachary Boucher","Male","Austin","Texas","US","M30-34","FIN","5:33:21","","0:00:00","3:16:33","0:11:17","2:05:31","649","533","83","1469","99999","99999","99999","782","654","96","649","533","83","20001","","","11793","677","7531"
"1088","Phillip Hughes","Male","AUBREY","TX","US","M35-39","FIN","5:33:23","","0:00:00","3:18:53","0:03:12","2:11:18","650","534","82","1720","99999","99999","99999","840","694","101","650","534","82","20003","","","11933","192","7878"
"1947","Jenson White","Male","Dallas","TX","US","M25-29","FIN","5:33:23","","0:00:00","3:06:29","0:04:49","2:22:05","651","535","67","2096","99999","99999","99999","546","475","44","651","535","67","20003","","","11189","289","8525"
"618","Mathew Klauser","Male","Frisco","TX","US","M40-44","FIN","5:33:27","","0:00:00","3:14:00","0:03:47","2:15:40","652","536","69","1547","99999","99999","99999","713","602","76","652","536","69","20007","","","11640","227","8140"
"904","Andrew Adlaon","Male","Tishomingo","OK","US","M30-34","FIN","5:33:29","","0:00:00","3:14:59","0:03:39","2:14:51","653","537","84","1466","99999","99999","99999","741","622","92","653","537","84","20009","","","11699","219","8091"
"1058","Craig Louis","Male","Arlington","US-TX","US","M60-64","FIN","5:33:30","","0:00:00","2:31:47","0:04:26","2:57:17","654","538","14","2057","99999","99999","99999","32","30","1","654","538","14","20010","","","9107","266","10637"
"1225","Harrison Okeefe","Male","Plano","TX","US","M30-34","FIN","5:33:42","","0:00:00","3:22:55","0:05:30","2:05:17","655","539","85","1463","99999","99999","99999","932","760","110","655","539","85","20022","","","12175","330","7517"
"2022","Benjamin Massey","Male","Neosho","MO","US","M25-29","FIN","5:33:45","","0:00:00","2:57:30","0:07:09","2:29:06","656","540","68","2089","99999","99999","99999","355","322","29","656","540","68","20025","","","10650","429","8946"
"210","Luke Baker","Male","Dallas","US-TX","US","M25-29","FIN","5:33:55","","0:00:00","3:18:50","0:05:12","2:09:53","657","541","69","2086","99999","99999","99999","838","693","79","657","541","69","20035","","","11930","312","7793"
"1179","Emily Roth","Female","ROSE HILL","KS","US","F40-44","FIN","5:34:11","","0:00:00","3:12:23","0:04:03","2:17:45","658","117","22","2223","99999","99999","99999","670","100","20","658","117","22","20051","","","11543","243","8265"
"1048","Grant Bibby","Male","Coppell","TX","US","M35-39","FIN","5:34:18","","0:00:00","3:26:09","0:03:25","2:04:44","659","542","83","1704","99999","99999","99999","1001","813","118","659","542","83","20058","","","12369","205","7484"
"338","lauren threlkeld","Female","Rison","AR","US","F35-39","FIN","5:34:21","","0:00:00","3:23:31","0:02:18","2:08:32","660","118","22","2402","99999","99999","99999","946","174","20","660","118","22","20061","","","12211","138","7712"
"1728","Ethan Rowles","Male","Vienna","VA","US","M18-24","FIN","5:34:23","","0:00:00","3:06:20","0:02:53","2:25:09","661","543","44","1580","99999","99999","99999","544","473","29","661","543","44","20063","","","11180","173","8709"
"827","Kyla Simon","Female","Saint Charles","MO","US","F30-34","FIN","5:34:30","","0:00:00","3:03:49","0:03:17","2:27:25","662","119","17","2572","99999","99999","99999","479","56","5","662","119","17","20070","","","11029","197","8845"
"609","Tommy Johnson","Male","Frisco","US-TX","US","M65-69","FIN","5:34:31","","0:00:00","2:57:11","0:05:38","2:31:42","663","544","10","2413","99999","99999","99999","347","315","5","663","544","10","20071","","","10631","338","9102"
"1961","Steven Kotar","Male","WEATHERFORD","TX","US","M65-69","FIN","5:34:32","","0:00:00","3:16:59","0:06:22","2:11:11","664","545","11","2413","99999","99999","99999","791","660","16","664","545","11","20072","","","11819","382","7871"
"426","ROD ELRIFAI","Male","Flower Mound","Texas","US","M45-49","FIN","5:34:33","","0:00:00","3:23:54","0:02:51","2:07:48","665","546","72","1609","99999","99999","99999","955","779","106","665","546","72","20073","","","12234","171","7668"
"1893","Will Link","Male","FORT WORTH","TX","US","M45-49","FIN","5:34:35","","0:00:00","3:13:49","0:02:59","2:17:47","666","547","73","1608","99999","99999","99999","706","597","86","666","547","73","20075","","","11629","179","8267"
"1388","Joshua Stewart","Male","DALLAS","TX","US","M30-34","FIN","5:34:39","","0:00:00","3:13:54","0:05:09","2:15:36","667","548","86","1445","99999","99999","99999","711","601","88","667","548","86","20079","","","11634","309","8136"
"1111","Blake Lemons","Male","Keller","TX","US","M35-39","FIN","5:34:42","","0:00:00","3:27:48","0:07:37","1:59:16","668","549","84","1697","99999","99999","99999","1048","846","123","668","549","84","20082","","","12468","457","7156"
"2061","Jared Rader","Male","Edmond","US-OK","US","M35-39","FIN","5:34:42","","0:00:00","3:07:42","0:09:16","2:17:44","669","550","85","1697","99999","99999","99999","579","494","80","669","550","85","20082","","","11262","556","8264"
"1604","Danny Gildea","Male","Midlothian","TX","US","M35-39","FIN","5:34:46","","0:00:00","3:19:18","0:02:58","2:12:30","670","551","86","1695","99999","99999","99999","854","705","104","670","551","86","20086","","","11958","178","7950"
"1917","Robin Laferney","Female","PROSPER","TX","US","F40-44","FIN","5:35:17","","0:00:00","3:30:45","0:06:28","1:58:04","671","120","23","2204","99999","99999","99999","1107","221","34","671","120","23","20117","","","12645","388","7084"
"2015","Devin Logsdon","Male","Justin","TX","US","M35-39","FIN","5:35:19","","0:00:00","3:14:31","0:04:28","2:16:19","672","552","87","1685","99999","99999","99999","727","613","91","672","552","87","20119","","","11671","268","8179"
"1172","Cello Tedeschi","Male","Tampa","Florida","US","M25-29","FIN","5:35:23","","0:00:00","3:22:55","0:04:11","2:08:17","673","553","70","2060","99999","99999","99999","931","759","88","673","553","70","20123","","","12175","251","7697"
"1527","Nicholas Wink","Male","Allen","TX","US","M25-29","FIN","5:35:23","","0:00:00","3:14:05","0:04:39","2:16:40","674","554","71","2060","99999","99999","99999","717","606","66","674","554","71","20123","","","11645","279","8200"
"315","Jacob Williams","Male","HOUSTON","TX","US","M35-39","FIN","5:35:31","","0:00:00","3:03:08","0:04:12","2:28:11","675","555","88","1682","99999","99999","99999","462","413","67","675","555","88","20131","","","10988","252","8891"
"2046","Gavin Johnson","Male","Catoosa","Oklahoma","US","M35-39","FIN","5:35:32","","0:00:00","3:05:23","0:07:04","2:23:06","676","556","89","1682","99999","99999","99999","520","453","71","676","556","89","20132","","","11123","424","8586"
"466","Michael Behr","Male","Madison","Alabama","US","M40-44","FIN","5:35:34","","0:00:00","3:06:42","0:07:54","2:20:59","677","557","70","1508","99999","99999","99999","551","478","64","677","557","70","20134","","","11202","474","8459"
"1625","Michael Kuper","Male","Fort Worth","TX","US","M30-34","FIN","5:35:35","","0:00:00","2:59:34","0:03:45","2:32:16","678","558","87","1429","99999","99999","99999","407","368","56","678","558","87","20135","","","10774","225","9136"
"879","Rebecca Decker","Female","pearland","TX","US","F50-54","FIN","5:35:38","","0:00:00","3:20:39","0:06:27","2:08:32","679","121","12","2414","99999","99999","99999","880","160","21","679","121","12","20138","","","12039","387","7712"
"1689","Noah Perez","Male","Austin","Texas","US","M25-29","FIN","5:35:54","","0:00:00","3:39:27","0:05:03","1:51:24","680","559","72","2050","99999","99999","99999","1271","987","116","680","559","72","20154","","","13167","303","6684"
"1410","Michael Tubb","Male","LONGVIEW","TX","US","M45-49","FIN","5:36:02","","0:00:00","2:57:17","0:03:35","2:35:10","681","560","74","1582","99999","99999","99999","349","317","49","681","560","74","20162","","","10637","215","9310"
"1915","Todd Given","Male","Little Rock","AR","US","M35-39","FIN","5:36:03","","0:00:00","3:02:06","0:03:02","2:30:54","682","561","90","1672","99999","99999","99999","447","401","65","682","561","90","20163","","","10926","182","9054"
"2113","Samuel Becker","Male","Cypress","TX","US","M30-34","FIN","5:36:06","","0:00:00","3:05:35","0:03:53","2:26:38","683","562","88","1419","99999","99999","99999","526","459","67","683","562","88","20166","","","11135","233","8798"
"158","Michael Hall","Male","Leander","US-TX","US","M40-44","FIN","5:36:11","","0:00:00","3:04:24","0:03:14","2:28:33","684","563","71","1497","99999","99999","99999","494","437","54","684","563","71","20171","","","11064","194","8913"
"1117","Grant Isbell","Male","Colleyville","Texas","US","M18-24","FIN","5:36:19","","0:00:00","3:18:00","0:03:53","2:14:26","685","564","45","1546","99999","99999","99999","819","676","46","685","564","45","20179","","","11880","233","8066"
"1357","Ricardo Ruiz","Male","Lewisville","TX","MX","M35-39","FIN","5:36:23","","0:00:00","3:13:42","0:03:34","2:19:07","686","565","91","1666","99999","99999","99999","704","596","89","686","565","91","20183","","","11622","214","8347"
"1918","Antony M Mutegi","Male","Chesapeake","US-VA","US","M50-54","FIN","5:36:32","","0:00:00","3:26:24","0:06:20","2:03:48","687","566","57","1741","99999","99999","99999","1006","816","87","687","566","57","20192","","","12384","380","7428"
"1721","Lance Cain","Male","GALVESTON","TX","US","M30-34","FIN","5:36:35","","0:00:00","3:16:48","0:02:36","2:17:11","688","567","89","1411","99999","99999","99999","786","657","97","688","567","89","20195","","","11808","156","8231"
"892","Zachary Farris","Male","DeKalb","Illinois","US","M25-29","FIN","5:36:40","","0:00:00","3:21:43","0:02:30","2:12:27","689","568","73","2036","99999","99999","99999","901","735","86","689","568","73","20200","","","12103","150","7947"
"301","Wendy Nelson","Female","FRISCO","TX","GB","F55-59","FIN","5:36:42","","0:00:00","3:07:59","0:05:12","2:23:30","690","122","10","2404","99999","99999","99999","587","86","7","690","122","10","20202","","","11279","312","8610"
"1285","Krista Heideman","Female","Corpus Christi","TX","US","F45-49","FIN","5:37:01","","0:00:00","3:03:12","0:03:09","2:30:40","691","123","13","2088","99999","99999","99999","464","51","7","691","123","13","20221","","","10992","189","9040"
"1928","Jose Gonzalez","Male","NEW YORK","NY","US","M25-29","FIN","5:37:02","","0:00:00","3:14:22","0:07:49","2:14:50","692","569","74","2030","99999","99999","99999","720","609","67","692","569","74","20222","","","11662","469","8090"
"1222","Pietro D'Amelio","Male","Plano","TX","US","M35-39","FIN","5:37:06","","0:00:00","3:12:45","0:03:22","2:20:58","693","570","92","1653","99999","99999","99999","678","576","86","693","570","92","20226","","","11565","202","8458"
"1095","Brad Mason","Male","Charleston","South Carolina","US","M30-34","FIN","5:37:10","","0:00:00","3:27:53","0:05:25","2:03:52","694","571","90","1400","99999","99999","99999","1054","851","121","694","571","90","20230","","","12473","325","7432"
"172","Juan Munoz","Male","Austin","TEXAS","US","M25-29","FIN","5:37:11","","0:00:00","3:11:43","0:03:57","2:21:31","695","572","75","2027","99999","99999","99999","650","553","56","695","572","75","20231","","","11503","237","8491"
"1965","Samie Leigh","Female","Dallas","US-TX","US","F35-39","FIN","5:37:17","","0:00:00","3:36:17","0:04:05","1:56:54","696","124","23","2350","99999","99999","99999","1216","263","35","696","124","23","20237","","","12977","245","7014"
"1276","Corey Samudosky","Male","Fort Worth","Texas","US","M30-34","FIN","5:37:33","","0:00:00","3:18:19","0:03:30","2:15:44","697","573","91","1393","99999","99999","99999","831","687","99","697","573","91","20253","","","11899","210","8144"
"711","Valery Milman","Male","Allen","US-TX","US","M40-44","FIN","5:37:33","","0:00:00","3:27:42","0:04:33","2:05:19","698","574","72","1473","99999","99999","99999","1045","843","106","698","574","72","20253","","","12462","273","7519"
"924","Christy Rollins","Female","Midlothian","TX","US","F45-49","FIN","5:37:36","","0:00:00","3:25:19","0:05:30","2:06:48","699","125","14","2077","99999","99999","99999","987","185","28","699","125","14","20256","","","12319","330","7608"
"482","Osvaldo Velez","Male","CARSON CITY","US-NV","US","M45-49","FIN","5:37:42","","0:00:00","2:52:32","0:03:55","2:41:14","700","575","75","1552","99999","99999","99999","271","253","37","700","575","75","20262","","","10352","235","9674"
"265","Suzanne Astra","Female","NORTH AURORA","IL","US","F60-64","FIN","5:37:45","","0:00:00","3:17:29","0:04:34","2:15:41","701","126","3","2981","99999","99999","99999","803","137","4","701","126","3","20265","","","11849","274","8141"
"170","Amber Corbin","Female","Oklahoma City","OKLAHOMA","US","F45-49","FIN","5:37:45","","0:00:00","3:24:50","0:05:44","2:07:11","702","127","15","2075","99999","99999","99999","978","183","26","702","127","15","20265","","","12290","344","7631"
"1903","Joseph Rawicki","Male","Irving","Texas","US","M25-29","FIN","5:37:55","","0:00:00","2:54:32","0:04:40","2:38:42","703","576","76","2014","99999","99999","99999","303","279","23","703","576","76","20275","","","10472","280","9522"
"906","Ryan Tierney","Male","Little Elm","TX","US","M30-34","FIN","5:37:58","","0:00:00","3:44:29","0:08:01","1:45:28","704","577","92","1386","99999","99999","99999","1349","1033","146","704","577","92","20278","","","13469","481","6328"
"917","Samuel Lewis","Male","CHICAGO","IL","US","M25-29","FIN","5:38:01","","0:00:00","3:11:15","0:03:31","2:23:15","705","578","77","2012","99999","99999","99999","642","547","55","705","578","77","20281","","","11475","211","8595"
"1365","IRMA DE LA CRUZ","Female","Carrolton","Texas","MX","F40-44","FIN","5:38:03","","0:00:00","3:40:17","0:04:16","1:53:30","706","128","24","2154","99999","99999","99999","1286","291","42","706","128","24","20283","","","13217","256","6810"
"907","Austin Ash","Male","DALLAS","TX","US","M35-39","FIN","5:38:04","","0:00:00","3:21:51","0:05:29","2:10:44","707","579","93","1636","99999","99999","99999","905","739","109","707","579","93","20284","","","12111","329","7844"
"1431","Daniel Veno","Male","Holly Springs","North Carolina ","US","M18-24","FIN","5:38:06","","0:00:00","3:22:33","0:04:10","2:11:23","708","580","46","1514","99999","99999","99999","923","755","53","708","580","46","20286","","","12153","250","7883"
"1612","Tay Kennedy","Female","Austin","Texas","US","F30-34","FIN","5:38:10","","0:00:00","3:31:25","0:03:06","2:03:39","709","129","18","2506","99999","99999","99999","1116","228","26","709","129","18","20290","","","12685","186","7419"
"418","Megan Overland","Female","Austin","TX","US","F40-44","FIN","5:38:12","","0:00:00","3:15:03","0:02:43","2:20:26","710","130","25","2151","99999","99999","99999","743","120","24","710","130","25","20292","","","11703","163","8426"
"222","Andrew Evans","Male","Little Elm","US-TX","US","M45-49","FIN","5:38:13","","0:00:00","3:32:05","0:07:01","1:59:07","711","581","76","1543","99999","99999","99999","1131","896","119","711","581","76","20293","","","12725","421","7147"
"701","Adam Dear","Male","Frisco","TX","US","M40-44","FIN","5:38:24","","0:00:00","3:10:26","0:04:32","2:23:26","712","582","73","1457","99999","99999","99999","629","536","71","712","582","73","20304","","","11426","272","8606"
"294","Christopher Hutchison","Male","Simi Valley","CA","US","M45-49","FIN","5:38:29","","0:00:00","3:18:01","0:05:07","2:15:20","713","583","77","1538","99999","99999","99999","821","678","91","713","583","77","20309","","","11881","307","8120"
"582","Stuart Page","","Propser","TX","US","M40-44","FIN","5:38:32","","0:00:00","3:00:50","0:05:17","2:32:25","714","584","74","1455","99999","99999","99999","429","386","48","714","584","74","20312","","","10850","317","9145"
"1423","CJ Johnson","Male","Northlake","US-TX","US","M40-44","FIN","5:38:37","","0:00:00","3:21:28","0:04:21","2:12:48","715","585","75","1454","99999","99999","99999","893","729","89","715","585","75","20317","","","12088","261","7968"
"1521","Trey Moore","Male","Morton","MS","US","M45-49","FIN","5:38:37","","0:00:00","3:24:58","0:04:45","2:08:55","716","586","78","1535","99999","99999","99999","982","799","112","716","586","78","20317","","","12298","285","7735"
"874","Jonah Tidwell","Male","The Colony","TX","US","M18-24","FIN","5:38:39","","0:00:00","3:13:14","0:04:13","2:21:11","717","587","47","1504","99999","99999","99999","693","587","36","717","587","47","20319","","","11594","253","8471"
"208","Courtney Wagner","Female","Dallas","US-TX","US","F30-34","FIN","5:39:01","","0:00:00","3:20:36","0:03:30","2:14:54","718","131","19","2490","99999","99999","99999","879","159","22","718","131","19","20341","","","12036","210","8094"
"1110","John Ravalli","Male","CHARLOTTE","NC","US","M25-29","FIN","5:39:20","","0:00:00","3:15:36","0:03:27","2:20:17","719","588","78","1988","99999","99999","99999","759","637","71","719","588","78","20360","","","11736","207","8417"
"193","Rich Dickerson","Male","Fayetteville","AR","US","M45-49","FIN","5:39:21","","0:00:00","3:30:06","0:05:24","2:03:51","720","589","79","1522","99999","99999","99999","1091","878","118","720","589","79","20361","","","12606","324","7431"
"1254","Ashim Adhikari","Male","Anna","Texas","NP","M30-34","FIN","5:39:29","","0:00:00","3:11:53","0:03:24","2:24:12","721","590","93","1358","99999","99999","99999","653","555","82","721","590","93","20369","","","11513","204","8652"
"202","Keri Cunnane","Female","Arlington","TX","US","F30-34","FIN","5:39:29","","0:00:00","3:13:44","0:03:19","2:22:26","722","132","20","2482","99999","99999","99999","705","109","17","722","132","20","20369","","","11624","199","8546"
"1565","Kirby Logan","Male","Frisco","Texas","US","M30-34","FIN","5:39:30","","0:00:00","3:14:01","0:04:43","2:20:46","723","591","94","1358","99999","99999","99999","714","603","89","723","591","94","20370","","","11641","283","8446"
"543","Ievgen Tkachenko","Male","MCKINNEY","TX","UA","M45-49","FIN","5:39:36","","0:00:00","3:21:20","0:04:10","2:14:06","724","592","80","1518","99999","99999","99999","891","727","99","724","592","80","20376","","","12080","250","8046"
"1064","Robbie Clarke","Male","FRISCO","US-TX","US","M35-39","FIN","5:39:39","","0:00:00","3:20:02","0:04:16","2:15:21","725","593","94","1607","99999","99999","99999","867","714","105","725","593","94","20379","","","12002","256","8121"
"1678","Joe Haskett","Male","Rowlett","TX","US","M55-59","FIN","5:39:39","","0:00:00","3:26:37","0:07:56","2:05:06","726","594","42","1856","99999","99999","99999","1015","823","71","726","594","42","20379","","","12397","476","7506"
"2031","Scott Hammel","Male","Dallas","TX","US","M45-49","FIN","5:39:50","","0:00:00","3:23:09","0:06:01","2:10:41","727","595","81","1514","99999","99999","99999","934","762","105","727","595","81","20390","","","12189","361","7841"
"974","Cortland Bradley","Male","Wilmington","US-DE","US","M40-44","FIN","5:40:00","","0:00:00","3:17:26","0:04:44","2:17:50","728","596","76","1429","99999","99999","99999","801","666","83","728","596","76","20400","","","11846","284","8270"
"1902","Tyler Demetral","Male","SAN FRANCISCO","CA","US","M35-39","FIN","5:40:06","","0:00:00","3:30:33","0:06:29","2:03:04","729","597","95","1599","99999","99999","99999","1101","884","130","729","597","95","20406","","","12633","389","7384"
"362","Briana Greeley","Female","CYPRESS","CA","US","F18-24","FIN","5:40:15","","0:00:00","3:22:36","0:02:39","2:15:00","730","133","11","2322","99999","99999","99999","925","169","12","730","133","11","20415","","","12156","159","8100"
"1662","Tara Dannehl","Female","Dallas","TX","US","F45-49","FIN","5:40:16","","0:00:00","3:09:14","0:03:43","2:27:19","731","134","16","2029","99999","99999","99999","608","90","13","731","134","16","20416","","","11354","223","8839"
"1227","Eric Rauch","Male","GLEN ELLYN","IL","US","M45-49","FIN","5:40:42","","0:00:00","3:18:15","0:05:41","2:16:47","732","598","82","1498","99999","99999","99999","825","681","92","732","598","82","20442","","","11895","341","8207"
"626","Michael McKenna","Male","LITTLE ELM","TX","US","M30-34","FIN","5:40:51","","0:00:00","2:57:54","0:06:01","2:36:57","733","599","95","1334","99999","99999","99999","366","333","50","733","599","95","20451","","","10674","361","9417"
"227","Kari Thompson","Female","TRINIDAD","US-US-TEXAS","US","F50-54","FIN","5:40:57","","0:00:00","3:21:29","0:05:35","2:13:52","734","135","13","2318","99999","99999","99999","894","165","22","734","135","13","20457","","","12089","335","8032"
"2023","Matt Tonymon","Male","Bentonville","AR","US","M30-34","FIN","5:40:59","","0:00:00","3:26:35","0:06:03","2:08:21","735","600","96","1331","99999","99999","99999","1014","822","116","735","600","96","20459","","","12395","363","7701"
"759","Adam Curfman","Male","Dallas","Texas","US","M40-44","FIN","5:41:04","","0:00:00","3:07:44","0:02:39","2:30:40","736","601","77","1409","99999","99999","99999","581","496","67","736","601","77","20464","","","11264","159","9040"
"1667","Justin Bertelsman","Male","Mesquite","TX","US","M30-34","FIN","5:41:10","","0:00:00","3:14:58","0:06:27","2:19:45","737","602","97","1328","99999","99999","99999","740","621","91","737","602","97","20470","","","11698","387","8385"
"808","Rick NGUYEN","Male","Richardson","US-TX","US","M50-54","FIN","5:41:10","","0:00:00","3:26:34","0:06:21","2:08:15","738","603","58","1657","99999","99999","99999","1013","821","88","738","603","58","20470","","","12394","381","7695"
"291","Joanna Nami","Female","Manvel","TX","US","F50-54","FIN","5:41:24","","0:00:00","3:18:37","0:03:20","2:19:27","739","136","14","2310","99999","99999","99999","834","145","16","739","136","14","20484","","","11917","200","8367"
"197","Clay Stuckey","Male","DALLAS","Texas","US","M18-24","FIN","5:41:40","","0:00:00","3:27:09","0:05:36","2:08:56","740","604","48","1449","99999","99999","99999","1032","832","56","740","604","48","20500","","","12429","336","7736"
"1188","David Annand","Male","fort myers","FL","US","M55-59","FIN","5:41:42","","0:00:00","2:56:08","0:06:45","2:38:48","741","605","43","1819","99999","99999","99999","326","297","28","741","605","43","20502","","","10568","405","9528"
"1980","Austin Van Zandt","Male","Dallas","TX","US","M35-39","FIN","5:41:42","","0:00:00","3:03:29","0:03:02","2:35:10","742","606","96","1571","99999","99999","99999","474","420","69","742","606","96","20502","","","11009","182","9310"
"1128","Dustin Smith","Male","ROCKWALL","TX","US","M40-44","FIN","5:41:46","","0:00:00","2:59:29","0:04:29","2:37:48","743","607","78","1397","99999","99999","99999","402","363","45","743","607","78","20506","","","10769","269","9468"
"287","Megan Thornell","Female","ARLINGTON","TX","US","F40-44","FIN","5:41:50","","0:00:00","3:17:03","0:02:35","2:22:12","744","137","26","2086","99999","99999","99999","793","133","27","744","137","26","20510","","","11823","155","8532"
"1864","Valentina Montiel","Female","Katy","Texas","VE","F18-24","FIN","5:41:57","","0:00:00","3:20:59","0:02:55","2:18:03","745","138","12","2291","99999","99999","99999","883","162","11","745","138","12","20517","","","12059","175","8283"
"247","Nicola Hallett","Female","Pembroke","","BM","F50-54","FIN","5:42:03","","0:00:00","3:13:56","0:04:25","2:23:42","746","139","15","2298","99999","99999","99999","712","111","13","746","139","15","20523","","","11636","265","8622"
"428","Caleb Carithers","Male","Fort Worth","Texas","US","M25-29","FIN","5:42:06","","0:00:00","3:16:25","0:03:30","2:22:11","747","608","79","1939","99999","99999","99999","779","651","73","747","608","79","20526","","","11785","210","8531"
"564","Tony Washington","Male","Glen Ellyn","IL","US","M60-64","FIN","5:42:06","","0:00:00","2:58:09","0:04:18","2:39:39","748","609","15","1902","99999","99999","99999","372","339","9","748","609","15","20526","","","10689","258","9579"
"1007","Bernardo Lizarraga","Male","rogers","AR","US","M50-54","FIN","5:42:20","","0:00:00","3:03:51","0:02:58","2:35:30","749","610","59","1636","99999","99999","99999","480","424","53","749","610","59","20540","","","11031","178","9330"
"1279","Kaleb Welvaert","Male","Iowa Park","Texas","US","M30-34","FIN","5:42:26","","0:00:00","3:19:57","0:06:56","2:15:34","750","611","98","1305","99999","99999","99999","864","712","102","750","611","98","20546","","","11997","416","8134"
"771","Chris Robinett","Male","OKC","Oklahoma","US","M60-64","FIN","5:42:26","","0:00:00","3:00:34","0:03:07","2:38:45","751","612","16","1896","99999","99999","99999","425","383","10","751","612","16","20546","","","10834","187","9525"
"1631","Christine Enciso","Female","Leander","TX","US","F55-59","FIN","5:42:27","","0:00:00","3:12:06","0:05:07","2:25:14","752","140","11","2301","99999","99999","99999","664","99","8","752","140","11","20547","","","11526","307","8714"
"1486","Calvin Serban","Male","Ooltewah","TENNESSEE","US","M25-29","FIN","5:42:28","","0:00:00","2:57:25","0:07:10","2:37:54","753","613","80","1932","99999","99999","99999","353","320","28","753","613","80","20548","","","10645","430","9474"
"1539","Devin Sullivan","Male","Dallas","TX","US","M30-34","FIN","5:42:31","","0:00:00","3:31:52","0:05:58","2:04:40","754","614","99","1304","99999","99999","99999","1128","894","126","754","614","99","20551","","","12712","358","7480"
"1568","Rachel Schwaab","Female","Catonsville","MD","US","F30-34","FIN","5:42:32","","0:00:00","3:14:33","0:03:18","2:24:41","755","141","21","2427","99999","99999","99999","728","115","18","755","141","21","20552","","","11673","198","8681"
"772","Rob Buwalda","Male","Allen","TX","US","M55-59","FIN","5:42:34","","0:00:00","3:23:18","0:06:40","2:12:35","756","615","44","1803","99999","99999","99999","940","768","68","756","615","44","20554","","","12198","400","7955"
"1663","Cameron Jones","Male","Lubbock","US-TX","US","M30-34","FIN","5:42:34","","0:00:00","3:10:34","0:06:44","2:25:17","757","616","100","1303","99999","99999","99999","632","539","77","757","616","100","20554","","","11434","404","8717"
"1536","Oscar Escudero Romero","Male","San Pedro Garza Garcia","NUEVO LEON","MX","M55-59","FIN","5:42:35","","0:00:00","3:15:37","0:07:10","2:19:48","758","617","45","1803","99999","99999","99999","761","639","57","758","617","45","20555","","","11737","430","8388"
"352","Jalal Hossain","Male","Dallas","TX","US","M50-54","FIN","5:42:43","","0:00:00","3:13:32","0:02:50","2:26:21","759","618","60","1629","99999","99999","99999","701","593","69","759","618","60","20563","","","11612","170","8781"
"687","Christopher Risher","Male","OAK POINT","TX","US","M50-54","FIN","5:42:47","","0:00:00","3:09:26","0:02:03","2:31:18","760","619","61","1628","99999","99999","99999","611","520","62","760","619","61","20567","","","11366","123","9078"
"213","Matt Culbertson","Male","Andrews","US-TX","US","M35-39","FIN","5:42:50","","0:00:00","3:19:14","0:07:47","2:15:49","761","620","97","1550","99999","99999","99999","850","702","103","761","620","97","20570","","","11954","467","8149"
"1023","Mason English","Male","Mckinney","TX","US","M35-39","FIN","5:42:51","","0:00:00","3:06:45","0:06:41","2:29:26","762","621","98","1550","99999","99999","99999","552","479","77","762","621","98","20571","","","11205","401","8966"
"1860","Steven Guilfoile","Male","Grand Prairie","TX","US","M35-39","FIN","5:42:54","","0:00:00","3:21:23","0:07:07","2:14:24","763","622","99","1549","99999","99999","99999","892","728","108","763","622","99","20574","","","12083","427","8064"
"491","Dan Reinheimer","Male","Frisco","US-TX","US","M60-64","FIN","5:42:58","","0:00:00","3:00:59","0:04:50","2:37:09","764","623","17","1887","99999","99999","99999","430","387","11","764","623","17","20578","","","10859","290","9429"
"1141","Todd Davenport","Male","Wichita Falls","TX","US","M50-54","FIN","5:43:01","","0:00:00","3:04:04","0:05:00","2:33:58","765","624","62","1624","99999","99999","99999","487","430","54","765","624","62","20581","","","11044","300","9238"
"1217","Kevin von Atzigen","Male","Dallas","Texas","US","M40-44","FIN","5:43:03","","0:00:00","3:26:06","0:04:06","2:12:51","766","625","79","1374","99999","99999","99999","1000","812","102","766","625","79","20583","","","12366","246","7971"
"1156","Jidong Yue","Male","Pecos","TX","US","M25-29","FIN","5:43:03","","0:00:00","3:23:06","0:05:36","2:14:20","767","626","81","1922","99999","99999","99999","933","761","89","767","626","81","20583","","","12186","336","8060"
"762","Frank Ramirez","Male","The Colony","TX","US","M60-64","FIN","5:43:05","","0:00:00","3:08:59","0:04:16","2:29:51","768","627","18","1885","99999","99999","99999","599","511","20","768","627","18","20585","","","11339","256","8991"
"1283","Angelica Fraire","Female","Corpus Christi","US-TX","US","F30-34","FIN","5:43:11","","0:00:00","3:16:06","0:03:31","2:23:35","769","142","22","2415","99999","99999","99999","772","126","19","769","142","22","20591","","","11766","211","8615"
"1288","Ben Crutchfield","Male","Amarillo","TX","US","M30-34","FIN","5:43:12","","0:00:00","3:09:54","0:04:56","2:28:22","770","628","101","1292","99999","99999","99999","620","528","72","770","628","101","20592","","","11394","296","8902"
"2014","Matthew Donahue","Male","Tyler","TX","US","M35-39","FIN","5:43:23","","0:00:00","2:55:01","0:05:19","2:43:03","771","629","100","1540","99999","99999","99999","312","286","50","771","629","100","20603","","","10501","319","9783"
"119","Stephen Lorge","Male","North Little Rock","Arkansas","US","M35-39","FIN","5:43:25","","0:00:00","3:24:32","0:06:16","2:12:38","772","630","101","1540","99999","99999","99999","968","790","115","772","630","101","20605","","","12272","376","7958"
"1977","Coleman Wagner","Male","FLOWER MOUND","TX","US","M35-39","FIN","5:43:26","","0:00:00","3:21:56","0:04:01","2:17:28","773","631","102","1539","99999","99999","99999","907","740","110","773","631","102","20606","","","12116","241","8248"
"1178","Mary Mcdonald","Female","Frisco","TX","US","F65-69","FIN","5:43:27","","0:00:00","3:19:16","0:06:07","2:18:04","774","143","1","3500","99999","99999","99999","851","149","3","774","143","1","20607","","","11956","367","8284"
"1500","Aubrey Mahalingam","Female","Frisco","TX","US","F25-29","FIN","5:43:31","","0:00:00","3:42:50","0:02:50","1:57:51","775","144","15","1742","99999","99999","99999","1325","312","34","775","144","15","20611","","","13370","170","7071"
"1327","Beth Wells","Female","Buda","TX","US","F45-49","FIN","5:43:38","","0:00:00","3:18:05","0:02:33","2:23:01","776","145","17","1969","99999","99999","99999","822","144","20","776","145","17","20618","","","11885","153","8581"
"1727","Nathaniel Einfeldt","Male","Durham","NC","US","M35-39","FIN","5:43:39","","0:00:00","3:35:25","0:04:11","2:04:03","777","632","103","1535","99999","99999","99999","1201","943","137","777","632","103","20619","","","12925","251","7443"
"732","Carter Seidel","Male","Richardson","TX","US","M30-34","FIN","5:43:39","","0:00:00","3:10:13","0:03:28","2:29:57","778","633","102","1283","99999","99999","99999","623","531","73","778","633","102","20619","","","11413","208","8997"
"600","Jared Reed","Male","Denison","US-TX","US","M35-39","FIN","5:43:41","","0:00:00","3:27:52","0:03:34","2:12:15","779","634","104","1535","99999","99999","99999","1052","850","124","779","634","104","20621","","","12472","214","7935"
"623","Nicolas Aguilar","Male","Little Elm","US-US-TX","US","M45-49","FIN","5:43:55","","0:00:00","3:21:12","0:06:45","2:15:58","780","635","83","1440","99999","99999","99999","888","724","97","780","635","83","20635","","","12072","405","8158"
"419","Grant Erwin","Male","Dallas","Texas","US","M18-24","FIN","5:44:03","","0:00:00","3:18:47","0:02:45","2:22:31","781","636","49","1406","99999","99999","99999","837","692","47","781","636","49","20643","","","11927","165","8551"
"1969","Stephen Gorski","Male","Kingwood","TX","US","M40-44","FIN","5:44:15","","0:00:00","3:27:24","0:08:11","2:08:40","782","637","80","1352","99999","99999","99999","1035","834","105","782","637","80","20655","","","12444","491","7720"
"1490","Sach Diwan","Male","Chicago","IL","US","M55-59","FIN","5:44:16","","0:00:00","3:22:54","0:06:04","2:15:18","783","638","46","1772","99999","99999","99999","930","758","67","783","638","46","20656","","","12174","364","8118"
"1804","Gianluca Tanda","Male","Tulsa","US-OK","IT","M45-49","FIN","5:44:26","","0:00:00","3:10:47","0:03:06","2:30:34","784","639","84","1431","99999","99999","99999","637","543","81","784","639","84","20666","","","11447","186","9034"
"1014","Yash Pathi","Male","Frisco","Texas","US","M18-24","FIN","5:44:28","","0:00:00","3:34:44","0:08:58","2:00:45","785","640","50","1399","99999","99999","99999","1184","932","63","785","640","50","20668","","","12884","538","7245"
"741","Jacob Mata","Male","Dallas","TX","US","M25-29","FIN","5:44:28","","0:00:00","3:11:08","0:03:42","2:29:38","786","641","82","1896","99999","99999","99999","640","545","54","786","641","82","20668","","","11468","222","8978"
"1601","Matthew Cockrell","Male","LIVERMORE","CA","US","M45-49","FIN","5:44:34","","0:00:00","3:00:32","0:05:01","2:39:01","787","642","85","1428","99999","99999","99999","423","382","60","787","642","85","20674","","","10832","301","9541"
"1084","Sunaina Joshi","Male","Grapevine","US-TX","US","M40-44","FIN","5:44:38","","0:00:00","3:28:21","0:06:38","2:09:39","788","643","81","1345","99999","99999","99999","1061","858","110","788","643","81","20678","","","12501","398","7779"
"657","Chelsea Neal","Female","Boulder","CO","US","F30-34","FIN","5:44:56","","0:00:00","3:23:20","0:04:06","2:17:30","789","146","23","2384","99999","99999","99999","941","173","23","789","146","23","20696","","","12200","246","8250"
"1879","Laura Leonard","Female","Melissa","TX","US","F45-49","FIN","5:44:56","","0:00:00","3:22:39","0:03:56","2:18:21","790","147","18","1945","99999","99999","99999","926","170","23","790","147","18","20696","","","12159","236","8301"
"2087","Ian Warner","Male","McKinney","TX","NZ","M50-54","FIN","5:45:00","","0:00:00","2:58:09","0:02:23","2:44:29","791","644","63","1588","99999","99999","99999","373","340","46","791","644","63","20700","","","10689","143","9869"
"1960","Scott Boyes","Male","Montgomery","TX","GB","M45-49","FIN","5:45:13","","0:00:00","2:52:34","0:05:00","2:47:39","792","645","86","1417","99999","99999","99999","273","255","39","792","645","86","20713","","","10354","300","10059"
"453","Joshua Allen","Male","PRATTVILLE","AL","US","M50-54","FIN","5:45:21","","0:00:00","2:59:11","0:04:30","2:41:40","793","646","64","1582","99999","99999","99999","399","361","48","793","646","64","20721","","","10751","270","9700"
"1725","Alexander Madvig","Male","Lewisville","US-TX","US","M18-24","FIN","5:45:34","","0:00:00","3:35:27","0:04:31","2:05:37","794","647","51","1379","99999","99999","99999","1203","945","65","794","647","51","20734","","","12927","271","7537"
"204","Kyle Thorne","Male","Center Barnstead","NH","US","M40-44","FIN","5:45:48","","0:00:00","3:36:23","0:06:28","2:02:57","795","648","82","1324","99999","99999","99999","1219","955","126","795","648","82","20748","","","12983","388","7377"
"828","Jack Strzinek","Male","Round Rock","TX","US","M18-24","FIN","5:45:53","","0:00:00","3:19:41","0:04:48","2:21:24","796","649","52","1373","99999","99999","99999","860","710","50","796","649","52","20753","","","11981","288","8484"
"1839","Marilyn Gutierrez","Female","Princeton","US-TX","VE","F40-44","FIN","5:46:14","","0:00:00","3:06:29","0:02:37","2:37:08","797","148","27","2006","99999","99999","99999","547","72","17","797","148","27","20774","","","11189","157","9428"
"1066","Karrie Daniel","Female","Houston","US-TX","US","F60-64","FIN","5:46:18","","0:00:00","3:27:26","0:04:44","2:14:08","798","149","4","2827","99999","99999","99999","1036","202","8","798","149","4","20778","","","12446","284","8048"
"2048","Kareem Abdelfattah","Male","Southlake","US-TX","US","M45-49","FIN","5:46:19","","0:00:00","3:01:31","0:03:47","2:41:01","799","650","87","1397","99999","99999","99999","436","393","62","799","650","87","20779","","","10891","227","9661"
"744","Grant Holland","Male","Rogers","AR","US","M18-24","FIN","5:46:19","","0:00:00","3:22:06","0:03:30","2:20:43","800","651","53","1366","99999","99999","99999","911","744","52","800","651","53","20779","","","12126","210","8443"
"1311","Tanner Amaral","Male","Fort Worth","Texas","US","M25-29","FIN","5:46:20","","0:00:00","3:07:50","0:04:27","2:34:02","801","652","83","1862","99999","99999","99999","586","501","49","801","652","83","20780","","","11270","267","9242"
"915","David Greiner","Male","Fort Worth","US-TX","US","M55-59","FIN","5:46:26","","0:00:00","3:10:16","0:04:15","2:31:55","802","653","47","1733","99999","99999","99999","624","532","47","802","653","47","20786","","","11416","255","9115"
"1032","Jacob Holbrook","Male","Celina","Texas","US","M25-29","FIN","5:46:29","","0:00:00","3:19:18","0:04:21","2:22:49","803","654","84","1860","99999","99999","99999","853","704","81","803","654","84","20789","","","11958","261","8569"
"602","Javier Luna","Male","Little Elm","TX","US","M40-44","FIN","5:46:33","","0:00:00","3:34:27","0:02:36","2:09:29","804","655","83","1311","99999","99999","99999","1179","930","122","804","655","83","20793","","","12867","156","7769"
"159","Antonio Asis","Male","Gainesville","US-TX","US","M60-64","FIN","5:46:36","","0:00:00","3:10:10","0:02:13","2:34:13","805","656","19","1821","99999","99999","99999","622","530","21","805","656","19","20796","","","11410","133","9253"
"1071","Anthony Ciotti","Male","East Syracuse","US-New York","US","M18-24","FIN","5:46:37","","0:00:00","3:33:18","0:02:10","2:11:09","806","657","54","1360","99999","99999","99999","1155","914","62","806","657","54","20797","","","12798","130","7869"
"1807","Christian Mikkelsen","Male","Austin","TEXAS","DK","M30-34","FIN","5:46:38","","0:00:00","3:27:49","0:08:32","2:10:16","807","658","103","1230","99999","99999","99999","1050","848","120","807","658","103","20798","","","12469","512","7816"
"1162","Kaleigh Landry","Female","Colleyville","Texas","US","F35-39","FIN","5:46:40","","0:00:00","3:18:52","0:03:09","2:24:38","808","150","24","2181","99999","99999","99999","839","146","16","808","150","24","20800","","","11932","189","8678"
"1926","Taylor Mooers","Female","Brooklyn ","New York","US","F25-29","FIN","5:46:42","","0:00:00","3:14:27","0:07:49","2:24:26","809","151","16","1685","99999","99999","99999","724","113","13","809","151","16","20802","","","11667","469","8666"
"2041","Marty Paris","Male","DALLAS","TX","US","M55-59","FIN","5:46:44","","0:00:00","3:11:58","0:04:48","2:29:58","810","659","48","1728","99999","99999","99999","657","559","50","810","659","48","20804","","","11518","288","8998"
"576","Trey Mcghin","Male","Frisco","TX","US","M35-39","FIN","5:46:57","","0:00:00","3:20:54","0:02:25","2:23:38","811","660","105","1476","99999","99999","99999","881","721","107","811","660","105","20817","","","12054","145","8618"
"895","Michael Woodruff","Male","Shreveport","LA","US","M35-39","FIN","5:46:57","","0:00:00","2:58:28","0:03:05","2:45:23","812","661","106","1476","99999","99999","99999","381","347","59","812","661","106","20817","","","10708","185","9923"
"1142","Dustin J Warner","Male","Eden Prairie","MN","US","M60-64","FIN","5:46:59","","0:00:00","3:20:29","0:07:59","2:18:30","813","662","20","1814","99999","99999","99999","876","719","32","813","662","20","20819","","","12029","479","8310"
"1061","Adrian Nguyen","Male","Frisco","TX","US","M55-59","FIN","5:47:01","","0:00:00","3:36:35","0:03:29","2:06:57","814","663","49","1723","99999","99999","99999","1221","957","83","814","663","49","20821","","","12995","209","7617"
"1707","Davis Harobin","Male","Dallas","Texas","US","M18-24","FIN","5:47:04","","0:00:00","3:23:52","0:07:13","2:16:00","815","664","55","1352","99999","99999","99999","954","778","55","815","664","55","20824","","","12232","433","8160"
"1092","Travis Matthews","Male","CORPUS CHRISTI","TX","US","M50-54","FIN","5:47:10","","0:00:00","3:14:55","0:05:21","2:26:54","816","665","65","1549","99999","99999","99999","738","619","72","816","665","65","20830","","","11695","321","8814"
"1729","Billie Long","Female","Leander","US-TX","US","F45-49","FIN","5:47:20","","0:00:00","3:06:53","0:03:03","2:37:23","817","152","19","1902","99999","99999","99999","556","74","9","817","152","19","20840","","","11213","183","9443"
"1975","Gary Black","Male","Aledo","TX","US","M45-49","FIN","5:47:20","","0:00:00","3:08:40","0:04:20","2:34:20","818","666","88","1379","99999","99999","99999","596","508","77","818","666","88","20840","","","11320","260","9260"
"2103","Daniela Mangieri","Female","Birmingham","ALABAMA","US","F30-34","FIN","5:47:23","","0:00:00","3:30:20","0:03:58","2:13:04","819","153","24","2340","99999","99999","99999","1096","216","25","819","153","24","20843","","","12620","238","7984"
"2062","Andrew Hedges","Male","Dallas","Texas","US","M30-34","FIN","5:47:27","","0:00:00","3:24:07","0:04:56","2:18:24","820","667","104","1215","99999","99999","99999","960","783","114","820","667","104","20847","","","12247","296","8304"
"2094","Daniel Riegel","Male","Austin","TX","US","M40-44","FIN","5:47:37","","0:00:00","3:37:04","0:02:34","2:07:58","821","668","84","1292","99999","99999","99999","1228","963","128","821","668","84","20857","","","13024","154","7678"
"1658","Christian Gregory","Male","Mabank","TX","US","M30-34","FIN","5:47:46","","0:00:00","3:27:02","0:05:42","2:15:03","822","669","105","1209","99999","99999","99999","1028","830","118","822","669","105","20866","","","12422","342","8103"
"622","Nick Parker","Male","MCKINNEY","TX","US","M45-49","FIN","5:47:47","","0:00:00","2:59:30","0:06:53","2:41:24","823","670","89","1370","99999","99999","99999","403","364","57","823","670","89","20867","","","10770","413","9684"
"1958","Heidi Riggs","Female","FRIENDSWOOD","US-TX","US","F55-59","FIN","5:47:53","","0:00:00","3:20:26","0:05:53","2:21:35","824","154","12","2203","99999","99999","99999","873","156","15","824","154","12","20873","","","12026","353","8495"
"470","Barbara Johnson","Female","HOUSTON","TX","US","F60-64","FIN","5:47:55","","0:00:00","3:10:57","0:03:58","2:33:00","825","155","5","2798","99999","99999","99999","638","95","2","825","155","5","20875","","","11457","238","9180"
"2025","Khaled Altassan","Male","Georgetown","US-Texas","SA","M40-44","FIN","5:48:03","","0:00:00","3:25:30","0:08:07","2:14:26","826","671","85","1284","99999","99999","99999","990","805","101","826","671","85","20883","","","12330","487","8066"
"2095","Rowell Balais","Male","Frisco","TX","PH","M50-54","FIN","5:48:05","","0:00:00","3:18:13","0:08:02","2:21:51","827","672","66","1533","99999","99999","99999","824","680","75","827","672","66","20885","","","11893","482","8511"
"423","Zachary Carithers","Male","Burleson","US-TX","US","M30-34","FIN","5:48:08","","0:00:00","3:16:15","0:03:31","2:28:22","828","673","106","1203","99999","99999","99999","775","648","95","828","673","106","20888","","","11775","211","8902"
"1627","Mark Beseda","Male","KENNEDALE","TX","US","M45-49","FIN","5:48:09","","0:00:00","3:09:01","0:03:50","2:35:18","829","674","90","1364","99999","99999","99999","601","513","78","829","674","90","20889","","","11341","230","9318"
"1642","Aleksandra ""ola"" Bodurka","Female","FORT WORTH","TX","US","F30-34","FIN","5:48:21","","0:00:00","3:12:50","0:04:33","2:30:58","830","156","25","2322","99999","99999","99999","681","103","14","830","156","25","20901","","","11570","273","9058"
"1134","Janet Edmondson","Female","Sugar Land","TX","US","F45-49","FIN","5:48:22","","0:00:00","3:09:32","0:03:33","2:35:17","831","157","20","1883","99999","99999","99999","614","92","14","831","157","20","20902","","","11372","213","9317"
"1089","Fleur Yumol","Female","Calgary","AB","CA","F50-54","FIN","5:48:26","","0:00:00","3:31:08","0:06:27","2:10:52","832","158","16","2183","99999","99999","99999","1110","224","30","832","158","16","20906","","","12668","387","7852"
"880","David Baum","Male","Spring","US-TX","US","M45-49","FIN","5:48:31","","0:00:00","2:56:32","0:05:09","2:46:51","833","675","91","1357","99999","99999","99999","334","305","48","833","675","91","20911","","","10592","309","10011"
"2045","David Rakowski","Male","Flower Mound","TX","US","M50-54","FIN","5:48:35","","0:00:00","3:33:00","0:03:11","2:12:24","834","676","67","1524","99999","99999","99999","1153","912","96","834","676","67","20915","","","12780","191","7944"
"916","Tammy Rivera","Female","McAllen","US-TX","CA","F55-59","FIN","5:48:41","","0:00:00","3:19:58","0:05:17","2:23:26","835","159","13","2189","99999","99999","99999","865","153","14","835","159","13","20921","","","11998","317","8606"
"1453","Jared Swann","Male","Webb City","Missouri","US","M40-44","FIN","5:48:42","","0:00:00","3:30:40","0:07:01","2:11:02","836","677","86","1272","99999","99999","99999","1104","885","113","836","677","86","20922","","","12640","421","7862"
"1297","Brooks McNeal","Male","Norman","OK","US","M25-29","FIN","5:48:42","","0:00:00","3:11:56","0:05:28","2:31:18","837","678","85","1820","99999","99999","99999","655","557","57","837","678","85","20922","","","11516","328","9078"
"1542","Scott Sherwood","Male","Fort Worth","TX","US","M35-39","FIN","5:48:43","","0:00:00","3:02:26","0:05:58","2:40:19","838","679","107","1444","99999","99999","99999","452","404","66","838","679","107","20923","","","10946","358","9619"
"487","Trevor Stafford","Male","Corinth","US-TX","US","M30-34","FIN","5:48:43","","0:00:00","3:11:35","0:08:58","2:28:11","839","680","107","1192","99999","99999","99999","646","550","80","839","680","107","20923","","","11495","538","8891"
"1802","Matthew Fisher","Male","Austin","Texas","US","M35-39","FIN","5:48:55","","0:00:00","3:15:09","0:03:56","2:29:50","840","681","108","1441","99999","99999","99999","745","625","93","840","681","108","20935","","","11709","236","8990"
"980","Amanda Brooks-Ritchie","Female","McKinney","TX","US","F40-44","FIN","5:49:04","","0:00:00","3:17:28","0:04:17","2:27:18","841","160","28","1955","99999","99999","99999","802","136","28","841","160","28","20944","","","11848","257","8838"
"659","Jonathan Troup","Male","Lantana","TX","US","M40-44","FIN","5:49:11","","0:00:00","3:24:40","0:02:40","2:21:52","842","682","87","1263","99999","99999","99999","972","793","97","842","682","87","20951","","","12280","160","8512"
"1310","Rafael Martinez","Male","ALVARADO","TX","US","M30-34","FIN","5:49:12","","0:00:00","3:08:01","0:04:18","2:36:52","843","683","108","1184","99999","99999","99999","588","502","71","843","683","108","20952","","","11281","258","9412"
"739","Jackson Driggs","Male","Dallas","TX","US","M30-34","FIN","5:49:26","","0:00:00","3:17:41","0:04:09","2:27:37","844","684","109","1179","99999","99999","99999","808","669","98","844","684","109","20966","","","11861","249","8857"
"1751","Will Greathouse","Male","FORT WORTH","TX","US","M40-44","FIN","5:49:27","","0:00:00","3:17:41","0:04:08","2:27:37","845","685","88","1259","99999","99999","99999","810","670","84","845","685","88","20967","","","11861","248","8857"
"1758","Lori Silva","Female","San Antonio","TX","US","F40-44","FIN","5:49:40","","0:00:00","3:16:37","0:06:01","2:27:02","846","161","29","1945","99999","99999","99999","783","129","26","846","161","29","20980","","","11797","361","8822"
"1163","Ryan Dawson","Male","Fayetteville","Arkansas","US","M18-24","FIN","5:49:42","","0:00:00","3:32:46","0:05:58","2:10:59","847","686","56","1305","99999","99999","99999","1147","907","61","847","686","56","20982","","","12766","358","7859"
"792","Halit Uster","Male","Dallas","TX","US","M55-59","FIN","5:49:44","","0:00:00","3:11:57","0:08:01","2:29:46","848","687","50","1674","99999","99999","99999","656","558","49","848","687","50","20984","","","11517","481","8986"
"1488","Caryn Beran","Female","Overland Park","Kansas","US","F40-44","FIN","5:49:47","","0:00:00","3:29:08","0:08:43","2:11:56","849","162","30","1943","99999","99999","99999","1076","209","33","849","162","30","20987","","","12548","523","7916"
"1908","205303 Luna","Male","El Paso","Texas","US","M25-29","FIN","5:50:16","","0:00:00","3:31:20","0:05:12","2:13:45","850","688","86","1792","99999","99999","99999","1115","888","104","850","688","86","21016","","","12680","312","8025"
"1535","Jessica Gall","Female","San Antonio","TX","US","F45-49","FIN","5:50:23","","0:00:00","3:28:51","0:03:59","2:17:34","851","163","21","1847","99999","99999","99999","1069","206","31","851","163","21","21023","","","12531","239","8254"
"1575","Alison Metz","Female","ANDERSON","SC","US","F25-29","FIN","5:50:38","","0:00:00","3:30:41","0:03:22","2:16:35","852","164","17","1614","99999","99999","99999","1105","220","21","852","164","17","21038","","","12641","202","8195"
"1086","Bartek Rejniak","Male","Carrollton","US-TX","US","M25-29","FIN","5:50:49","","0:00:00","3:17:17","0:04:19","2:29:14","853","689","87","1782","99999","99999","99999","796","661","74","853","689","87","21049","","","11837","259","8954"
"147","Kevin Sanchez","Male","Sachse","US-Texas","US","M30-34","FIN","5:50:52","","0:00:00","3:23:39","0:04:31","2:22:42","854","690","110","1154","99999","99999","99999","951","775","112","854","690","110","21052","","","12219","271","8562"
"1138","Elijah Berryman","Male","Garland","TX","US","M18-24","FIN","5:50:55","","0:00:00","3:14:10","0:03:37","2:33:07","855","691","57","1283","99999","99999","99999","719","608","40","855","691","57","21055","","","11650","217","9187"
"1997","Timothy D'Arpino","Male","Bozeman","Montana","US","M25-29","FIN","5:50:56","","0:00:00","3:24:15","0:04:14","2:22:27","856","692","88","1780","99999","99999","99999","962","785","90","856","692","88","21056","","","12255","254","8547"
"1923","Andrew Arnold","Male","BENBROOK","TX","US","M30-34","FIN","5:51:01","","0:00:00","3:28:52","0:05:51","2:16:18","857","693","111","1151","99999","99999","99999","1070","864","123","857","693","111","21061","","","12532","351","8178"
"215","Kim Mcallister","Female","Hot Springs","AR","US","F50-54","FIN","5:51:10","","0:00:00","3:20:26","0:03:14","2:27:30","858","165","17","2134","99999","99999","99999","874","157","20","858","165","17","21070","","","12026","194","8850"
"416","Jake Hille","Male","Prosper","US-TX","US","M30-34","FIN","5:51:17","","0:00:00","3:28:56","0:04:29","2:17:53","859","694","112","1146","99999","99999","99999","1071","865","124","859","694","112","21077","","","12536","269","8273"
"433","Scott Olden","Male","Dallas","TX","US","M55-59","FIN","5:51:18","","0:00:00","3:17:23","0:02:37","2:31:18","860","695","51","1646","99999","99999","99999","800","665","61","860","695","51","21078","","","11843","157","9078"
"1342","Lawrence Dodds","Male","Mandeville","US-LA","US","M55-59","FIN","5:51:26","","0:00:00","3:10:46","0:05:39","2:35:00","861","696","52","1643","99999","99999","99999","636","542","48","861","696","52","21086","","","11446","339","9300"
"546","Brayden Wright","Male","Midlothian","TX","US","M25-29","FIN","5:51:39","","0:00:00","3:24:22","0:04:35","2:22:43","862","697","89","1767","99999","99999","99999","966","788","92","862","697","89","21099","","","12262","275","8563"
"1979","Justin Truelove","Male","Las Vegas","NV","US","M45-49","FIN","5:51:50","","0:00:00","3:17:39","0:04:34","2:29:37","863","698","92","1298","99999","99999","99999","806","668","89","863","698","92","21110","","","11859","274","8977"
"1245","Wyatt Tolar","Male","Krugerville","Texas","US","M25-29","FIN","5:51:52","","0:00:00","3:35:02","0:04:21","2:12:30","864","699","90","1763","99999","99999","99999","1192","938","108","864","699","90","21112","","","12902","261","7950"
"926","Jordan Sturdivant","Female","Pennington","Alabama","US","F18-24","FIN","5:51:58","","0:00:00","3:36:37","0:02:10","2:13:11","865","166","13","2111","99999","99999","99999","1223","265","17","865","166","13","21118","","","12997","130","7991"
"1133","Elizabeth Julainne Mills","Female","Richmond","TX","US","F55-59","FIN","5:52:01","","0:00:00","3:30:19","0:04:49","2:16:52","866","167","14","2129","99999","99999","99999","1095","215","26","866","167","14","21121","","","12619","289","8212"
"1266","Rob Barganier","Male","Plano","TX","US","M40-44","FIN","5:52:11","","0:00:00","3:04:22","0:06:35","2:41:14","867","700","89","1209","99999","99999","99999","492","435","53","867","700","89","21131","","","11062","395","9674"
"1506","Rohit Goel","Male","Roanoke","US-TX","US","M40-44","FIN","5:52:23","","0:00:00","3:31:44","0:06:06","2:14:34","868","701","90","1206","99999","99999","99999","1124","893","116","868","701","90","21143","","","12704","366","8074"
"1165","Donovan Geise","Male","Flower Mound","Texas","US","M25-29","FIN","5:52:28","","0:00:00","3:25:39","0:06:27","2:20:22","869","702","91","1752","99999","99999","99999","992","806","93","869","702","91","21148","","","12339","387","8422"
"928","Jaycee Helmer","Female","The Colony","Texas","US","F25-29","FIN","5:52:34","","0:00:00","3:26:31","0:04:18","2:21:45","870","168","18","1579","99999","99999","99999","1012","192","17","870","168","18","21154","","","12391","258","8505"
"1503","Joe Gonzalez","Male","Austin","TX","US","M55-59","FIN","5:52:38","","0:00:00","3:15:51","0:05:54","2:30:53","871","703","53","1622","99999","99999","99999","765","642","58","871","703","53","21158","","","11751","354","9053"
"408","Quinton Yording","Male","Arlington","TX","US","M35-39","FIN","5:52:42","","0:00:00","3:27:37","0:06:33","2:18:32","872","704","109","1373","99999","99999","99999","1043","841","122","872","704","109","21162","","","12457","393","8312"
"1590","Antony Neely","Male","Flower Mound","TX","US","M45-49","FIN","5:52:55","","0:00:00","3:21:17","0:03:31","2:28:07","873","705","93","1278","99999","99999","99999","889","725","98","873","705","93","21175","","","12077","211","8887"
"1512","Addi Locke","Female","PLANO","TX","US","F40-44","FIN","5:53:19","","0:00:00","3:34:50","0:04:59","2:13:31","874","169","31","1879","99999","99999","99999","1186","254","36","874","169","31","21199","","","12890","299","8011"
"1008","Michelle Kozempa","Female","Georgetown","Texas","US","F40-44","FIN","5:53:19","","0:00:00","3:42:10","0:07:32","2:03:38","875","170","32","1879","99999","99999","99999","1315","309","44","875","170","32","21199","","","13330","452","7418"
"2076","Shawn Phillips","Male","Austin","US-TX","US","M55-59","FIN","5:53:21","","0:00:00","3:27:35","0:06:32","2:19:14","876","706","54","1609","99999","99999","99999","1042","840","73","876","706","54","21201","","","12455","392","8354"
"1104","Reagan Jones","Male","Franklin","TN","US","M18-24","FIN","5:53:22","","0:00:00","3:15:16","0:03:03","2:35:02","877","707","58","1239","99999","99999","99999","747","626","41","877","707","58","21202","","","11716","183","9302"
"284","Jennifer Reinhart","Female","Austin","TX","US","F65-69","FIN","5:53:27","","0:00:00","3:09:22","0:04:22","2:39:43","878","171","2","3320","99999","99999","99999","609","91","1","878","171","2","21207","","","11362","262","9583"
"1615","Aakash Bolisetty","Male","Plano","TX","IN","M30-34","FIN","5:53:29","","0:00:00","3:20:23","0:03:20","2:29:45","879","708","113","1106","99999","99999","99999","871","717","103","879","708","113","21209","","","12023","200","8985"
"1206","Matthew Mason","Male","OLATHE","KS","US","M35-39","FIN","5:53:30","","0:00:00","3:12:52","0:09:32","2:31:06","880","709","110","1358","99999","99999","99999","686","581","87","880","709","110","21210","","","11572","572","9066"
"1448","Gabriel Ratcliff","Male","Plano","Texas","US","M30-34","FIN","5:53:48","","0:00:00","3:10:18","0:07:36","2:35:55","881","710","114","1101","99999","99999","99999","626","534","75","881","710","114","21228","","","11418","456","9355"
"930","Jared O'Neal","Male","Carrollton","US-TX","US","M30-34","FIN","5:53:53","","0:00:00","3:14:48","0:05:35","2:33:30","882","711","115","1099","99999","99999","99999","735","617","90","882","711","115","21233","","","11688","335","9210"
"1485","Christopher Odom","Male","Dallas","Texas","US","M25-29","FIN","5:53:56","","0:00:00","3:39:22","0:03:20","2:11:15","883","712","92","1726","99999","99999","99999","1267","985","114","883","712","92","21236","","","13162","200","7875"
"971","Angie Ferguson","Female","Fort Myers","FL","US","F55-59","FIN","5:54:01","","0:00:00","3:21:10","0:06:33","2:26:18","884","172","15","2093","99999","99999","99999","886","164","18","884","172","15","21241","","","12070","393","8778"
"1732","Blaine Squires","Male","DALLAS","TX","US","M65-69","FIN","5:54:01","","0:00:00","3:07:07","0:04:06","2:42:48","885","713","12","2062","99999","99999","99999","563","485","10","885","713","12","21241","","","11227","246","9768"
"968","Joel Moss","Male","Dallas","TX","US","M50-54","FIN","5:54:02","","0:00:00","3:10:37","0:04:40","2:38:45","886","714","68","1426","99999","99999","99999","633","540","63","886","714","68","21242","","","11437","280","9525"
"236","Ruth Kloeppel","Female","JEFFERSON CTY","MO","US","F50-54","FIN","5:54:22","","0:00:00","3:15:51","0:09:51","2:28:40","887","173","18","2077","99999","99999","99999","764","123","14","887","173","18","21262","","","11751","591","8920"
"1896","Sean Craig","Male","Brighton","MI","US","M45-49","FIN","5:54:23","","0:00:00","3:06:12","0:07:17","2:40:54","888","715","94","1252","99999","99999","99999","540","470","72","888","715","94","21263","","","11172","437","9654"
"1404","Stephanie Peterson","Female","ROUND ROCK","TX","US","F35-39","FIN","5:54:23","","0:00:00","3:14:30","0:11:01","2:28:52","889","174","25","2042","99999","99999","99999","726","114","13","889","174","25","21263","","","11670","661","8932"
"405","Daniel Lopez Borge","Male","Flower Mound","TX","CR","M30-34","FIN","5:54:24","","0:00:00","3:13:04","0:03:23","2:37:57","890","716","116","1090","99999","99999","99999","690","585","87","890","716","116","21264","","","11584","203","9477"
"420","Reid Jones","Male","FORT WORTH","TX","US","M18-24","FIN","5:54:26","","0:00:00","3:36:58","0:04:39","2:12:49","891","717","59","1220","99999","99999","99999","1227","962","69","891","717","59","21266","","","13018","279","7969"
"599","Christopher Sprowl","Male","Maineville","Ohio","US","M40-44","FIN","5:54:27","","0:00:00","3:23:52","0:02:58","2:27:37","892","718","91","1169","99999","99999","99999","953","777","95","892","718","91","21267","","","12232","178","8857"
"1716","Madison Eaker","Female","Dallas","TX","US","F25-29","FIN","5:54:31","","0:00:00","3:12:51","0:04:55","2:36:46","893","175","19","1544","99999","99999","99999","683","104","11","893","175","19","21271","","","11571","295","9406"
"1697","Michael Vandenbossche","Male","LAKE ORION","MI","US","M60-64","FIN","5:54:40","","0:00:00","3:01:53","0:06:21","2:46:25","894","719","21","1676","99999","99999","99999","445","399","12","894","719","21","21280","","","10913","381","9985"
"1991","Brandi Hamilton Dugger","Female","Ocean Springs","Mississippi","US","F40-44","FIN","5:54:56","","0:00:00","3:38:06","0:06:17","2:10:33","895","176","33","1850","99999","99999","99999","1243","270","38","895","176","33","21296","","","13086","377","7833"
"725","Tyler London","Male","Tyler","TX","US","M35-39","FIN","5:54:56","","0:00:00","3:06:11","0:03:48","2:44:57","896","720","111","1332","99999","99999","99999","537","468","73","896","720","111","21296","","","11171","228","9897"
"488","John Digaetano","Male","Crete","IL","US","M55-59","FIN","5:54:57","","0:00:00","3:17:19","0:05:52","2:31:45","897","721","55","1580","99999","99999","99999","798","663","60","897","721","55","21297","","","11839","352","9105"
"1571","Miguel Martinez","Male","FRISCO","TX","PR","M65-69","FIN","5:55:03","","0:00:00","2:54:29","0:06:24","2:54:10","898","722","13","2043","99999","99999","99999","302","278","3","898","722","13","21303","","","10469","384","10450"
"1459","Camp Comstock","Male","North Richland Hills","TX","US","M25-29","FIN","5:55:03","","0:00:00","3:20:00","0:06:02","2:29:01","899","723","93","1706","99999","99999","99999","866","713","83","899","723","93","21303","","","12000","362","8941"
"1942","Stella Hakkarainen","Female","ADDISON","TX","US","F50-54","FIN","5:55:24","","0:00:00","3:04:39","0:08:00","2:42:45","900","177","19","2058","99999","99999","99999","501","60","6","900","177","19","21324","","","11079","480","9765"
"1834","Avantika Willy","Female","Dallas","TX","US","F18-24","FIN","5:55:30","","0:00:00","3:31:32","0:06:22","2:17:37","901","178","14","2047","99999","99999","99999","1119","229","15","901","178","14","21330","","","12692","382","8257"
"1076","Pablo Breton","Male","Katy","US-TX","US","M35-39","FIN","5:55:31","","0:00:00","3:15:34","0:05:40","2:34:16","902","724","112","1322","99999","99999","99999","756","635","94","902","724","112","21331","","","11734","340","9256"
"559","Heather Grace","Female","Cypress","US-US-TX","US","F60-64","FIN","5:55:39","","0:00:00","3:42:09","0:06:11","2:07:19","903","179","6","2658","99999","99999","99999","1313","307","18","903","179","6","21339","","","13329","371","7639"
"753","Scott Andrews","Male","Fayetteville","Arkansas","US","M40-44","FIN","5:55:47","","0:00:00","3:24:50","0:05:12","2:25:45","904","725","92","1145","99999","99999","99999","977","795","98","904","725","92","21347","","","12290","312","8745"
"743","Neil HAMMOND","Male","Cross Roads","US-TX","GB","M60-64","FIN","5:55:50","","0:00:00","3:05:10","0:07:20","2:43:20","905","726","22","1655","99999","99999","99999","512","446","15","905","726","22","21350","","","11110","440","9800"
"1498","Rolf Schindler","Male","CHARLOTTE","NC","US","M65-69","FIN","5:55:54","","0:00:00","3:15:18","0:04:00","2:36:36","906","727","14","2028","99999","99999","99999","750","629","14","906","727","14","21354","","","11718","240","9396"
"1533","Lisa Canedy","Female","San Antonio","TX","US","F65-69","FIN","5:55:58","","0:00:00","3:15:57","0:04:54","2:35:06","907","180","3","3274","99999","99999","99999","767","124","2","907","180","3","21358","","","11757","294","9306"
"811","Brandon Greene","Male","MINDEN","LA","US","M40-44","FIN","5:55:59","","0:00:00","3:24:59","0:06:50","2:24:11","908","728","93","1141","99999","99999","99999","983","800","99","908","728","93","21359","","","12299","410","8651"
"1271","David Tucker","Male","New Orleans","LA","US","M45-49","FIN","5:56:00","","0:00:00","3:18:16","0:04:42","2:33:02","909","729","95","1223","99999","99999","99999","827","683","93","909","729","95","21360","","","11896","282","9182"
"1434","Marin Rhodes","Female","Plano","Texas","US","F18-24","FIN","5:56:07","","0:00:00","3:26:53","0:03:22","2:25:51","910","181","15","2036","99999","99999","99999","1023","196","13","910","181","15","21367","","","12413","202","8751"
"1193","Michael Krehel","Male","Flower Mound","TX","US","M35-39","FIN","5:56:11","","0:00:00","3:27:02","0:06:38","2:22:31","911","730","113","1310","99999","99999","99999","1029","831","121","911","730","113","21371","","","12422","398","8551"
"677","Efren Leyva","Male","Frisco","TX","US","M50-54","FIN","5:56:16","","0:00:00","3:04:21","0:04:27","2:47:29","912","731","69","1385","99999","99999","99999","491","434","56","912","731","69","21376","","","11061","267","10049"
"540","Robert Cooper","Male","Fort Worth","TX","US","M40-44","FIN","5:56:24","","0:00:00","3:38:19","0:02:49","2:15:16","913","732","94","1133","99999","99999","99999","1251","975","131","913","732","94","21384","","","13099","169","8116"
"1654","Sara Schlesinger","Female","waco","TX","US","F35-39","FIN","5:56:24","","0:00:00","3:38:09","0:06:21","2:11:54","914","182","26","2006","99999","99999","99999","1244","271","37","914","182","26","21384","","","13089","381","7914"
"1810","Craig Gulledge","Male","Wichita Falls","TX","US","M40-44","FIN","5:56:25","","0:00:00","3:16:39","0:06:51","2:32:54","915","733","95","1133","99999","99999","99999","784","655","82","915","733","95","21385","","","11799","411","9174"
"1187","Clay Lambert","Male","Rogers","AR","US","M18-24","FIN","5:56:29","","0:00:00","3:13:50","0:02:16","2:40:23","916","734","60","1183","99999","99999","99999","710","600","39","916","734","60","21389","","","11630","136","9623"
"1351","Janet Wilson","Female","Tulsa","OK","US","F60-64","FIN","5:56:29","","0:00:00","3:11:35","0:03:33","2:41:22","917","183","7","2643","99999","99999","99999","647","97","3","917","183","7","21389","","","11495","213","9682"
"617","Andrew Rowe","Male","MCKINNEY","US-TX","US","M60-64","FIN","5:56:31","","0:00:00","3:14:43","0:06:15","2:35:34","918","735","23","1643","99999","99999","99999","732","615","26","918","735","23","21391","","","11683","375","9334"
"812","Quentin Scharfenberg","Male","Dallas","TX","US","M25-29","FIN","5:56:34","","0:00:00","3:44:10","0:12:40","1:59:44","919","736","94","1678","99999","99999","99999","1342","1028","123","919","736","94","21394","","","13450","760","7184"
"1158","Alex Weckenbrock","Male","Coppell","Texas","DE","M35-39","FIN","5:56:37","","0:00:00","3:30:26","0:06:10","2:20:01","920","737","114","1302","99999","99999","99999","1098","882","129","920","737","114","21397","","","12626","370","8401"
"1848","Ilan Tubis","Male","Dickinson","Texas","US","M25-29","FIN","5:56:49","","0:00:00","3:32:10","0:05:11","2:19:28","921","738","95","1674","99999","99999","99999","1133","898","105","921","738","95","21409","","","12730","311","8368"
"195","Steven Bergsman","Male","Carrollton","TX","US","M50-54","FIN","5:56:49","","0:00:00","3:26:47","0:07:09","2:22:54","922","739","70","1376","99999","99999","99999","1019","826","89","922","739","70","21409","","","12407","429","8574"
"833","Jared Gorman","Male","Melissa","TX","US","M45-49","FIN","5:56:51","","0:00:00","3:26:21","0:03:22","2:27:08","923","740","96","1207","99999","99999","99999","1004","815","117","923","740","96","21411","","","12381","202","8828"
"1698","Ashley Lennington","Female","dallas","TX","US","F40-44","FIN","5:56:59","","0:00:00","3:32:00","0:03:46","2:21:13","924","184","34","1813","99999","99999","99999","1129","235","35","924","184","34","21419","","","12720","226","8473"
"1208","Chris Pilcher","Male","BRADENTON","US-FL","US","M50-54","FIN","5:56:59","","0:00:00","3:18:15","0:06:23","2:32:21","925","741","71","1373","99999","99999","99999","826","682","76","925","741","71","21419","","","11895","383","9141"
"1812","Laura Finley","Female","Oklahoma City","OK","US","F45-49","FIN","5:57:00","","0:00:00","3:16:58","0:05:59","2:34:03","926","185","22","1728","99999","99999","99999","790","131","17","926","185","22","21420","","","11818","359","9243"
"591","Maribeth Orr","Female","Linwood","KS","US","F50-54","FIN","5:57:06","","0:00:00","3:19:51","0:07:58","2:29:17","927","186","20","2027","99999","99999","99999","863","152","18","927","186","20","21426","","","11991","478","8957"
"1878","Andre Thomaz","Male","Prosper","TX","US","M45-49","FIN","5:57:06","","0:00:00","2:57:18","0:04:41","2:55:08","928","742","97","1203","99999","99999","99999","350","318","50","928","742","97","21426","","","10638","281","10508"
"1242","Derek Hilfiker","Male","Byhalia","MS","US","M25-29","FIN","5:57:09","","0:00:00","3:26:29","0:07:35","2:23:05","929","743","96","1668","99999","99999","99999","1011","820","94","929","743","96","21429","","","12389","455","8585"
"533","Bob Mccartney","Male","WICHITA FALLS","TX","US","M60-64","FIN","5:57:15","","0:00:00","3:14:25","0:07:03","2:35:47","930","744","24","1630","99999","99999","99999","721","610","25","930","744","24","21435","","","11665","423","9347"
"977","Monica Caswell","Female","Lake St. Louis","MO","US","F35-39","FIN","5:57:17","","0:00:00","3:35:33","0:04:11","2:17:34","931","187","27","1990","99999","99999","99999","1205","259","34","931","187","27","21437","","","12933","251","8254"
"1544","Jason Harvey","Male","Heath","Texas","US","M25-29","FIN","5:57:40","","0:00:00","3:18:18","0:11:58","2:27:24","932","745","97","1658","99999","99999","99999","830","686","78","932","745","97","21460","","","11898","718","8844"
"612","Dale Wilkerson","Male","McKinney","US-TX","US","M40-44","FIN","5:57:41","","0:00:00","3:21:39","0:03:12","2:32:50","933","746","96","1110","99999","99999","99999","900","734","92","933","746","96","21461","","","12099","192","9170"
"445","Marco Gargano","Male","Kansas City","MO","US","M25-29","FIN","5:57:49","","0:00:00","3:30:43","0:07:21","2:19:44","934","747","98","1656","99999","99999","99999","1106","886","103","934","747","98","21469","","","12643","441","8384"
"200","Jason Groves","Male","Tuscola","TX","US","M45-49","FIN","5:57:59","","0:00:00","3:21:50","0:10:33","2:25:35","935","748","98","1187","99999","99999","99999","904","738","100","935","748","98","21479","","","12110","633","8735"
"1674","Kristen Chip","Female","Rockwall","TX","US","F55-59","FIN","5:58:00","","0:00:00","3:26:53","0:07:16","2:23:51","936","188","16","2021","99999","99999","99999","1025","198","23","936","188","16","21480","","","12413","436","8631"
"1093","Scott N Smith","Female","Dallas","TX","US","M40-44","FIN","5:58:04","","0:00:00","3:14:37","0:05:45","2:37:43","937","749","97","1103","99999","99999","99999","730","614","78","937","749","97","21484","","","11677","345","9463"
"1199","John Soncrant","Male","Toledo","OH","US","M55-59","FIN","5:58:12","","0:00:00","3:12:54","0:05:40","2:39:37","938","750","56","1522","99999","99999","99999","687","582","53","938","750","56","21492","","","11574","340","9577"
"214","Todd Crandell","Male","Holland","US-OH","US","M60-64","FIN","5:58:19","","0:00:00","3:21:18","0:08:25","2:28:37","939","751","25","1610","99999","99999","99999","890","726","34","939","751","25","21499","","","12078","505","8917"
"1833","Kayla Mcconnell","Female","San Antonio","TX","US","F25-29","FIN","5:58:24","","0:00:00","3:29:01","0:03:02","2:26:22","940","189","20","1474","99999","99999","99999","1072","207","18","940","189","20","21504","","","12541","182","8782"
"1375","Holly Thompson","Female","AUSTIN","TX","US","F40-44","FIN","5:58:27","","0:00:00","3:17:41","0:05:42","2:35:04","941","190","35","1787","99999","99999","99999","809","140","29","941","190","35","21507","","","11861","342","9304"
"120","James Pinchback","Male","FULSHEAR","US-TX","US","M60-64","FIN","5:58:30","","0:00:00","3:10:34","0:07:43","2:40:14","942","752","26","1607","99999","99999","99999","631","538","22","942","752","26","21510","","","11434","463","9614"
"1180","Vincent Roth","Male","Rose Hill","KS","US","M40-44","FIN","5:58:34","","0:00:00","3:34:51","0:03:57","2:19:46","943","753","98","1094","99999","99999","99999","1187","933","123","943","753","98","21514","","","12891","237","8386"
"1713","Nicole Willingham","Female","Haslet","Texas","US","F45-49","FIN","5:58:54","","0:00:00","3:18:54","0:03:22","2:36:39","944","191","23","1694","99999","99999","99999","842","147","21","944","191","23","21534","","","11934","202","9399"
"1671","Jaykan Willis","Male","Denver","Colorado","US","M25-29","FIN","5:59:01","","0:00:00","3:39:23","0:05:42","2:13:57","945","754","99","1634","99999","99999","99999","1268","986","115","945","754","99","21541","","","13163","342","8037"
"1795","Hector Garcia","Male","Huejutla de Reyes","MX-HID","MX","M45-49","FIN","5:59:02","","0:00:00","3:32:49","0:04:06","2:22:07","946","755","99","1168","99999","99999","99999","1148","908","122","946","755","99","21542","","","12769","246","8527"
"955","Roger Rodriguez","Male","Dallas","Texas","US","M30-34","FIN","5:59:17","","0:00:00","3:35:14","0:05:07","2:18:56","947","756","117","1002","99999","99999","99999","1196","941","133","947","756","117","21557","","","12914","307","8336"
"163","Dalton Jones","Male","Mansfield","Texas","US","M35-39","FIN","5:59:22","","0:00:00","3:18:17","0:08:01","2:33:04","948","757","115","1253","99999","99999","99999","829","685","100","948","757","115","21562","","","11897","481","9184"
"2110","Michael Nantz","Male","Hickory Creek","US-TX","US","M65-69","FIN","5:59:23","","0:00:00","3:11:55","0:04:42","2:42:46","949","758","15","1965","99999","99999","99999","654","556","11","949","758","15","21563","","","11515","282","9766"
"2039","caitlyn Ferguson","Female","Mesquite","US-TX","US","F25-29","FIN","5:59:23","","0:00:00","3:14:42","0:03:52","2:40:49","950","192","21","1456","99999","99999","99999","731","117","14","950","192","21","21563","","","11682","232","9649"
"1394","Bob Idol","Male","Southlake","TX","US","M65-69","FIN","5:59:53","","0:00:00","3:22:34","0:04:03","2:33:16","951","759","16","1956","99999","99999","99999","924","756","18","951","759","16","21593","","","12154","243","9196"
"2069","Cannon Woodbury","Male","Porter","TX","US","M30-34","FIN","5:59:56","","0:00:00","3:29:20","0:06:03","2:24:34","952","760","118","990","99999","99999","99999","1079","868","125","952","760","118","21596","","","12560","363","8674"
"512","Emma Nash","Female","ROCKFORD","IL","US","F35-39","FIN","6:00:03","","0:00:00","3:25:38","0:05:10","2:29:16","953","193","28","1940","99999","99999","99999","991","186","23","953","193","28","21603","","","12338","310","8956"
"713","Ivan Ambanta","Male","Frisco","TX","PH","M45-49","FIN","6:00:09","","0:00:00","3:13:17","0:06:45","2:40:08","954","761","100","1148","99999","99999","99999","695","589","85","954","761","100","21609","","","11597","405","9608"
"306","Erica Parriott","Female","RINGWOOD","US-NJ","US","F30-34","FIN","6:00:10","","0:00:00","3:23:34","0:02:15","2:34:20","955","194","26","2110","99999","99999","99999","948","176","24","955","194","26","21610","","","12214","135","9260"
"1868","Matt Garrett","Male","fort worth","TX","US","M50-54","FIN","6:00:14","","0:00:00","3:39:37","0:05:33","2:15:03","956","762","72","1314","99999","99999","99999","1275","990","101","956","762","72","21614","","","13177","333","8103"
"1681","Jodi Zajac","Female","Kingwood","US-TX","US","F55-59","FIN","6:00:15","","0:00:00","3:24:44","0:06:57","2:28:34","957","195","17","1980","99999","99999","99999","974","181","20","957","195","17","21615","","","12284","417","8914"
"542","Valera Molchanov","Male","Plano ","Texas","UA","M50-54","FIN","6:00:20","","0:00:00","3:11:58","0:11:18","2:37:03","958","763","73","1312","99999","99999","99999","659","561","66","958","763","73","21620","","","11518","678","9423"
"436","Bailey Retzloff","Female","Austin","Texas","US","F25-29","FIN","6:00:22","","0:00:00","3:34:19","0:03:27","2:22:37","959","196","22","1439","99999","99999","99999","1176","248","25","959","196","22","21622","","","12859","207","8557"
"978","Andrea Gagliano","Female","Lake Saint Louis","MO","US","F35-39","FIN","6:00:27","","0:00:00","3:44:25","0:04:45","2:11:17","960","197","29","1933","99999","99999","99999","1347","316","43","960","197","29","21627","","","13465","285","7877"
"2036","Collin Lawrence","Male","Granbury","Texas","US","M30-34","FIN","6:00:28","","0:00:00","3:26:49","0:06:39","2:27:00","961","764","119","981","99999","99999","99999","1020","827","117","961","764","119","21628","","","12409","399","8820"
"538","Alison Cox","Female","Colorado Springs","COLORADO","US","F25-29","FIN","6:00:31","","0:00:00","3:37:30","0:03:07","2:19:53","962","198","23","1436","99999","99999","99999","1234","267","28","962","198","23","21631","","","13050","187","8393"
"1270","Thomas Allen","Male","AUSTIN","TX","US","M60-64","FIN","6:00:38","","0:00:00","3:30:14","0:05:16","2:25:07","963","765","27","1569","99999","99999","99999","1094","880","43","963","765","27","21638","","","12614","316","8707"
"901","Tyler Proesch","Male","Dallas","TEXAS","US","M35-39","FIN","6:00:49","","0:00:00","3:33:00","0:04:01","2:23:47","964","766","116","1226","99999","99999","99999","1152","911","131","964","766","116","21649","","","12780","241","8627"
"1609","Ayesha Das","Female","AUSTIN","TX","US","F25-29","FIN","6:00:52","","0:00:00","3:33:20","0:04:22","2:23:10","965","199","24","1430","99999","99999","99999","1156","242","24","965","199","24","21652","","","12800","262","8590"
"1034","Eduardo Videla","Male","PUERTO MONTT","Los Lagos","CL","M55-59","FIN","6:00:53","","0:00:00","3:18:24","0:05:57","2:36:32","966","767","57","1473","99999","99999","99999","832","688","63","966","767","57","21653","","","11904","357","9392"
"718","Nobuhiro Tamura","Male","FRISCO","TX","JP","M50-54","FIN","6:00:54","","0:00:00","3:23:34","0:04:14","2:33:07","967","768","74","1302","99999","99999","99999","949","773","83","967","768","74","21654","","","12214","254","9187"
"395","Jacquelyn Carrillo","Female","ABILENE","TX","US","F40-44","FIN","6:01:03","","0:00:00","3:35:17","0:03:39","2:22:07","968","200","36","1740","99999","99999","99999","1199","258","37","968","200","36","21663","","","12917","219","8527"
"1420","Guy Pardew","Male","Jonesboro","AR","US","M35-39","FIN","6:01:03","","0:00:00","3:13:22","0:09:15","2:38:27","969","769","117","1222","99999","99999","99999","697","591","88","969","769","117","21663","","","11602","555","9507"
"532","Jeremy Hutchins","Male","katy","US-TX","US","M35-39","FIN","6:01:28","","0:00:00","3:03:17","0:04:52","2:53:19","970","770","118","1215","99999","99999","99999","466","415","68","970","770","118","21688","","","10997","292","10399"
"1333","Henry Woodyard","Male","ELLISVILLE","MS","US","M55-59","FIN","6:01:30","","0:00:00","3:09:50","0:04:21","2:47:19","971","771","58","1462","99999","99999","99999","618","526","45","971","771","58","21690","","","11390","261","10039"
"782","Regis Cannon","Male","DENTON","TX","US","M40-44","FIN","6:01:32","","0:00:00","3:14:55","0:05:45","2:40:52","972","772","99","1041","99999","99999","99999","739","620","79","972","772","99","21692","","","11695","345","9652"
"1284","Rudy Bernal","Female","Corpus Christi","US-TX","US","F45-49","FIN","6:01:42","","0:00:00","3:30:34","0:07:36","2:23:31","973","201","24","1643","99999","99999","99999","1103","219","32","973","201","24","21702","","","12634","456","8611"
"1051","Juergen Skoda","Male","West Palm Beach","FL","AT","M40-44","FIN","6:01:51","","0:00:00","3:16:13","0:03:28","2:42:10","974","773","100","1035","99999","99999","99999","774","647","81","974","773","100","21711","","","11773","208","9730"
"1828","James Martin","Male","Arlington","TX","US","M40-44","FIN","6:01:54","","0:00:00","3:21:07","0:08:36","2:32:12","975","774","101","1034","99999","99999","99999","885","722","88","975","774","101","21714","","","12067","516","9132"
"463","Michelle Kennemer","Female","The Colony","US-TX","US","F50-54","FIN","6:01:59","","0:00:00","3:30:34","0:07:32","2:23:53","976","202","21","1940","99999","99999","99999","1102","218","29","976","202","21","21719","","","12634","452","8633"
"143","Andrea Vance","Female","Buda","US-TX","US","F50-54","FIN","6:02:06","","0:00:00","3:26:21","0:03:57","2:31:47","977","203","22","1937","99999","99999","99999","1005","190","26","977","203","22","21726","","","12381","237","9107"
"1819","Randall Baker","Male","Kingston","IL","US","M50-54","FIN","6:02:10","","0:00:00","3:15:28","0:06:23","2:40:19","978","775","75","1279","99999","99999","99999","754","633","73","978","775","75","21730","","","11728","383","9619"
"2003","William Bolin","Male","Dallas","Texas","US","M25-29","FIN","6:02:13","","0:00:00","3:35:58","0:03:02","2:23:13","979","776","100","1577","99999","99999","99999","1211","950","110","979","776","100","21733","","","12958","182","8593"
"886","Scott Smith","Male","Tulsa","OK","US","M25-29","FIN","6:02:17","","0:00:00","3:32:29","0:09:16","2:20:33","980","777","101","1575","99999","99999","99999","1141","902","106","980","777","101","21737","","","12749","556","8433"
"1708","Kendra Brown","Female","Godley","Texas","US","F40-44","FIN","6:02:21","","0:00:00","3:25:47","0:10:20","2:26:14","981","204","37","1716","99999","99999","99999","995","188","30","981","204","37","21741","","","12347","620","8774"
"870","David Womack","Male","PLANO","US-TX","US","M60-64","FIN","6:02:25","","0:00:00","3:19:38","0:05:17","2:37:30","982","778","28","1537","99999","99999","99999","859","709","31","982","778","28","21745","","","11978","317","9450"
"2068","Elena Pauker","Female","Glenview","Illinois","US","F18-24","FIN","6:02:25","","0:00:00","3:34:15","0:02:41","2:25:29","983","205","16","1923","99999","99999","99999","1175","247","16","983","205","16","21745","","","12855","161","8729"
"2026","Ron Michael Marsh","Male","CALHOUN","LA","US","M35-39","FIN","6:02:32","","0:00:00","3:25:06","0:06:27","2:30:58","984","779","119","1196","99999","99999","99999","985","802","117","984","779","119","21752","","","12306","387","9058"
"1469","Luke Santos","Male","Edmond","Oklahoma","US","M25-29","FIN","6:02:32","","0:00:00","3:42:23","0:07:39","2:12:31","985","780","102","1571","99999","99999","99999","1321","1011","120","985","780","102","21752","","","13343","459","7951"
"952","Nancy Damon","Female","FORT WORTH","TX","US","F65-69","FIN","6:02:38","","0:00:00","3:27:16","0:04:25","2:30:57","986","206","4","3154","99999","99999","99999","1033","201","4","986","206","4","21758","","","12436","265","9057"
"1449","Kenneth White","Male","Austin","Texas","US","M30-34","FIN","6:02:47","","0:00:00","3:48:22","0:02:45","2:11:39","987","781","120","939","99999","99999","99999","1406","1065","150","987","781","120","21767","","","13702","165","7899"
"486","Nicole Cartier","Female","Bourbonnais","US-IL","US","F50-54","FIN","6:02:53","","0:00:00","3:41:21","0:03:10","2:18:23","988","207","23","1923","99999","99999","99999","1298","300","42","988","207","23","21773","","","13281","190","8303"
"1782","Samuel Ferreira Ghigiarelli","Male","Flint","Texas","BR","M25-29","FIN","6:03:26","","0:00:00","4:03:33","0:04:30","1:55:22","989","782","103","1555","99999","99999","99999","1576","1157","138","989","782","103","21806","","","14613","270","6922"
"983","Casey Sall30","Male","Frisco","TEXAS","US","M18-24","FIN","6:03:26","","0:00:00","3:35:00","0:07:07","2:21:19","990","783","61","1058","99999","99999","99999","1190","936","64","990","783","61","21806","","","12900","427","8479"
"717","Willie Hood","Male","ADDISON","TX","US","M55-59","FIN","6:03:29","","0:00:00","3:00:48","0:02:49","2:59:52","991","784","59","1427","99999","99999","99999","428","385","37","991","784","59","21809","","","10848","169","10792"
"1890","Cullin Snell","Male","Liberty","SC","US","M25-29","FIN","6:03:37","","0:00:00","3:17:21","0:03:17","2:42:59","992","785","104","1551","99999","99999","99999","799","664","75","992","785","104","21817","","","11841","197","9779"
"1635","Christopher Hernandez","Male","Richardson","TX","US","M35-39","FIN","6:03:39","","0:00:00","3:26:58","0:16:26","2:20:15","993","786","120","1175","99999","99999","99999","1027","829","120","993","786","120","21819","","","12418","986","8415"
"1215","Mike Samsel","Male","Coppell","TX","US","M45-49","FIN","6:03:52","","0:00:00","3:37:05","0:08:00","2:18:47","994","787","101","1081","99999","99999","99999","1229","964","128","994","787","101","21832","","","13025","480","8327"
"1147","Alex Turan","Male","Dallas","TX","US","M55-59","FIN","6:03:53","","0:00:00","2:57:41","0:04:51","3:01:21","995","788","60","1419","99999","99999","99999","362","329","32","995","788","60","21833","","","10661","291","10881"
"469","Mark Wilkens","Male","Rowlett","US-TX","US","M65-69","FIN","6:03:55","","0:00:00","3:16:46","0:05:04","2:42:05","996","789","17","1884","99999","99999","99999","785","656","15","996","789","17","21835","","","11806","304","9725"
"852","Christian Schlegel","Male","The Colony","Texas","CA","M40-44","FIN","6:03:55","","0:00:00","3:06:14","0:07:38","2:50:03","997","790","102","998","99999","99999","99999","542","471","63","997","790","102","21835","","","11174","458","10203"
"1827","Caleb Spencer","Male","Spring","TX","US","M30-34","FIN","6:03:58","","0:00:00","3:27:38","0:06:49","2:29:30","998","791","121","918","99999","99999","99999","1044","842","119","998","791","121","21838","","","12458","409","8970"
"473","David Sproul","Male","Chandler","AZ","US","M35-39","FIN","6:04:05","","0:00:00","3:35:23","0:05:14","2:23:27","999","792","121","1168","99999","99999","99999","1200","942","136","999","792","121","21845","","","12923","314","8607"
"781","Ryan Reed","Male","Murphy","Texas","US","M25-29","FIN","6:04:05","","0:00:00","3:38:20","0:03:39","2:22:06","1000","793","105","1543","99999","99999","99999","1252","976","113","1000","793","105","21845","","","13100","219","8526"
"1353","Phillip Squibb","Male","Klamath Falls","OR","US","M45-49","FIN","6:04:07","","0:00:00","3:24:03","0:06:51","2:33:12","1001","794","102","1076","99999","99999","99999","958","781","107","1001","794","102","21847","","","12243","411","9192"
"918","Beth Warren","Female","Summerfield","NC","US","F60-64","FIN","6:04:09","","0:00:00","3:32:20","0:03:03","2:28:46","1002","208","8","2505","99999","99999","99999","1137","238","11","1002","208","8","21849","","","12740","183","8926"
"1146","Lane O’Brien","Male","The Woodlands","US-TX","US","M25-29","FIN","6:04:11","","0:00:00","3:27:32","0:05:05","2:31:34","1003","795","106","1541","99999","99999","99999","1041","839","97","1003","795","106","21851","","","12452","305","9094"
"1927","Russell Dewitt","Male","N RICHLND HLS","TX","US","M45-49","FIN","6:04:15","","0:00:00","3:26:18","0:06:02","2:31:56","1004","796","103","1074","99999","99999","99999","1003","814","116","1004","796","103","21855","","","12378","362","9116"
"561","Laurie Kutch","Female","BURLESON","US-TX","US","F55-59","FIN","6:04:20","","0:00:00","3:13:27","0:05:00","2:45:52","1005","209","18","1907","99999","99999","99999","699","107","9","1005","209","18","21860","","","11607","300","9952"
"1201","London Groves","Female","Tuscola","Texas","US","F18-24","FIN","6:04:29","","0:00:00","3:50:49","0:04:40","2:09:00","1006","210","17","1886","99999","99999","99999","1432","350","21","1006","210","17","21869","","","13849","280","7740"
"1478","Halley Mitchell","Female","Irving","US-TX","US","F25-29","FIN","6:04:40","","0:00:00","3:31:11","0:08:48","2:24:42","1007","211","25","1361","99999","99999","99999","1112","226","22","1007","211","25","21880","","","12671","528","8682"
"474","Mercedes Monasterio","Female","KATY","TX","AR","F50-54","FIN","6:04:42","","0:00:00","3:24:42","0:04:10","2:35:50","1008","212","24","1891","99999","99999","99999","973","180","25","1008","212","24","21882","","","12282","250","9350"
"1591","Sean Aucoin","Male","Frisco","US-Texas","US","M35-39","FIN","6:04:51","","0:00:00","3:29:57","0:07:15","2:27:39","1009","797","122","1154","99999","99999","99999","1087","875","128","1009","797","122","21891","","","12597","435","8859"
"1816","Richard Silva","Male","HOUSTON","TX","US","M40-44","FIN","6:05:10","","0:00:00","3:28:05","0:06:16","2:30:48","1010","798","103","976","99999","99999","99999","1056","853","108","1010","798","103","21910","","","12485","376","9048"
"703","Yuichi Nakao","Male","Pittsboro","IN","US","M55-59","FIN","6:05:15","","0:00:00","3:25:59","0:05:31","2:33:45","1011","799","61","1395","99999","99999","99999","997","809","69","1011","799","61","21915","","","12359","331","9225"
"1345","Jose Gonzalez","Male","Dallas","TX","MX","M30-34","FIN","6:05:23","","0:00:00","3:28:45","0:09:49","2:26:50","1012","800","122","892","99999","99999","99999","1068","863","122","1012","800","122","21923","","","12525","589","8810"
"1016","Brandon Le","Male","Wichita","KS","US","M25-29","FIN","6:05:27","","0:00:00","3:54:47","0:03:36","2:07:04","1013","801","107","1518","99999","99999","99999","1487","1111","131","1013","801","107","21927","","","14087","216","7624"
"1916","Joana Fox","Female","Plano","US-TX","IE","F18-24","FIN","6:05:31","","0:00:00","3:30:12","0:03:06","2:32:14","1014","213","18","1867","99999","99999","99999","1093","214","14","1014","213","18","21931","","","12612","186","9134"
"522","Michael McDonald","Male","Dallas","TX","US","M35-39","FIN","6:05:38","","0:00:00","3:19:07","0:05:53","2:40:38","1015","802","123","1140","99999","99999","99999","849","701","102","1015","802","123","21938","","","11947","353","9638"
"1251","Cliff Nguyen","Male","pearland","Texas","US","M60-64","FIN","6:05:51","","0:00:00","3:15:17","0:05:32","2:45:02","1016","803","29","1475","99999","99999","99999","748","627","27","1016","803","29","21951","","","11717","332","9902"
"667","Chris Folmar","Male","PROSPER","US-TX","US","M55-59","FIN","6:05:58","","0:00:00","3:27:48","0:04:36","2:33:34","1017","804","62","1382","99999","99999","99999","1047","845","74","1017","804","62","21958","","","12468","276","9214"
"1366","Jennifer Wlodarek","Female","Frankfort","IL","US","F50-54","FIN","6:06:10","","0:00:00","3:19:03","0:02:45","2:44:22","1018","214","25","1864","99999","99999","99999","845","148","17","1018","214","25","21970","","","11943","165","9862"
"369","Jami Callahan-Brill","Female","Williamsburg","US-VA","US","F60-64","FIN","6:06:13","","0:00:00","3:39:14","0:05:01","2:21:58","1019","215","9","2468","99999","99999","99999","1263","281","14","1019","215","9","21973","","","13154","301","8518"
"1355","Lena Kinczel","Female","Highland Park","US-IL","US","F18-24","FIN","6:06:18","","0:00:00","3:40:44","0:03:51","2:21:44","1020","216","19","1853","99999","99999","99999","1294","296","20","1020","216","19","21978","","","13244","231","8504"
"1809","Kristy Derosa","Female","Dallas","TX","US","F40-44","FIN","6:06:38","","0:00:00","3:38:10","0:03:40","2:24:48","1021","217","38","1639","99999","99999","99999","1245","272","39","1021","217","38","21998","","","13090","220","8688"
"558","James Horne","Male","Madison","MS","US","M40-44","FIN","6:06:39","","0:00:00","3:37:32","0:07:52","2:21:15","1022","805","104","949","99999","99999","99999","1236","968","129","1022","805","104","21999","","","13052","472","8475"
"1648","Adam Schutz","Male","SAN ANTONIO","TX","US","M35-39","FIN","6:06:41","","0:00:00","3:33:56","0:03:15","2:29:31","1023","806","124","1121","99999","99999","99999","1164","921","134","1023","806","124","22001","","","12836","195","8971"
"393","Annaliese Halstead","Female","College Station","TX","US","F25-29","FIN","6:06:47","","0:00:00","3:54:49","0:06:54","2:05:05","1024","218","26","1323","99999","99999","99999","1488","377","40","1024","218","26","22007","","","14089","414","7505"
"404","Iris Klionsky","Female","Cedar Park","US-TX","US","F35-39","FIN","6:06:54","","0:00:00","3:19:50","0:04:34","2:42:29","1025","219","30","1817","99999","99999","99999","862","151","17","1025","219","30","22014","","","11990","274","9749"
"517","Kevin King","Male","Robstown","TX","US","M50-54","FIN","6:06:55","","0:00:00","3:11:41","0:03:58","2:51:17","1026","807","76","1194","99999","99999","99999","649","552","65","1026","807","76","22015","","","11501","238","10277"
"844","Matt Young","Male","Houston","TX","US","M35-39","FIN","6:06:56","","0:00:00","3:09:26","0:07:52","2:49:38","1027","808","125","1116","99999","99999","99999","610","519","82","1027","808","125","22016","","","11366","472","10178"
"860","Ben Davis","Male","Spring","TX","US","M35-39","FIN","6:07:06","","0:00:00","3:12:02","0:07:43","2:47:21","1028","809","126","1113","99999","99999","99999","661","563","85","1028","809","126","22026","","","11522","463","10041"
"1218","Jason Snider","Male","Flower Mound","TX","US","M50-54","FIN","6:07:07","","0:00:00","3:14:26","0:04:00","2:48:42","1029","810","77","1190","99999","99999","99999","722","611","70","1029","810","77","22027","","","11666","240","10122"
"1836","Casey Honeywell","Female","Grand Prairie","TEXAS","US","F35-39","FIN","6:07:12","","0:00:00","3:29:13","0:03:24","2:34:35","1030","220","31","1811","99999","99999","99999","1077","210","26","1030","220","31","22032","","","12553","204","9275"
"2009","Andrew Hnatow","Male","Garden Ridge","TX","US","M25-29","FIN","6:07:41","","0:00:00","3:27:21","0:10:34","2:29:47","1031","811","108","1478","99999","99999","99999","1034","833","96","1031","811","108","22061","","","12441","634","8987"
"2010","Alex Hnatow","Male","Garden Ridge","TX","US","M18-24","FIN","6:07:45","","0:00:00","3:27:27","0:10:28","2:29:50","1032","812","62","980","99999","99999","99999","1037","835","57","1032","812","62","22065","","","12447","628","8990"
"640","Matthew Bright","Male","Prosper","US-TX","US","M30-34","FIN","6:07:49","","0:00:00","3:33:50","0:04:17","2:29:41","1033","813","123","848","99999","99999","99999","1163","920","131","1033","813","123","22069","","","12830","257","8981"
"1770","Nathan Endicott","Male","DRUMRIGHT","Oklahoma","US","M18-24","FIN","6:07:57","","0:00:00","3:42:24","0:08:53","2:16:40","1034","814","63","976","99999","99999","99999","1322","1012","70","1034","814","63","22077","","","13344","533","8200"
"1517","Andrew Tischler","Male","San Antonio","TX","US","M45-49","FIN","6:07:59","","0:00:00","3:41:37","0:08:11","2:18:11","1035","815","104","1007","99999","99999","99999","1304","1001","130","1035","815","104","22079","","","13297","491","8291"
"1990","Jason Ottman","Male","PILOT POINT","TX","US","M55-59","FIN","6:08:00","","0:00:00","3:03:05","0:04:25","3:00:30","1036","816","63","1345","99999","99999","99999","461","412","38","1036","816","63","22080","","","10985","265","10830"
"1295","Madison Dudziec","Female","Pueblo","CO","US","F25-29","FIN","6:08:16","","0:00:00","3:42:53","0:06:41","2:18:42","1037","221","27","1296","99999","99999","99999","1326","313","35","1037","221","27","22096","","","13373","401","8322"
"798","Jennifer Searcy","Female","Jenks","OK","US","F45-49","FIN","6:08:27","","0:00:00","3:17:35","0:06:30","2:44:22","1038","222","25","1522","99999","99999","99999","805","138","19","1038","222","25","22107","","","11855","390","9862"
"749","Nick Whittle","Male","Melissa","TX","US","M40-44","FIN","6:08:45","","0:00:00","3:24:16","0:08:05","2:36:25","1039","817","105","911","99999","99999","99999","963","786","96","1039","817","105","22125","","","12256","485","9385"
"845","Brian Loughmiller","Male","MCKINNEY","TX","US","M65-69","FIN","6:08:47","","0:00:00","3:13:16","0:06:27","2:49:04","1040","818","18","1796","99999","99999","99999","694","588","12","1040","818","18","22127","","","11596","387","10144"
"1011","Laura Rachita","Female","FRIENDSWOOD","US-TX","US","F55-59","FIN","6:08:52","","0:00:00","3:15:34","0:06:54","2:46:24","1041","223","19","1825","99999","99999","99999","757","122","11","1041","223","19","22132","","","11734","414","9984"
"1554","Adam Edelen","Male","HIGHLAND VLG","US-TX","US","M45-49","FIN","6:08:54","","0:00:00","3:18:16","0:04:30","2:46:08","1042","819","105","990","99999","99999","99999","828","684","94","1042","819","105","22134","","","11896","270","9968"
"458","Jun Hong","Male","McKinney","TX","US","M30-34","FIN","6:09:02","","0:00:00","3:41:59","0:03:22","2:23:41","1043","820","124","827","99999","99999","99999","1311","1005","144","1043","820","124","22142","","","13319","202","8621"
"444","Natalie Shoemaker","Female","Austin","TX","US","F30-34","FIN","6:09:08","","0:00:00","3:46:49","0:03:59","2:18:20","1044","224","27","1948","99999","99999","99999","1386","335","35","1044","224","27","22148","","","13609","239","8300"
"1748","Jeremy Hanna","Male","EUREKA","US-MO","US","M45-49","FIN","6:09:13","","0:00:00","3:56:48","0:04:21","2:08:05","1045","821","106","985","99999","99999","99999","1511","1126","139","1045","821","106","22153","","","14208","261","7685"
"927","Robert Rivera","Male","MCALLEN","US-TX","US","M60-64","FIN","6:09:17","","0:00:00","3:31:36","0:03:13","2:34:29","1046","822","30","1413","99999","99999","99999","1121","891","45","1046","822","30","22157","","","12696","193","9269"
"1665","Kenneth Robillard","Male","San Antonio","TX","US","M60-64","FIN","6:09:18","","0:00:00","3:14:03","0:07:31","2:47:45","1047","823","31","1413","99999","99999","99999","715","604","24","1047","823","31","22158","","","11643","451","10065"
"490","Mark (Hollywood) Hill","Male","Burleson","TX","US","M60-64","FIN","6:09:24","","0:00:00","3:24:47","0:06:21","2:38:16","1048","824","32","1411","99999","99999","99999","975","794","38","1048","824","32","22164","","","12287","381","9496"
"1570","Luis Cabreja","Male","Houston","TX","US","M25-29","FIN","6:09:33","","0:00:00","3:21:44","0:07:21","2:40:28","1049","825","109","1445","99999","99999","99999","902","736","87","1049","825","109","22173","","","12104","441","9628"
"1884","Grant Gershner","Male","SAN ANTONIO","TX","US","M30-34","FIN","6:09:33","","0:00:00","3:22:33","0:08:33","2:38:27","1050","826","125","817","99999","99999","99999","922","754","108","1050","826","125","22173","","","12153","513","9507"
"1282","A.J. Prebula","Male","San Diego","CA","US","M50-54","FIN","6:09:58","","0:00:00","3:12:14","0:03:27","2:54:17","1051","827","78","1139","99999","99999","99999","667","568","67","1051","827","78","22198","","","11534","207","10457"
"1281","Dawn Prebula","Female","Corpus Christi","TX","US","F50-54","FIN","6:09:58","","0:00:00","3:05:54","0:03:10","3:00:55","1052","225","26","1796","99999","99999","99999","534","69","9","1052","225","26","22198","","","11154","190","10855"
"1213","Hannah Lyons","Female","Plano","TEXAS","US","F35-39","FIN","6:09:59","","0:00:00","3:47:57","0:02:57","2:19:06","1053","226","32","1761","99999","99999","99999","1402","341","44","1053","226","32","22199","","","13677","177","8346"
"699","Helmut Handszer","Male","Rowlett","TEXAS","US","M35-39","FIN","6:10:09","","0:00:00","3:33:44","0:04:56","2:31:29","1054","828","127","1058","99999","99999","99999","1161","918","133","1054","828","127","22209","","","12824","296","9089"
"796","Troy Francis","Male","Bells","Texas","US","M55-59","FIN","6:10:16","","0:00:00","3:39:35","0:13:53","2:16:49","1055","829","64","1304","99999","99999","99999","1273","988","84","1055","829","64","22216","","","13175","833","8209"
"1406","Jack Palmer","Male","Dallas","Texas","US","M18-24","FIN","6:10:17","","0:00:00","3:48:55","0:04:52","2:16:29","1056","830","64","934","99999","99999","99999","1414","1071","76","1056","830","64","22217","","","13735","292","8189"
"1790","Milena Munoz","Female","Miami Beach","FL","US","F45-49","FIN","6:10:21","","0:00:00","3:53:55","0:05:16","2:11:10","1057","227","26","1488","99999","99999","99999","1476","368","52","1057","227","26","22221","","","14035","316","7870"
"1243","Wes Davis","Male","Flower Mound","TEXAS","US","M50-54","FIN","6:10:22","","0:00:00","3:29:05","0:04:57","2:36:20","1058","831","79","1132","99999","99999","99999","1073","866","93","1058","831","79","22222","","","12545","297","9380"
"960","Julie Sainz","Female","Santa Maria","CA","US","M35-39","FIN","6:10:30","","0:00:00","3:23:24","0:03:34","2:43:31","1059","832","128","1052","99999","99999","99999","943","770","112","1059","832","128","22230","","","12204","214","9811"
"764","Danny Faulkner","Male","ROWLETT","TX","US","M65-69","FIN","6:10:36","","0:00:00","3:29:40","0:03:25","2:37:30","1060","833","19","1763","99999","99999","99999","1084","873","20","1060","833","19","22236","","","12580","205","9450"
"1250","Victor Torres","Male","Brownsville","TX","MX","M55-59","FIN","6:10:43","","0:00:00","3:52:08","0:06:06","2:12:29","1061","834","65","1296","99999","99999","99999","1451","1094","98","1061","834","65","22243","","","13928","366","7949"
"511","Catrina Ralston","Female","SUFFOLK","US-VA","US","F50-54","FIN","6:10:44","","0:00:00","3:34:35","0:05:06","2:31:03","1062","228","27","1782","99999","99999","99999","1181","251","35","1062","228","27","22244","","","12875","306","9063"
"1988","Andrew Natali","Male","FORT WORTH","TX","US","M35-39","FIN","6:10:45","","0:00:00","3:16:31","0:07:59","2:46:16","1063","835","129","1048","99999","99999","99999","781","653","97","1063","835","129","22245","","","11791","479","9976"
"1053","Ivan Lima","Male","Allen","TX","BR","M45-49","FIN","6:10:50","","0:00:00","3:24:36","0:04:46","2:41:27","1064","836","107","956","99999","99999","99999","969","791","109","1064","836","107","22250","","","12276","286","9687"
"637","Robert Wilson","Male","Denton","TX","US","M50-54","FIN","6:10:51","","0:00:00","3:19:04","0:05:49","2:45:58","1065","837","80","1123","99999","99999","99999","848","700","78","1065","837","80","22251","","","11944","349","9958"
"1447","Deukbok Cha","Male","Frisco","TX","US","M40-44","FIN","6:10:52","","0:00:00","3:11:03","0:06:21","2:53:29","1066","838","106","873","99999","99999","99999","639","544","72","1066","838","106","22252","","","11463","381","10409"
"1004","Chris Tubbs","Male","PEARLAND","US-US-TX","US","M55-59","FIN","6:10:52","","0:00:00","3:34:15","0:06:22","2:30:15","1067","839","66","1294","99999","99999","99999","1174","928","79","1067","839","66","22252","","","12855","382","9015"
"2040","Katerina Fuller","Female","Dallas","Texas","US","F25-29","FIN","6:10:54","","0:00:00","3:29:14","0:05:36","2:36:04","1068","229","28","1249","99999","99999","99999","1078","211","20","1068","229","28","22254","","","12554","336","9364"
"308","Julie Molenar","Female","orland park","US-IL","US","F50-54","FIN","6:10:55","","0:00:00","3:38:06","0:07:58","2:24:51","1069","230","28","1779","99999","99999","99999","1242","269","39","1069","230","28","22255","","","13086","478","8691"
"1580","Victor Corredor","Male","Lewisville","TX","CO","M45-49","FIN","6:10:55","","0:00:00","3:16:55","0:05:32","2:48:28","1070","840","108","954","99999","99999","99999","789","659","88","1070","840","108","22255","","","11815","332","10108"
"1818","Perla Pedersen","Female","Melissa","TEXAS","US","F40-44","FIN","6:11:07","","0:00:00","3:45:41","0:06:50","2:18:36","1071","231","39","1559","99999","99999","99999","1365","325","45","1071","231","39","22267","","","13541","410","8316"
"842","Daniela Bacigalupo","Female","Naples","FL","US","F18-24","FIN","6:11:29","","0:00:00","3:39:27","0:06:25","2:25:37","1072","232","20","1760","99999","99999","99999","1270","284","18","1072","232","20","22289","","","13167","385","8737"
"1192","Dawes Marlatt","Male","Prosper","US-TX","US","M55-59","FIN","6:11:30","","0:00:00","3:09:09","0:05:01","2:57:20","1073","841","67","1282","99999","99999","99999","605","517","44","1073","841","67","22290","","","11349","301","10640"
"502","Heather LeBlanc","Female","Dallas","TX","US","F35-39","FIN","6:11:54","","0:00:00","3:36:23","0:04:59","2:30:32","1074","233","33","1727","99999","99999","99999","1218","264","36","1074","233","33","22314","","","12983","299","9032"
"1765","Michael Lasso","Male","Coppell","TX","EC","M35-39","FIN","6:12:00","","0:00:00","3:06:32","0:05:02","3:00:27","1075","842","130","1025","99999","99999","99999","549","477","76","1075","842","130","22320","","","11192","302","10827"
"1238","Daniel Horton","Male","TULSA","OK","US","M45-49","FIN","6:12:01","","0:00:00","3:22:21","0:05:15","2:44:24","1076","843","109","934","99999","99999","99999","917","749","103","1076","843","109","22321","","","12141","315","9864"
"1200","Erica Krause","Female","Toledo","OH","US","F50-54","FIN","6:12:02","","0:00:00","3:21:53","0:04:40","2:45:29","1077","234","29","1759","99999","99999","99999","906","167","23","1077","234","29","22322","","","12113","280","9929"
"625","Anthony Ysasaga","Male","Frisco","TX","US","M60-64","FIN","6:12:02","","0:00:00","3:22:02","0:05:53","2:44:07","1078","844","33","1364","99999","99999","99999","910","743","35","1078","844","33","22322","","","12122","353","9847"
"1712","Jack Crawford","Male","Dallas","Texas","US","M30-34","FIN","6:12:08","","0:00:00","3:22:27","0:03:44","2:45:56","1079","845","126","771","99999","99999","99999","918","750","107","1079","845","126","22328","","","12147","224","9956"
"1623","Jackson Siemer","Male","Allen","Texas","US","M18-24","FIN","6:12:15","","0:00:00","3:36:22","0:05:26","2:30:27","1080","846","65","899","99999","99999","99999","1217","954","67","1080","846","65","22335","","","12982","326","9027"
"645","Gabriel Echeverri","Male","Oviedo","FL","ES","M18-24","FIN","6:12:19","","0:00:00","3:27:30","0:06:15","2:38:34","1081","847","66","898","99999","99999","99999","1038","836","58","1081","847","66","22339","","","12450","375","9514"
"2008","Mallory Willett","Female","Dallas","TX","US","F30-34","FIN","6:12:21","","0:00:00","3:34:03","0:03:16","2:35:01","1082","235","28","1890","99999","99999","99999","1170","245","27","1082","235","28","22341","","","12843","196","9301"
"607","Scott Bolton","Male","AUBREY","TX","US","M35-39","FIN","6:12:33","","0:00:00","2:59:43","0:03:53","3:08:57","1083","848","131","1015","99999","99999","99999","411","372","61","1083","848","131","22353","","","10783","233","11337"
"457","Lori Klein","Female","Lebanon","PA","US","F50-54","FIN","6:12:35","","0:00:00","3:37:17","0:04:37","2:30:41","1084","236","30","1749","99999","99999","99999","1232","266","38","1084","236","30","22355","","","13037","277","9041"
"603","Ilan Fehler","Male","FRISCO","US-TX","US","M40-44","FIN","6:12:39","","0:00:00","3:40:42","0:03:54","2:28:02","1085","849","107","841","99999","99999","99999","1292","997","133","1085","849","107","22359","","","13242","234","8882"
"714","Katie Drexel","Female","PLANO","TX","US","F40-44","FIN","6:12:39","","0:00:00","3:26:51","0:08:19","2:37:30","1086","237","40","1531","99999","99999","99999","1021","194","31","1086","237","40","22359","","","12411","499","9450"
"1396","Corey Luce","Male","Franklin","US-TN","US","M40-44","FIN","6:12:44","","0:00:00","3:11:45","0:04:45","2:56:14","1087","850","108","839","99999","99999","99999","652","554","73","1087","850","108","22364","","","11505","285","10574"
"740","Travis Wolf","Male","Aledo","TX","US","M30-34","FIN","6:12:47","","0:00:00","3:36:36","0:07:35","2:28:36","1088","851","127","759","99999","99999","99999","1222","958","135","1088","851","127","22367","","","12996","455","8916"
"1551","Dana Kim","Female","NORTHLAKE","TX","US","F60-64","FIN","6:12:48","","0:00:00","3:26:53","0:06:50","2:39:05","1089","238","10","2350","99999","99999","99999","1024","197","7","1089","238","10","22368","","","12413","410","9545"
"1597","Hector Moran","Male","HOUSTON","TX","SV","M40-44","FIN","6:12:51","","0:00:00","3:05:50","0:05:18","3:01:43","1090","852","109","837","99999","99999","99999","530","462","60","1090","852","109","22371","","","11150","318","10903"
"1050","Rodrigo Camargo","Male","Prosper","TX","US","M45-49","FIN","6:12:53","","0:00:00","3:22:10","0:06:55","2:43:48","1091","853","110","919","99999","99999","99999","915","747","102","1091","853","110","22373","","","12130","415","9828"
"965","Jimena Gonzalez","Female","Mcallen","TX","US","F25-29","FIN","6:12:54","","0:00:00","3:43:27","0:03:03","2:26:24","1092","239","29","1213","99999","99999","99999","1335","314","36","1092","239","29","22374","","","13407","183","8784"
"1101","Jacquelyn Maly","Female","dallas","texas","US","F25-29","FIN","6:12:56","","0:00:00","4:05:27","0:02:55","2:04:34","1093","240","30","1212","99999","99999","99999","1591","429","45","1093","240","30","22376","","","14727","175","7474"
"1009","Collin Standon","Male","Colleyville","Texas ","US","M25-29","FIN","6:12:59","","0:00:00","3:29:27","0:07:00","2:36:32","1094","854","110","1383","99999","99999","99999","1081","870","101","1094","854","110","22379","","","12567","420","9392"
"710","Daniel Lambert","Male","Little Elm","TX","US","M30-34","FIN","6:13:02","","0:00:00","3:22:08","0:04:54","2:46:00","1095","855","128","755","99999","99999","99999","914","746","106","1095","855","128","22382","","","12128","294","9960"
"514","Nicholas Ruth","Male","Irving","Texas","US","M25-29","FIN","6:13:12","","0:00:00","3:27:57","0:03:15","2:42:01","1096","856","111","1379","99999","99999","99999","1055","852","98","1096","856","111","22392","","","12477","195","9721"
"712","Kaleigh Williamson","Female","Frisco","TX","US","F40-44","FIN","6:13:16","","0:00:00","3:27:08","0:08:37","2:37:31","1097","241","41","1520","99999","99999","99999","1031","200","32","1097","241","41","22396","","","12428","517","9451"
"881","Irish Abigail Tongco","Female","DALLAS","TX","US","F35-39","FIN","6:13:27","","0:00:00","3:32:15","0:04:04","2:37:08","1098","242","34","1699","99999","99999","99999","1136","237","29","1098","242","34","22407","","","12735","244","9428"
"1880","Enrique Mazas","Male","Allen","Texas","US","M50-54","FIN","6:13:33","","0:00:00","3:21:58","0:06:00","2:45:35","1099","857","81","1074","99999","99999","99999","908","741","79","1099","857","81","22413","","","12118","360","9935"
"2122","Andrew Pan","Male","Dallas","Texas","CA","M18-24","FIN","6:13:48","","0:00:00","3:44:50","0:04:55","2:24:04","1100","858","67","871","99999","99999","99999","1355","1036","72","1100","858","67","22428","","","13490","295","8644"
"1226","Flor Maria Mendoza Davila","Female","Portoviejo","Manabi","EC","F45-49","FIN","6:13:49","","0:00:00","3:19:22","0:03:35","2:50:51","1101","243","27","1425","99999","99999","99999","857","150","22","1101","243","27","22429","","","11962","215","10251"
"856","Michael Vinson","Male","Hickory Creek","TX","US","M55-59","FIN","6:13:50","","0:00:00","3:34:53","0:07:57","2:31:00","1102","859","68","1240","99999","99999","99999","1188","934","81","1102","859","68","22430","","","12893","477","9060"
"1641","Chris Scorse","Male","Corcoran","MN","US","M60-64","FIN","6:13:50","","0:00:00","3:03:40","0:05:55","3:04:15","1103","860","34","1331","99999","99999","99999","475","421","13","1103","860","34","22430","","","11020","355","11055"
"999","Ryan Southerland","Male","Fort Worth","TX","US","M30-34","FIN","6:13:55","","0:00:00","3:32:45","0:04:31","2:36:39","1104","861","129","739","99999","99999","99999","1146","906","129","1104","861","129","22435","","","12765","271","9399"
"1775","Dave Abel","Male","DALLAS","TX","US","M55-59","FIN","6:13:58","","0:00:00","3:35:49","0:05:31","2:32:38","1105","862","69","1238","99999","99999","99999","1210","949","82","1105","862","69","22438","","","12949","331","9158"
"766","Chris Hong","Male","THE WOODLANDS","US-TX","US","M45-49","FIN","6:14:09","","0:00:00","3:32:22","0:06:56","2:34:51","1106","863","111","896","99999","99999","99999","1138","900","120","1106","863","111","22449","","","12742","416","9291"
"1845","Sebastian Migliavacca","Male","Katy","TX","US","M18-24","FIN","6:14:11","","0:00:00","3:46:40","0:05:32","2:21:59","1107","864","68","864","99999","99999","99999","1382","1048","73","1107","864","68","22451","","","13600","332","8519"
"1069","Jeremy Lamonte","Male","Paris","TN","US","M40-44","FIN","6:14:27","","0:00:00","3:32:11","0:04:54","2:37:22","1108","865","110","809","99999","99999","99999","1135","899","117","1108","865","110","22467","","","12731","294","9442"
"1405","Brent Roach","Male","Argyle","US-TX","US","M70-74","FIN","6:14:37","","0:00:00","3:32:08","0:06:33","2:35:56","1109","866","3","2594","99999","99999","99999","1132","897","5","1109","866","3","22477","","","12728","393","9356"
"1522","Jeffrey Davis","Male","Mendenhall","MS","US","M25-29","FIN","6:14:55","","0:00:00","3:37:08","0:04:11","2:33:35","1110","867","112","1348","99999","99999","99999","1230","965","111","1110","867","112","22495","","","13028","251","9215"
"1595","Karla Cavazos","Female","dallas","TX","US","F55-59","FIN","6:14:57","","0:00:00","3:30:32","0:06:12","2:38:13","1111","244","20","1716","99999","99999","99999","1099","217","27","1111","244","20","22497","","","12632","372","9493"
"702","Lindy Nakao","Female","Pittsboro","IN","US","F45-49","FIN","6:15:03","","0:00:00","3:26:53","0:04:09","2:44:00","1112","245","28","1403","99999","99999","99999","1022","195","29","1112","245","28","22503","","","12413","249","9840"
"1858","Jessica Johnson","Female","Grapevine","TX","US","F45-49","FIN","6:15:05","","0:00:00","3:28:38","0:05:29","2:40:58","1113","246","29","1403","99999","99999","99999","1063","204","30","1113","246","29","22505","","","12518","329","9658"
"1317","Brenden King","Male","Denton","US-TX","US","M25-29","FIN","6:15:18","","0:00:00","3:20:28","0:05:39","2:49:11","1114","868","113","1341","99999","99999","99999","875","718","84","1114","868","113","22518","","","12028","339","10151"
"580","Jacob May","Male","Baton Rouge","LA","US","M35-39","FIN","6:15:19","","0:00:00","3:26:28","0:09:20","2:39:31","1115","869","132","965","99999","99999","99999","1009","819","119","1115","869","132","22519","","","12388","560","9571"
"1664","Andrea Moore","Female","Humble","TX","CL","F50-54","FIN","6:15:22","","0:00:00","3:33:21","0:06:02","2:35:59","1116","247","31","1699","99999","99999","99999","1157","243","34","1116","247","31","22522","","","12801","362","9359"
"566","Heather Griffin","Female","Mansfield","US-TX","US","F50-54","FIN","6:15:23","","0:00:00","3:46:08","0:04:23","2:24:52","1117","248","32","1698","99999","99999","99999","1374","330","46","1117","248","32","22523","","","13568","263","8692"
"1336","Melany Martin","Female","Rosharon","US-TX","US","F35-39","FIN","6:15:24","","0:00:00","3:13:28","0:05:10","2:56:46","1118","249","35","1664","99999","99999","99999","700","108","12","1118","249","35","22524","","","11608","310","10606"
"1857","Keri Blizzard","Female","Allen","TX","US","F45-49","FIN","6:15:41","","0:00:00","3:22:46","0:03:56","2:48:59","1119","250","30","1392","99999","99999","99999","928","172","24","1119","250","30","22541","","","12166","236","10139"
"442","Simon Dean","Male","San Antonio","TX","US","M18-24","FIN","6:15:50","","0:00:00","3:13:50","0:02:53","2:59:06","1120","870","69","834","99999","99999","99999","708","599","38","1120","870","69","22550","","","11630","173","10746"
"1808","Jeffrey Johnson","Male","WAXAHACHIE","TX","US","M50-54","FIN","6:15:53","","0:00:00","3:23:23","0:06:09","2:46:22","1121","871","82","1032","99999","99999","99999","942","769","82","1121","871","82","22553","","","12203","369","9982"
"1846","Eric Snell","Male","EDMOND","OK","US","M55-59","FIN","6:16:00","","0:00:00","3:16:55","0:04:27","2:54:38","1122","872","70","1201","99999","99999","99999","788","658","59","1122","872","70","22560","","","11815","267","10478"
"805","Matt Miller","Male","Owasso","OK","US","M50-54","FIN","6:16:01","","0:00:00","3:14:46","0:04:20","2:56:56","1123","873","83","1030","99999","99999","99999","734","616","71","1123","873","83","22561","","","11686","260","10616"
"1493","Chuck Pearce","Male","Manistee","MI","US","M60-64","FIN","6:16:03","","0:00:00","3:21:11","0:06:44","2:48:08","1124","874","35","1291","99999","99999","99999","887","723","33","1124","874","35","22563","","","12071","404","10088"
"2091","Ryan Dennison","Male","KATY","TX","US","M30-34","FIN","6:16:04","","0:00:00","3:32:28","0:06:33","2:37:02","1125","875","130","700","99999","99999","99999","1140","901","127","1125","875","130","22564","","","12748","393","9422"
"1298","Diana Fernando","Female","Richmond","US-TX","US","F30-34","FIN","6:16:05","","0:00:00","3:47:46","0:07:20","2:20:58","1126","251","29","1823","99999","99999","99999","1398","339","37","1126","251","29","22565","","","13666","440","8458"
"720","Kolt Phillips","Male","Arlington","TX","US","M35-39","FIN","6:16:12","","0:00:00","3:29:24","0:03:15","2:43:33","1127","876","133","950","99999","99999","99999","1080","869","127","1127","876","133","22572","","","12564","195","9813"
"638","Justin McCorkle","Male","Lakewood Village","TX","US","M40-44","FIN","6:16:23","","0:00:00","3:29:42","0:08:29","2:38:12","1128","877","111","774","99999","99999","99999","1086","874","111","1128","877","111","22583","","","12582","509","9492"
"1012","Gabby Smith","Female","Pearland","TX","US","F25-29","FIN","6:16:29","","0:00:00","3:39:34","0:05:09","2:31:46","1129","252","31","1148","99999","99999","99999","1272","285","31","1129","252","31","22589","","","13174","309","9106"
"1733","Landon Farmer","Male","Waco","TEXAS","US","M18-24","FIN","6:16:40","","0:00:00","3:35:29","0:06:19","2:34:52","1130","878","70","819","99999","99999","99999","1204","946","66","1130","878","70","22600","","","12929","379","9292"
"793","Juli Naida","Female","Bixby","Oklahoma","US","F35-39","FIN","6:16:41","","0:00:00","4:02:53","0:08:10","2:05:37","1131","253","36","1640","99999","99999","99999","1572","419","53","1131","253","36","22601","","","14573","490","7537"
"1736","Kevin Henneberger","Male","Needham","Massachusetts","US","M40-44","FIN","6:16:49","","0:00:00","3:28:11","0:09:18","2:39:20","1132","879","112","766","99999","99999","99999","1058","855","109","1132","879","112","22609","","","12491","558","9560"
"1384","Colby Defriese","Male","Hutto","TX","US","M45-49","FIN","6:16:50","","0:00:00","3:12:52","0:07:46","2:56:12","1133","880","112","848","99999","99999","99999","685","580","84","1133","880","112","22610","","","11572","466","10572"
"1919","Claudia Silvis","Female","Cedar Park","TX","US","F55-59","FIN","6:16:51","","0:00:00","3:27:02","0:03:50","2:45:58","1134","254","21","1682","99999","99999","99999","1030","199","24","1134","254","21","22611","","","12422","230","9958"
"877","Joshua Marino","Male","HOUSTON","TX","US","M45-49","FIN","6:16:52","","0:00:00","3:24:57","0:09:27","2:42:28","1135","881","113","847","99999","99999","99999","981","798","111","1135","881","113","22612","","","12297","567","9748"
"1734","Ryan Lane","Male","Midland","US-TX","US","M40-44","FIN","6:16:59","","0:00:00","3:18:36","0:05:27","2:52:56","1136","882","113","763","99999","99999","99999","833","689","86","1136","882","113","22619","","","11916","327","10376"
"816","Lee Lamont","Male","Dallas","TX","US","M55-59","FIN","6:17:03","","0:00:00","3:19:04","0:06:16","2:51:43","1137","883","71","1182","99999","99999","99999","847","699","65","1137","883","71","22623","","","11944","376","10303"
"1140","Ginny Alexander","Female","Euless","TX","US","F45-49","FIN","6:17:05","","0:00:00","3:46:06","0:05:23","2:25:37","1138","255","31","1367","99999","99999","99999","1373","329","44","1138","255","31","22625","","","13566","323","8737"
"594","Kirk Kloeppel","Male","Saint James","North Carolina","US","M60-64","FIN","6:17:28","","0:00:00","3:23:13","0:04:35","2:49:40","1139","884","36","1266","99999","99999","99999","937","765","36","1139","884","36","22648","","","12193","275","10180"
"1622","Clayton Deimund","Male","Cape Girardeau","Missouri","US","M25-29","FIN","6:17:57","","0:00:00","3:49:08","0:03:40","2:25:09","1140","885","114","1293","99999","99999","99999","1421","1076","128","1140","885","114","22677","","","13748","220","8709"
"597","Mike Bosch","Male","SPRINGTOWN","TX","US","M55-59","FIN","6:17:59","","0:00:00","3:33:35","0:03:20","2:41:03","1141","886","72","1166","99999","99999","99999","1160","917","78","1141","886","72","22679","","","12815","200","9663"
"1801","Justin Brown","Male","Anchorage","AK","US","M35-39","FIN","6:18:00","","0:00:00","3:24:05","0:08:43","2:45:11","1142","887","134","917","99999","99999","99999","959","782","114","1142","887","134","22680","","","12245","523","9911"
"1393","Michael Penn","Male","Benton","US-AR","US","M55-59","FIN","6:18:00","","0:00:00","3:22:02","0:09:35","2:46:23","1143","888","73","1165","99999","99999","99999","909","742","66","1143","888","73","22680","","","12122","575","9983"
"2012","Taylor Pryor","Female","Sacramento","US-CA","US","M30-34","FIN","6:18:01","","0:00:00","2:50:04","0:02:34","3:25:23","1144","889","131","700","99999","99999","99999","228","214","30","1144","889","131","22681","","","10204","154","12323"
"995","Kevin Hoppers","Male","Dallas","Texas","US","M50-54","FIN","6:18:11","","0:00:00","3:23:09","0:09:26","2:45:36","1145","890","84","991","99999","99999","99999","935","763","81","1145","890","84","22691","","","12189","566","9936"
"1046","Nicholas Greer","Male","Redwood City","CA","US","M30-34","FIN","6:18:24","","0:00:00","3:18:56","0:06:19","2:53:08","1146","891","132","700","99999","99999","99999","843","696","100","1146","891","132","22704","","","11936","379","10388"
"581","Timothy Naylor","Male","Carlisle","US-PA","US","M55-59","FIN","6:18:25","","0:00:00","3:15:36","0:04:41","2:58:08","1147","892","74","1158","99999","99999","99999","760","638","56","1147","892","74","22705","","","11736","281","10688"
"388","Ignacio Gomez Ferrer","Male","North Richland Hills","texas","ES","M45-49","FIN","6:18:25","","0:00:00","3:22:33","0:06:57","2:48:55","1148","893","114","819","99999","99999","99999","921","753","104","1148","893","114","22705","","","12153","417","10135"
"1177","Diana Van Brandwijk","Female","CONROE","TX","NL","F60-64","FIN","6:18:32","","0:00:00","3:40:51","0:12:56","2:24:45","1149","256","11","2246","99999","99999","99999","1296","298","17","1149","256","11","22712","","","13251","776","8685"
"989","Steven Berger","Male","Dallas","US-TX","US","M60-64","FIN","6:18:34","","0:00:00","3:40:43","0:06:33","2:31:18","1150","894","37","1246","99999","99999","99999","1293","998","51","1150","894","37","22714","","","13243","393","9078"
"1094","Clifford Bennett","Male","Frisco","TX","US","M55-59","FIN","6:18:51","","0:00:00","3:18:37","0:07:18","2:52:56","1151","895","75","1150","99999","99999","99999","835","690","64","1151","895","75","22731","","","11917","438","10376"
"1553","Nathan Cox","Male","DALLAS","TX","US","M35-39","FIN","6:18:53","","0:00:00","3:33:34","0:06:38","2:38:40","1152","896","135","901","99999","99999","99999","1159","916","132","1152","896","135","22733","","","12814","398","9520"
"1855","Alexander Bulan","Male","Allen","US-TX","US","M45-49","FIN","6:18:55","","0:00:00","3:42:02","0:06:59","2:29:53","1153","897","115","810","99999","99999","99999","1312","1006","131","1153","897","115","22735","","","13322","419","8993"
"1787","Amir Shakouri","Male","CELINA","TX","US","M40-44","FIN","6:19:00","","0:00:00","3:42:54","0:06:02","2:30:03","1154","898","114","727","99999","99999","99999","1327","1014","134","1154","898","114","22740","","","13374","362","9003"
"1633","Alejandro Quinonez","Male","Minneapolis","MN","US","M25-29","FIN","6:19:05","","0:00:00","3:17:29","0:04:36","2:57:00","1155","899","115","1273","99999","99999","99999","804","667","76","1155","899","115","22745","","","11849","276","10620"
"2071","Hunter Reddick","Male","West Monroe","LA","US","M30-34","FIN","6:19:08","","0:00:00","3:47:06","0:05:59","2:26:03","1156","900","133","700","99999","99999","99999","1389","1054","149","1156","900","133","22748","","","13626","359","8763"
"1035","Amy Shadowens","Female","Justin","TX","US","F35-39","FIN","6:19:17","","0:00:00","3:32:50","0:06:17","2:40:09","1157","257","37","1594","99999","99999","99999","1149","241","31","1157","257","37","22757","","","12770","377","9609"
"1314","Dena Kucinski","Female","San Antonio","TX","US","F50-54","FIN","6:19:24","","0:00:00","3:32:45","0:04:34","2:42:05","1158","258","33","1626","99999","99999","99999","1145","240","33","1158","258","33","22764","","","12765","274","9725"
"524","Chris Signo","Male","Lewisville","US-TX","PH","M30-34","FIN","6:19:38","","0:00:00","3:32:59","0:06:13","2:40:26","1159","901","134","700","99999","99999","99999","1151","910","130","1159","901","134","22778","","","12779","373","9626"
"2044","Liss Kerstin Sylvén","Female","Uddevalla","SE-O","SE","F70-74","FIN","6:20:08","","0:00:00","3:35:46","0:07:04","2:37:19","1160","259","1","3500","99999","99999","99999","1208","261","1","1160","259","1","22808","","","12946","424","9439"
"1865","Loni Good","Female","FIRESTONE","US-CO","US","F45-49","FIN","6:20:11","","0:00:00","3:15:59","0:04:04","3:00:08","1161","260","32","1311","99999","99999","99999","769","125","16","1161","260","32","22811","","","11759","244","10808"
"947","William Gibula","Male","Sugar Land","Texas","US","M35-39","FIN","6:20:27","","0:00:00","3:59:55","0:17:23","2:03:09","1162","902","136","873","99999","99999","99999","1534","1137","169","1162","902","136","22827","","","14395","1043","7389"
"1010","Colton Runnels","Male","Dallas","TX","US","M25-29","FIN","6:20:30","","0:00:00","3:37:34","0:07:19","2:35:37","1163","903","116","1247","99999","99999","99999","1238","970","112","1163","903","116","22830","","","13054","439","9337"
"1634","Kaitlen Stewart","Female","LITTLE ROCK","AR","US","F35-39","FIN","6:20:31","","0:00:00","3:38:14","0:03:47","2:38:30","1164","261","38","1571","99999","99999","99999","1249","275","39","1164","261","38","22831","","","13094","227","9510"
"355","Kc Singletary","Female","AUSTIN","TX","US","F55-59","FIN","6:20:55","","0:00:00","3:20:57","0:07:08","2:52:49","1165","262","22","1608","99999","99999","99999","882","161","16","1165","262","22","22855","","","12057","428","10369"
"563","Joshua Shelton","Male","Little elm","TX","US","M18-24","FIN","6:21:04","","0:00:00","3:31:37","0:11:37","2:37:51","1166","904","71","740","99999","99999","99999","1122","892","60","1166","904","71","22864","","","12697","697","9471"
"1301","Alexander Rottman","Male","MAUMELLE","AR","US","M30-34","FIN","6:21:08","","0:00:00","3:33:57","0:08:52","2:38:19","1167","905","135","700","99999","99999","99999","1165","922","132","1167","905","135","22868","","","12837","532","9499"
"1640","Abe Slocum","Male","Denham Springs","LA","US","M45-49","FIN","6:21:09","","0:00:00","3:16:22","0:05:31","2:59:15","1168","906","116","770","99999","99999","99999","777","649","87","1168","906","116","22869","","","11782","331","10755"
"987","Dhruv Vaishnav","Male","Plano","NY","US","M25-29","FIN","6:21:09","","0:00:00","3:45:59","0:04:43","2:30:28","1169","907","117","1236","99999","99999","99999","1370","1043","126","1169","907","117","22869","","","13559","283","9028"
"814","Sarah Gangwere","Female","Colleyville","TX","US","F45-49","FIN","6:21:10","","0:00:00","3:44:33","0:09:12","2:27:25","1170","263","33","1293","99999","99999","99999","1351","317","41","1170","263","33","22870","","","13473","552","8845"
"329","Jamie Dismuke","Female","Sanford","US-NC","US","F45-49","FIN","6:21:17","","0:00:00","3:25:16","0:03:45","2:52:17","1171","264","34","1291","99999","99999","99999","986","184","27","1171","264","34","22877","","","12316","225","10337"
"1715","Danielle Hojnicki","Female","Chicago","Illinois","US","F30-34","FIN","6:21:39","","0:00:00","3:40:39","0:07:11","2:33:49","1172","265","30","1723","99999","99999","99999","1290","294","29","1172","265","30","22899","","","13239","431","9229"
"1856","Caroline Garner","Female","Nacogdoches","TX","US","F60-64","FIN","6:21:44","","0:00:00","3:24:48","0:13:22","2:43:34","1173","266","12","2189","99999","99999","99999","976","182","6","1173","266","12","22904","","","12288","802","9814"
"817","Greg Lynch","Male","MTN HOUSE","CA","US","M60-64","FIN","6:21:47","","0:00:00","3:18:53","0:10:51","2:52:03","1174","908","38","1188","99999","99999","99999","841","695","30","1174","908","38","22907","","","11933","651","10323"
"413","Raily Rincon","Female","Richardson","TX","US","F35-39","FIN","6:21:55","","0:00:00","3:34:47","0:04:48","2:42:20","1175","267","39","1546","99999","99999","99999","1185","253","33","1175","267","39","22915","","","12887","288","9740"
"1614","Luke McCann","Male","Dallas","TX","US","M30-34","FIN","6:22:00","","0:00:00","3:43:17","0:06:42","2:32:01","1176","909","136","700","99999","99999","99999","1332","1019","145","1176","909","136","22920","","","13397","402","9121"
"1964","Arvind Krishnappa","Male","Frisco","TX","US","M50-54","FIN","6:22:10","","0:00:00","3:30:00","0:07:20","2:44:51","1177","910","85","919","99999","99999","99999","1089","876","94","1177","910","85","22930","","","12600","440","9891"
"1321","John Hance","Male","CORP CHRISTI","TX","US","M55-59","FIN","6:22:19","","0:00:00","3:34:36","0:09:33","2:38:10","1178","911","76","1088","99999","99999","99999","1183","931","80","1178","911","76","22939","","","12876","573","9490"
"695","Paul Wilson","Male","Frisco","US-TX","US","M60-64","FIN","6:22:26","","0:00:00","3:44:17","0:14:14","2:23:55","1179","912","39","1176","99999","99999","99999","1344","1030","53","1179","912","39","22946","","","13457","854","8635"
"223","Nathan Johnson","Male","Aubrey","US-TX","US","M35-39","FIN","6:22:34","","0:00:00","3:37:32","0:03:06","2:41:55","1180","913","137","835","99999","99999","99999","1237","969","138","1180","913","137","22954","","","13052","186","9715"
"1516","Lauren Tischler","Female","Christoval","TX","US","F45-49","FIN","6:22:46","","0:00:00","3:41:26","0:08:38","2:32:42","1181","268","35","1264","99999","99999","99999","1301","302","40","1181","268","35","22966","","","13286","518","9162"
"593","Matthew Hopkins","Male","Dallas","US-TX","US","M35-39","FIN","6:22:47","","0:00:00","3:39:17","0:04:02","2:39:27","1182","914","138","831","99999","99999","99999","1266","984","142","1182","914","138","22967","","","13157","242","9567"
"1479","Deanne Barbery-Frey","Female","WAXAHACHIE","TX","US","F40-44","FIN","6:22:51","","0:00:00","3:40:01","0:05:28","2:37:22","1183","269","42","1347","99999","99999","99999","1280","288","41","1183","269","42","22971","","","13201","328","9442"
"1646","Bobby Morgan","Male","Dallas","US-TX","US","M40-44","FIN","6:22:58","","0:00:00","3:31:29","0:08:40","2:42:49","1184","915","115","700","99999","99999","99999","1118","890","115","1184","915","115","22978","","","12689","520","9769"
"121","Joan Luis Guzman","Male","Dallas","TEXAS","DO","M45-49","FIN","6:23:10","","0:00:00","3:18:46","0:03:32","3:00:52","1185","916","117","734","99999","99999","99999","836","691","95","1185","916","117","22990","","","11926","212","10852"
"1332","Chris Ray","Male","Propser","TX","US","M50-54","FIN","6:23:20","","0:00:00","3:25:19","0:05:11","2:52:50","1186","917","86","898","99999","99999","99999","988","803","86","1186","917","86","23000","","","12319","311","10370"
"663","Luis Cabrera","Male","McKinney","TX","US","M45-49","FIN","6:23:24","","0:00:00","3:34:02","0:02:15","2:47:07","1187","918","118","729","99999","99999","99999","1168","925","123","1187","918","118","23004","","","12842","135","10027"
"1831","Corbin Douds","Male","New Braunfels","TX","US","M25-29","FIN","6:23:25","","0:00:00","3:51:32","0:06:55","2:24:59","1188","919","118","1195","99999","99999","99999","1443","1089","129","1188","919","118","23005","","","13892","415","8699"
"1753","Tim Smith","Male","OWENS X RDS","US-AL","US","M55-59","FIN","6:23:37","","0:00:00","3:17:53","0:06:17","2:59:27","1189","920","77","1064","99999","99999","99999","814","672","62","1189","920","77","23017","","","11873","377","10767"
"1033","Maurizio Ghisoli","Male","PLANO","US-Texas","US","M50-54","FIN","6:23:38","","0:00:00","3:27:49","0:05:53","2:49:56","1190","921","87","893","99999","99999","99999","1049","847","90","1190","921","87","23018","","","12469","353","10196"
"624","Jake Ysasaga","Male","Frisco","TX","US","M18-24","FIN","6:23:42","","0:00:00","3:17:19","0:07:09","2:59:14","1191","922","72","700","99999","99999","99999","797","662","45","1191","922","72","23022","","","11839","429","10754"
"500","Zach Pethoud","Male","McKinney","TEXAS","US","M45-49","FIN","6:23:45","","0:00:00","3:50:36","0:07:46","2:25:23","1192","923","119","723","99999","99999","99999","1428","1080","136","1192","923","119","23025","","","13836","466","8723"
"887","Peyton Frank","Male","Southlake","US-TX","US","M18-24","FIN","6:23:47","","0:00:00","3:48:47","0:11:33","2:23:27","1193","924","73","700","99999","99999","99999","1411","1069","75","1193","924","73","23027","","","13727","693","8607"
"1326","Morgan Micheli","Female","Irving","Texas","US","F25-29","FIN","6:23:48","","0:00:00","3:57:38","0:03:03","2:23:07","1194","270","32","1017","99999","99999","99999","1519","390","41","1194","270","32","23028","","","14258","183","8587"
"1901","Nathan Harris","Male","Dallas","TX","US","M50-54","FIN","6:23:49","","0:00:00","3:13:02","0:06:57","3:03:51","1195","925","88","890","99999","99999","99999","689","584","68","1195","925","88","23029","","","11582","417","11031"
"1859","Trip Blizzard","Male","Allen","Texas","US","M18-24","FIN","6:23:52","","0:00:00","4:11:15","0:03:24","2:09:12","1196","926","74","700","99999","99999","99999","1618","1177","86","1196","926","74","23032","","","15075","204","7752"
"644","Robert Cunningham","Male","Plano","Texas","US","M55-59","FIN","6:24:03","","0:00:00","3:26:37","0:04:12","2:53:14","1197","927","78","1056","99999","99999","99999","1016","824","72","1197","927","78","23043","","","12397","252","10394"
"1585","Abel Mathew","Male","Dallas","Texas","US","M30-34","FIN","6:24:19","","0:00:00","4:00:39","0:08:02","2:15:37","1198","928","137","700","99999","99999","99999","1541","1143","165","1198","928","137","23059","","","14439","482","8137"
"1566","Laura Isby","Female","Houston","US-TX","US","F30-34","FIN","6:24:29","","0:00:00","3:44:49","0:06:08","2:33:32","1199","271","31","1672","99999","99999","99999","1353","318","33","1199","271","31","23069","","","13489","368","9212"
"180","Becka Gartner","Female","HOT SPRINGS","AR","US","F55-59","FIN","6:24:30","","0:00:00","3:31:40","0:04:09","2:48:42","1200","272","23","1544","99999","99999","99999","1123","231","28","1200","272","23","23070","","","12700","249","10122"
"1523","Ana Roland","Female","Fort Worth","TX","US","F45-49","FIN","6:24:35","","0:00:00","3:50:39","0:06:31","2:27:24","1201","273","36","1232","99999","99999","99999","1430","349","49","1201","273","36","23075","","","13839","391","8844"
"636","Robert Clarke","Male","Carrollton ","Texas","US","M50-54","FIN","6:24:42","","0:00:00","3:27:51","0:04:56","2:51:55","1202","929","89","874","99999","99999","99999","1051","849","91","1202","929","89","23082","","","12471","296","10315"
"226","Tyler Adair","Male","Plano","TX","US","M25-29","FIN","6:24:50","","0:00:00","3:33:32","0:03:02","2:48:16","1203","930","119","1169","99999","99999","99999","1158","915","107","1203","930","119","23090","","","12812","182","10096"
"162","Franklin Pugh","Male","Southern Pines","NORTH CAROLINA","US","M30-34","FIN","6:24:52","","0:00:00","3:40:08","0:03:55","2:40:50","1204","931","138","700","99999","99999","99999","1283","994","141","1204","931","138","23092","","","13208","235","9650"
"1436","Jacob Weston","Male","St. George","UT","US","M30-34","FIN","6:25:10","","0:00:00","4:01:00","0:07:56","2:16:13","1205","932","139","700","99999","99999","99999","1545","1146","167","1205","932","139","23110","","","14460","476","8173"
"697","Bodie Leonard","Male","Kingwood","TX","US","M45-49","FIN","6:25:16","","0:00:00","4:04:33","0:07:23","2:13:20","1206","933","120","700","99999","99999","99999","1585","1159","142","1206","933","120","23116","","","14673","443","8000"
"696","Shawn Jackson","Female","Frisco","US-TX","US","F45-49","FIN","6:25:21","","0:00:00","4:01:59","0:10:02","2:13:20","1207","274","37","1218","99999","99999","99999","1559","409","59","1207","274","37","23121","","","14519","602","8000"
"1774","Chad Cartwright","Male","Lubbock","TX","US","M50-54","FIN","6:25:27","","0:00:00","3:02:53","0:05:41","3:16:53","1208","934","90","860","99999","99999","99999","457","408","51","1208","934","90","23127","","","10973","341","11813"
"551","Joshua Napier","Male","Plano","TEXAS","US","M30-34","FIN","6:25:31","","0:00:00","4:01:00","0:04:18","2:20:14","1209","935","140","700","99999","99999","99999","1544","1145","166","1209","935","140","23131","","","14460","258","8414"
"1768","Marissa Thibodeaux","Female","Houston","US-TX","US","F30-34","FIN","6:25:37","","0:00:00","3:42:12","0:12:35","2:30:50","1210","275","32","1652","99999","99999","99999","1316","310","32","1210","275","32","23137","","","13332","755","9050"
"846","Sally Hanna","Female","Erie","CO","UG","F55-59","FIN","6:25:42","","0:00:00","3:25:45","0:08:30","2:51:27","1211","276","24","1522","99999","99999","99999","994","187","21","1211","276","24","23142","","","12345","510","10287"
"1730","Greg Long","Male","Leander","US-TX","CA","M50-54","FIN","6:25:55","","0:00:00","3:28:31","0:04:15","2:53:08","1212","936","91","852","99999","99999","99999","1062","859","92","1212","936","91","23155","","","12511","255","10388"
"1209","Kristine Renninger","Female","Grand Junction","US-CO","US","F55-59","FIN","6:25:55","","0:00:00","3:26:43","0:07:47","2:51:25","1213","277","25","1518","99999","99999","99999","1018","193","22","1213","277","25","23155","","","12403","467","10285"
"1630","Ana Del Val","Female","Dunboyne","MEATH","ES","F55-59","FIN","6:26:05","","0:00:00","3:40:10","0:05:23","2:40:32","1214","278","26","1515","99999","99999","99999","1284","290","34","1214","278","26","23165","","","13210","323","9632"
"969","JOHN PAUL","Male","FORT MYERS","US-FL","US","M55-59","FIN","6:26:07","","0:00:00","3:15:01","0:03:32","3:07:35","1215","937","79","1019","99999","99999","99999","742","623","55","1215","937","79","23167","","","11701","212","11255"
"2035","Mike Steele","Male","Keller","Texas","US","M45-49","FIN","6:26:13","","0:00:00","3:12:23","0:06:49","3:07:01","1216","938","121","700","99999","99999","99999","671","571","83","1216","938","121","23173","","","11543","409","11221"
"1483","Ken Hunter","Male","MCKINNEY","TX","US","M50-54","FIN","6:26:16","","0:00:00","3:19:03","0:08:46","2:58:28","1217","939","92","845","99999","99999","99999","846","698","77","1217","939","92","23176","","","11943","526","10708"
"890","Josh Dangott","Male","Flower Mound","TEXAS","US","M35-39","FIN","6:26:18","","0:00:00","3:48:04","0:06:27","2:31:46","1218","940","139","768","99999","99999","99999","1405","1064","152","1218","940","139","23178","","","13684","387","9106"
"1157","Jacob Jones","Male","FARMERS BRNCH","TX","US","M35-39","FIN","6:26:23","","0:00:00","3:37:37","0:04:43","2:44:03","1219","941","140","766","99999","99999","99999","1240","972","139","1219","941","140","23183","","","13057","283","9843"
"957","Stoney Laurel","Male","Garland","US-TX","PH","M40-44","FIN","6:26:31","","0:00:00","3:26:27","0:06:51","2:53:13","1220","942","116","700","99999","99999","99999","1008","818","104","1220","942","116","23191","","","12387","411","10393"
"790","Amelia Davidson","Female","Southlake","TEXAS","US","F18-24","FIN","6:26:36","","0:00:00","3:53:43","0:05:44","2:27:08","1221","279","21","1487","99999","99999","99999","1469","366","22","1221","279","21","23196","","","14023","344","8828"
"1340","Ambar Dev","Male","ALLEN","US-US-TX","IN","M45-49","FIN","6:26:37","","0:00:00","3:36:52","0:10:13","2:39:32","1222","943","122","700","99999","99999","99999","1226","961","127","1222","943","122","23197","","","13012","613","9572"
"1078","Beau Dekker","Male","Seattle","WA","US","M30-34","FIN","6:26:40","","0:00:00","3:38:34","0:04:24","2:43:42","1223","944","141","700","99999","99999","99999","1255","977","136","1223","944","141","23200","","","13114","264","9822"
"1746","John Tucker","Male","LITTLE ROCK","AR","US","M60-64","FIN","6:26:40","","0:00:00","3:29:36","0:07:26","2:49:38","1224","945","40","1100","99999","99999","99999","1083","872","42","1224","945","40","23200","","","12576","446","10178"
"425","Caleb Mcconnell","Male","KELLER","TX","US","M45-49","FIN","6:26:43","","0:00:00","3:36:41","0:08:42","2:41:19","1225","946","123","700","99999","99999","99999","1224","959","126","1225","946","123","23203","","","13001","522","9679"
"1731","Jennifer Berryhill","Female","LEANDER","US-TX","US","F50-54","FIN","6:26:55","","0:00:00","3:20:24","0:06:22","3:00:08","1226","280","34","1491","99999","99999","99999","872","155","19","1226","280","34","23215","","","12024","382","10808"
"1924","Thomas Hupez","Male","BENTONVILLE","US-AR","US","M35-39","FIN","6:27:08","","0:00:00","3:38:52","0:07:49","2:40:26","1227","947","141","753","99999","99999","99999","1257","979","141","1227","947","141","23228","","","13132","469","9626"
"1470","Joe Kelly","Male","Round Rock","Texas","US","M50-54","FIN","6:27:11","","0:00:00","3:55:27","0:07:00","2:24:45","1228","948","93","829","99999","99999","99999","1495","1117","105","1228","948","93","23231","","","14127","420","8685"
"1364","Lezi Davidson","Female","Flower Mound","TX","US","F40-44","FIN","6:27:18","","0:00:00","3:51:01","0:06:18","2:29:59","1229","281","43","1267","99999","99999","99999","1437","352","49","1229","281","43","23238","","","13861","378","8999"
"729","Nathan Reiter","Male","Benton","Arkansas","US","M30-34","FIN","6:27:23","","0:00:00","4:00:38","0:08:30","2:18:15","1230","949","142","700","99999","99999","99999","1540","1142","164","1230","949","142","23243","","","14438","510","8295"
"1605","Matthew White","Male","Dallas","TX","US","M25-29","FIN","6:27:27","","0:00:00","3:28:14","0:06:38","2:52:35","1231","950","120","1122","99999","99999","99999","1059","856","99","1231","950","120","23247","","","12494","398","10355"
"2002","Ryan Mclarry","Male","Plano","TX","US","M40-44","FIN","6:27:36","","0:00:00","3:36:31","0:09:06","2:41:58","1232","951","117","700","99999","99999","99999","1220","956","127","1232","951","117","23256","","","12991","546","9718"
"1638","Neil Wilkerson","Male","Corpus Christi","Texas","US","M25-29","FIN","6:27:45","","0:00:00","3:39:42","0:07:05","2:40:58","1233","952","121","1117","99999","99999","99999","1277","991","117","1233","952","121","23265","","","13182","425","9658"
"1496","Sharon Cebik","Female","Irving","US-TX","US","F45-49","FIN","6:27:47","","0:00:00","3:53:09","0:05:31","2:29:08","1234","282","38","1174","99999","99999","99999","1463","363","50","1234","282","38","23267","","","13989","331","8948"
"785","Madelyn Parker","Female","Carrollton","TX","US","F25-29","FIN","6:27:49","","0:00:00","3:36:12","0:05:41","2:45:56","1235","283","33","944","99999","99999","99999","1213","262","27","1235","283","33","23269","","","12972","341","9956"
"2001","Timothy Anderson","Male","Fort Worth","TX","US","M70-74","FIN","6:27:55","","0:00:00","3:24:53","0:07:40","2:55:22","1236","953","4","2355","99999","99999","99999","979","796","3","1236","953","4","23275","","","12293","460","10522"
"1501","Drake Johnson","Male","Coal Center","Pennsylvania","US","M25-29","FIN","6:27:57","","0:00:00","4:24:30","0:03:16","2:00:11","1237","954","122","1113","99999","99999","99999","1649","1188","145","1237","954","122","23277","","","15870","196","7211"
"1261","Tawnya Mann","Female","Cypress","TX","US","F45-49","FIN","6:28:03","","0:00:00","3:37:31","0:06:56","2:43:36","1238","284","39","1169","99999","99999","99999","1235","268","37","1238","284","39","23283","","","13051","416","9816"
"1237","Brad Strobel","Male","College Station","Texas","US","M25-29","FIN","6:28:29","","0:00:00","4:06:26","0:06:04","2:15:59","1239","955","123","1104","99999","99999","99999","1599","1166","139","1239","955","123","23309","","","14786","364","8159"
"937","Aaron Jones","Male","Dallas","TX","US","M45-49","FIN","6:28:43","","0:00:00","3:25:52","0:06:59","2:55:52","1240","956","124","700","99999","99999","99999","996","808","114","1240","956","124","23323","","","12352","419","10552"
"1467","Brianna Broussard","Female","Denton","TX","US","F30-34","FIN","6:28:48","","0:00:00","3:42:10","0:04:51","2:41:47","1241","285","33","1594","99999","99999","99999","1314","308","31","1241","285","33","23328","","","13330","291","9707"
"1308","Tony Black","Male","Dallas","Texas","US","M30-34","FIN","6:28:51","","0:00:00","3:58:54","0:02:41","2:27:17","1242","957","143","700","99999","99999","99999","1527","1132","161","1242","957","143","23331","","","14334","161","8837"
"1114","Hugo Correa","Male","SALISBURY","NC","US","M45-49","FIN","6:29:01","","0:00:00","3:20:04","0:05:41","3:03:16","1243","958","125","700","99999","99999","99999","868","715","96","1243","958","125","23341","","","12004","341","10996"
"234","Michael Mitchell","Male","MOYOCK","US-NC","US","M60-64","FIN","6:29:08","","0:00:00","3:26:42","0:03:58","2:58:29","1244","959","41","1056","99999","99999","99999","1017","825","39","1244","959","41","23348","","","12402","238","10709"
"1739","Michelle Walker","Female","Newburgh","IN","US","F55-59","FIN","6:29:22","","0:00:00","4:01:25","0:07:07","2:20:50","1245","286","27","1456","99999","99999","99999","1549","402","43","1245","286","27","23362","","","14485","427","8450"
"2016","Christofer Turner","Male","Flower Mound","TX","US","M40-44","FIN","6:29:23","","0:00:00","3:33:08","0:08:43","2:47:32","1246","960","118","700","99999","99999","99999","1154","913","119","1246","960","118","23363","","","12788","523","10052"
"1973","Jeremy Hartley","Male","Elkhorn","NE","US","M40-44","FIN","6:29:29","","0:00:00","3:15:03","0:07:23","3:07:03","1247","961","119","700","99999","99999","99999","744","624","80","1247","961","119","23369","","","11703","443","11223"
"767","Eric Benson","Male","Fort Worth","TX","US","M40-44","FIN","6:29:46","","0:00:00","3:25:00","0:09:02","2:55:44","1248","962","120","700","99999","99999","99999","984","801","100","1248","962","120","23386","","","12300","542","10544"
"1149","Erin Reep","Female","Athens","US-NY","US","F45-49","FIN","6:29:48","","0:00:00","3:30:51","0:05:19","2:53:38","1249","287","40","1138","99999","99999","99999","1109","223","33","1249","287","40","23388","","","12651","319","10418"
"1666","Kayhan Wakehouse","Male","Austin","Texas","US","M25-29","FIN","6:29:48","","0:00:00","3:52:17","0:06:33","2:30:58","1250","963","124","1080","99999","99999","99999","1453","1095","130","1250","963","124","23388","","","13937","393","9058"
"2059","Caroline Anderson","Female","Dallas","TX","US","F55-59","FIN","6:29:50","","0:00:00","3:38:10","0:07:53","2:43:47","1251","288","28","1448","99999","99999","99999","1247","273","31","1251","288","28","23390","","","13090","473","9827"
"1131","Megan Cabrera","Female","RICHMOND","TX","US","F40-44","FIN","6:29:53","","0:00:00","3:14:26","0:04:55","3:10:32","1252","289","44","1221","99999","99999","99999","723","112","22","1252","289","44","23393","","","11666","295","11432"
"1221","Brettany D'Amelio","Female","Plano","TX","US","F35-39","FIN","6:29:54","","0:00:00","3:38:12","0:10:22","2:41:20","1253","290","40","1403","99999","99999","99999","1248","274","38","1253","290","40","23394","","","13092","622","9680"
"1509","Mia Gray","Female","Melissa","Texas","PL","F18-24","FIN","6:30:02","","0:00:00","3:40:20","0:04:59","2:44:43","1254","291","22","1426","99999","99999","99999","1288","293","19","1254","291","22","23402","","","13220","299","9883"
"758","Michelle Merunka","Female","Buda","TX","US","F45-49","FIN","6:30:02","","0:00:00","3:31:33","0:03:08","2:55:22","1255","292","41","1133","99999","99999","99999","1120","230","35","1255","292","41","23402","","","12693","188","10522"
"866","Isabel Wickerham","Female","Grapevine","Texas","US","F25-29","FIN","6:30:07","","0:00:00","3:39:12","0:03:20","2:47:35","1256","293","34","903","99999","99999","99999","1262","280","30","1256","293","34","23407","","","13152","200","10055"
"1504","Joseph Rosenberger","Male","Huntsville","Texas","US","M30-34","FIN","6:30:14","","0:00:00","3:05:18","0:03:52","3:21:05","1257","964","144","700","99999","99999","99999","518","452","66","1257","964","144","23414","","","11118","232","12065"
"635","Angela Brumley","Female","McKinney","TX","US","F50-54","FIN","6:30:17","","0:00:00","3:28:43","0:08:20","2:53:14","1258","294","35","1430","99999","99999","99999","1067","205","27","1258","294","35","23417","","","12523","500","10394"
"1387","Christy Householter","Female","Garland","TX","US","F60-64","FIN","6:30:18","","0:00:00","3:29:41","0:06:18","2:54:19","1259","295","13","2035","99999","99999","99999","1085","212","9","1259","295","13","23418","","","12581","378","10459"
"1229","Rick Fredin","Male","New London","MN","US","M55-59","FIN","6:30:19","","0:00:00","3:26:03","0:04:48","2:59:28","1260","965","80","944","99999","99999","99999","998","810","70","1260","965","80","23419","","","12363","288","10768"
"1438","West Hagler","Male","Corpus Christi","TX","US","M25-29","FIN","6:30:20","","0:00:00","3:40:16","0:05:47","2:44:17","1261","966","125","1070","99999","99999","99999","1285","995","118","1261","966","125","23420","","","13216","347","9857"
"1318","Ryan Hart","Male","Frisco","TX","US","M18-24","FIN","6:30:22","","0:00:00","3:50:39","0:05:56","2:33:47","1262","967","75","700","99999","99999","99999","1429","1081","78","1262","967","75","23422","","","13839","356","9227"
"1002","Deborah Clinebell","Female","HUMBLE","US-TX","US","F60-64","FIN","6:30:43","","0:00:00","3:31:50","0:08:15","2:50:38","1263","296","14","2027","99999","99999","99999","1125","232","10","1263","296","14","23443","","","12710","495","10238"
"2097","Ramon Samaniego","Male","Midland","TX","US","M40-44","FIN","6:30:45","","0:00:00","3:55:01","0:08:14","2:27:30","1264","968","121","700","99999","99999","99999","1492","1114","146","1264","968","121","23445","","","14101","494","8850"
"2099","Eliana Samaniego","Female","Midland","Texas","US","F35-39","FIN","6:30:48","","0:00:00","3:54:57","0:08:22","2:27:30","1265","297","41","1386","99999","99999","99999","1491","378","48","1265","297","41","23448","","","14097","502","8850"
"1762","Patrick Baker","Male","ARLINGTON","TX","US","M45-49","FIN","6:31:08","","0:00:00","3:24:25","0:05:18","3:01:25","1266","969","126","700","99999","99999","99999","967","789","108","1266","969","126","23468","","","12265","318","10885"
"1930","Rachel Aumann","Female","GREENVILLE","TX","US","F40-44","FIN","6:31:21","","0:00:00","3:57:25","0:10:34","2:23:21","1267","298","45","1194","99999","99999","99999","1518","389","56","1267","298","45","23481","","","14245","634","8601"
"1756","Susan Ball","Female","TULSA","OK","US","F45-49","FIN","6:31:26","","0:00:00","3:53:48","0:04:05","2:33:33","1268","299","42","1108","99999","99999","99999","1471","367","51","1268","299","42","23486","","","14028","245","9213"
"1155","Dennis Ali","Male","Monahans","TX","PH","M35-39","FIN","6:31:29","","0:00:00","3:53:01","0:06:19","2:32:09","1269","970","142","700","99999","99999","99999","1460","1100","160","1269","970","142","23489","","","13981","379","9129"
"1463","Dow McCarty","Male","Tupelo ","Mississippi","US","M18-24","FIN","6:31:36","","0:00:00","3:43:20","0:08:41","2:39:34","1270","971","76","700","99999","99999","99999","1334","1021","71","1270","971","76","23496","","","13400","521","9574"
"1920","Evan Sandmann","Male","Coppell","TX","US","M30-34","FIN","6:31:41","","0:00:00","3:24:03","0:05:52","3:01:47","1271","972","145","700","99999","99999","99999","957","780","113","1271","972","145","23501","","","12243","352","10907"
"175","Jennifer Daniel","Female","DALLAS","US-TX","US","F35-39","FIN","6:31:43","","0:00:00","3:41:45","0:03:45","2:46:13","1272","300","42","1370","99999","99999","99999","1310","306","42","1272","300","42","23503","","","13305","225","9973"
"1933","Matthew Boggs","Male","Fort Worth","TX","US","M30-34","FIN","6:31:49","","0:00:00","3:25:45","0:04:42","3:01:22","1273","973","146","700","99999","99999","99999","993","807","115","1273","973","146","23509","","","12345","282","10882"
"843","Tamra Nowak","Male","frisco","US-TX","US","M30-34","FIN","6:31:50","","0:00:00","3:39:08","0:08:37","2:44:04","1274","974","147","700","99999","99999","99999","1261","982","138","1274","974","147","23510","","","13148","517","9844"
"1759","Matt Garcia","Male","McKinney","Texas","US","M40-44","FIN","6:32:00","","0:00:00","3:31:29","0:07:45","2:52:46","1275","975","122","700","99999","99999","99999","1117","889","114","1275","975","122","23520","","","12689","465","10366"
"1430","Jorge Rodriguez","Male","North Richland Hills","US-Texas","US","M40-44","FIN","6:32:03","","0:00:00","3:34:10","0:10:18","2:47:35","1276","976","123","700","99999","99999","99999","1172","927","121","1276","976","123","23523","","","12850","618","10055"
"1369","Logan Romo","Male","Wylie","US-TEXAS","US","M30-34","FIN","6:32:45","","0:00:00","3:53:42","0:02:44","2:36:19","1277","977","148","700","99999","99999","99999","1468","1103","157","1277","977","148","23565","","","14022","164","9379"
"1290","Nancy Diaz","Female","Lowell","Arkansas","US","F30-34","FIN","6:33:02","","0:00:00","4:02:00","0:04:06","2:26:55","1278","301","34","1518","99999","99999","99999","1560","410","43","1278","301","34","23582","","","14520","246","8815"
"465","Christine Jacobsen","Female","TOMAH","WI","US","F45-49","FIN","6:33:06","","0:00:00","3:49:58","0:05:15","2:37:53","1279","302","43","1078","99999","99999","99999","1424","347","48","1279","302","43","23586","","","13798","315","9473"
"1987","Andrew Rohr","Male","Houston","TX","US","M30-34","FIN","6:33:15","","0:00:00","3:55:42","0:09:10","2:28:23","1280","978","149","700","99999","99999","99999","1501","1119","158","1280","978","149","23595","","","14142","550","8903"
"1894","Ricardo Macias","Male","HOUSTON","TX","MX","M40-44","FIN","6:33:32","","0:00:00","3:27:47","0:09:14","2:56:31","1281","979","124","700","99999","99999","99999","1046","844","107","1281","979","124","23612","","","12467","554","10591"
"1151","Jared Kaminski","Male","HELOTES","US-TX","US","M40-44","FIN","6:33:33","","0:00:00","3:50:00","0:05:34","2:37:59","1282","980","125","700","99999","99999","99999","1426","1079","143","1282","980","125","23613","","","13800","334","9479"
"857","Rishi Villa","Male","Dallas","Texas","IN","M18-24","FIN","6:33:41","","0:00:00","3:51:34","0:07:47","2:34:21","1283","981","77","700","99999","99999","99999","1444","1090","79","1283","981","77","23621","","","13894","467","9261"
"1996","Carol Earles","Female","RAVENDEN SPGS","AR","US","F55-59","FIN","6:33:43","","0:00:00","3:27:52","0:05:57","2:59:54","1284","303","29","1378","99999","99999","99999","1053","203","25","1284","303","29","23623","","","12472","357","10794"
"1661","Tracy Ash","Female","College Station","US-TX","US","F45-49","FIN","6:33:50","","0:00:00","3:23:34","0:05:23","3:04:53","1285","304","44","1065","99999","99999","99999","947","175","25","1285","304","44","23630","","","12214","323","11093"
"1038","Ross De wet","Male","Forney","Texas","US","M35-39","FIN","6:33:50","","0:00:00","4:30:40","0:04:07","1:59:02","1286","982","143","700","99999","99999","99999","1659","1192","175","1286","982","143","23630","","","16240","247","7142"
"678","Ana Santos","Female","Dallas","US-US-TX","PH","F40-44","FIN","6:33:53","","0:00:00","3:47:48","0:05:35","2:40:30","1287","305","46","1149","99999","99999","99999","1399","340","48","1287","305","46","23633","","","13668","335","9630"
"925","Laura Boyajian","Female","Frisco","Texas","US","F55-59","FIN","6:34:01","","0:00:00","3:52:43","0:07:00","2:34:17","1288","306","30","1373","99999","99999","99999","1457","360","40","1288","306","30","23641","","","13963","420","9257"
"244","Joanna Palmer","Female","JEFFERSON CTY","MO","US","F50-54","FIN","6:34:12","","0:00:00","3:35:15","0:07:30","2:51:27","1289","307","36","1360","99999","99999","99999","1197","256","36","1289","307","36","23652","","","12915","450","10287"
"943","Erika Chau","Female","West Hills","US-CA","US","F50-54","FIN","6:34:19","","0:00:00","3:40:44","0:09:01","2:44:33","1290","308","37","1358","99999","99999","99999","1295","297","41","1290","308","37","23659","","","13244","541","9873"
"1175","Henk Kool","Male","CONROE","TX","NL","M60-64","FIN","6:34:23","","0:00:00","3:34:00","0:10:50","2:49:33","1291","983","42","961","99999","99999","99999","1167","924","48","1291","983","42","23663","","","12840","650","10173"
"801","Rebecca Vickers","Female","Murrieta","CA","US","F50-54","FIN","6:34:27","","0:00:00","3:05:08","0:28:29","3:00:50","1292","309","38","1355","99999","99999","99999","511","66","8","1292","309","38","23667","","","11108","1709","10850"
"589","David Gehlen","Male","Maize","KS","US","M55-59","FIN","6:34:28","","0:00:00","3:30:00","0:07:28","2:57:00","1293","984","81","869","99999","99999","99999","1090","877","75","1293","984","81","23668","","","12600","448","10620"
"1354","ALEXANDRA JERRAL","Female","Mableton","US-GA","US","F25-29","FIN","6:34:36","","0:00:00","3:42:33","0:04:01","2:48:02","1294","310","35","822","99999","99999","99999","1324","311","33","1294","310","35","23676","","","13353","241","10082"
"1867","Daina Stoutenburg","Female","Round Rock","Texas","US","F35-39","FIN","6:34:38","","0:00:00","3:31:50","0:03:38","2:59:10","1295","311","43","1317","99999","99999","99999","1127","234","28","1295","311","43","23678","","","12710","218","10750"
"1330","Crystal Saavedra","Female","El Paso","TX","US","F35-39","FIN","6:34:53","","0:00:00","3:41:31","0:03:45","2:49:36","1296","312","44","1313","99999","99999","99999","1303","303","41","1296","312","44","23693","","","13291","225","10176"
"2067","Clayton Berger","Male","Wills Point","TX","US","M35-39","FIN","6:34:57","","0:00:00","3:34:27","0:13:42","2:46:48","1297","985","144","700","99999","99999","99999","1178","929","135","1297","985","144","23697","","","12867","822","10008"
"2065","Amethyst Kelly","Female","Longview","Texas","US","F30-34","FIN","6:34:59","","0:00:00","3:34:33","0:13:36","2:46:50","1298","313","35","1483","99999","99999","99999","1180","250","28","1298","313","35","23699","","","12873","816","10010"
"802","Kari Hebert","Female","FLINTSTONE","GA","US","F50-54","FIN","6:35:06","","0:00:00","3:29:59","0:04:18","3:00:50","1299","314","39","1343","99999","99999","99999","1088","213","28","1299","314","39","23706","","","12599","258","10850"
"1143","Jonathan Munoz","Male","The Colony","TX","US","M40-44","FIN","6:35:17","","0:00:00","3:47:32","0:08:02","2:39:44","1300","986","126","700","99999","99999","99999","1394","1059","140","1300","986","126","23717","","","13652","482","9584"
"1031","Rusty Faircloth","Male","Oklahoma City","OK","US","M40-44","FIN","6:35:26","","0:00:00","3:19:31","0:06:21","3:09:34","1301","987","127","700","99999","99999","99999","858","708","87","1301","987","127","23726","","","11971","381","11374"
"722","Jonathan Heistein","Male","Southlake","TX","US","M55-59","FIN","6:35:44","","0:00:00","3:14:07","0:04:06","3:17:31","1302","988","82","846","99999","99999","99999","718","607","54","1302","988","82","23744","","","11647","246","11851"
"1670","Dylan Best","Male","Round Rock","Texas","US","M18-24","FIN","6:35:53","","0:00:00","3:36:46","0:06:43","2:52:25","1303","989","78","700","99999","99999","99999","1225","960","68","1303","989","78","23753","","","13006","403","10345"
"1096","Tosh Fetter","Male","Phoenix","AZ","BR","M40-44","FIN","6:35:54","","0:00:00","3:23:17","0:38:05","2:34:32","1304","990","128","700","99999","99999","99999","938","766","94","1304","990","128","23754","","","12197","2285","9272"
"2042","Matt Wolfe","Male","Denver","CO","US","M50-54","FIN","6:36:12","","0:00:00","3:08:20","0:08:32","3:19:19","1305","991","94","700","99999","99999","99999","590","503","58","1305","991","94","23772","","","11300","512","11959"
"1995","Jacob Davis","Male","West Monroe","LA","US","M35-39","FIN","6:36:26","","0:00:00","3:42:21","0:04:34","2:49:30","1306","992","145","700","99999","99999","99999","1320","1010","144","1306","992","145","23786","","","13341","274","10170"
"1370","Ashley Limoges","Female","Pflugerville","Texas","US","F40-44","FIN","6:36:30","","0:00:00","3:56:52","0:08:21","2:31:17","1307","315","47","1102","99999","99999","99999","1512","386","55","1307","315","47","23790","","","14212","501","9077"
"1583","Rene Iedema","Male","Little Elm","Texas","NL","M50-54","FIN","6:36:51","","0:00:00","3:47:27","0:16:29","2:32:54","1308","993","95","700","99999","99999","99999","1393","1058","104","1308","993","95","23811","","","13647","989","9174"
"1265","John Rose","Male","McKinney","TX","US","M55-59","FIN","6:36:53","","0:00:00","3:46:38","0:04:37","2:45:38","1309","994","83","825","99999","99999","99999","1381","1047","93","1309","994","83","23813","","","13598","277","9938"
"1277","John Schnatz","Male","amarillo","TX","US","M65-69","FIN","6:36:57","","0:00:00","3:28:09","0:05:04","3:03:44","1310","995","20","1289","99999","99999","99999","1057","854","19","1310","995","20","23817","","","12489","304","11024"
"1773","Paul Beaty","Male","Denton","TX","US","M35-39","FIN","6:37:05","","0:00:00","3:42:17","0:06:14","2:48:33","1311","996","146","700","99999","99999","99999","1319","1009","143","1311","996","146","23825","","","13337","374","10113"
"1121","Bryan Delchamps","Male","Covington","Louisiana","US","M45-49","FIN","6:37:10","","0:00:00","3:22:07","0:06:43","3:08:20","1312","997","127","700","99999","99999","99999","912","745","101","1312","997","127","23830","","","12127","403","11300"
"888","Arthur Young","Male","San Antonio","TX","US","M60-64","FIN","6:37:17","","0:00:00","3:23:26","0:05:40","3:08:11","1313","998","43","909","99999","99999","99999","944","771","37","1313","998","43","23837","","","12206","340","11291"
"1170","Taylor Coleman","Female","The Colony","TX","US","F25-29","FIN","6:37:20","","0:00:00","3:45:32","0:05:13","2:46:35","1314","316","36","773","99999","99999","99999","1362","324","37","1314","316","36","23840","","","13532","313","9995"
"1874","Devon Vericker","Male","Little Elm","US-TX","US","M45-49","FIN","6:37:23","","0:00:00","3:53:43","0:12:04","2:31:36","1315","999","128","700","99999","99999","99999","1470","1104","138","1315","999","128","23843","","","14023","724","9096"
"1534","Jose Flores-Zaher","Male","SAN ANTONIO","TX","US","M55-59","FIN","6:37:25","","0:00:00","3:03:23","0:04:12","3:29:50","1316","1000","84","816","99999","99999","99999","471","418","39","1316","1000","84","23845","","","11003","252","12590"
"1685","Dalin Hanning","Male","Mesquite","Texas","US","M25-29","FIN","6:37:28","","0:00:00","3:49:05","0:07:01","2:41:23","1317","1001","126","942","99999","99999","99999","1419","1074","127","1317","1001","126","23848","","","13745","421","9683"
"380","Cassandra Cuyos","Female","LEAGUE CITY","US-TX","US","F35-39","FIN","6:37:36","","0:00:00","3:57:10","0:09:21","2:31:05","1318","317","45","1264","99999","99999","99999","1517","388","50","1318","317","45","23856","","","14230","561","9065"
"1115","Olivia Downing","Female","Carrollton","TEXAS","US","F30-34","FIN","6:37:44","","0:00:00","3:55:36","0:02:44","2:39:24","1319","318","36","1433","99999","99999","99999","1499","381","41","1319","318","36","23864","","","14136","164","9564"
"2018","Matthew Rose","Male","AUBREY","TX","US","M25-29","FIN","6:37:49","","0:00:00","3:44:12","0:05:56","2:47:41","1320","1002","127","936","99999","99999","99999","1343","1029","124","1320","1002","127","23869","","","13452","356","10061"
"1545","Natalie Tengberg","Female","Allen","Texas","US","F30-34","FIN","6:37:55","","0:00:00","4:02:39","0:03:55","2:31:21","1321","319","37","1430","99999","99999","99999","1568","415","44","1321","319","37","23875","","","14559","235","9081"
"504","John Packer","Male","Carrollton","US-TX","US","M60-64","FIN","6:38:02","","0:00:00","3:29:06","0:07:20","3:01:36","1322","1003","44","896","99999","99999","99999","1074","867","41","1322","1003","44","23882","","","12546","440","10896"
"1830","Philip Davis","Male","Owasso","Oklahoma","US","M35-39","FIN","6:38:09","","0:00:00","3:48:37","0:05:47","2:43:45","1323","1004","147","700","99999","99999","99999","1409","1067","153","1323","1004","147","23889","","","13717","347","9825"
"1433","Michael Sacks","Male","Dallas","TX","ZA","M25-29","FIN","6:38:10","","0:00:00","3:19:50","0:15:33","3:02:47","1324","1005","128","929","99999","99999","99999","861","711","82","1324","1005","128","23890","","","11990","933","10967"
"684","Ken Edwards","Male","Mckinney","TX","US","M55-59","FIN","6:38:13","","0:00:00","3:30:10","0:08:35","2:59:28","1325","1006","85","801","99999","99999","99999","1092","879","76","1325","1006","85","23893","","","12610","515","10768"
"865","Michael Sutter","Male","Chesterton","IN","US","M55-59","FIN","6:38:20","","0:00:00","3:44:31","0:03:01","2:50:48","1326","1007","86","799","99999","99999","99999","1350","1034","91","1326","1007","86","23900","","","13471","181","10248"
"708","Emmanuel Juarez","Male","Frisco","US-TX","MX","M45-49","FIN","6:38:30","","0:00:00","3:37:29","0:04:48","2:56:13","1327","1008","129","700","99999","99999","99999","1233","967","129","1327","1008","129","23910","","","13049","288","10573"
"205","Mike Wien","Male","BOULDER","CO","US","M75-79","FIN","6:38:30","","0:00:00","3:43:35","0:08:45","2:46:10","1328","1009","1","3500","99999","99999","99999","1336","1022","1","1328","1009","1","23910","","","13415","525","9970"
"1651","Nathan Walker","Male","Euless","TX","US","M25-29","FIN","6:38:33","","0:00:00","3:28:39","0:09:55","2:59:58","1329","1010","129","923","99999","99999","99999","1064","860","100","1329","1010","129","23913","","","12519","595","10798"
"2088","Babatunde Adedapo","Male","Laurel","MD","US","M40-44","FIN","6:38:38","","0:00:00","3:45:05","0:04:07","2:49:26","1330","1011","129","700","99999","99999","99999","1358","1037","137","1330","1011","129","23918","","","13505","247","10166"
"1073","Carlyn Johnson","Female","DALLAS","TX","US","F18-24","FIN","6:38:43","","0:00:00","3:56:57","0:03:38","2:38:08","1331","320","23","1269","99999","99999","99999","1513","387","23","1331","320","23","23923","","","14217","218","9488"
"660","Tyler Middleton","Male","The Colony","TX","US","M40-44","FIN","6:38:44","","0:00:00","3:35:01","0:11:35","2:52:08","1332","1012","130","700","99999","99999","99999","1191","937","124","1332","1012","130","23924","","","12901","695","10328"
"1280","Leslee Schauer","Female","Corpus Christi","TX","US","F40-44","FIN","6:38:53","","0:00:00","3:46:11","0:05:08","2:47:34","1333","321","48","1059","99999","99999","99999","1376","332","47","1333","321","48","23933","","","13571","308","10054"
"1717","Walter Ritchie","Male","Doyline","US-LA","US","M55-59","FIN","6:38:56","","0:00:00","3:41:21","0:05:56","2:51:40","1334","1013","87","788","99999","99999","99999","1299","999","86","1334","1013","87","23936","","","13281","356","10300"
"1435","Emily Mcdonough","Female","HOUSTON","TX","US","F30-34","FIN","6:38:57","","0:00:00","3:54:16","0:03:20","2:41:20","1335","322","38","1412","99999","99999","99999","1480","371","40","1335","322","38","23937","","","14056","200","9680"
"138","Atticus Brown","Male","Midland","Texas","US","M25-29","FIN","6:39:15","","0:00:00","3:54:51","0:04:17","2:40:07","1336","1014","130","910","99999","99999","99999","1489","1112","132","1336","1014","130","23955","","","14091","257","9607"
"621","Jeff Sellers","Male","Frisco","US-TX","US","M60-64","FIN","6:39:20","","0:00:00","3:16:00","0:08:52","3:14:28","1337","1015","45","872","99999","99999","99999","771","646","29","1337","1015","45","23960","","","11760","532","11668"
"2080","Tate Burleson","Male","TOMBALL","TX","US","M35-39","FIN","6:39:21","","0:00:00","3:28:40","0:03:42","3:06:58","1338","1016","148","700","99999","99999","99999","1065","861","125","1338","1016","148","23961","","","12520","222","11218"
"2007","Steven Rios","Male","Fate","TEXAS","US","M35-39","FIN","6:39:32","","0:00:00","3:45:53","0:04:05","2:49:34","1339","1017","149","700","99999","99999","99999","1369","1042","149","1339","1017","149","23972","","","13553","245","10174"
"1052","Savanna Lessley","Female","Bartonville","US-TX","US","F18-24","FIN","6:39:35","","0:00:00","4:01:43","0:02:14","2:35:38","1340","323","24","1254","99999","99999","99999","1552","404","24","1340","323","24","23975","","","14503","134","9338"
"1869","Cody Williams","Male","Sheridan","Arkansas","US","M30-34","FIN","6:40:38","","0:00:00","3:36:00","0:07:04","2:57:34","1341","1018","150","700","99999","99999","99999","1212","951","134","1341","1018","150","24038","","","12960","424","10654"
"1337","Stacey Rivers","Female","Pearland","TX","US","F40-44","FIN","6:40:46","","0:00:00","3:39:24","0:04:57","2:56:24","1342","324","49","1025","99999","99999","99999","1269","283","40","1342","324","49","24046","","","13164","297","10584"
"481","Matthew Chafin","Male","Aubrey","TX","US","M25-29","FIN","6:40:46","","0:00:00","4:02:08","0:08:02","2:30:36","1343","1019","131","883","99999","99999","99999","1562","1151","136","1343","1019","131","24046","","","14528","482","9036"
"1307","Emily Rolow","Female","Sanger","Texas","US","F25-29","FIN","6:40:47","","0:00:00","3:35:15","0:05:42","2:59:50","1344","325","37","711","99999","99999","99999","1198","257","26","1344","325","37","24047","","","12915","342","10790"
"981","Kelly Mueller-Mcnulty","Female","O FALLON","IL","US","F60-64","FIN","6:40:48","","0:00:00","3:38:57","0:06:43","2:55:08","1345","326","15","1846","99999","99999","99999","1259","279","13","1345","326","15","24048","","","13137","403","10508"
"1784","Jimmy Miller","Male","Dallas","Texas","US","M25-29","FIN","6:40:50","","0:00:00","3:42:58","0:14:52","2:42:59","1346","1020","132","881","99999","99999","99999","1329","1016","121","1346","1020","132","24050","","","13378","892","9779"
"945","Chris Ojeda","Male","Fort Worth","TX","US","M40-44","FIN","6:40:52","","0:00:00","3:57:05","0:03:48","2:39:59","1347","1021","131","700","99999","99999","99999","1515","1128","148","1347","1021","131","24052","","","14225","228","9599"
"1055","Mary Scharlott","Female","Clarksville","US-TN","US","F40-44","FIN","6:40:58","","0:00:00","3:53:12","0:04:00","2:43:46","1348","327","50","1021","99999","99999","99999","1464","364","52","1348","327","50","24058","","","13992","240","9826"
"1074","Anthony R Gutierrez  Jr","Male","Dallas","US-TX","US","M45-49","FIN","6:41:03","","0:00:00","3:35:25","0:13:46","2:51:52","1349","1022","130","700","99999","99999","99999","1202","944","124","1349","1022","130","24063","","","12925","826","10312"
"902","Renae Kosir","Female","Dallas","Texas","US","F30-34","FIN","6:41:24","","0:00:00","3:47:33","0:06:50","2:47:01","1350","328","39","1367","99999","99999","99999","1395","336","36","1350","328","39","24084","","","13653","410","10021"
"1764","Erin Baker","Female","ARLINGTON","TX","US","F40-44","FIN","6:41:25","","0:00:00","4:01:44","0:07:29","2:32:13","1351","329","51","1013","99999","99999","99999","1553","405","61","1351","329","51","24085","","","14504","449","9133"
"1062","Luis Borges","Male","Plano","Texas","VE","M45-49","FIN","6:41:25","","0:00:00","3:57:02","0:05:40","2:38:44","1352","1023","131","700","99999","99999","99999","1514","1127","140","1352","1023","131","24085","","","14222","340","9524"
"787","Maria Crane","Female","Arlington","Texas","US","F25-29","FIN","6:41:30","","0:00:00","3:32:11","0:03:55","3:05:25","1353","330","38","700","99999","99999","99999","1134","236","23","1353","330","38","24090","","","12731","235","11125"
"851","Blanca Hernandez Uribe","Female","Austin","Texas","US","F25-29","FIN","6:41:38","","0:00:00","4:06:09","0:04:22","2:31:07","1354","331","39","700","99999","99999","99999","1594","431","46","1354","331","39","24098","","","14769","262","9067"
"555","Heather Dekalb","Female","Wills point","US-TX","US","F55-59","FIN","6:41:51","","0:00:00","3:34:25","0:04:40","3:02:47","1355","332","31","1232","99999","99999","99999","1177","249","29","1355","332","31","24111","","","12865","280","10967"
"675","Ivan Quintana","Male","McKinney","US-TX","MX","M40-44","FIN","6:42:07","","0:00:00","3:30:33","0:09:28","3:02:07","1356","1024","132","700","99999","99999","99999","1100","883","112","1356","1024","132","24127","","","12633","568","10927"
"1913","Julian Trujillo","Male","Addison","US-TX","US","M30-34","FIN","6:42:25","","0:00:00","3:46:05","0:12:47","2:43:33","1357","1025","151","700","99999","99999","99999","1371","1044","148","1357","1025","151","24145","","","13565","767","9813"
"1424","Daniel Mann","Male","COPPELL","TX","US","M25-29","FIN","6:42:27","","0:00:00","3:35:12","0:08:52","2:58:23","1358","1026","133","852","99999","99999","99999","1195","940","109","1358","1026","133","24147","","","12912","532","10703"
"1616","David Oldfather","Male","Prosper","TX","US","M60-64","FIN","6:42:31","","0:00:00","3:33:45","0:09:41","2:59:06","1359","1027","46","815","99999","99999","99999","1162","919","47","1359","1027","46","24151","","","12825","581","10746"
"935","Mike Badger","Male","McKinney","US-TX","US","M60-64","FIN","6:42:36","","0:00:00","3:32:03","0:05:35","3:04:58","1360","1028","47","813","99999","99999","99999","1130","895","46","1360","1028","47","24156","","","12723","335","11098"
"1971","Michael Verser","Male","LITTLE ROCK","AR","US","M35-39","FIN","6:42:56","","0:00:00","3:49:07","0:04:04","2:49:44","1361","1029","150","700","99999","99999","99999","1420","1075","154","1361","1029","150","24176","","","13747","244","10184"
"1815","Lauren Rose","Female","Fort Worth","TX","US","F40-44","FIN","6:43:01","","0:00:00","3:41:38","0:06:22","2:55:00","1362","333","52","984","99999","99999","99999","1305","304","43","1362","333","52","24181","","","13298","382","10500"
"1118","Debbie Wog","Female","EDMOND","US-OK","US","F50-54","FIN","6:43:18","","0:00:00","3:46:06","0:05:21","2:51:50","1363","334","40","1196","99999","99999","99999","1372","328","45","1363","334","40","24198","","","13566","321","10310"
"1656","William (Hank) Oliver","Male","Dallas","Texas","US","M25-29","FIN","6:43:30","","0:00:00","3:55:21","0:04:32","2:43:37","1364","1030","134","833","99999","99999","99999","1494","1116","133","1364","1030","134","24210","","","14121","272","9817"
"1912","Jason Miller","Male","Dallas","TX","US","M35-39","FIN","6:43:32","","0:00:00","3:52:21","0:08:00","2:43:11","1365","1031","151","700","99999","99999","99999","1454","1096","158","1365","1031","151","24212","","","13941","480","9791"
"1302","Megan Jackson","Female","CORP CHRISTI","TX","US","F40-44","FIN","6:43:42","","0:00:00","3:53:05","0:06:11","2:44:26","1366","335","53","972","99999","99999","99999","1462","362","51","1366","335","53","24222","","","13985","371","9866"
"1304","Danny Jackson","Male","CORPUS CHRISTI","TX","US","M40-44","FIN","6:43:47","","0:00:00","3:21:38","0:06:39","3:15:29","1367","1032","133","700","99999","99999","99999","898","732","91","1367","1032","133","24227","","","12098","399","11729"
"830","Kevin Winters","Male","VICKSBURG","MS","US","M40-44","FIN","6:43:53","","0:00:00","3:45:47","0:10:01","2:48:04","1368","1033","134","700","99999","99999","99999","1366","1041","139","1368","1033","134","24233","","","13547","601","10084"
"402","Jeremiah Reed","Male","Fort Worth","Texas","US","M30-34","FIN","6:44:10","","0:00:00","3:51:40","0:05:29","2:47:01","1369","1034","152","700","99999","99999","99999","1446","1091","154","1369","1034","152","24250","","","13900","329","10021"
"2055","Kento Anjima","Male","Nederland","TX","JP","M30-34","FIN","6:44:16","","0:00:00","3:51:42","0:09:21","2:43:13","1370","1035","153","700","99999","99999","99999","1448","1092","155","1370","1035","153","24256","","","13902","561","9793"
"1899","Anthony Jimenez","Male","Rogers","AR","US","M18-24","FIN","6:44:42","","0:00:00","3:55:18","0:07:21","2:42:03","1371","1036","79","700","99999","99999","99999","1493","1115","82","1371","1036","79","24282","","","14118","441","9723"
"1153","tori sullivan","Female","McKinney","Texas","US","F25-29","FIN","6:44:47","","0:00:00","4:00:53","0:04:25","2:39:29","1372","336","40","700","99999","99999","99999","1543","399","42","1372","336","40","24287","","","14453","265","9569"
"406","Scott Cross","Male","Dallas","TX","US","M55-59","FIN","6:44:58","","0:00:00","3:46:49","0:04:24","2:53:45","1373","1037","88","700","99999","99999","99999","1385","1051","94","1373","1037","88","24298","","","13609","264","10425"
"620","Jeff Beckley","Male","Plano","TX","US","M60-64","FIN","6:44:58","","0:00:00","3:07:08","0:06:35","3:31:15","1374","1038","48","771","99999","99999","99999","565","486","17","1374","1038","48","24298","","","11228","395","12675"
"694","Shelley Kaufhold","Female","Frisco","Texas","US","F60-64","FIN","6:45:02","","0:00:00","3:54:25","0:05:40","2:44:56","1375","337","16","1769","99999","99999","99999","1486","376","22","1375","337","16","24302","","","14065","340","9896"
"648","David Ruiz","Male","Little Elm","US-TX","EC","M50-54","FIN","6:45:10","","0:00:00","3:42:25","0:06:02","2:56:42","1376","1039","96","700","99999","99999","99999","1323","1013","102","1376","1039","96","24310","","","13345","362","10602"
"1487","Denis Kashoid","Male","Dallas","TX","US","M40-44","FIN","6:45:12","","0:00:00","3:56:13","0:07:46","2:41:14","1377","1040","135","700","99999","99999","99999","1504","1120","147","1377","1040","135","24312","","","14173","466","9674"
"1710","Sarah Nguyen","Female","Tomball","TX","US","F45-49","FIN","6:45:21","","0:00:00","3:47:37","0:04:26","2:53:18","1378","338","45","858","99999","99999","99999","1396","337","47","1378","338","45","24321","","","13657","266","10398"
"1696","Chad La Fara","Male","Keller","TX","US","M55-59","FIN","6:45:49","","0:00:00","3:49:34","0:06:39","2:49:36","1379","1041","89","700","99999","99999","99999","1422","1077","96","1379","1041","89","24349","","","13774","399","10176"
"726","Mychal Keys","Male","TYLER","TX","US","M35-39","FIN","6:45:51","","0:00:00","3:43:08","0:06:48","2:55:55","1380","1042","152","700","99999","99999","99999","1330","1017","145","1380","1042","152","24351","","","13388","408","10555"
"2106","Paul Peters","Male","Allen","Texas","US","M30-34","FIN","6:45:54","","0:00:00","3:56:16","0:05:30","2:44:07","1381","1043","154","700","99999","99999","99999","1505","1121","159","1381","1043","154","24354","","","14176","330","9847"
"209","Adam Francis","Male","North Vancouver","BC","GB","M35-39","FIN","6:45:55","","0:00:00","3:57:10","0:08:51","2:39:54","1382","1044","153","700","99999","99999","99999","1516","1129","167","1382","1044","153","24355","","","14230","531","9594"
"1039","Kristian Millano","Male","Anna","Texas","US","M18-24","FIN","6:46:11","","0:00:00","3:46:53","0:03:49","2:55:28","1383","1045","80","700","99999","99999","99999","1387","1052","74","1383","1045","80","24371","","","13613","229","10528"
"525","Bryan Beard","Male","Tulsa","Oklahoma","US","M50-54","FIN","6:46:20","","0:00:00","3:38:54","0:08:31","2:58:55","1384","1046","97","700","99999","99999","99999","1258","980","100","1384","1046","97","24380","","","13134","511","10735"
"1647","Grant Keener","Male","Houston","TX","US","M40-44","FIN","6:46:28","","0:00:00","3:33:58","0:04:40","3:07:50","1385","1047","136","700","99999","99999","99999","1166","923","120","1385","1047","136","24388","","","12838","280","11270"
"572","Terry Dykshorn","Female","Scottsdale","US-AZ","US","F70-74","FIN","6:46:39","","0:00:00","3:50:02","0:05:45","2:50:52","1386","339","2","3022","99999","99999","99999","1427","348","2","1386","339","2","24399","","","13802","345","10252"
"523","Sarah Holtzer","Female","Arlington","TX","US","F35-39","FIN","6:46:45","","0:00:00","3:51:37","0:04:53","2:50:15","1387","340","46","1099","99999","99999","99999","1445","355","46","1387","340","46","24405","","","13897","293","10215"
"1745","Laura Scarbrough","Female","Fort Worth","TX","US","F45-49","FIN","6:46:57","","0:00:00","3:46:08","0:05:28","2:55:21","1388","341","46","829","99999","99999","99999","1375","331","45","1388","341","46","24417","","","13568","328","10521"
"894","Priscilla Askew","Female","Euless","TX","US","F40-44","FIN","6:47:08","","0:00:00","3:52:05","0:05:03","2:50:00","1389","342","54","910","99999","99999","99999","1450","357","50","1389","342","54","24428","","","13925","303","10200"
"1556","Roy Lytle","Male","BUDA","TX","US","M45-49","FIN","6:47:09","","0:00:00","3:53:22","0:11:28","2:42:19","1390","1048","132","700","99999","99999","99999","1465","1101","137","1390","1048","132","24429","","","14002","688","9739"
"584","Brendan Johnston","Male","Las Vegas","US-NV","US","M40-44","FIN","6:47:14","","0:00:00","3:37:40","0:06:06","3:03:28","1391","1049","137","700","99999","99999","99999","1241","973","130","1391","1049","137","24434","","","13060","366","11008"
"461","Michael Doyle","Male","FAIRFIELD","CT","US","M70-74","FIN","6:47:44","","0:00:00","3:27:32","0:05:09","3:15:03","1392","1050","5","1998","99999","99999","99999","1040","838","4","1392","1050","5","24464","","","12452","309","11703"
"1123","Elizabeth Cervantez","Female","CORP CHRISTI","US-TX","US","F50-54","FIN","6:48:03","","0:00:00","3:41:25","0:05:54","3:00:45","1393","343","41","1110","99999","99999","99999","1300","301","43","1393","343","41","24483","","","13285","354","10845"
"1003","Daniel Licciardi","Male","LULING","US-LA","US","M50-54","FIN","6:48:10","","0:00:00","3:36:13","0:06:35","3:05:21","1394","1051","98","700","99999","99999","99999","1214","952","98","1394","1051","98","24490","","","12973","395","11121"
"692","Karrie Johnson","Female","Frisco","TX","US","F50-54","FIN","6:48:13","","0:00:00","3:35:34","0:05:58","3:06:41","1395","344","42","1107","99999","99999","99999","1206","260","37","1395","344","42","24493","","","12934","358","11201"
"137","Isaac Bonilla","Male","North Bay Village","Florida","US","M18-24","FIN","6:48:19","","0:00:00","4:38:27","0:04:07","2:05:44","1396","1052","81","700","99999","99999","99999","1669","1198","87","1396","1052","81","24499","","","16707","247","7544"
"1001","Sergio Ventura","Male","Mckinney ","TEXAS ","US","M35-39","FIN","6:48:22","","0:00:00","3:43:47","0:09:27","2:55:08","1397","1053","154","700","99999","99999","99999","1337","1023","146","1397","1053","154","24502","","","13427","567","10508"
"1352","Alexander Hernandez","Male","Lewisville","TX","US","M35-39","FIN","6:48:25","","0:00:00","3:49:58","0:06:22","2:52:04","1398","1054","155","700","99999","99999","99999","1425","1078","155","1398","1054","155","24505","","","13798","382","10324"
"1502","Dylan Higgins","Male","Dallas","TX","US","M25-29","FIN","6:48:42","","0:00:00","3:43:15","0:03:41","3:01:47","1399","1055","135","740","99999","99999","99999","1331","1018","122","1399","1055","135","24522","","","13395","221","10907"
"1811","Alejandro Molinar","Male","MIAMI","FL","US","M55-59","FIN","6:48:50","","0:00:00","3:40:23","0:09:18","2:59:09","1400","1056","90","700","99999","99999","99999","1289","996","85","1400","1056","90","24530","","","13223","558","10749"
"961","Kimberly Hendrick","Female","CLERMONT","FL","US","F30-34","FIN","6:48:53","","0:00:00","3:45:17","0:05:48","2:57:49","1401","345","40","1233","99999","99999","99999","1360","323","34","1401","345","40","24533","","","13517","348","10669"
"1897","Matthew Whitten","Male","Denton","Texas","US","M45-49","FIN","6:49:15","","0:00:00","3:32:42","0:04:48","3:11:46","1402","1057","133","700","99999","99999","99999","1143","904","121","1402","1057","133","24555","","","12762","288","11506"
"1184","Tina Martinez","Female","Satanta","KS","US","F60-64","FIN","6:50:03","","0:00:00","3:40:19","0:04:44","3:04:59","1403","346","17","1679","99999","99999","99999","1287","292","16","1403","346","17","24603","","","13219","284","11099"
"705","Brian Lawyer","Male","Frisco","TX","US","M45-49","FIN","6:50:20","","0:00:00","3:26:03","0:06:57","3:17:19","1404","1058","134","700","99999","99999","99999","999","811","115","1404","1058","134","24620","","","12363","417","11839"
"454","Melissa Thompson","Female","Scottsdale","US-AZ","US","F50-54","FIN","6:50:33","","0:00:00","3:31:10","0:09:27","3:09:57","1405","347","43","1065","99999","99999","99999","1111","225","31","1405","347","43","24633","","","12670","567","11397"
"1381","Arcadia Nygaard","Female","The Colony","Texas","US","F18-24","FIN","6:50:34","","0:00:00","4:17:23","0:05:32","2:27:38","1406","348","25","1056","99999","99999","99999","1635","452","27","1406","348","25","24634","","","15443","332","8858"
"1934","Regina Rymal","Female","TYLER","US-TX","US","F35-39","FIN","6:50:34","","0:00:00","3:32:27","0:04:49","3:13:18","1407","349","47","1031","99999","99999","99999","1139","239","30","1407","349","47","24634","","","12747","289","11598"
"1581","Richard Banks","Male","Junction City","KANSAS","US","M35-39","FIN","6:50:34","","0:00:00","3:58:59","0:07:16","2:44:19","1408","1059","156","700","99999","99999","99999","1528","1133","168","1408","1059","156","24634","","","14339","436","9859"
"1963","Spencer Stilwell","Male","Fort Worth","Texas","US","M25-29","FIN","6:50:35","","0:00:00","4:09:10","0:05:17","2:36:09","1409","1060","136","706","99999","99999","99999","1609","1171","141","1409","1060","136","24635","","","14950","317","9369"
"1272","Chris Thomas","Male","GRAND JCT","CO","US","M60-64","FIN","6:50:36","","0:00:00","3:41:43","0:05:22","3:03:31","1410","1061","49","700","99999","99999","99999","1308","1003","52","1410","1061","49","24636","","","13303","322","11011"
"1274","Brielle Thomas","Female","Grand Junction","CO","US","F25-29","FIN","6:50:39","","0:00:00","3:41:42","0:05:26","3:03:31","1411","350","41","700","99999","99999","99999","1307","305","32","1411","350","41","24639","","","13302","326","11011"
"2070","Shauna Hall","Female","Fate","Texas","US","F55-59","FIN","6:50:50","","0:00:00","3:44:21","0:05:04","3:01:25","1412","351","32","1070","99999","99999","99999","1346","315","35","1412","351","32","24650","","","13461","304","10885"
"604","Cheryl Engler","Female","Coppell","US-TX","US","F65-69","FIN","6:51:03","","0:00:00","3:55:30","0:08:23","2:47:11","1413","352","5","2283","99999","99999","99999","1496","379","9","1413","352","5","24663","","","14130","503","10031"
"1446","Julia Osburn","Female","BARTLESVILLE","US-OK","US","F18-24","FIN","6:51:14","","0:00:00","4:03:34","0:05:45","2:41:55","1414","353","26","1044","99999","99999","99999","1578","420","25","1414","353","26","24674","","","14614","345","9715"
"610","Mike Hughey","Male","The Colony","TX","US","M75-79","FIN","6:51:24","","0:00:00","3:48:56","0:10:10","2:52:18","1415","1062","2","3267","99999","99999","99999","1415","1072","2","1415","1062","2","24684","","","13736","610","10338"
"494","Martin Goins","Male","weatherford","US-TX","US","M60-64","FIN","6:51:33","","0:00:00","3:47:52","0:07:04","2:56:37","1416","1063","50","700","99999","99999","99999","1401","1061","55","1416","1063","50","24693","","","13672","424","10597"
"1457","Carl Rorick","Male","Jacksonville","US-FL","US","M60-64","FIN","6:51:34","","0:00:00","3:39:14","0:06:19","3:06:01","1417","1064","51","700","99999","99999","99999","1264","983","50","1417","1064","51","24694","","","13154","379","11161"
"1460","Tom Mossman","Male","Rio Rancho","US-NM","US","M65-69","FIN","6:51:36","","0:00:00","3:41:39","0:08:09","3:01:47","1418","1065","21","1025","99999","99999","99999","1306","1002","25","1418","1065","21","24696","","","13299","489","10907"
"1596","Madison Coleman","Male","Las Vegas","Nevada","US","M30-34","FIN","6:51:45","","0:00:00","3:41:44","0:11:59","2:58:01","1419","1066","155","700","99999","99999","99999","1309","1004","143","1419","1066","155","24705","","","13304","719","10681"
"707","Norma Juarez","Female","Torreón","MX-MX-COA","MX","F40-44","FIN","6:51:45","","0:00:00","3:58:51","0:05:36","2:47:18","1420","354","55","827","99999","99999","99999","1526","395","58","1420","354","55","24705","","","14331","336","10038"
"1847","Brandon Foxworth","Male","DALLAS","Texas","US","M35-39","FIN","6:51:47","","0:00:00","3:44:27","0:04:31","3:02:48","1421","1067","157","700","99999","99999","99999","1348","1032","147","1421","1067","157","24707","","","13467","271","10968"
"1422","Ruth Roddy","Male","Mckinney","US-TX","US","M35-39","FIN","6:52:10","","0:00:00","3:48:04","0:07:31","2:56:35","1422","1068","158","700","99999","99999","99999","1404","1063","151","1422","1068","158","24730","","","13684","451","10595"
"1882","Jeffrey Kraemer","Male","Dallas","TX","US","M30-34","FIN","6:52:12","","0:00:00","4:00:16","0:03:53","2:48:03","1423","1069","156","700","99999","99999","99999","1537","1140","163","1423","1069","156","24732","","","14416","233","10083"
"631","Adriana Barker","Female","Flower Mound","TX","US","F45-49","FIN","6:52:26","","0:00:00","3:56:02","0:05:14","2:51:10","1424","355","47","730","99999","99999","99999","1503","384","53","1424","355","47","24746","","","14162","314","10270"
"430","Mandy Bessire Tydlaska","Female","FORT WORTH","TX","US","F50-54","FIN","6:52:29","","0:00:00","3:55:45","0:05:16","2:51:29","1425","356","44","1031","99999","99999","99999","1502","383","51","1425","356","44","24749","","","14145","316","10289"
"385","Ivan Sager","Male","Lago Vista","US-TX","US","M50-54","FIN","6:52:44","","0:00:00","3:32:53","0:08:22","3:11:29","1426","1070","99","700","99999","99999","99999","1150","909","95","1426","1070","99","24764","","","12773","502","11489"
"1687","Brett Dyke","Male","Cedar Park","TX","US","M55-59","FIN","6:52:47","","0:00:00","3:31:13","0:07:00","3:14:34","1427","1071","91","700","99999","99999","99999","1113","887","77","1427","1071","91","24767","","","12673","420","11674"
"755","Bethany Robison","Female","Albuquerque","US-New Mexico","US","F50-54","FIN","6:52:53","","0:00:00","4:06:32","0:07:12","2:39:09","1428","357","45","1023","99999","99999","99999","1600","434","53","1428","357","45","24773","","","14792","432","9549"
"2125","Grayson Littleton","Male","Southlake","Texas","US","M30-34","FIN","6:52:57","","0:00:00","3:45:25","0:09:54","2:57:39","1429","1072","157","700","99999","99999","99999","1361","1038","147","1429","1072","157","24777","","","13525","594","10659"
"854","Veronica Rodriguez","Female","Dallas","Texas","US","F30-34","FIN","6:53:00","","0:00:00","3:54:03","0:07:27","2:51:30","1430","358","41","1159","99999","99999","99999","1478","370","39","1430","358","41","24780","","","14043","447","10290"
"797","Daniel Pierce","Male","AUSTIN","Texas","US","M30-34","FIN","6:53:16","","0:00:00","4:06:25","0:06:57","2:39:54","1431","1073","158","700","99999","99999","99999","1598","1165","169","1431","1073","158","24796","","","14785","417","9594"
"1286","Neil Heideman","Male","CORP CHRISTI","TX","US","M50-54","FIN","6:53:20","","0:00:00","3:23:48","0:06:31","3:23:01","1432","1074","100","700","99999","99999","99999","952","776","84","1432","1074","100","24800","","","12228","391","12181"
"1154","Elizabeth Miller","Female","Cypress","US-US-TX","US","F65-69","FIN","6:53:29","","0:00:00","3:46:14","0:06:27","3:00:48","1433","359","6","2239","99999","99999","99999","1377","333","5","1433","359","6","24809","","","13574","387","10848"
"1822","Jeff Crist","Male","Grand Prairie","TX","US","M55-59","FIN","6:53:45","","0:00:00","3:47:11","0:11:33","2:55:02","1434","1075","92","700","99999","99999","99999","1391","1056","95","1434","1075","92","24825","","","13631","693","10502"
"1313","Kat Hammers","Female","TYLER","TX","US","F45-49","FIN","6:53:49","","0:00:00","3:34:02","0:06:05","3:13:42","1435","360","48","705","99999","99999","99999","1169","244","36","1435","360","48","24829","","","12842","365","11622"
"652","Matthew Kowalsky","Male","Little elm","US-TX","US","M40-44","FIN","6:53:54","","0:00:00","3:35:05","0:08:07","3:10:42","1436","1076","138","700","99999","99999","99999","1193","939","125","1436","1076","138","24834","","","12905","487","11442"
"1636","Charles Wilkerson","Male","Los Alamos","New Mexico","US","M60-64","FIN","6:53:55","","0:00:00","3:48:43","0:06:43","2:58:29","1437","1077","52","700","99999","99999","99999","1410","1068","56","1437","1077","52","24835","","","13723","403","10709"
"992","Karen Abbott","Female","Broken Arrow","US-OK","US","F55-59","FIN","6:53:56","","0:00:00","3:24:21","0:06:14","3:23:21","1438","361","33","1014","99999","99999","99999","965","178","19","1438","361","33","24836","","","12261","374","12201"
"1984","Marshall Mainer","Male","Jonesboro","Arkansas","US","M30-34","FIN","6:53:59","","0:00:00","3:50:54","0:03:26","2:59:39","1439","1078","159","700","99999","99999","99999","1434","1084","152","1439","1078","159","24839","","","13854","206","10779"
"592","Bradley Newell","Male","Wichita","KS","US","M45-49","FIN","6:54:02","","0:00:00","3:35:36","0:08:03","3:10:22","1440","1079","135","700","99999","99999","99999","1207","947","125","1440","1079","135","24842","","","12936","483","11422"
"908","Jesus Ruiz","Male","Rockwall","TX","US","M18-24","FIN","6:54:15","","0:00:00","4:09:27","0:02:55","2:41:53","1441","1080","82","700","99999","99999","99999","1610","1172","84","1441","1080","82","24855","","","14967","175","9713"
"565","Brian Joseph","Male","Oak Point","Tx","US","M40-44","FIN","6:54:51","","0:00:00","3:26:24","0:04:57","3:23:30","1442","1081","139","700","99999","99999","99999","1007","817","103","1442","1081","139","24891","","","12384","297","12210"
"1400","Robert Dubois","Male","DRIPPING SPGS","US-TX","US","M70-74","FIN","6:54:52","","0:00:00","3:50:44","0:05:31","2:58:36","1443","1082","6","1870","99999","99999","99999","1431","1082","7","1443","1082","6","24892","","","13844","331","10716"
"778","Kaye Inglis","Female","Cadillac","MI","US","F60-64","FIN","6:55:06","","0:00:00","3:54:17","0:04:27","2:56:22","1444","362","18","1588","99999","99999","99999","1481","372","21","1444","362","18","24906","","","14057","267","10582"
"1380","Mark Macinerney","Male","Sugar Land","US-TX","US","M50-54","FIN","6:55:11","","0:00:00","3:46:42","0:07:01","3:01:28","1445","1083","101","700","99999","99999","99999","1383","1049","103","1445","1083","101","24911","","","13602","421","10888"
"1823","Jenny Coleman","Female","Royse City","US-TX","US","F25-29","FIN","6:55:36","","0:00:00","3:38:21","0:05:40","3:11:36","1446","363","42","700","99999","99999","99999","1253","277","29","1446","363","42","24936","","","13101","340","11496"
"1087","Steve Sears","Male","Frisco","Texas","US","M30-34","FIN","6:55:40","","0:00:00","3:40:05","0:06:39","3:08:56","1447","1084","160","700","99999","99999","99999","1281","993","140","1447","1084","160","24940","","","13205","399","11336"
"1824","Crystal Coleman","Female","FORT MYERS","US-FL","US","F55-59","FIN","6:55:48","","0:00:00","3:38:28","0:05:41","3:11:39","1448","364","34","980","99999","99999","99999","1254","278","32","1448","364","34","24948","","","13108","341","11499"
"683","Whitney Godoy","Female","McKinney","TX","US","F45-49","FIN","6:56:14","","0:00:00","3:40:39","0:06:04","3:09:31","1449","365","49","700","99999","99999","99999","1291","295","39","1449","365","49","24974","","","13239","364","11371"
"1390","Jason Ortiz","Male","The Colony","TX","US","M40-44","FIN","6:56:16","","0:00:00","3:45:33","0:11:02","2:59:41","1450","1085","140","700","99999","99999","99999","1363","1039","138","1450","1085","140","24976","","","13533","662","10781"
"452","Julie Ambra","Female","Princeton","New Jersey","US","F55-59","FIN","6:56:19","","0:00:00","3:40:07","0:06:14","3:09:57","1451","366","35","971","99999","99999","99999","1282","289","33","1451","366","35","24979","","","13207","374","11397"
"526","James Henderson","Male","San Antonio","TX","US","M40-44","FIN","6:56:23","","0:00:00","3:58:10","0:06:27","2:51:46","1452","1086","141","700","99999","99999","99999","1522","1130","149","1452","1086","141","24983","","","14290","387","10306"
"673","Danny Sayavong","Male","Mansfield","Texas","US","M35-39","FIN","6:56:26","","0:00:00","3:53:54","0:08:27","2:54:05","1453","1087","159","700","99999","99999","99999","1474","1107","162","1453","1087","159","24986","","","14034","507","10445"
"460","Coral Wilkens","Female","Rowlett","US-TX","US","F55-59","FIN","6:56:37","","0:00:00","3:45:47","0:05:50","3:04:59","1454","367","36","966","99999","99999","99999","1367","326","37","1454","367","36","24997","","","13547","350","11099"
"1186","Erik Carrera","Male","Denver","Colorado","US","M25-29","FIN","6:56:45","","0:00:00","4:23:45","0:05:16","2:27:44","1455","1088","137","700","99999","99999","99999","1648","1187","144","1455","1088","137","25005","","","15825","316","8864"
"815","Manuel Fishman","Male","San Francisco","CA","US","M70-74","FIN","6:56:49","","0:00:00","3:51:03","0:07:33","2:58:13","1456","1089","7","1835","99999","99999","99999","1438","1086","9","1456","1089","7","25009","","","13863","453","10693"
"1783","Mayrena Hernandez","Female","Conroe","TX","US","F30-34","FIN","6:56:53","","0:00:00","3:41:03","0:06:21","3:09:29","1457","368","42","1089","99999","99999","99999","1297","299","30","1457","368","42","25013","","","13263","381","11369"
"2005","Ashley Keith","Male","Cypress","US-TX","US","M40-44","FIN","6:56:54","","0:00:00","3:32:43","0:07:06","3:17:05","1458","1090","142","700","99999","99999","99999","1144","905","118","1458","1090","142","25014","","","12763","426","11825"
"1000","Pradeep Ghodekar","Male","IRVING","TX","CA","M50-54","FIN","6:57:17","","0:00:00","4:06:18","0:04:59","2:45:59","1459","1091","102","700","99999","99999","99999","1595","1164","109","1459","1091","102","25037","","","14778","299","9959"
"414","Jim Devers","Male","Tulsa","OK","US","M30-34","FIN","6:57:24","","0:00:00","3:39:35","0:03:01","3:14:48","1460","1092","161","700","99999","99999","99999","1274","989","139","1460","1092","161","25044","","","13175","181","11688"
"1826","David Barch","Male","Murphy","TX","US","M55-59","FIN","6:57:30","","0:00:00","3:46:18","0:08:50","3:02:22","1461","1093","93","700","99999","99999","99999","1378","1045","92","1461","1093","93","25050","","","13578","530","10942"
"727","Emory Johnson","Male","FLOWER MOUND","TX","US","M65-69","FIN","6:57:41","","0:00:00","3:35:48","0:07:19","3:14:34","1462","1094","22","916","99999","99999","99999","1209","948","22","1462","1094","22","25061","","","12948","439","11674"
"1456","Sara Banner","","Shawnee","KS","US","F50-54","FIN","6:57:42","","0:00:00","3:45:03","0:05:25","3:07:14","1463","369","46","937","99999","99999","99999","1357","321","44","1463","369","46","25062","","","13503","325","11234"
"1324","Hannah Nguyen","Female","Houston","TX","US","F45-49","FIN","6:57:45","","0:00:00","3:58:24","0:06:23","2:52:58","1464","370","50","700","99999","99999","99999","1524","393","55","1464","370","50","25065","","","14304","383","10378"
"127","Kelsey Morris","Female","Tewksbury","NJ","US","F35-39","FIN","6:57:48","","0:00:00","3:38:17","0:05:21","3:14:10","1465","371","48","900","99999","99999","99999","1250","276","40","1465","371","48","25068","","","13097","321","11650"
"1056","Jeremiah Betron","Male","FLOWER MOUND","US-TX","US","M45-49","FIN","6:57:54","","0:00:00","3:25:27","0:09:48","3:22:40","1466","1095","136","700","99999","99999","99999","989","804","113","1466","1095","136","25074","","","12327","588","12160"
"1328","Alexia Lopez","Female","El Paso","TX","US","F25-29","FIN","6:58:18","","0:00:00","4:02:52","0:03:09","2:52:18","1467","372","43","700","99999","99999","99999","1571","418","44","1467","372","43","25098","","","14572","189","10338"
"946","James Patrick Ford","Male","Prosper","Texas","US","M30-34","FIN","6:58:21","","0:00:00","3:56:22","0:08:57","2:53:03","1468","1096","162","700","99999","99999","99999","1506","1122","160","1468","1096","162","25101","","","14182","537","10383"
"841","Matt Simmons","Male","katy","TX","US","M45-49","FIN","6:58:30","","0:00:00","3:24:39","0:12:54","3:20:56","1469","1097","137","700","99999","99999","99999","971","792","110","1469","1097","137","25110","","","12279","774","12056"
"1444","Ryan Eklund","Male","WOODWAY","US-TX","US","M50-54","FIN","6:58:31","","0:00:00","4:03:33","0:04:21","2:50:37","1470","1098","103","700","99999","99999","99999","1577","1158","108","1470","1098","103","25111","","","14613","261","10237"
"1998","Kathy Roberts","Female","HEATH","TX","US","F45-49","FIN","6:58:33","","0:00:00","3:31:15","0:08:05","3:19:13","1471","373","51","700","99999","99999","99999","1114","227","34","1471","373","51","25113","","","12675","485","11953"
"1145","Paige Hamilton","Female","Calgary","AB","CA","F50-54","FIN","6:58:40","","0:00:00","3:39:42","0:07:23","3:11:35","1472","374","47","919","99999","99999","99999","1276","286","40","1472","374","47","25120","","","13182","443","11495"
"131","Alma Hernandez-Blackwell","Female","Conroe","TX","US","F45-49","FIN","6:58:42","","0:00:00","4:13:23","0:04:49","2:40:30","1473","375","52","700","99999","99999","99999","1627","447","60","1473","375","52","25122","","","15203","289","9630"
"689","Danielle Dugan","Female","Lewisville","TX","US","F25-29","FIN","6:58:50","","0:00:00","3:52:24","0:09:00","2:57:26","1474","376","44","700","99999","99999","99999","1455","359","39","1474","376","44","25130","","","13944","540","10646"
"146","Michael Kosir","Male","Dallas","Texas","US","M30-34","FIN","6:58:55","","0:00:00","3:53:24","0:05:32","2:59:59","1475","1099","163","700","99999","99999","99999","1467","1102","156","1475","1099","163","25135","","","14004","332","10799"
"807","John Dickens","Male","San Francisco","US-CA","US","M65-69","FIN","6:59:03","","0:00:00","3:37:35","0:08:30","3:12:58","1476","1100","23","891","99999","99999","99999","1239","971","24","1476","1100","23","25143","","","13055","510","11578"
"996","Ruth Stone","Female","FORT WAYNE","US-IN","US","F55-59","FIN","6:59:07","","0:00:00","3:21:02","0:08:07","3:29:59","1477","377","37","921","99999","99999","99999","884","163","17","1477","377","37","25147","","","12062","487","12599"
"1709","Daniel Kennedy","Male","Austin","TEXAS","US","M30-34","FIN","6:59:20","","0:00:00","4:07:55","0:10:04","2:41:21","1478","1101","164","700","99999","99999","99999","1606","1169","170","1478","1101","164","25160","","","14875","604","9681"
"949","John Casone","Male","Prosper","TX","US","M40-44","FIN","6:59:43","","0:00:00","3:39:43","0:09:04","3:10:56","1479","1102","143","700","99999","99999","99999","1278","992","132","1479","1102","143","25183","","","13183","544","11456"
"1021","Morgan Potter","Female","WESTWORTH VLG","TX","US","F30-34","FIN","6:59:50","","0:00:00","4:04:32","0:05:22","2:49:56","1480","378","43","1036","99999","99999","99999","1584","426","45","1480","378","43","25190","","","14672","322","10196"
"154","Tamlyn Baker","Male","The Colony","Texas","US","M60-64","FIN","6:59:56","","0:00:00","3:38:42","0:05:12","3:16:02","1481","1103","53","700","99999","99999","99999","1256","978","49","1481","1103","53","25196","","","13122","312","11762"
"891","Kim Novido","Female","AUSTIN","US-TX","US","F60-64","FIN","7:00:08","","0:00:00","4:03:45","0:09:57","2:46:26","1482","379","19","1498","99999","99999","99999","1582","424","25","1482","379","19","25208","","","14625","597","9986"
"883","A.J. Chambers","Male","BENBROOK","TX","US","M40-44","FIN","7:00:18","","0:00:00","3:47:59","0:06:48","3:05:31","1483","1104","144","700","99999","99999","99999","1403","1062","142","1483","1104","144","25218","","","13679","408","11131"
"1428","Brendan Kane","Male","Farmers Branch","Texas","US","M35-39","FIN","7:00:23","","0:00:00","3:45:39","0:10:17","3:04:27","1484","1105","160","700","99999","99999","99999","1364","1040","148","1484","1105","160","25223","","","13539","617","11067"
"1072","Sanjeev Hassani","Male","Chicago","Illinois","US","M25-29","FIN","7:00:37","","0:00:00","4:12:44","0:09:14","2:38:38","1485","1106","138","700","99999","99999","99999","1624","1179","143","1485","1106","138","25237","","","15164","554","9518"
"1020","Remington Schugart","Male","River Oaks","Texas","US","M30-34","FIN","7:00:40","","0:00:00","4:00:15","0:07:20","2:53:05","1486","1107","165","700","99999","99999","99999","1536","1139","162","1486","1107","165","25240","","","14415","440","10385"
"1125","Sabrina Miller","Female","Knoxville","TN","US","F40-44","FIN","7:01:10","","0:00:00","3:59:23","0:05:46","2:56:01","1487","380","56","700","99999","99999","99999","1530","397","60","1487","380","56","25270","","","14363","346","10561"
"1263","Jenell Crisp","Female","Cushing","TX","US","F55-59","FIN","7:01:35","","0:00:00","4:07:01","0:08:05","2:46:28","1488","381","38","876","99999","99999","99999","1602","435","45","1488","381","38","25295","","","14821","485","9988"
"1805","Sadot Zuniga","Male","dallas","TX","US","M45-49","FIN","7:02:07","","0:00:00","3:47:10","0:04:57","3:10:00","1489","1108","138","700","99999","99999","99999","1390","1055","134","1489","1108","138","25327","","","13630","297","11400"
"1632","Joy Mitchell","Female","Austin","TX","US","F45-49","FIN","7:02:10","","0:00:00","3:44:49","0:06:57","3:10:24","1490","382","53","700","99999","99999","99999","1354","319","42","1490","382","53","25330","","","13489","417","11424"
"1494","Emma Lyon","Female","Bartlesville","OK","US","F35-39","FIN","7:02:48","","0:00:00","3:52:17","0:06:13","3:04:19","1491","383","49","810","99999","99999","99999","1452","358","47","1491","383","49","25368","","","13937","373","11059"
"1195","Wally Gruenes","Male","Coppell","Texas","US","M65-69","FIN","7:02:57","","0:00:00","3:42:55","0:06:38","3:13:24","1492","1109","24","821","99999","99999","99999","1328","1015","26","1492","1109","24","25377","","","13375","398","11604"
"882","Colleen Salazar","Female","San Antonio","TX","US","F40-44","FIN","7:03:00","","0:00:00","4:01:49","0:08:18","2:52:52","1493","384","57","700","99999","99999","99999","1556","407","62","1493","384","57","25380","","","14509","498","10372"
"471","Dan Vale","Male","McKinney","TX","US","M50-54","FIN","7:03:11","","0:00:00","3:36:16","0:06:26","3:20:30","1494","1110","104","700","99999","99999","99999","1215","953","99","1494","1110","104","25391","","","12976","386","12030"
"1676","Joseph Calderon","Male","McKinney","TX","US","M30-34","FIN","7:03:12","","0:00:00","3:41:27","0:07:52","3:13:52","1495","1111","166","700","99999","99999","99999","1302","1000","142","1495","1111","166","25392","","","13287","472","11632"
"1414","Brandon Allen","Male","Nashville","TN","US","M40-44","FIN","7:03:16","","0:00:00","3:53:54","0:11:06","2:58:16","1496","1112","145","700","99999","99999","99999","1475","1108","144","1496","1112","145","25396","","","14034","666","10696"
"849","Daymon Abbott","Male","Portland","OR","US","M30-34","FIN","7:03:43","","0:00:00","3:51:32","0:06:48","3:05:24","1497","1113","167","700","99999","99999","99999","1442","1088","153","1497","1113","167","25423","","","13892","408","11124"
"1025","Brian Dolive","Male","Longview","TX","US","M65-69","FIN","7:03:50","","0:00:00","4:00:45","0:04:10","2:58:56","1498","1114","25","805","99999","99999","99999","1542","1144","28","1498","1114","25","25430","","","14445","250","10736"
"709","Servando Palomeque","Male","McKinney","TX","US","M50-54","FIN","7:03:56","","0:00:00","3:22:29","0:07:57","3:33:30","1499","1115","105","700","99999","99999","99999","919","751","80","1499","1115","105","25436","","","12149","477","12810"
"1688","Lauren Rzepniewski","Female","Austin","TX","US","F25-29","FIN","7:03:59","","0:00:00","4:13:27","0:03:51","2:46:41","1500","385","45","700","99999","99999","99999","1628","448","50","1500","385","45","25439","","","15207","231","10001"
"1719","Scott Fortenberry","Male","Jackson","MS","US","M45-49","FIN","7:03:59","","0:00:00","3:48:52","0:05:14","3:09:53","1501","1116","139","700","99999","99999","99999","1413","1070","135","1501","1116","139","25439","","","13732","314","11393"
"1691","John Gahrs","Male","COLLEYVILLE","TX","US","M60-64","FIN","7:04:13","","0:00:00","3:46:56","0:06:11","3:11:07","1502","1117","54","700","99999","99999","99999","1388","1053","54","1502","1117","54","25453","","","13616","371","11467"
"1793","Mary Ladage","Female","DENTON","US-TX","US","F40-44","FIN","7:04:34","","0:00:00","3:59:20","0:07:32","2:57:42","1503","386","58","700","99999","99999","99999","1529","396","59","1503","386","58","25474","","","14360","452","10662"
"789","Jamie Ploetzner","Male","Plano","TX","US","M40-44","FIN","7:04:46","","0:00:00","3:43:56","0:04:59","3:15:51","1504","1118","146","700","99999","99999","99999","1339","1025","136","1504","1118","146","25486","","","13436","299","11751"
"1482","Bryan Tillis","Male","Cordova","TN","US","M18-24","FIN","7:05:00","","0:00:00","4:03:21","0:07:35","2:54:04","1505","1119","83","700","99999","99999","99999","1574","1155","83","1505","1119","83","25500","","","14601","455","10444"
"573","Margaret Valair","Female","Kelowna","BC","CA","F65-69","FIN","7:05:03","","0:00:00","3:51:17","0:04:46","3:09:00","1506","387","7","2031","99999","99999","99999","1440","354","7","1506","387","7","25503","","","13877","286","11340"
"569","Sarah Aleman","Female","Bedford","Texas","US","F25-29","FIN","7:05:22","","0:00:00","3:48:59","0:06:07","3:10:16","1507","388","46","700","99999","99999","99999","1417","344","38","1507","388","46","25522","","","13739","367","11416"
"300","Jean-Daniel Roch","Male","Blaschette","LU-ME","CH","M55-59","FIN","7:05:25","","0:00:00","4:59:13","0:04:54","2:01:19","1508","1120","94","700","99999","99999","99999","1676","1201","105","1508","1120","94","25525","","","17953","294","7279"
"1183","Alexis Cox","Female","Fayetteville","Arkansas","US","F18-24","FIN","7:05:45","","0:00:00","4:23:19","0:03:41","2:38:45","1509","389","27","783","99999","99999","99999","1647","461","28","1509","389","27","25545","","","15799","221","9525"
"672","Ricky Erling","Male","Frisco","TX","US","M35-39","FIN","7:06:03","","0:00:00","3:55:34","0:06:40","3:03:49","1510","1121","161","700","99999","99999","99999","1498","1118","164","1510","1121","161","25563","","","14134","400","11029"
"451","Amelia Baldwin","Female","Gilbert","AZ","US","F40-44","FIN","7:06:14","","0:00:00","3:57:56","0:03:58","3:04:20","1511","390","59","700","99999","99999","99999","1521","392","57","1511","390","59","25574","","","14276","238","11060"
"1692","Kyle Bryson","Male","Austin","TX","US","M40-44","FIN","7:06:33","","0:00:00","3:47:51","0:05:39","3:13:03","1512","1122","147","700","99999","99999","99999","1400","1060","141","1512","1122","147","25593","","","13671","339","11583"
"661","Andrew Oteo","Male","Dallas","TX","US","M40-44","FIN","7:06:34","","0:00:00","4:03:15","0:09:02","2:54:18","1513","1123","148","700","99999","99999","99999","1573","1154","153","1513","1123","148","25594","","","14595","542","10458"
"1300","Christian Moyano","Male","Irvine","CA","US","M18-24","FIN","7:06:36","","0:00:00","3:48:58","0:09:03","3:08:35","1514","1124","84","700","99999","99999","99999","1416","1073","77","1514","1124","84","25596","","","13738","543","11315"
"986","Blake Crowell","Male","Frisco","TX","US","M55-59","FIN","7:06:41","","0:00:00","3:43:57","0:10:30","3:12:13","1515","1125","95","700","99999","99999","99999","1340","1026","89","1515","1125","95","25601","","","13437","630","11533"
"1886","Bryan Basulto","Male","KATY","TX","US","M25-29","FIN","7:07:27","","0:00:00","3:42:17","0:08:10","3:17:00","1516","1126","139","700","99999","99999","99999","1318","1008","119","1516","1126","139","25647","","","13337","490","11820"
"1082","Clifford Nathanielsz","Male","The Colony","Texas","US","M60-64","FIN","7:07:29","","0:00:00","3:30:22","0:08:33","3:28:34","1517","1127","55","700","99999","99999","99999","1097","881","44","1517","1127","55","25649","","","12622","513","12514"
"1126","Reed Donaldson","Male","Covington","OK","US","M35-39","FIN","7:07:35","","0:00:00","3:53:50","0:07:03","3:06:42","1518","1128","162","700","99999","99999","99999","1472","1105","161","1518","1128","162","25655","","","14030","423","11202"
"786","Melody Parker","Female","Aurora","CO","US","F50-54","FIN","7:07:39","","0:00:00","4:18:56","0:05:34","2:43:08","1519","391","48","758","99999","99999","99999","1640","455","58","1519","391","48","25659","","","15536","334","9788"
"1652","John Raymond","Male","DALLAS","TX","US","M35-39","FIN","7:07:49","","0:00:00","4:09:32","0:07:34","2:50:43","1520","1129","163","700","99999","99999","99999","1611","1173","173","1520","1129","163","25669","","","14972","454","10243"
"2121","Alan Aycock","Male","Round Rock","US-TX","US","M40-44","FIN","7:07:55","","0:00:00","3:58:12","0:07:38","3:02:05","1521","1130","149","700","99999","99999","99999","1523","1131","150","1521","1130","149","25675","","","14292","458","10925"
"496","Nicole Fielder","Female","Joshua","US-TX","US","F40-44","FIN","7:08:05","","0:00:00","4:08:15","0:07:37","2:52:14","1522","392","60","700","99999","99999","99999","1608","438","67","1522","392","60","25685","","","14895","457","10334"
"769","Trey Isabell","Male","Shreveport","Louisiana","US","M18-24","FIN","7:08:12","","0:00:00","3:52:40","0:05:20","3:10:12","1523","1131","85","700","99999","99999","99999","1456","1097","80","1523","1131","85","25692","","","13960","320","11412"
"651","Jessica Baxter","Female","Carrollton","US-TX","US","F40-44","FIN","7:08:19","","0:00:00","3:54:19","0:10:57","3:03:03","1524","393","61","700","99999","99999","99999","1483","374","53","1524","393","61","25699","","","14059","657","10983"
"826","Barbara Trabow","Female","Sahuarita","US-AZ","US","F45-49","FIN","7:08:26","","0:00:00","3:58:48","0:06:56","3:02:41","1525","394","54","700","99999","99999","99999","1525","394","56","1525","394","54","25706","","","14328","416","10961"
"2104","Nathan Duong","Male","Oklahoma City","OK","US","M18-24","FIN","7:08:32","","0:00:00","4:09:39","0:04:06","2:54:47","1526","1132","86","700","99999","99999","99999","1612","1174","85","1526","1132","86","25712","","","14979","246","10487"
"1796","Brittany Burlison","Female","Bartlesville","Oklahoma","US","F25-29","FIN","7:08:39","","0:00:00","4:02:31","0:07:21","2:58:48","1527","395","47","700","99999","99999","99999","1567","414","43","1527","395","47","25719","","","14551","441","10728"
"704","Evan Groeschel","Male","ROUND ROCK","TX","US","M45-49","FIN","7:08:40","","0:00:00","4:00:18","0:06:19","3:02:02","1528","1133","140","700","99999","99999","99999","1538","1141","141","1528","1133","140","25720","","","14418","379","10922"
"1273","Tsola Omamogho","Female","Dallas","US-TX","US","F30-34","FIN","7:08:42","","0:00:00","4:01:57","0:07:05","2:59:40","1529","396","44","876","99999","99999","99999","1557","408","42","1529","396","44","25722","","","14517","425","10780"
"1653","Justice Escobar","Male","Corpus Christi","TEXAS","US","M25-29","FIN","7:08:43","","0:00:00","4:01:59","0:10:22","2:56:22","1530","1134","140","700","99999","99999","99999","1558","1150","135","1530","1134","140","25723","","","14519","622","10582"
"1578","Mackenzie Carreon","Female","Flower Mound","Texas","US","F18-24","FIN","7:08:43","","0:00:00","4:11:30","0:06:14","2:50:59","1531","397","28","729","99999","99999","99999","1620","443","26","1531","397","28","25723","","","15090","374","10259"
"192","Berta Ramos Ramirez","Female","CORAL GABLES","FL","US","F65-69","FIN","7:08:48","","0:00:00","4:02:26","0:03:36","3:02:46","1532","398","8","1963","99999","99999","99999","1566","413","10","1532","398","8","25728","","","14546","216","10966"
"967","Diego Paredes","Male","McAllen","Texas","US","M25-29","FIN","7:09:12","","0:00:00","4:30:54","0:05:49","2:32:29","1533","1135","141","700","99999","99999","99999","1660","1193","147","1533","1135","141","25752","","","16254","349","9149"
"662","Johnnie Yellock","Male","Lantana","Texas","US","M40-44","FIN","7:09:58","","0:00:00","3:54:08","0:11:12","3:04:39","1534","1136","150","700","99999","99999","99999","1479","1109","145","1534","1136","150","25798","","","14048","672","11079"
"809","AJ Nathe","","Little Elm","TX","US","M35-39","FIN","7:10:06","","0:00:00","3:50:49","0:07:49","3:11:27","1535","1137","164","700","99999","99999","99999","1433","1083","156","1535","1137","164","25806","","","13849","469","11487"
"1660","Brandy Ramirez","Female","KINGMAN","Arizona","US","F50-54","FIN","7:10:07","","0:00:00","3:54:01","0:07:15","3:08:51","1536","399","49","713","99999","99999","99999","1477","369","49","1536","399","49","25807","","","14041","435","11331"
"485","Tim Warriner","Male","FLOWER MOUND","TX","US","M60-64","FIN","7:10:28","","0:00:00","3:28:17","0:06:47","3:35:23","1537","1138","56","700","99999","99999","99999","1060","857","40","1537","1138","56","25828","","","12497","407","12923"
"590","Carrie Moore","Female","Park City","KS","US","F50-54","FIN","7:10:31","","0:00:00","3:31:50","0:06:58","3:31:43","1538","400","50","706","99999","99999","99999","1126","233","32","1538","400","50","25831","","","12710","418","12703"
"588","Holly Osborn","Female","Maize","KS","US","F45-49","FIN","7:10:37","","0:00:00","3:40:00","0:07:36","3:23:02","1539","401","55","700","99999","99999","99999","1279","287","38","1539","401","55","25837","","","13200","456","12182"
"872","Scot Johnson","Male","Peoria","AZ","US","M50-54","FIN","7:10:43","","0:00:00","3:24:08","0:16:44","3:29:51","1540","1139","106","700","99999","99999","99999","961","784","85","1540","1139","106","25843","","","12248","1004","12591"
"669","Mark Mulch","Male","Anna","TX","US","M65-69","FIN","7:10:59","","0:00:00","3:34:55","0:09:12","3:26:51","1541","1140","26","700","99999","99999","99999","1189","935","21","1541","1140","26","25859","","","12895","552","12411"
"1440","Tina Brown","Female","Buda","TX","US","F55-59","FIN","7:11:05","","0:00:00","3:54:19","0:04:48","3:11:58","1542","402","39","705","99999","99999","99999","1484","375","42","1542","402","39","25865","","","14059","288","11518"
"2050","Steve Tseng","","Celina","Texas","US","M50-54","FIN","7:11:21","","0:00:00","3:34:04","0:06:56","3:30:21","1543","1141","107","700","99999","99999","99999","1171","926","97","1543","1141","107","25881","","","12844","416","12621"
"225","Jacob Moulder","Male","Frisco","Texas","US","M25-29","FIN","7:11:33","","0:00:00","3:44:20","0:08:16","3:18:58","1544","1142","142","700","99999","99999","99999","1345","1031","125","1544","1142","142","25893","","","13460","496","11938"
"1122","Matthew Palant","Male","FORT WORTH","US-TX","US","M40-44","FIN","7:11:45","","0:00:00","4:10:46","0:05:44","2:55:15","1545","1143","151","700","99999","99999","99999","1617","1176","155","1545","1143","151","25905","","","15046","344","10515"
"1026","Taylor Wallace","Female","New York","New York","US","F25-29","FIN","7:12:06","","0:00:00","4:06:23","0:06:34","2:59:09","1546","403","48","700","99999","99999","99999","1596","432","47","1546","403","48","25926","","","14783","394","10749"
"765","Justin Meier","Male","DALLAS","US-TX","US","M40-44","FIN","7:12:09","","0:00:00","4:01:16","0:06:00","3:04:54","1547","1144","152","700","99999","99999","99999","1547","1147","152","1547","1144","152","25929","","","14476","360","11094"
"1442","Michele Lindsey","Female","Mesquite","TX","US","F60-64","FIN","7:12:39","","0:00:00","3:39:16","0:07:24","3:25:59","1548","404","20","1272","99999","99999","99999","1265","282","15","1548","404","20","25959","","","13156","444","12359"
"1495","Shaniel Katariwala","Male","Austin","Texas","US","M30-34","FIN","7:13:01","","0:00:00","4:15:04","0:10:39","2:47:19","1549","1145","168","700","99999","99999","99999","1631","1182","172","1549","1145","168","25981","","","15304","639","10039"
"586","Kathryn Sild","Female","Frisco","Texas","US","F30-34","FIN","7:13:53","","0:00:00","4:36:05","0:05:15","2:32:32","1550","405","45","783","99999","99999","99999","1666","471","47","1550","405","45","26033","","","16565","315","9152"
"835","Shelly Butler","Female","Justin","Texas","US","F40-44","FIN","7:13:59","","0:00:00","3:55:39","0:04:33","3:13:47","1551","406","62","700","99999","99999","99999","1500","382","54","1551","406","62","26039","","","14139","273","11627"
"429","Madeleine Carithers","Female","Fort Worth","Texas","US","F25-29","FIN","7:14:10","","0:00:00","4:23:07","0:05:37","2:45:26","1552","407","49","700","99999","99999","99999","1646","460","53","1552","407","49","26050","","","15787","337","9926"
"1776","Tri Nham","Male","Booth","texas","VN","M30-34","FIN","7:14:17","","0:00:00","3:48:35","0:06:23","3:19:20","1553","1146","169","700","99999","99999","99999","1408","1066","151","1553","1146","169","26057","","","13715","383","11960"
"1700","Andrew Hall","Male","Fort Worth","TX","US","M35-39","FIN","7:14:21","","0:00:00","4:08:14","0:06:03","3:00:04","1554","1147","165","700","99999","99999","99999","1607","1170","172","1554","1147","165","26061","","","14894","363","10804"
"863","Neil Provenzano","Male","Las Vegas","Nevada","US","M18-24","FIN","7:14:29","","0:00:00","3:53:50","0:05:46","3:14:53","1555","1148","87","700","99999","99999","99999","1473","1106","81","1555","1148","87","26069","","","14030","346","11693"
"1260","Kruti Patel","Female","Little Rock","US-AR","US","F40-44","FIN","7:14:36","","0:00:00","4:04:14","0:05:14","3:05:08","1556","408","63","700","99999","99999","99999","1583","425","66","1556","408","63","26076","","","14654","314","11108"
"688","Neil Wilcox","Male","Mckinney","Texas","US","M35-39","FIN","7:15:00","","0:00:00","3:52:52","0:08:43","3:13:25","1557","1149","166","700","99999","99999","99999","1458","1098","159","1557","1149","166","26100","","","13972","523","11605"
"839","Bret Hooppaw","Male","Bartow","FL","US","M65-69","FIN","7:15:03","","0:00:00","3:37:16","0:11:19","3:26:29","1558","1150","27","700","99999","99999","99999","1231","966","23","1558","1150","27","26103","","","13036","679","12389"
"613","Ruben Da Rocha Barretto","Male","PLANO","TX","US","M55-59","FIN","7:15:22","","0:00:00","3:43:17","0:06:13","3:25:52","1559","1151","96","700","99999","99999","99999","1333","1020","88","1559","1151","96","26122","","","13397","373","12352"
"1484","William Reynolds","Male","Greenville","SC","US","M35-39","FIN","7:15:43","","0:00:00","3:54:54","0:07:28","3:13:21","1560","1152","167","700","99999","99999","99999","1490","1113","163","1560","1152","167","26143","","","14094","448","11601"
"998","Elizabeth Schultz","Female","Hurst","TX","US","F30-34","FIN","7:16:04","","0:00:00","3:53:01","0:03:34","3:19:29","1561","409","46","743","99999","99999","99999","1461","361","38","1561","409","46","26164","","","13981","214","11969"
"434","Joshua Napieralski","Male","Fate","TX","US","M35-39","FIN","7:16:07","","0:00:00","3:38:10","0:06:25","3:31:32","1562","1153","168","700","99999","99999","99999","1246","974","140","1562","1153","168","26167","","","13090","385","12692"
"680","Stephanie Leal","Female","Frisco","Texas","US","F35-39","FIN","7:16:13","","0:00:00","3:48:31","0:11:13","3:16:30","1563","410","50","700","99999","99999","99999","1407","342","45","1563","410","50","26173","","","13711","673","11790"
"567","Julie Mcphilomy","Female","GLEN ELLYN","IL","US","F45-49","FIN","7:16:42","","0:00:00","3:45:05","0:05:15","3:26:22","1564","411","56","700","99999","99999","99999","1359","322","43","1564","411","56","26202","","","13505","315","12382"
"1338","David Sanchez","Male","El Paso","Texas","US","M25-29","FIN","7:16:59","","0:00:00","4:02:10","0:05:16","3:09:33","1565","1154","143","700","99999","99999","99999","1563","1152","137","1565","1154","143","26219","","","14530","316","11373"
"1481","Timothy Tsang","Male","Garland","TX","US","M35-39","FIN","7:17:04","","0:00:00","3:56:44","0:15:42","3:04:38","1566","1155","169","700","99999","99999","99999","1508","1123","165","1566","1155","169","26224","","","14204","942","11078"
"641","Willarenea Jones","Female","Little Elm","TX","US","F60-64","FIN","7:17:05","","0:00:00","3:34:13","0:13:05","3:29:48","1567","412","21","1193","99999","99999","99999","1173","246","12","1567","412","21","26225","","","12853","785","12588"
"1421","Mckenley Mason","Male","petersburg","US-VA","US","M65-69","FIN","7:17:06","","0:00:00","3:54:20","0:11:09","3:11:37","1568","1156","28","700","99999","99999","99999","1485","1110","27","1568","1156","28","26226","","","14060","669","11497"
"598","Jeff Davis","Male","Celina","TX","US","M50-54","FIN","7:17:08","","0:00:00","4:01:31","0:05:14","3:10:23","1569","1157","108","700","99999","99999","99999","1550","1148","106","1569","1157","108","26228","","","14491","314","11423"
"1983","Matthew Goldsmith","Male","Fort Worth","TX","US","M45-49","FIN","7:17:13","","0:00:00","3:46:27","0:03:38","3:27:09","1570","1158","141","700","99999","99999","99999","1379","1046","132","1570","1158","141","26233","","","13587","218","12429"
"1070","John German","Male","Ponchatoula ","Louisiana ","US","M35-39","FIN","7:17:56","","0:00:00","3:56:45","0:08:09","3:13:02","1571","1159","170","700","99999","99999","99999","1509","1124","166","1571","1159","170","26276","","","14205","489","11582"
"501","Crista Davis","Female","Dallas","US-TX","US","F50-54","FIN","7:18:14","","0:00:00","3:51:41","0:10:44","3:15:49","1572","413","51","700","99999","99999","99999","1447","356","48","1572","413","51","26294","","","13901","644","11749"
"716","Kelley Irving","Female","ALLEN","TX","US","F55-59","FIN","7:18:26","","0:00:00","3:44:59","0:07:30","3:25:57","1573","414","40","700","99999","99999","99999","1356","320","36","1573","414","40","26306","","","13499","450","12357"
"1374","Karen Underwood","Female","Austin","TX","US","F65-69","FIN","7:18:43","","0:00:00","3:48:49","0:06:59","3:22:55","1574","415","9","1785","99999","99999","99999","1412","343","6","1574","415","9","26323","","","13729","419","12175"
"1097","Jordan Walls","Female","Osceola","US-IN","US","F35-39","FIN","7:19:04","","0:00:00","3:56:43","0:08:30","3:13:51","1575","416","51","700","99999","99999","99999","1507","385","49","1575","416","51","26344","","","14203","510","11631"
"691","Crystal Ramirez","Female","Aubrey","US-TX","US","F35-39","FIN","7:19:10","","0:00:00","4:03:42","0:06:44","3:08:44","1576","417","52","700","99999","99999","99999","1581","423","54","1576","417","52","26350","","","14622","404","11324"
"207","Lauren Kim","Female","Dallas","TX","US","F25-29","FIN","7:19:14","","0:00:00","4:10:38","0:04:22","3:04:13","1577","418","50","700","99999","99999","99999","1616","441","49","1577","418","50","26354","","","15038","262","11053"
"1068","Michael Bowling","Male","Marion","Iowa","US","M45-49","FIN","7:19:26","","0:00:00","4:07:15","0:03:23","3:08:47","1578","1160","142","700","99999","99999","99999","1603","1168","143","1578","1160","142","26366","","","14835","203","11327"
"1668","Alycia Schuler","Female","OMAHA","NE","US","F35-39","FIN","7:19:54","","0:00:00","4:02:44","0:04:39","3:12:30","1579","419","53","700","99999","99999","99999","1570","417","52","1579","419","53","26394","","","14564","279","11550"
"456","Charlie Riddle","Male","Wichita","KS","US","M70-74","FIN","7:20:35","","0:00:00","3:50:59","0:06:11","3:23:25","1580","1161","8","1407","99999","99999","99999","1435","1085","8","1580","1161","8","26435","","","13859","371","12205"
"1257","Jorge Luis Torres Torres","Male","Mante","TAMAULIPAS","MX","M55-59","FIN","7:20:38","","0:00:00","4:12:59","0:07:08","3:00:31","1581","1162","97","700","99999","99999","99999","1625","1180","102","1581","1162","97","26438","","","15179","428","10831"
"483","Shanna Coulter","Female","Allen","TX","US","F40-44","FIN","7:20:43","","0:00:00","4:03:36","0:07:50","3:09:17","1582","420","64","700","99999","99999","99999","1579","421","65","1582","420","64","26443","","","14616","470","11357"
"723","Matthew Cirella","Male","Richmond","TX","US","M35-39","FIN","7:20:55","","0:00:00","4:02:13","0:04:35","3:14:07","1583","1163","171","700","99999","99999","99999","1564","1153","170","1583","1163","171","26455","","","14533","275","11647"
"516","Claudia Rosas","Female","SANTA CLARA","CA","US","F60-64","FIN","7:21:05","","0:00:00","3:47:39","0:11:56","3:21:30","1584","421","22","1121","99999","99999","99999","1397","338","19","1584","421","22","26465","","","13659","716","12090"
"2064","Pamela Guevara Neri","Female","Houston","US-TX","MX","F40-44","FIN","7:21:15","","0:00:00","3:45:51","0:11:07","3:24:17","1585","422","65","700","99999","99999","99999","1368","327","46","1585","422","65","26475","","","13551","667","12257"
"674","Rafael Quintana","Male","McKinney","US-TX","US","M70-74","FIN","7:21:23","","0:00:00","3:44:35","0:07:49","3:28:59","1586","1164","9","1392","99999","99999","99999","1352","1035","6","1586","1164","9","26483","","","13475","469","12539"
"400","Bryan Haire","Male","Katy","TX","US","M40-44","FIN","7:21:27","","0:00:00","3:43:54","0:07:53","3:29:40","1587","1165","153","700","99999","99999","99999","1338","1024","135","1587","1165","153","26487","","","13434","473","12580"
"956","Michael Read","Male","ALTON BAY","NH","US","M55-59","FIN","7:21:41","","0:00:00","3:56:46","0:09:24","3:15:30","1588","1166","98","700","99999","99999","99999","1510","1125","100","1588","1166","98","26501","","","14206","564","11730"
"1315","Mary Frances Kopcho","Female","San Antonio","TX","US","F50-54","FIN","7:22:08","","0:00:00","4:09:53","0:04:42","3:07:33","1589","423","52","700","99999","99999","99999","1614","440","54","1589","423","52","26528","","","14993","282","11253"
"1182","Craig Huffman","Male","West Chester","OH","US","M35-39","FIN","7:22:13","","0:00:00","3:52:03","0:07:02","3:23:09","1590","1167","172","700","99999","99999","99999","1449","1093","157","1590","1167","172","26533","","","13923","422","12189"
"647","Gabby Wynd","Female","Frisco","US-Texas","US","F45-49","FIN","7:22:18","","0:00:00","3:57:41","0:11:51","3:12:47","1591","424","57","700","99999","99999","99999","1520","391","54","1591","424","57","26538","","","14261","711","11567"
"1904","Julie Papaj","Female","Granbury","TEXAS","US","F25-29","FIN","7:22:19","","0:00:00","4:18:59","0:05:16","2:58:04","1592","425","51","700","99999","99999","99999","1641","456","52","1592","425","51","26539","","","15539","316","10684"
"1518","Cassandra Winland","Female","RICHARDSON","TX","US","F35-39","FIN","7:23:19","","0:00:00","4:13:50","0:05:15","3:04:14","1593","426","54","700","99999","99999","99999","1629","449","55","1593","426","54","26599","","","15230","315","11054"
"861","Lisa Thomas","Female","Houston","TX","US","F60-64","FIN","7:23:19","","0:00:00","4:03:38","0:04:56","3:14:44","1594","427","23","1080","99999","99999","99999","1580","422","24","1594","427","23","26599","","","14618","296","11684"
"2034","Scott Vrudny","Male","Rockwall","TX","US","M35-39","FIN","7:23:45","","0:00:00","4:03:33","0:09:03","3:11:09","1595","1168","173","700","99999","99999","99999","1575","1156","171","1595","1168","173","26625","","","14613","543","11469"
"910","Arlene Stelzer","Female","South Padre Island","TX","US","F70-74","FIN","7:23:50","","0:00:00","4:02:40","0:06:08","3:15:02","1596","428","3","2353","99999","99999","99999","1569","416","3","1596","428","3","26630","","","14560","368","11702"
"1341","Matthew Sand","Male","Oak Point","Texas","US","M25-29","FIN","7:23:56","","0:00:00","4:06:36","0:07:19","3:10:01","1597","1169","144","700","99999","99999","99999","1601","1167","140","1597","1169","144","26636","","","14796","439","11401"
"498","Neysha Miranda","Female","Homestead","US-FL","PR","F50-54","FIN","7:24:42","","0:00:00","3:51:11","0:10:12","3:23:19","1598","429","53","700","99999","99999","99999","1439","353","47","1598","429","53","26682","","","13871","612","12199"
"1684","Michael Cone","Male","HOUSTON","US-TX","US","M45-49","FIN","7:24:49","","0:00:00","3:46:48","0:07:10","3:30:51","1599","1170","143","700","99999","99999","99999","1384","1050","133","1599","1170","143","26689","","","13608","430","12651"
"601","Petriece Culberson","Female","Melissa","US-TX","US","F55-59","FIN","7:25:08","","0:00:00","3:35:07","0:05:50","3:44:10","1600","430","41","700","99999","99999","99999","1194","255","30","1600","430","41","26708","","","12907","350","13450"
"1015","Brian Hartman","Male","Celina","US-TX","US","M55-59","FIN","7:25:12","","0:00:00","3:51:22","0:05:38","3:28:13","1601","1171","99","700","99999","99999","99999","1441","1087","97","1601","1171","99","26712","","","13882","338","12493"
"862","Amy Walker","Female","McKinney","US-Texas","US","F50-54","FIN","7:25:17","","0:00:00","4:28:14","0:08:51","2:48:13","1602","431","54","700","99999","99999","99999","1655","467","60","1602","431","54","26717","","","16094","531","10093"
"2074","Jennifer Phillips","Female","Austin","TX","US","F50-54","FIN","7:25:22","","0:00:00","4:24:38","0:10:21","2:50:24","1603","432","55","700","99999","99999","99999","1650","462","59","1603","432","55","26722","","","15878","621","10224"
"1268","Wendy Browning-Cozart","Female","Sour Lake","TX","US","F40-44","FIN","7:25:32","","0:00:00","4:02:04","0:10:55","3:12:33","1604","433","66","700","99999","99999","99999","1561","411","63","1604","433","66","26732","","","14524","655","11553"
"1235","Elizabeth Gillett","Female","austin","US-TX","US","F35-39","FIN","7:26:15","","0:00:00","4:00:20","0:05:20","3:20:34","1605","434","55","700","99999","99999","99999","1539","398","51","1605","434","55","26775","","","14420","320","12034"
"735","Ron Rieke","Male","Fort Worth","TX","US","M35-39","FIN","7:26:40","","0:00:00","3:47:18","0:07:51","3:31:30","1606","1172","174","700","99999","99999","99999","1392","1057","150","1606","1172","174","26800","","","13638","471","12690"
"1027","Kelli Jensen","Female","GRAVETTE","AR","US","F40-44","FIN","7:27:26","","0:00:00","4:02:24","0:04:15","3:20:46","1607","435","67","700","99999","99999","99999","1565","412","64","1607","435","67","26846","","","14544","255","12046"
"173","Joey Decker","Male","Dallas ","TEXAS","US","M55-59","FIN","7:27:30","","0:00:00","3:52:53","0:05:37","3:28:59","1608","1173","100","700","99999","99999","99999","1459","1099","99","1608","1173","100","26850","","","13973","337","12539"
"1160","Beth Oakes","Female","JENKS","OK","US","F55-59","FIN","7:27:44","","0:00:00","4:06:23","0:04:21","3:17:00","1609","436","42","700","99999","99999","99999","1597","433","44","1609","436","42","26864","","","14783","261","11820"
"976","Jim Dwyer","Male","Fort Myers","FL","US","M60-64","FIN","7:28:20","","0:00:00","3:59:50","0:09:19","3:19:11","1610","1174","57","700","99999","99999","99999","1533","1136","57","1610","1174","57","26900","","","14390","559","11951"
"2093","Anon_04202026_1405","Male","Dallas","TX","US","M50-54","FIN","7:28:39","","0:00:00","4:10:34","0:15:54","3:02:11","1611","1175","109","700","99999","99999","99999","1615","1175","110","1611","1175","109","26919","","","15034","954","10931"
"166","Beverly Rouse","Female","UPPR MARLBORO","MD","US","F60-64","FIN","7:28:51","","0:00:00","4:04:36","0:06:03","3:18:11","1612","437","24","981","99999","99999","99999","1587","427","26","1612","437","24","26931","","","14676","363","11891"
"818","Lily Gordon","Female","NORTHLAKE","TX","US","F45-49","FIN","7:28:55","","0:00:00","4:20:18","0:03:03","3:05:34","1613","438","58","700","99999","99999","99999","1642","457","61","1613","438","58","26935","","","15618","183","11134"
"480","Antoine Cyr","Male","The Colony","US-TX","US","M55-59","FIN","7:28:59","","0:00:00","3:42:15","0:08:07","3:38:38","1614","1176","101","700","99999","99999","99999","1317","1007","87","1614","1176","101","26939","","","13335","487","13118"
"629","Kelly Tate","Female","Frisco","US-TX","US","F50-54","FIN","7:30:07","","0:00:00","4:12:42","0:09:30","3:07:55","1615","439","56","700","99999","99999","99999","1623","445","55","1615","439","56","27007","","","15162","570","11275"
"459","Renee Bello","Female","Dallas ","Texas ","US","F50-54","FIN","7:30:40","","0:00:00","4:32:00","0:07:46","2:50:55","1616","440","57","700","99999","99999","99999","1662","469","61","1616","440","57","27040","","","16320","466","10255"
"1329","Neel Sheth","Male","Flower Mound","Texas","US","M25-29","FIN","7:30:47","","0:00:00","4:30:08","0:10:25","2:50:13","1617","1177","145","700","99999","99999","99999","1657","1190","146","1617","1177","145","27047","","","16208","625","10213"
"1040","Jeremy Ramos","Male","SPRINGDALE","AR","US","M30-34","FIN","7:31:41","","0:00:00","3:39:03","0:07:45","3:44:54","1618","1178","170","700","99999","99999","99999","1260","981","137","1618","1178","170","27101","","","13143","465","13494"
"1944","Karen Dewitt","Female","N RICHLND HLS","TX","US","F40-44","FIN","7:31:49","","0:00:00","4:09:46","0:07:45","3:14:17","1619","441","68","700","99999","99999","99999","1613","439","68","1619","441","68","27109","","","14986","465","11657"
"2056","Trenton Dighero","Male","Bolivar","Missouri","US","M25-29","FIN","7:32:25","","0:00:00","4:11:44","0:10:38","3:10:03","1620","1179","146","700","99999","99999","99999","1621","1178","142","1620","1179","146","27145","","","15104","638","11403"
"948","Cheryl Casone","Female","NEW YORK","NY","US","F55-59","FIN","7:33:05","","0:00:00","4:20:27","0:09:44","3:02:55","1621","442","43","700","99999","99999","99999","1643","458","49","1621","442","43","27185","","","15627","584","10975"
"760","Alex Campbell","Male","Plano","Texas","US","M35-39","FIN","7:33:17","","0:00:00","4:28:39","0:09:31","2:55:07","1622","1180","175","700","99999","99999","99999","1656","1189","174","1622","1180","175","27197","","","16119","571","10507"
"973","Sharon Carpenter","Female","Maryville","US-TN","US","F60-64","FIN","7:33:27","","0:00:00","3:51:01","0:08:28","3:33:58","1623","443","25","898","99999","99999","99999","1436","351","20","1623","443","25","27207","","","13861","508","12838"
"1239","Tracie Hammond","Female","Spring Branch","TEXAS","US","F55-59","FIN","7:33:50","","0:00:00","4:07:26","0:05:13","3:21:11","1624","444","44","700","99999","99999","99999","1604","436","46","1624","444","44","27230","","","14846","313","12071"
"176","Michael Welvaert","Male","Plano","TX","US","M55-59","FIN","7:34:36","","0:00:00","4:04:34","0:07:06","3:22:56","1625","1181","102","700","99999","99999","99999","1586","1160","101","1625","1181","102","27276","","","14674","426","12176"
"510","Evelyn Wendt","Female","Richardson","US-TX","US","F25-29","FIN","7:34:41","","0:00:00","4:26:40","0:05:15","3:02:46","1626","445","52","700","99999","99999","99999","1654","466","55","1626","445","52","27281","","","16000","315","10966"
"1537","Fernando Sanchez","Male","SAN ANTONIO","TX","US","M55-59","FIN","7:34:46","","0:00:00","3:44:07","0:08:09","3:42:29","1627","1182","103","700","99999","99999","99999","1341","1027","90","1627","1182","103","27286","","","13447","489","13349"
"1639","Jorge Luis Rodriguez Sanchez","Male","casa grande","US-AZ","MX","M40-44","FIN","7:35:45","","0:00:00","4:21:41","0:10:37","3:03:27","1628","1183","154","700","99999","99999","99999","1644","1186","157","1628","1183","154","27345","","","15701","637","11007"
"1466","Jacki Strack","Female","Klein","US-TX","US","F65-69","FIN","7:35:58","","0:00:00","3:54:17","0:04:08","3:37:32","1629","446","10","1474","99999","99999","99999","1482","373","8","1629","446","10","27358","","","14057","248","13052"
"889","Ezequiel ESCARCEGA","Male","Mesquite","TX","MX","M40-44","FIN","7:36:26","","0:00:00","4:05:11","0:09:40","3:21:36","1630","1184","155","700","99999","99999","99999","1589","1162","154","1630","1184","155","27386","","","14711","580","12096"
"2049","Andrew George","Male","Pflugerville","TX","US","M40-44","FIN","7:37:34","","0:00:00","4:16:23","0:05:02","3:16:09","1631","1185","156","700","99999","99999","99999","1633","1183","156","1631","1185","156","27454","","","15383","302","11769"
"664","Liliana Rogers","Female","Little Elm","US-TX","US","F55-59","FIN","7:37:35","","0:00:00","4:17:44","0:06:39","3:13:11","1632","447","45","700","99999","99999","99999","1638","454","48","1632","447","45","27455","","","15464","399","11591"
"911","Lin Sanders","Female","McKinney","TX","US","F70-74","FIN","7:38:31","","0:00:00","4:05:20","0:11:07","3:22:03","1633","448","4","2089","99999","99999","99999","1590","428","4","1633","448","4","27511","","","14720","667","12123"
"822","Laura Larue","Female","Ormond Beach","FL","US","F70-74","FIN","7:38:40","","0:00:00","4:06:01","0:08:00","3:24:38","1634","449","5","2086","99999","99999","99999","1593","430","5","1634","449","5","27520","","","14761","480","12278"
"1492","Boyd Seevers","Male","Spring Lake Park","MN","US","M65-69","FIN","7:38:58","","0:00:00","4:04:37","0:04:31","3:29:50","1635","1186","29","700","99999","99999","99999","1588","1161","29","1635","1186","29","27538","","","14677","271","12590"
"2047","Sharif AbdelFattah","Male","Plainfield","IN","US","M40-44","FIN","7:39:00","","0:00:00","3:59:30","0:12:44","3:26:47","1636","1187","157","700","99999","99999","99999","1531","1134","151","1636","1187","157","27540","","","14370","764","12407"
"550","Timothy Grace","Male","Cypress","US-TX","US","M60-64","FIN","7:39:52","","0:00:00","4:18:09","0:07:14","3:14:29","1637","1188","58","700","99999","99999","99999","1639","1185","58","1637","1188","58","27592","","","15489","434","11669"
"398","Wesley Kidd","Male","Weatherford","TX","US","M40-44","FIN","7:41:05","","0:00:00","5:02:58","0:05:32","2:32:35","1638","1189","158","700","99999","99999","99999","1677","1202","161","1638","1189","158","27665","","","18178","332","9155"
"1373","Peter Brohn","Male","Houston","TX","US","M55-59","FIN","7:41:26","","0:00:00","4:17:24","0:08:26","3:15:37","1639","1190","104","700","99999","99999","99999","1636","1184","103","1639","1190","104","27686","","","15444","506","11737"
"2077","Joe Lawrence","Male","McKinney","Texas","US","M70-74","FIN","7:41:57","","0:00:00","3:59:49","0:10:17","3:31:51","1640","1191","10","1022","99999","99999","99999","1532","1135","10","1640","1191","10","27717","","","14389","617","12711"
"1240","Chandra Kelley","Female","Spring Branch","TX","US","F50-54","FIN","7:42:14","","0:00:00","3:55:31","0:06:50","3:39:53","1641","450","58","700","99999","99999","99999","1497","380","50","1641","450","58","27734","","","14131","410","13193"
"1293","David Smith","Male","Oak Point","Texas","US","M30-34","FIN","7:42:26","","0:00:00","4:14:52","0:06:56","3:20:38","1642","1192","171","700","99999","99999","99999","1630","1181","171","1642","1192","171","27746","","","15292","416","12038"
"503","Natalie Packer","Female","Carrollton","TX","US","F55-59","FIN","7:43:32","","0:00:00","3:48:59","0:12:53","3:41:39","1643","451","46","700","99999","99999","99999","1418","345","38","1643","451","46","27812","","","13739","773","13299"
"1124","Karen Offutt","Female","Carrollton","TX","US","F55-59","FIN","7:47:39","","0:00:00","4:15:56","0:07:06","3:24:37","1644","452","47","700","99999","99999","99999","1632","450","47","1644","452","47","28059","","","15356","426","12277"
"979","Erica Maynard-Uliasz","Female","Fort Myers","FL","US","F45-49","FIN","7:47:50","","0:00:00","4:01:17","0:09:32","3:37:01","1645","453","59","700","99999","99999","99999","1548","401","57","1645","453","59","28070","","","14477","572","13021"
"1850","Mark Perry","Male","Little Elm","TEXAS","US","M35-39","FIN","7:48:32","","0:00:00","4:37:46","0:05:14","3:05:32","1646","1193","176","700","99999","99999","99999","1667","1196","176","1646","1193","176","28112","","","16666","314","11132"
"1372","Kassandra Boyd","Female","Frisco","Texas","US","F30-34","FIN","7:48:35","","0:00:00","4:25:03","0:05:07","3:18:25","1647","454","47","700","99999","99999","99999","1651","463","46","1647","454","47","28115","","","15903","307","11905"
"850","Daphne Wilkinson","Female","Hanover","ON","CA","F55-59","FIN","7:48:44","","0:00:00","4:23:00","0:08:17","3:17:26","1648","455","48","700","99999","99999","99999","1645","459","50","1648","455","48","28124","","","15780","497","11846"
"1168","Hollee Erlandson","Female","Fredericksburg","TX","US","F55-59","FIN","7:49:03","","0:00:00","3:49:57","0:04:23","3:54:43","1649","456","49","700","99999","99999","99999","1423","346","39","1649","456","49","28143","","","13797","263","14083"
"615","Laura Paul","Female","FRISCO","US-TX","US","F60-64","FIN","7:49:39","","0:00:00","4:01:05","0:06:37","3:41:57","1650","457","26","700","99999","99999","99999","1546","400","23","1650","457","26","28179","","","14465","397","13317"
"1994","Teal Clark","Female","Jonesboro","AR","US","F55-59","FIN","7:50:01","","0:00:00","3:53:22","0:08:11","3:48:28","1651","458","50","700","99999","99999","99999","1466","365","41","1651","458","50","28201","","","14002","491","13708"
"439","Tony Herrera","Male","Little Elm","Texas","US","M35-39","FIN","7:50:03","","0:00:00","4:45:02","0:06:22","2:58:39","1652","1194","177","700","99999","99999","99999","1672","1200","177","1652","1194","177","28203","","","17102","382","10719"
"1264","Javier Nieto","Male","Mckinney","US-TEXAS","US","M50-54","FIN","7:50:10","","0:00:00","4:01:49","0:14:38","3:33:43","1653","1195","110","700","99999","99999","99999","1555","1149","107","1653","1195","110","28210","","","14509","878","12823"
"114","Jason Benouared","Male","Colleyville","US-TX","US","M40-44","FIN","7:50:43","","0:00:00","4:33:02","0:20:29","2:57:12","1654","1196","159","700","99999","99999","99999","1664","1195","158","1654","1196","159","28243","","","16382","1229","10632"
"415","Ryleigh Brandenburgh","Female","Omaha","US-NE","US","F18-24","FIN","7:50:55","","0:00:00","4:46:45","0:05:25","2:58:44","1655","459","29","700","99999","99999","99999","1673","473","30","1655","459","29","28255","","","17205","325","10724"
"698","Marianne Park","Female","Princeton","US-US-TX","US","F60-64","FIN","7:51:38","","0:00:00","4:12:28","0:05:42","3:33:28","1656","460","27","700","99999","99999","99999","1622","444","27","1656","460","27","28298","","","15148","342","12808"
"867","Christopher Hicks","Male","Denton","Texas","US","M30-34","FIN","7:52:39","","0:00:00","4:05:31","0:05:59","3:41:09","1657","1197","172","700","99999","99999","99999","1592","1163","168","1657","1197","172","28359","","","14731","359","13269"
"1331","Jennifer Long","Female","Norman","OK","US","F30-34","FIN","7:54:22","","0:00:00","4:41:06","0:03:19","3:09:58","1658","461","48","700","99999","99999","99999","1670","472","48","1658","461","48","28462","","","16866","199","11398"
"1098","Stephany Nichols","Female","TULSA","OK","US","F45-49","FIN","7:54:32","","0:00:00","3:46:33","0:04:02","4:03:57","1659","462","60","700","99999","99999","99999","1380","334","46","1659","462","60","28472","","","13593","242","14637"
"1360","Marlo Youde","Female","Round Rock","TX","US","F45-49","FIN","7:54:48","","0:00:00","4:01:45","0:09:30","3:43:33","1660","463","61","700","99999","99999","99999","1554","406","58","1660","463","61","28488","","","14505","570","13413"
"939","Marcos Pena","Male","Fort Worth","Texas","US","M25-29","FIN","7:54:50","","0:00:00","4:00:03","0:11:11","3:43:37","1661","1198","147","700","99999","99999","99999","1535","1138","134","1661","1198","147","28490","","","14403","671","13417"
"779","Jaylee Schultz","Female","Little Elm","TX","US","F18-24","FIN","7:56:04","","0:00:00","4:33:11","0:06:48","3:16:05","1662","464","30","700","99999","99999","99999","1665","470","29","1662","464","30","28564","","","16391","408","11765"
"1403","Ameleigha Silverman","Female","Cleburne ","TEXAS","US","F25-29","FIN","7:56:53","","0:00:00","4:26:09","0:07:30","3:23:14","1663","465","53","700","99999","99999","99999","1652","464","54","1663","465","53","28613","","","15969","450","12194"
"1408","Mary Forrest","Female","FORT WORTH","TX","US","F50-54","FIN","7:57:13","","0:00:00","4:01:41","0:09:08","3:46:25","1664","466","59","700","99999","99999","99999","1551","403","52","1664","466","59","28633","","","14501","548","13585"
"665","Elaine Parker","Female","Little Elm","US-TX","US","F50-54","FIN","7:57:24","","0:00:00","4:17:27","0:07:12","3:32:44","1665","467","60","700","99999","99999","99999","1637","453","57","1665","467","60","28644","","","15447","432","12764"
"1577","Stephanie Barrientos","Female","Porter","texas","US","F25-29","FIN","7:59:09","","0:00:00","4:17:13","0:06:03","3:35:53","1666","468","54","700","99999","99999","99999","1634","451","51","1666","468","54","28749","","","15433","363","12953"
"630","Jeanette Jager","Female","Grapevine","Texas","US","F35-39","FIN","8:03:19","","0:00:00","4:26:23","0:05:41","3:31:14","1667","469","56","700","99999","99999","99999","1653","465","56","1667","469","56","28999","","","15983","341","12674"
"1497","Kim Hanford","Female","Cedar Park","US-TX","US","F75-79","FIN","8:04:02","","0:00:00","4:11:20","0:07:17","3:45:25","1668","470","1","3500","99999","99999","99999","1619","442","1","1668","470","1","29042","","","15080","437","13525"
"568","Susan Krupa","Female","PARADISE VLY","US-AZ","US","F80-84","FIN","8:04:56","","0:00:00","4:31:09","0:09:40","3:24:08","1669","471","1","3500","99999","99999","99999","1661","468","1","1669","471","1","29096","","","16269","580","12248"
"1741","Beau Dutton","Male","Little Elm","TX","US","M40-44","FIN","8:06:35","","0:00:00","4:37:52","0:06:47","3:21:56","1670","1199","160","700","99999","99999","99999","1668","1197","159","1670","1199","160","29195","","","16672","407","12116"
"1223","James Garcia","Male","Carrollton","US-TX","US","M45-49","FIN","8:07:31","","0:00:00","4:30:12","0:07:37","3:29:41","1671","1200","144","700","99999","99999","99999","1658","1191","144","1671","1200","144","29251","","","16212","457","12581"
"1067","Maria Simpson","Female","Abilene","TX","US","F50-54","FIN","8:08:46","","0:00:00","4:13:02","0:07:12","3:48:33","1672","472","61","700","99999","99999","99999","1626","446","56","1672","472","61","29326","","","15182","432","13713"
"479","Lydia Stafford","Female","Corinth","US-TX","US","F30-34","FIN","8:13:32","","0:00:00","5:12:05","0:06:31","2:54:56","1673","473","49","700","99999","99999","99999","1680","476","49","1673","473","49","29612","","","18725","391","10496"
"190","Brian Fields","Male","Lawton","OK","US","M25-29","FIN","8:13:47","","0:00:00","5:07:42","0:04:21","3:01:44","1674","1201","148","700","99999","99999","99999","1679","1204","148","1674","1201","148","29627","","","18462","261","10904"
"1840","Gillian Yost","Female","FRISCO","TX","US","F25-29","FIN","8:14:56","","0:00:00","4:07:47","0:09:06","3:58:02","1675","474","55","700","99999","99999","99999","1605","437","48","1675","474","55","29696","","","14867","546","14282"
"1451","Stephanie Nieto","Female","SAN ANTONIO","TX","US","F35-39","FIN","8:18:05","","0:00:00","4:49:39","0:07:57","3:20:29","1676","475","57","700","99999","99999","99999","1674","474","57","1676","475","57","29885","","","17379","477","12029"
"537","Michele Rosello","Female","Little Neck","US-NY","US","F55-59","FIN","8:19:47","","0:00:00","4:54:29","0:04:39","3:20:39","1677","476","51","700","99999","99999","99999","1675","475","51","1677","476","51","29987","","","17669","279","12039"
"117","Akshay Reddy Kallam","Male","Garland","Texas","IN","M25-29","FIN","8:20:45","","0:00:00","5:21:33","0:03:40","2:55:32","1678","1202","149","700","99999","99999","99999","1682","1206","149","1678","1202","149","30045","","","19293","220","10532"
"443","Vincent Dean","Male","San Antonio","Texas","US","M55-59","FIN","8:22:04","","0:00:00","4:32:41","0:07:43","3:41:41","1679","1203","105","700","99999","99999","99999","1663","1194","104","1679","1203","105","30124","","","16361","463","13301"
"1152","James Minter","Male","Waxahachie","TX","US","M35-39","FIN","8:27:21","","0:00:00","5:14:49","0:06:57","3:05:35","1680","1204","178","700","99999","99999","99999","1681","1205","179","1680","1204","178","30441","","","18889","417","11135"
"990","Chirag Patel","Male","Little Elm ","Texas","US","M35-39","FIN","8:27:24","","0:00:00","5:03:02","0:08:30","3:15:52","1681","1205","179","700","99999","99999","99999","1678","1203","178","1681","1205","179","30444","","","18182","510","11752"
"1769","Jennifer Bettis","Female","Lake Dallas","TX","US","F45-49","DNF","","","0:00:00","4:15:41","0:07:05","","99999","99999","99999","","99999","99999","99999","99999","99999","99999","99999","99999","99999","","","","15341","425",""
"1993","Joel Widmer","Male","OLATHE","KS","US","M40-44","FIN","","","0:00:00","","0:00:00","","99999","99999","99999","","99999","99999","99999","99999","99999","99999","99999","99999","99999","","","","","",""
"484","Nichole Foster","Female","Garland","TX","US","F45-49","FIN","8:38:21","","0:00:00","4:10:34","0:07:41","4:20:06","99999","99999","99999","","99999","99999","99999","99999","99999","99999","99999","99999","99999","31101","","","15034","461","15606"
"1383","Curtis Linehan","Male","The Woodlands","US-TX","US","M40-44","FIN","","","0:00:00","","0:00:00","","99999","99999","99999","","99999","99999","99999","99999","99999","99999","99999","99999","99999","","","","","",""
"266","Kyle Stone","Male","PEARLAND","TX","US","M55-59","DNF","","","0:00:00","2:32:00","0:00:00","","99999","99999","99999","","99999","99999","99999","99999","99999","99999","99999","99999","99999","","","","9120","",""
"1889","John Mazzei","Male","Heath","Texas","US","M30-34","DNF","","","0:00:00","","0:00:00","","99999","99999","99999","","99999","99999","99999","99999","99999","99999","99999","99999","99999","","","","","",""
"336","Rob Montgomery","Male","Manvel","TX","US","M60-64","DNF","","","0:00:00","2:46:41","0:02:28","","99999","99999","99999","","99999","99999","99999","99999","99999","99999","99999","99999","99999","","","","10001","148",""
"810","Estela Tellez","Female","Bedford "," TX","US","F55-59","FIN","","","0:00:00","","0:00:00","","99999","99999","99999","","99999","99999","99999","99999","99999","99999","99999","99999","99999","","","","","",""
"1594","Brad White","Male","Plano","Texas","US","M55-59","DNF","","","0:00:00","3:32:31","0:00:00","","99999","99999","99999","","99999","99999","99999","99999","99999","99999","99999","99999","99999","","","","12751","",""
"953","Randy Gier","Male","The Colony","US-TX","US","M65-69","FIN","","","0:00:00","","0:00:00","","99999","99999","99999","","99999","99999","99999","99999","99999","99999","99999","99999","99999","","","","","",""
"203","Vladislav Gotsdiner","Male","PLANO","TX","US","M40-44","FIN","","","0:00:00","","0:00:00","","99999","99999","99999","","99999","99999","99999","99999","99999","99999","99999","99999","99999","","","","","",""
"417","Edgar Purroy","Male","McKnney","Dallas","VE","M45-49","FIN","","","0:00:00","","0:00:00","","99999","99999","99999","","99999","99999","99999","99999","99999","99999","99999","99999","99999","","","","","",""
"2109","Anthony Horton","Male","Crossroads","TX","US","M55-59","FIN","","","0:00:00","","0:00:00","","99999","99999","99999","","99999","99999","99999","99999","99999","99999","99999","99999","99999","","","","","",""
"1371","Scott Stinson","Male","Sand Springs","OK","US","M45-49","FIN","","","0:00:00","","0:00:00","","99999","99999","99999","","99999","99999","99999","99999","99999","99999","99999","99999","99999","","","","","",""
"2032","George Bene","Male","Keller","US-TX","US","M55-59","FIN","","","0:00:00","","0:00:00","","99999","99999","99999","","99999","99999","99999","99999","99999","99999","99999","99999","99999","","","","","",""
"1412","Trevor Isom","Male","East Meadow","NY","US","M40-44","DNF","","","0:00:00","3:51:34","0:00:00","","99999","99999","99999","","99999","99999","99999","99999","99999","99999","99999","99999","99999","","","","13894","",""
"1189","Carol Jean Annand","Female","Fort Myers","FL","US","F50-54","FIN","","","0:00:00","","0:00:00","","99999","99999","99999","","99999","99999","99999","99999","99999","99999","99999","99999","99999","","","","","",""
"878","Ashton Harrell","Male","Lewisville","Texas","US","M18-24","DNF","","","0:00:00","","0:00:00","","99999","99999","99999","","99999","99999","99999","99999","99999","99999","99999","99999","99999","","","","","",""
"370","David Anderson","Male","College Station","TX","US","M50-54","DNF","","","0:00:00","","0:00:00","","99999","99999","99999","","99999","99999","99999","99999","99999","99999","99999","99999","99999","","","","","",""
"1706","Brian Brungardt Jr","Male","Frisco","TX","US","M40-44","FIN","","","0:00:00","","0:00:00","","99999","99999","99999","","99999","99999","99999","99999","99999","99999","99999","99999","99999","","","","","",""
"693","Tory Castillo","Male","PLANO","TX","US","M50-54","FIN","","","0:00:00","","0:00:00","","99999","99999","99999","","99999","99999","99999","99999","99999","99999","99999","99999","99999","","","","","",""
"133","Jackie Bunce","Female","Bartlesville","US-OK","US","F55-59","DNF","","","0:00:00","","0:00:00","","99999","99999","99999","","99999","99999","99999","99999","99999","99999","99999","99999","99999","","","","","",""
"1452","Carl Smith","Male","Grand Prairie","US-TX","US","M45-49","FIN","","","0:00:00","","0:00:00","","99999","99999","99999","","99999","99999","99999","99999","99999","99999","99999","99999","99999","","","","","",""
"382","Kenzi Cook","Female","Shalimar","FL","US","F18-24","DNF","","","0:00:00","","0:00:00","","99999","99999","99999","","99999","99999","99999","99999","99999","99999","99999","99999","99999","","","","","",""
"1258","Hayley Besaw","Female","naperville","US-IL","US","F30-34","FIN","","","0:00:00","","0:00:00","","99999","99999","99999","","99999","99999","99999","99999","99999","99999","99999","99999","99999","","","","","",""
"1925","Alex Bradbury","Male","DALLAS","TX","US","M30-34","DNF","","","0:00:00","2:46:31","0:02:25","","99999","99999","99999","","99999","99999","99999","99999","99999","99999","99999","99999","99999","","","","9991","145",""
"1962","Reyes Lopez","Male","SAN ANTONIO","TX","US","M70-74","DNF","","","0:00:00","3:36:53","0:05:47","","99999","99999","99999","","99999","99999","99999","99999","99999","99999","99999","99999","99999","","","","13013","347",""
"1181","Stefani Forsythe","Female","Frisco","TX","US","F55-59","FIN","","","0:00:00","","0:00:00","","99999","99999","99999","","99999","99999","99999","99999","99999","99999","99999","99999","99999","","","","","",""
"1579","James Brown","Male","Frisco","TX","US","M65-69","FIN","","","0:00:00","","0:00:00","","99999","99999","99999","","99999","99999","99999","99999","99999","99999","99999","99999","99999","","","","","",""
"1432","Jordan Sacks","Male","Dallas","TX","ZA","M30-34","DNF","","","0:00:00","3:19:54","0:15:38","","99999","99999","99999","","99999","99999","99999","99999","99999","99999","99999","99999","99999","","","","11994","938",""
"536","Michael Prather","Male","MCKINNEY","TX","US","M55-59","FIN","","","0:00:00","","0:00:00","","99999","99999","99999","","99999","99999","99999","99999","99999","99999","99999","99999","99999","","","","","",""
"545","Jennifer Kiper","Female","WOOSTER","OH","US","F50-54","DNF","","","0:00:00","3:38:18","0:06:24","","99999","99999","99999","","99999","99999","99999","99999","99999","99999","99999","99999","99999","","","","13098","384",""
"1252","Christopher Kostelni","Male","Austin","TX","US","M25-29","DNF","","","0:00:00","2:25:07","0:02:32","","99999","99999","99999","","99999","99999","99999","99999","99999","99999","99999","99999","99999","","","","8707","152",""
"2108","PIERRE GRANET","Male","ADDISON","US-TX","FR","M45-49","FIN","","","0:00:00","","0:00:00","","99999","99999","99999","","99999","99999","99999","99999","99999","99999","99999","99999","99999","","","","","",""
"1649","Reid Ivy","Male","Northlake ","TX","US","M35-39","FIN","","","0:00:00","","0:00:00","","99999","99999","99999","","99999","99999","99999","99999","99999","99999","99999","99999","99999","","","","","",""
"412","Casey Bettis","Male","LAKE DALLAS","TX","US","M45-49","DNF","","","0:00:00","4:27:22","0:00:00","","99999","99999","99999","","99999","99999","99999","99999","99999","99999","99999","99999","99999","","","","16042","",""
"1547","Michael Kasper","Male","Granbury","US-TX","US","M25-29","DNF","","","0:00:00","2:17:57","0:01:48","","99999","99999","99999","","99999","99999","99999","99999","99999","99999","99999","99999","99999","","","","8277","108",""
"169","David Lee","Male","Lafayette Hill","PA","US","M45-49","FIN","","","0:00:00","","0:00:00","","99999","99999","99999","","99999","99999","99999","99999","99999","99999","99999","99999","99999","","","","","",""
"1800","Jamie Schwartz","Male","DENTON","US-TX","US","M55-59","FIN","","","0:00:00","","0:00:00","","99999","99999","99999","","99999","99999","99999","99999","99999","99999","99999","99999","99999","","","","","",""
"1747","Matt Wiebersch","Male","ROCKWALL","TX","US","M50-54","DNF","","","0:00:00","3:43:48","0:00:00","","99999","99999","99999","","99999","99999","99999","99999","99999","99999","99999","99999","99999","","","","13428","",""
"1205","Keith Reed","Male","Lafayette","LA","US","M50-54","FIN","","","0:00:00","","0:00:00","","99999","99999","99999","","99999","99999","99999","99999","99999","99999","99999","99999","99999","","","","","",""
"1129","Kristal Smith","Female","Heath","TX","US","F35-39","FIN","","","0:00:00","","0:00:00","","99999","99999","99999","","99999","99999","99999","99999","99999","99999","99999","99999","99999","","","","","",""
"982","Jennifer Amend","Female","Freeport","US-FL","US","F50-54","FIN","","","0:00:00","","0:00:00","","99999","99999","99999","","99999","99999","99999","99999","99999","99999","99999","99999","99999","","","","","",""
"2078","Heather Riley","Female","Lubbock","US-TX","US","F45-49","FIN","","","0:00:00","","0:00:00","","99999","99999","99999","","99999","99999","99999","99999","99999","99999","99999","99999","99999","","","","","",""
"206","Court Vantassell","Male","Lafayette","US-LA","US","M40-44","FIN","","","0:00:00","","0:00:00","","99999","99999","99999","","99999","99999","99999","99999","99999","99999","99999","99999","99999","","","","","",""
"155","Michael Snell","Male","Forney","US-TX","US","M50-54","FIN","","","0:00:00","","0:00:00","","99999","99999","99999","","99999","99999","99999","99999","99999","99999","99999","99999","99999","","","","","",""
"783","Katherine Loranger","Female","Austin","TX","US","F50-54","DNF","","","0:00:00","3:48:27","0:09:22","","99999","99999","99999","","99999","99999","99999","99999","99999","99999","99999","99999","99999","","","","13707","562",""
"1411","Patrick Smalley","Male","DALLAS","TX","US","M40-44","FIN","","","0:00:00","","0:00:00","","99999","99999","99999","","99999","99999","99999","99999","99999","99999","99999","99999","99999","","","","","",""
"2073","Charles Norsch","Male","Prosper","TX","US","M45-49","DQ","","","0:00:00","","0:00:00","","99999","99999","99999","","99999","99999","99999","99999","99999","99999","99999","99999","99999","","","","","",""
"1820","William Mcgregor","Male","Moorestown","US-NJ","US","M25-29","DNF","","","0:00:00","3:25:19","0:04:51","","99999","99999","99999","","99999","99999","99999","99999","99999","99999","99999","99999","99999","","","","12319","291",""
"275","Vanessa Ronksley","Female","Calgary","AB","CA","F45-49","DNF","","","0:00:00","2:50:19","0:02:40","","99999","99999","99999","","99999","99999","99999","99999","99999","99999","99999","99999","99999","","","","10219","160",""
"1557","Andrew Glandon","Male","Frisco","TX","US","M45-49","DNF","","","0:00:00","5:11:39","0:00:00","","99999","99999","99999","","99999","99999","99999","99999","99999","99999","99999","99999","99999","","","","18699","",""
"438","Jeremy Costa","Male","denver","CO","US","M45-49","DNF","","","0:00:00","3:23:13","0:03:19","","99999","99999","99999","","99999","99999","99999","99999","99999","99999","99999","99999","99999","","","","12193","199",""
"102","William Laramie","Male","Hammond","IN","US","PC/ID","FIN","","","0:00:00","","0:00:00","","99999","99999","99999","","99999","99999","99999","99999","99999","99999","99999","99999","99999","","","","","",""
"554","Erin St Pierre","Female","COVINGTON","US-LA","US","F45-49","DNF","","","0:00:00","3:20:56","0:13:51","","99999","99999","99999","","99999","99999","99999","99999","99999","99999","99999","99999","99999","","","","12056","831",""
"959","Julie Sainz","Female","Santa Maria","CA","US","F35-39","DNF","","","0:00:00","","0:00:00","","99999","99999","99999","","99999","99999","99999","99999","99999","99999","99999","99999","99999","","","","","",""
"1952","Matthew Garrett","Male","Wylie","US-TX","US","M40-44","DNF","","","0:00:00","4:43:04","0:04:58","","99999","99999","99999","","99999","99999","99999","1671","1199","160","99999","99999","99999","","","","16984","298",""
"1247","Kaleigh Greenwood","Female","Grand Prairie","TX","US","F35-39","DNF","","","0:00:00","","0:00:00","","99999","99999","99999","","99999","99999","99999","99999","99999","99999","99999","99999","99999","","","","","",""
"1704","Jonelle Wilson","Female","Dallas","TX","US","F40-44","FIN","","","0:00:00","","0:00:00","","99999","99999","99999","","99999","99999","99999","99999","99999","99999","99999","99999","99999","","","","","",""
"1491","Andrea Quintanilla","Female","EDINBURG","US-TX","US","F40-44","FIN","","","0:00:00","","0:00:00","","99999","99999","99999","","99999","99999","99999","99999","99999","99999","99999","99999","99999","","","","","",""
"191","carolyn basista","Female","Washington","DC","US","F45-49","FIN","","","0:00:00","","0:00:00","","99999","99999","99999","","99999","99999","99999","99999","99999","99999","99999","99999","99999","","","","","",""
"1455","Harold Olson","Male","Austin","TX","US","M35-39","DNF","","","0:00:00","2:48:45","0:00:00","","99999","99999","99999","","99999","99999","99999","99999","99999","99999","99999","99999","99999","","","","10125","",""
"283","Jordan Collins","Male","Princes Risborough","BUCKINGHAMSHIRE","GB","M35-39","DNF","","","0:00:00","4:11:26","0:08:55","","99999","99999","99999","","99999","99999","99999","99999","99999","99999","99999","99999","99999","","","","15086","535",""
"2126","Justin Maletic","Male","LA JOLLA","CA","US","M40-44","DNF","","","0:00:00","","0:00:00","","99999","99999","99999","","99999","99999","99999","99999","99999","99999","99999","99999","99999","","","","","",""
"1564","Jennifer Pool","Female","Austin","TX","US","F40-44","DNF","","","0:00:00","","0:00:00","","99999","99999","99999","","99999","99999","99999","99999","99999","99999","99999","99999","99999","","","","","",""
"728","Katie Drambareanu","Female","VENUS","TX","US","F35-39","FIN","","","0:00:00","","0:00:00","","99999","99999","99999","","99999","99999","99999","99999","99999","99999","99999","99999","99999","","","","","",""
"450","Adam Carter","Male","Jacksonville","FL","US","M45-49","FIN","","","0:00:00","","0:00:00","","99999","99999","99999","","99999","99999","99999","99999","99999","99999","99999","99999","99999","","","","","",""
"549","Debbie Downey","Female","Austin","TX","US","F65-69","FIN","8:39:26","","0:00:00","4:17:03","0:10:58","4:11:25","99999","99999","99999","","99999","99999","99999","99999","99999","99999","99999","99999","99999","31166","","","15423","658","15085"
"124","Jason Benouared","Male","Colleyville","US-TX","US","M40-44","FIN","","","0:00:00","","0:00:00","","99999","99999","99999","","99999","99999","99999","99999","99999","99999","99999","99999","99999","","","","","",""
"864","Pedro Trindade","Male","Savannah","US-TX","BR","M50-54","DNF","","","0:00:00","2:54:05","0:03:05","","99999","99999","99999","","99999","99999","99999","99999","99999","99999","99999","99999","99999","","","","10445","185",""
"900","Hunter Stephens","Male","Nacogdoches","TX","US","M25-29","FIN","","","0:00:00","","0:00:00","","99999","99999","99999","","99999","99999","99999","99999","99999","99999","99999","99999","99999","","","","","",""
"1028","Jason Daugherty","Male","Rogers","AR","US","M45-49","DNF","","","0:00:00","","0:00:00","","99999","99999","99999","","99999","99999","99999","99999","99999","99999","99999","99999","99999","","","","","",""
"1480","Taylor Adams","Male","Dallas","TX","US","M40-44","FIN","","","0:00:00","","0:00:00","","99999","99999","99999","","99999","99999","99999","99999","99999","99999","99999","99999","99999","","","","","",""
"1552","Troy McCuller","Female","Plano","US-TX","US","F55-59","DNF","","","0:00:00","4:10:53","0:00:00","","99999","99999","99999","","99999","99999","99999","99999","99999","99999","99999","99999","99999","","","","15053","",""
"122","Sheila Crenshaw Luedecke","Female","Round Rock","TX","US","F50-54","DNF","","","0:00:00","3:45:09","0:05:35","","99999","99999","99999","","99999","99999","99999","99999","99999","99999","99999","99999","99999","","","","13509","335",""
"152","Todd Becker","Male","Bennington","NE","US","M60-64","FIN","","","0:00:00","","0:00:00","","99999","99999","99999","","99999","99999","99999","99999","99999","99999","99999","99999","99999","","","","","",""
"1788","Alfred Mcelroy","Male","CARROLLTON","US-TX","US","M45-49","DNF","","","0:00:00","","0:00:00","","99999","99999","99999","","99999","99999","99999","99999","99999","99999","99999","99999","99999","","","","","",""
"1738","Josh Horton","Male","MUNFORD","TN","US","M25-29","DNF","","","0:00:00","4:13:09","0:00:00","","99999","99999","99999","","99999","99999","99999","99999","99999","99999","99999","99999","99999","","","","15189","",""
"1019","Michelle Issleib","Female","Boerne","Texas","US","M65-69","DNF","","","0:00:00","","0:00:00","","99999","99999","99999","","99999","99999","99999","99999","99999","99999","99999","99999","99999","","","","","",""
"1598","Marco Granados","Male","Colorado Springs","Colorado","US","M30-34","DNF","","","0:00:00","4:40:27","0:00:00","","99999","99999","99999","","99999","99999","99999","99999","99999","99999","99999","99999","99999","","","","16827","",""
"685","Catherine Campbell","Female","Murphy","US-TX","US","F55-59","FIN","8:53:08","","0:00:00","5:06:04","0:05:57","3:41:06","99999","99999","99999","","99999","99999","99999","99999","99999","99999","99999","99999","99999","31988","","","18364","357","13266"
"171","Dustin Pipes","Male","Madera","California","US","M35-39","FIN","","","0:00:00","","0:00:00","","99999","99999","99999","","99999","99999","99999","99999","99999","99999","99999","99999","99999","","","","","",""
"1650","Hanan Jones","Male","DALLAS","TX","US","M25-29","DNF","","","0:00:00","","0:00:00","","99999","99999","99999","","99999","99999","99999","99999","99999","99999","99999","99999","99999","","","","","",""
"754","Brendan Healy","Male","Dallas","Texas","US","M25-29","DNF","","","0:00:00","","0:00:00","","99999","99999","99999","","99999","99999","99999","99999","99999","99999","99999","99999","99999","","","","","",""
"571","Matthew Wilson","Male","Wylie","TEXAS","US","M40-44","DNF","","","0:00:00","","0:00:00","","99999","99999","99999","","99999","99999","99999","99999","99999","99999","99999","99999","99999","","","","","",""
"1593","Sarah Stoner","Female","Irving","Texas","US","F40-44","FIN","","","0:00:00","","0:00:00","","99999","99999","99999","","99999","99999","99999","99999","99999","99999","99999","99999","99999","","","","","",""
"116","Thomas Dhans","Male","Brooksville","FL","US","M60-64","FIN","","","0:00:00","","0:00:00","","99999","99999","99999","","99999","99999","99999","99999","99999","99999","99999","99999","99999","","","","","",""
"187","Ross Mccuistion","Male","Volente","TX","US","M40-44","DNF","","","0:00:00","","0:00:00","","99999","99999","99999","","99999","99999","99999","99999","99999","99999","99999","99999","99999","","","","","",""
"148","Ali Ibrahim","Male","Allen","TX","US","M35-39","DNF","","","0:00:00","6:00:05","0:08:35","","99999","99999","99999","","99999","99999","99999","99999","99999","99999","99999","99999","99999","","","","21605","515",""
"831","Marci Sims","Female","Justin","US-TX","US","F50-54","DNF","","","0:00:00","","0:00:00","","99999","99999","99999","","99999","99999","99999","99999","99999","99999","99999","99999","99999","","","","","",""
"2112","William Phillips","Male","Tyler","Texas","US","M40-44","FIN","","","0:00:00","","0:00:00","","99999","99999","99999","","99999","99999","99999","99999","99999","99999","99999","99999","99999","","","","","",""
"1701","David Ersland","Male","Dallas","TX","US","M40-44","DNF","","","0:00:00","3:45:06","0:06:50","","99999","99999","99999","","99999","99999","99999","99999","99999","99999","99999","99999","99999","","","","13506","410",""
"467","Bonnie Hancock","Female","Norman","OK","US","F60-64","DNF","","","0:00:00","","0:00:00","","99999","99999","99999","","99999","99999","99999","99999","99999","99999","99999","99999","99999","","","","","",""
"2090","Christopher Black","Male","Wylie","US-TX","US","M30-34","FIN","","","0:00:00","","0:00:00","","99999","99999","99999","","99999","99999","99999","99999","99999","99999","99999","99999","99999","","","","","",""
"277","Casey Scharoff","Female","Miami","FL","US","F18-24","DNF","","","0:00:00","","0:00:00","","99999","99999","99999","","99999","99999","99999","99999","99999","99999","99999","99999","99999","","","","","",""
"1888","Scott DeBates","Male","Frisco","Texas","US","M50-54","DNF","","","0:00:00","3:43:18","0:00:00","","99999","99999","99999","","99999","99999","99999","99999","99999","99999","99999","99999","99999","","","","13398","",""
"1348","Thomas M Fehringer","Male","Columbus","NE","US","M55-59","DNF","","","0:00:00","","0:00:00","","99999","99999","99999","","99999","99999","99999","99999","99999","99999","99999","99999","99999","","","","","",""
"1907","Jeffrey Short","Male","PEARLAND","TX","US","M45-49","DNF","","","0:00:00","","0:00:00","","99999","99999","99999","","99999","99999","99999","99999","99999","99999","99999","99999","99999","","","","","",""
"1029","Kelly Foster","Male","Arlington","TX","US","M50-54","DNF","","","0:00:00","3:01:43","0:00:00","","99999","99999","99999","","99999","99999","99999","99999","99999","99999","99999","99999","99999","","","","10903","",""
"359","Tom Beckham","Male","MIDLAND","TX","US","M55-59","FIN","","","0:00:00","","0:00:00","","99999","99999","99999","","99999","99999","99999","99999","99999","99999","99999","99999","99999","","","","","",""
"1628","Brian Tutt","Male","Frisco","TX","US","M45-49","FIN","","","0:00:00","","0:00:00","","99999","99999","99999","","99999","99999","99999","99999","99999","99999","99999","99999","99999","","","","","",""
"386","Austin Hallett","Male","Austin","TX","US","M35-39","DNF","","","0:00:00","2:29:34","0:01:50","","99999","99999","99999","","99999","99999","99999","99999","99999","99999","99999","99999","99999","","","","8974","110",""
"1854","Kyler Kirkland","Male","Beaumont","Texas","US","M18-24","DNF","","","0:00:00","3:49:26","0:04:32","","99999","99999","99999","","99999","99999","99999","99999","99999","99999","99999","99999","99999","","","","13766","272",""
"1870","Ray Fellows","Male","Midlothian","TX","US","M45-49","DNF","","","0:00:00","3:40:58","0:08:09","","99999","99999","99999","","99999","99999","99999","99999","99999","99999","99999","99999","99999","","","","13258","489",""
"177","Arlen Smith","Male","Fort Worth","TX","US","M50-54","FIN","","","0:00:00","","0:00:00","","99999","99999","99999","","99999","99999","99999","99999","99999","99999","99999","99999","99999","","","","","",""
"873","Jerry Box","Male","McKinney","TX","US","M55-59","FIN","","","0:00:00","","0:00:00","","99999","99999","99999","","99999","99999","99999","99999","99999","99999","99999","99999","99999","","","","","",""
"1567","Jack Dunn","Male","Dallas","TX","US","M18-24","DNF","","","0:00:00","","0:00:00","","99999","99999","99999","","99999","99999","99999","99999","99999","99999","99999","99999","99999","","","","","",""
"1740","Vinicius Diniz","Male","FT LAUDERDALE","FL","BR","M35-39","DNF","","","0:00:00","3:03:00","0:00:00","","99999","99999","99999","","99999","99999","99999","99999","99999","99999","99999","99999","99999","","","","10980","",""
"655","Matheus Mendes","Male","Little Elm","TX","BR","M30-34","DNF","","","0:00:00","3:35:12","0:06:55","","99999","99999","99999","","99999","99999","99999","99999","99999","99999","99999","99999","99999","","","","12912","415",""
"847","Seann Matthews","Male","Phoenix","AZ","US","M30-34","FIN","","","0:00:00","","0:00:00","","99999","99999","99999","","99999","99999","99999","99999","99999","99999","99999","99999","99999","","","","","",""
"1211","Sonya Moore","Female","Lafayette","LA","US","F65-69","DNF","","","0:00:00","","0:00:00","","99999","99999","99999","","99999","99999","99999","99999","99999","99999","99999","99999","99999","","","","","",""
"290","Kelly Heintz","Female","PEARLAND","TX","US","F50-54","FIN","","","0:00:00","","0:00:00","","99999","99999","99999","","99999","99999","99999","99999","99999","99999","99999","99999","99999","","","","","",""
"1194","Chris Forsythe","Male","Frisco","TX","US","M55-59","FIN","","","0:00:00","","0:00:00","","99999","99999","99999","","99999","99999","99999","99999","99999","99999","99999","99999","99999","","","","","",""
"1398","Mary Reed","Female","FONTANA","US-CA","US","F60-64","FIN","","","0:00:00","","0:00:00","","99999","99999","99999","","99999","99999","99999","99999","99999","99999","99999","99999","99999","","","","","",""
"885","Etoy Miller","Female","WATAUGA","TX","US","F45-49","DNF","","","0:00:00","","0:00:00","","99999","99999","99999","","99999","99999","99999","99999","99999","99999","99999","99999","99999","","","","","",""
"194","Kathryn Wilson","Female","Bartlett","Tennessee","US","F35-39","FIN","","","0:00:00","","0:00:00","","99999","99999","99999","","99999","99999","99999","99999","99999","99999","99999","99999","99999","","","","","",""
"1425","Trager Conard","Male","Richardson","Texas","US","M25-29","DNF","","","0:00:00","","0:00:00","","99999","99999","99999","","99999","99999","99999","99999","99999","99999","99999","99999","99999","","","","","",""
"1699","Tyson Tatum","Male","England","AR","US","M18-24","DNF","","","0:00:00","","0:00:00","","99999","99999","99999","","99999","99999","99999","99999","99999","99999","99999","99999","99999","","","","","",""
"898","Eric Chebi","Male","Thousand Oaks","CA","US","M55-59","DNF","","","0:00:00","2:50:39","0:04:40","","99999","99999","99999","","99999","99999","99999","99999","99999","99999","99999","99999","99999","","","","10239","280",""
"216","Nick Sansone","Male","St. Louis","MO","US","M45-49","FIN","","","0:00:00","","0:00:00","","99999","99999","99999","","99999","99999","99999","99999","99999","99999","99999","99999","99999","","","","","",""
"1548","Ashley Lytle","Female","Buda","US-TX","US","F45-49","DNF","","","0:00:00","","0:00:00","","99999","99999","99999","","99999","99999","99999","99999","99999","99999","99999","99999","99999","","","","","",""
"153","Michael Banks","Male","San Rafael","California","US","M60-64","FIN","","","0:00:00","","0:00:00","","99999","99999","99999","","99999","99999","99999","99999","99999","99999","99999","99999","99999","","","","","",""
"1563","Cameron Knight","Male","FLOWER MOUND","TX","US","M30-34","DNF","","","0:00:00","3:40:25","0:07:37","","99999","99999","99999","","99999","99999","99999","99999","99999","99999","99999","99999","99999","","","","13225","457",""
"923","Suzan Mitchell","Female","Flower Mound","TX","US","F70-74","DNF","","","0:00:00","3:33:57","0:00:00","","99999","99999","99999","","99999","99999","99999","99999","99999","99999","99999","99999","99999","","","","12837","",""
"123","Michael Abney","Male","Dallas","TX","US","M40-44","FIN","","","0:00:00","","0:00:00","","99999","99999","99999","","99999","99999","99999","99999","99999","99999","99999","99999","99999","","","","","",""
"972","Daniel Taylor","Male","Haslet","TX","US","M35-39","DNF","","","0:00:00","3:15:00","0:09:50","","99999","99999","99999","","99999","99999","99999","99999","99999","99999","99999","99999","99999","","","","11700","590",""
"201","Christopher Wade","Male","Georgetown","TX","US","M40-44","FIN","","","0:00:00","","0:00:00","","99999","99999","99999","","99999","99999","99999","99999","99999","99999","99999","99999","99999","","","","","",""
"548","Paul Chouffet","Male","Savannah","TX","US","M55-59","FIN","","","0:00:00","","0:00:00","","99999","99999","99999","","99999","99999","99999","99999","99999","99999","99999","99999","99999","","","","","",""
"1350","Jay Burleson","Male","Eupora","MS","US","M50-54","DNF","","","0:00:00","","0:00:00","","99999","99999","99999","","99999","99999","99999","99999","99999","99999","99999","99999","99999","","","","","",""
"9001","Test Chip","","","","","Unknown","DNF","","","0:00:00","","0:00:00","","99999","99999","99999","","99999","99999","99999","99999","99999","99999","99999","99999","99999","","","","","",""
"1618","Roberto Vaz","Male","FRISCO","TX","US","M50-54","DNF","","","0:00:00","2:57:51","0:05:00","","99999","99999","99999","","99999","99999","99999","99999","99999","99999","99999","99999","99999","","","","10671","300",""
"1044","Denise Hazlick","Female","FREDERICKSBRG","TX","US","F60-64","FIN","","","0:00:00","","0:00:00","","99999","99999","99999","","99999","99999","99999","99999","99999","99999","99999","99999","99999","","","","","",""
"1799","Shawn Barrett","Male","Austin","TX","US","M60-64","DNF","","","0:00:00","3:15:13","0:00:00","","99999","99999","99999","","99999","99999","99999","99999","99999","99999","99999","99999","99999","","","","11713","",""
"819","Deanna Fisher","Female","Waldorf","MD","US","F40-44","DNF","","","0:00:00","4:18:58","0:00:00","","99999","99999","99999","","99999","99999","99999","99999","99999","99999","99999","99999","99999","","","","15538","",""
"1361","Mallory Denis","Female","Grapevine","TX","US","F25-29","DNF","","","0:00:00","3:32:46","0:03:45","","99999","99999","99999","","99999","99999","99999","99999","99999","99999","99999","99999","99999","","","","12766","225",""
"899","Ginger Stephens","Female","Nacogdoches","TX","US","F50-54","FIN","","","0:00:00","","0:00:00","","99999","99999","99999","","99999","99999","99999","99999","99999","99999","99999","99999","99999","","","","","",""
"509","Tabatha Hill","Female","Keller","Texas","US","F60-64","DNF","","","0:00:00","3:49:48","0:07:20","","99999","99999","99999","","99999","99999","99999","99999","99999","99999","99999","99999","99999","","","","13788","440",""
"302","Jeffrey Green","Male","Frisco","TEXAS","US","M35-39","DNF","","","0:00:00","","0:00:00","","99999","99999","99999","","99999","99999","99999","99999","99999","99999","99999","99999","99999","","","","","",""
"627","Tim Mckenna","Male","Albuquerque","NM","US","M50-54","DNF","","","0:00:00","","0:00:00","","99999","99999","99999","","99999","99999","99999","99999","99999","99999","99999","99999","99999","","","","","",""
"2105","John Box-Davies","Male","Trophy Club","TX","US","M35-39","FIN","","","0:00:00","","0:00:00","","99999","99999","99999","","99999","99999","99999","99999","99999","99999","99999","99999","99999","","","","","",""
"1202","Craig Danshaw","Male","FORT WORTH","US-TX","US","M65-69","FIN","","","0:00:00","","0:00:00","","99999","99999","99999","","99999","99999","99999","99999","99999","99999","99999","99999","99999","","","","","",""
"1582","Linda Knox","Female","Wichita Falls","TX","US","F60-64","FIN","","","0:00:00","","0:00:00","","99999","99999","99999","","99999","99999","99999","99999","99999","99999","99999","99999","99999","","","","","",""
"189","Jake Haldiman","Male","Sugar Land","TX","US","M25-29","FIN","","","0:00:00","","0:00:00","","99999","99999","99999","","99999","99999","99999","99999","99999","99999","99999","99999","99999","","","","","",""
"1645","Stephen Irvine","Male","Lubbock","US-TX","US","M45-49","DNF","","","0:00:00","3:04:13","0:00:00","","99999","99999","99999","","99999","99999","99999","99999","99999","99999","99999","99999","99999","","","","11053","",""
"2118","Luke Hayes","Male","Dallas","Texas","US","M25-29","DNF","","","0:00:00","4:02:50","0:08:23","","99999","99999","99999","","99999","99999","99999","99999","99999","99999","99999","99999","99999","","","","14570","503",""
"1814","John Stevens","Male","Aurora","IL","US","M55-59","FIN","","","0:00:00","","0:00:00","","99999","99999","99999","","99999","99999","99999","99999","99999","99999","99999","99999","99999","","","","","",""
"1679","Steven Ryan","Male","Houston","TX","US","M35-39","DNF","","","0:00:00","3:13:59","0:04:15","","99999","99999","99999","","99999","99999","99999","99999","99999","99999","99999","99999","99999","","","","11639","255",""
"1397","Thomas Scheer","Male","Cheltenham","US-MD","US","M50-54","DNF","","","0:00:00","4:16:57","0:04:17","","99999","99999","99999","","99999","99999","99999","99999","99999","99999","99999","99999","99999","","","","15417","257",""
"2033","Patrick Bene","Male","New Port Richey","US-FL","US","M60-64","FIN","","","0:00:00","","0:00:00","","99999","99999","99999","","99999","99999","99999","99999","99999","99999","99999","99999","99999","","","","","",""
"475","Ryan Johnson","Male","MISSOURI CITY","TX","US","M35-39","DNF","","","0:00:00","2:50:14","0:03:25","","99999","99999","99999","","99999","99999","99999","99999","99999","99999","99999","99999","99999","","","","10214","205",""
"1191","Ali Ozymy","Female","DENVER","CO","US","F25-29","DNF","","","0:00:00","","0:00:00","","99999","99999","99999","","99999","99999","99999","99999","99999","99999","99999","99999","99999","","","","","",""
"218","Georgia Haynes","Female","HOUSTON","US-TX","US","F55-59","FIN","8:55:56","","0:00:00","5:07:42","0:07:25","3:40:49","99999","99999","99999","","99999","99999","99999","99999","99999","99999","99999","99999","99999","32156","","","18462","445","13249"
"2119","Jill Rogers","Female","HUTTO","TX","US","F45-49","DNF","","","0:00:00","","0:00:00","","99999","99999","99999","","99999","99999","99999","99999","99999","99999","99999","99999","99999","","","","","",""
"1968","Nick Lamon","Male","Dallas","Texas","US","M30-34","DNF","","","0:00:00","3:28:05","0:00:00","","99999","99999","99999","","99999","99999","99999","99999","99999","99999","99999","99999","99999","","","","12485","",""
"174","Brandon Adkins","Male","Windsor","US-CO","US","M35-39","FIN","","","0:00:00","","0:00:00","","99999","99999","99999","","99999","99999","99999","99999","99999","99999","99999","99999","99999","","","","","",""
"1877","Mark Sowell","Male","Dripping Springs","TX","US","M50-54","DNF","","","0:00:00","2:48:39","0:06:01","","99999","99999","99999","","99999","99999","99999","99999","99999","99999","99999","99999","99999","","","","10119","361",""
"1841","Michael Quimbey","Male","Flower Mound","TX","US","M50-54","DNF","","","0:00:00","","0:00:00","","99999","99999","99999","","99999","99999","99999","99999","99999","99999","99999","99999","99999","","","","","",""
"897","Brent Stephens","Male","Nacogdoches","TX","US","M55-59","FIN","","","0:00:00","","0:00:00","","99999","99999","99999","","99999","99999","99999","99999","99999","99999","99999","99999","99999","","","","","",""
"1246","Talita Russo","Female","Cedar Park","Texas","BR","F40-44","DNF","","","0:00:00","4:20:42","0:00:00","","99999","99999","99999","","99999","99999","99999","99999","99999","99999","99999","99999","99999","","","","15642","",""
"776","Mark Reed","Male","Murphy","TX","US","M55-59","DNF","","","0:00:00","3:32:57","0:05:41","","99999","99999","99999","","99999","99999","99999","99999","99999","99999","99999","99999","99999","","","","12777","341",""
"1910","Mark Chester","Male","Frisco","TX","US","M55-59","FIN","","","0:00:00","","0:00:00","","99999","99999","99999","","99999","99999","99999","99999","99999","99999","99999","99999","99999","","","","","",""
"1379","Morgen Smith","Male","Missouri City","US-US-TX","US","M45-49","DNF","","","0:00:00","","0:00:00","","99999","99999","99999","","99999","99999","99999","99999","99999","99999","99999","99999","99999","","","","","",""
"1241","Michael Larkins","Male","Dallas","Texas","US","M35-39","DNF","","","0:00:00","","0:00:00","","99999","99999","99999","","99999","99999","99999","99999","99999","99999","99999","99999","99999","","","","","",""
"1777","Thomas Canals","Male","Austin","Texas","US","M40-44","FIN","","","0:00:00","","0:00:00","","99999","99999","99999","","99999","99999","99999","99999","99999","99999","99999","99999","99999","","","","","",""
"1349","Tina Whiteford","Female","HOUSTON","TX","US","F60-64","DQ","","","0:00:00","","0:00:00","","99999","99999","99999","","99999","99999","99999","99999","99999","99999","99999","99999","99999","","","","","",""
"1956","Tessa Gellerson","Female","Washington","US-DC","US","F35-39","FIN","","","0:00:00","","0:00:00","","99999","99999","99999","","99999","99999","99999","99999","99999","99999","99999","99999","99999","","","","","",""
"1881","Kurt Cimino","Male","Richardson","TX","US","M40-44","DNF","","","0:00:00","2:48:58","0:05:08","","99999","99999","99999","","99999","99999","99999","99999","99999","99999","99999","99999","99999","","","","10138","308",""
"557","Renee Harvey","Female","bridgewater","US-NJ","US","F70-74","DNF","","","0:00:00","3:52:43","0:09:01","","99999","99999","99999","","99999","99999","99999","99999","99999","99999","99999","99999","99999","","","","13963","541",""