Bib Number,Athlete Name,Gender,City,State,Country,Division,Status,Finish Time,Swim Time,T1 Time,Bike Time,T2 Time,Run Time,Overall Rank,Gender Rank,Division Rank,AWA Points,Swim Rank (Overall),Swim Rank (Gender),Swim Rank (Division),Bike Rank (Overall),Bike Rank (Gender),Bike Rank (Division),Run Rank (Overall),Run Rank (Gender),Run Rank (Division),Finish (Seconds),Swim (Seconds),T1 (Seconds),Bike (Seconds),T2 (Seconds),Run (Seconds)
"1","Marten Van Riel","Male","Loenhout","","BE","MPRO","FIN","3:36:03","0:21:55","0:02:54","1:58:04","0:01:39","1:11:31","1","1","1","3500","5","5","5","2","2","2","1","1","1","12963","1315","174","7084","99","4291"
"9","Valdemar Solok","Male","Frederiksberg","","DK","MPRO","FIN","3:37:18","0:21:56","0:02:38","1:58:18","0:01:44","1:12:43","2","2","2","3477","7","7","7","1","1","1","2","2","2","13038","1316","158","7098","104","4363"
"15","Simon Viain","Male","Grenoble","","FR","MPRO","FIN","3:39:00","0:22:42","0:02:49","2:02:25","0:01:39","1:09:25","3","3","3","3446","17","17","17","17","17","17","3","3","3","13140","1362","169","7345","99","4165"
"2","Jamie Riddle","Male","Port Elizabeth","","ZA","MPRO","FIN","3:39:37","0:21:48","0:02:45","2:00:47","0:01:54","1:12:23","4","4","4","3435","2","2","2","5","5","5","4","4","4","13177","1308","165","7247","114","4343"
"7","Kristian Høgenhaug","Male","Aarhus","","DK","MPRO","FIN","3:40:14","0:23:02","0:03:04","1:59:10","0:01:58","1:13:01","5","5","5","3424","23","23","22","4","4","4","5","5","5","13214","1382","184","7150","118","4381"
"35","Ben Faeh","Male","Chur","Graubünden","CH","MPRO","FIN","3:42:12","0:21:49","0:02:47","2:00:46","0:01:50","1:14:59","6","6","6","3389","3","3","3","6","6","6","6","6","6","13332","1309","167","7246","110","4499"
"26","Thor Bendix Madsen","Male","Copenhagen","foreigner","DK","MPRO","FIN","3:42:24","0:23:53","0:02:56","1:59:28","0:01:56","1:14:11","7","7","7","3385","28","28","27","8","8","8","7","7","7","13344","1433","176","7168","116","4451"
"56","Lennart Sievers","Male","Kiel","SH","DE","MPRO","FIN","3:42:46","0:22:20","0:02:55","2:02:26","0:02:07","1:12:58","8","8","8","3379","10","10","10","14","14","14","8","8","8","13366","1340","175","7346","127","4378"
"33","Pierre Dupuy","Male","Savigneux","FR-ARA","FR","MPRO","FIN","3:43:17","0:22:29","0:02:54","1:59:47","0:03:58","1:14:09","9","9","9","3369","13","13","13","3","3","3","9","9","9","13397","1349","174","7187","238","4449"
"46","Rafael Lukatsch","Male","Hartkirchen","Oberösterreich","AT","MPRO","FIN","3:43:30","0:22:35","0:02:41","2:02:51","0:01:48","1:13:35","10","10","10","3365","14","14","14","19","19","19","10","10","10","13410","1355","161","7371","108","4415"
"20","Rasmus Svenningsson","Male","Stockholm","","SE","MPRO","FIN","3:43:49","0:26:22","0:03:09","2:00:50","0:02:23","1:11:04","11","11","11","3360","55","43","35","26","26","26","11","11","11","13429","1582","189","7250","143","4264"
"31","Hannes Butters","Male","Saalfeld","DE-TH","DE","MPRO","FIN","3:44:18","0:21:47","0:02:45","2:00:55","0:02:11","1:16:41","12","12","12","3351","1","1","1","7","7","7","12","12","12","13458","1307","165","7255","131","4601"
"23","Pamphiel Pareyn","Male","Waregem","Flanders","BE","MPRO","FIN","3:44:58","0:23:00","0:02:52","2:01:49","0:02:01","1:15:16","13","13","13","3339","22","22","21","15","15","15","13","13","13","13498","1380","172","7309","121","4516"
"18","Matthew Collins","Male","Oswestry","SAL","GB","MPRO","FIN","3:45:10","0:22:22","0:02:58","2:02:31","0:02:07","1:15:13","14","14","14","3335","11","11","11","16","16","16","14","14","14","13510","1342","178","7351","127","4513"
"12","Jeremy Maclean","Male","CHARLOTTE","NC","US","MPRO","FIN","3:45:17","0:23:59","0:02:39","2:00:50","0:02:06","1:15:44","15","15","15","3333","31","31","30","10","10","10","15","15","15","13517","1439","159","7250","126","4544"
"38","Thomas Ott","Male","Langenselbold","foreigner","DE","MPRO","FIN","3:45:39","0:23:06","0:03:06","2:03:48","0:02:08","1:13:31","16","16","16","3327","25","25","24","24","24","24","16","16","16","13539","1386","186","7428","128","4411"
"28","Nicolas Mann","Male","Freiburg im Breisgau","BW","DE","MPRO","FIN","3:46:20","0:23:55","0:02:55","2:00:41","0:02:00","1:16:49","17","17","17","3314","29","29","28","11","11","11","17","17","17","13580","1435","175","7241","120","4609"
"42","Neilan Kempmann","Male","Nuremberg","foreigner","DE","MPRO","FIN","3:46:34","0:22:25","0:02:48","2:02:26","0:01:56","1:16:59","18","18","18","3310","12","12","12","13","13","13","18","18","18","13594","1345","168","7346","116","4619"
"10","Jens Emil Sloth Nielsen","Male","Bjerringbro","","DK","MPRO","FIN","3:46:55","0:26:26","0:02:56","2:05:11","0:01:51","1:10:32","19","19","19","3304","57","45","37","33","33","33","19","19","19","13615","1586","176","7511","111","4232"
"41","Matthew Palmer","Male","Copenhagen","","DK","MPRO","FIN","3:47:02","0:26:31","0:03:10","1:59:24","0:02:03","1:15:55","20","20","20","3302","60","46","38","21","21","21","20","20","20","13622","1591","190","7164","123","4555"
"51","Frederik Mathiesen","Male","Espergærde","foreigner","DK","MPRO","FIN","3:47:25","0:23:21","0:03:39","2:00:38","0:02:11","1:17:37","21","21","21","3295","27","27","26","12","12","12","21","21","21","13645","1401","219","7238","131","4657"
"54","Silas Plambæk","Male","Hillerød","","DK","MPRO","FIN","3:47:54","0:25:58","0:02:53","2:04:14","0:01:49","1:13:00","22","22","22","3286","45","37","32","30","30","30","22","22","22","13674","1558","173","7454","109","4380"
"21","Filipe Azevedo","Male","Dubai ","Normandy","PT","MPRO","FIN","3:48:31","0:22:54","0:02:56","2:04:08","0:02:13","1:16:20","23","23","23","3275","19","19","18","23","23","23","23","23","23","13711","1374","176","7448","133","4580"
"24","Louis Buttrick","Male","Nottingham","foreigner","GB","MPRO","FIN","3:48:58","0:23:05","0:02:49","2:02:10","0:01:52","1:19:02","24","24","24","3267","24","24","23","18","18","18","24","24","24","13738","1385","169","7330","112","4742"
"58","Frederick Webb","Male","Westbury","WIL","GB","MPRO","FIN","3:50:25","0:22:37","0:02:41","2:05:06","0:01:56","1:18:05","25","25","25","3241","15","15","15","27","27","27","25","25","25","13825","1357","161","7506","116","4685"
"48","Fraser Minnican","Male","Barrow-in-Furness","CMA","GB","MPRO","FIN","3:50:59","0:21:55","0:02:53","2:09:32","0:02:27","1:14:12","26","26","26","3231","6","6","6","31","31","31","26","26","26","13859","1315","173","7772","147","4452"
"40","Thomas Nielsen","Male","Esbjerg V","foreigner","DK","MPRO","FIN","3:51:21","0:22:56","0:03:06","2:02:19","0:02:11","1:20:49","27","27","27","3224","20","20","19","20","20","20","27","27","27","13881","1376","186","7339","131","4849"
"39","Gustav Palm-Henriksen","Male","Kastrup","HOVEDSTADEN","DK","MPRO","FIN","3:51:33","0:22:58","0:02:54","2:03:57","0:01:59","1:19:45","28","28","28","3221","21","21","20","22","22","22","28","28","28","13893","1378","174","7437","119","4785"
"32","Ivan Abele","Male","Taupo","North Island","NZ","MPRO","FIN","3:52:28","0:22:39","0:02:50","2:01:54","0:02:01","1:23:03","29","29","29","3204","16","16","16","9","9","9","29","29","29","13948","1359","170","7314","121","4983"
"25","Ollie Turner","Male","Pontprennau","GB-WLS","JE","MPRO","FIN","3:52:43","0:21:52","0:02:59","2:05:35","0:01:56","1:20:22","30","30","30","3200","4","4","4","28","28","28","30","30","30","13963","1312","179","7535","116","4822"
"43","Dylan Clough","Male","NEWTOWN","AU-NSW","AU","MPRO","FIN","3:53:19","0:23:59","0:03:06","2:09:53","0:02:05","1:14:16","31","31","31","3189","32","32","31","37","37","36","31","31","31","13999","1439","186","7793","125","4456"
"53","Frederik Holm Wester","Male","København Charlottenlund","","DK","MPRO","FIN","3:53:44","0:23:57","0:02:49","2:05:24","0:02:17","1:19:17","32","32","32","3181","30","30","29","29","29","29","32","32","32","14024","1437","169","7524","137","4757"
"27","Fabian Meeusen","Male","Horgen","ZH","CH","MPRO","FIN","3:53:56","0:22:14","0:02:54","2:09:22","0:02:08","1:17:19","33","33","33","3178","9","9","9","32","32","32","33","33","33","14036","1334","174","7762","128","4639"
"30","Sebastian Norberg","Male","Varberg","","SE","MPRO","FIN","3:54:52","0:27:58","0:03:33","2:06:12","0:01:53","1:15:15","34","34","34","3161","78","59","39","39","39","37","34","34","34","14092","1678","213","7572","113","4515"
"37","Oliver Waymark","Male","Edenbridge","EAST SUSSEX","GB","MPRO","FIN","3:54:59","0:26:01","0:03:12","2:07:39","0:02:12","1:15:54","35","35","35","3159","46","38","33","36","36","35","35","35","35","14099","1561","192","7659","132","4554"
"2272","Anthony Haynes","Male","reigate","GB-SRY","GB","M30-34","FIN","3:55:47","0:25:41","0:03:37","2:07:34","0:03:27","1:15:29","36","36","1","3500","43","35","2","35","35","1","36","36","1","14147","1541","217","7654","207","4529"
"57","Julian Phillip Becker","Male","Groß-Bieberau","HE","DE","MPRO","FIN","3:55:50","0:23:18","0:03:04","2:10:17","0:02:28","1:16:43","37","37","36","3143","26","26","25","34","34","34","37","37","36","14150","1398","184","7817","148","4603"
"60","Lukas Bentsen","Male","Marslev","Syddanmark","DK","MPRO","FIN","4:00:14","0:22:08","0:03:13","2:04:59","0:01:57","1:27:57","38","38","37","3064","8","8","8","25","25","25","38","38","37","14414","1328","193","7499","117","5277"
"49","Albert Askengren","Male","Boden","Norrbottens Län","SE","MPRO","FIN","4:01:04","0:26:21","0:03:06","2:10:13","0:02:14","1:19:09","39","39","38","3049","54","42","34","41","41","38","39","39","38","14464","1581","186","7813","134","4749"
"482","Niklas Hornshøj","Male","Vemmelev","DK-85","DK","M30-34","FIN","4:01:18","0:26:44","0:03:36","2:08:07","0:02:41","1:20:09","40","40","2","3400","64","49","4","40","40","2","40","40","2","14478","1604","216","7687","161","4809"
"2033","Stefan De Jong","Male","Wirdum","NL-FR","NL","M25-29","FIN","4:02:07","0:26:15","0:03:35","2:07:43","0:02:53","1:21:41","41","41","1","3500","53","41","2","38","38","1","41","41","1","14527","1575","215","7663","173","4901"
"135","Jakob Kruse","Male","København","DK-84","DK","M25-29","FIN","4:02:27","0:29:55","0:03:42","2:09:05","0:01:52","1:17:53","42","42","2","3494","137","104","10","53","47","3","42","42","2","14547","1795","222","7745","112","4673"
"5001","Kat Matthews","Female","Loughborough","LEI","GB","FPRO","FIN","4:02:57","0:26:04","0:03:08","2:15:10","0:01:59","1:16:36","43","1","1","3500","48","10","10","57","7","7","43","1","1","14577","1564","188","8110","119","4596"
"5006","Katrine Christensen","Female","Odder","foreigner","DK","FPRO","FIN","4:03:33","0:28:08","0:03:36","2:09:56","0:02:22","1:19:31","44","2","2","3489","86","21","17","49","5","5","44","2","2","14613","1688","216","7796","142","4771"
"126","Oliver Wykman","Male","KALMAR","","SE","M30-34","FIN","4:04:14","0:28:34","0:04:28","2:12:32","0:02:50","1:15:49","45","43","3","3347","103","79","6","67","57","6","45","43","3","14654","1714","268","7952","170","4549"
"5004","Lena Meißner","Female","Saarbrücken","SL","DE","FPRO","FIN","4:04:55","0:24:17","0:03:03","2:14:16","0:02:06","1:21:13","46","3","3","3464","35","3","3","48","4","4","46","3","3","14695","1457","183","8056","126","4873"
"45","Marcus Herbst","Male","Leipzig","foreigner","DE","MPRO","FIN","4:05:48","0:26:25","0:02:52","2:15:27","0:01:58","1:19:07","47","44","39","2964","56","44","36","62","54","39","47","44","39","14748","1585","172","8127","118","4747"
"5003","Audrey Merle","Female","Olivet","Centre-Val de Loire","FR","FPRO","FIN","4:05:58","0:25:08","0:03:02","2:13:49","0:02:05","1:21:54","48","4","4","3445","40","8","8","50","6","6","48","4","4","14758","1508","182","8029","125","4914"
"2039","Henk-Jan Verkaik","Male","Drachten","","NL","M30-34","FIN","4:06:07","0:26:08","0:03:39","2:11:00","0:02:32","1:22:49","49","45","4","3314","52","40","3","42","42","3","49","45","4","14767","1568","219","7860","152","4969"
"5008","Marta Sanchez","Female","Vic","","ES","FPRO","FIN","4:06:33","0:24:19","0:03:15","2:13:57","0:01:58","1:23:03","50","5","5","3435","36","4","4","47","3","3","50","5","5","14793","1459","195","8037","118","4983"
"5005","Hanne De Vet","Female","Wuustwezel","ANTWERPEN","BE","FPRO","FIN","4:06:44","0:24:21","0:03:00","2:14:10","0:02:00","1:23:13","51","6","6","3431","38","6","6","46","2","2","51","6","6","14804","1461","180","8050","120","4993"
"1799","Christian Ravn","Male","
Vejle","","DK","M35-39","FIN","4:06:56","0:30:07","0:04:42","2:07:42","0:02:58","1:21:26","52","46","1","3500","146","110","10","52","46","2","52","46","1","14816","1807","282","7662","178","4886"
"5007","Lotte Wilms","Female","Sunshine beach","AU-AU-QLD","NL","FPRO","FIN","4:08:17","0:24:20","0:03:07","2:13:59","0:02:12","1:24:40","53","7","7","3404","37","5","5","45","1","1","53","7","7","14897","1460","187","8039","132","5080"
"114","Sjirk Bijma","Male","Joure","NL-FR","NL","M30-34","FIN","4:08:50","0:29:40","0:04:01","2:10:26","0:02:50","1:21:53","54","47","5","3265","130","99","7","56","50","4","54","47","5","14930","1780","241","7826","170","4913"
"110","Lasse Jeppesen","Male","København s","DK-84","DK","M25-29","FIN","4:08:55","0:28:50","0:03:52","2:08:33","0:01:59","1:25:40","55","48","3","3377","107","83","6","43","43","2","55","48","3","14935","1730","232","7713","119","5140"
"5002","Natalie Van Coevorden","Female","Glen Alpine","AU-NSW","AU","FPRO","FIN","4:09:14","0:24:15","0:03:08","2:18:08","0:01:52","1:21:50","56","8","8","3386","33","1","1","66","10","10","56","8","8","14954","1455","188","8288","112","4910"
"1873","Florian Lorenz","Male","Frederiksberg","","DE","M30-34","FIN","4:09:30","0:28:23","0:04:05","2:11:54","0:02:28","1:22:40","57","49","6","3253","95","73","5","58","51","5","57","49","6","14970","1703","245","7914","148","4960"
"397","Mathias Kolter Thougaard","Male","Hellebæk","DK-84","DK","M30-34","FIN","4:09:59","0:33:32","0:04:49","2:08:05","0:02:40","1:20:53","58","50","7","3244","380","294","41","73","62","7","58","50","7","14999","2012","289","7685","160","4853"
"5014","Fenella Langridge","Female","Marshfield","GLS","GB","FPRO","FIN","4:10:23","0:24:16","0:03:05","2:17:05","0:01:56","1:24:02","59","9","9","3366","34","2","2","60","8","8","59","9","9","15023","1456","185","8225","116","5042"
"112","Mikkel Beck Olsen","Male","København Ø","","DK","M25-29","FIN","4:10:39","0:32:11","0:03:36","2:07:21","0:02:22","1:25:10","60","51","4","3346","277","212","34","54","48","4","60","51","4","15039","1931","216","7641","142","5110"
"2263","Esteban Gutierrez","Male","Røyneberg","","NO","M18-24","FIN","4:10:49","0:28:02","0:04:46","2:13:07","0:02:27","1:22:27","61","52","1","3500","82","62","7","69","59","3","61","52","1","15049","1682","286","7987","147","4947"
"5018","Leana Bissig","Female","Winterthur","ZH","CH","FPRO","FIN","4:10:56","0:26:01","0:02:57","2:16:28","0:02:04","1:23:25","62","10","10","3356","47","9","9","63","9","9","62","10","10","15056","1561","177","8188","124","5005"
"182","Nicolaj Gregersen","Male","danish","foreigner","DK","M35-39","FIN","4:11:12","0:28:11","0:04:41","2:09:09","0:02:37","1:26:34","63","53","2","3423","89","67","1","51","45","1","63","53","2","15072","1691","281","7749","157","5194"
"137","Mathias Munck Nikolajsen","Male","KBH S","DK-84","DK","M25-29","FIN","4:11:16","0:33:35","0:03:34","2:06:26","0:02:32","1:25:09","64","54","5","3335","389","301","53","55","49","5","64","54","5","15076","2015","214","7586","152","5109"
"62","Xabier Tijero","Male","Barakaldo","BIZKAIA","ES","MPRO","FIN","4:11:22","0:27:59","0:03:09","2:14:20","0:02:25","1:23:27","65","55","40","2864","79","60","40","65","56","40","65","55","40","15082","1679","189","8060","145","5007"
"55","Mikel Txopitea","Male","Bilbao","País Vasco","PS","MPRO","FIN","4:11:49","0:28:00","0:03:19","2:15:47","0:02:31","1:22:11","66","56","41","2856","81","61","41","75","64","41","66","56","41","15109","1680","199","8147","151","4931"
"1352","David VAN OOSTEN","Male","Ljungbyhed","SE-M","NL","M35-39","FIN","4:12:05","0:30:12","0:04:17","2:15:29","0:02:22","1:19:44","67","57","3","3407","152","116","12","85","70","5","67","57","3","15125","1812","257","8129","142","4784"
"5028","Francesca Crestani","Female","Marostica","Vicenza","IT","FPRO","FIN","4:12:11","0:26:06","0:03:08","2:16:57","0:02:04","1:23:56","68","11","11","3333","49","11","11","72","11","11","68","11","11","15131","1566","188","8217","124","5036"
"150","Emil Drost Christophersen","Male","Farum","DK-85","DK","M30-34","FIN","4:12:21","0:38:23","0:04:46","2:08:45","0:03:06","1:17:22","69","58","8","3201","916","716","110","99","84","11","69","58","8","15141","2303","286","7725","186","4642"
"155","Nicholas Davine","Male","København N","DK-84","AU","M30-34","FIN","4:12:44","0:30:33","0:04:38","2:15:38","0:02:14","1:19:42","70","59","9","3194","170","131","15","90","75","10","70","59","9","15164","1833","278","8138","134","4782"
"567","Casper Jensen","Male","Dragør","DK-85","DK","M30-34","FIN","4:13:04","0:30:18","0:04:12","2:13:54","0:02:56","1:21:44","71","60","10","3188","158","121","11","78","66","9","71","60","10","15184","1818","252","8034","176","4904"
"124","Christopher Nielsen","Male","Virum","DK-84","DK","M35-39","FIN","4:13:59","0:31:02","0:05:34","2:08:52","0:02:56","1:25:35","72","61","4","3373","207","154","16","64","55","3","72","61","4","15239","1862","334","7732","176","5135"
"5013","Nina Derron","Female","Zürich","ZH","CH","FPRO","FIN","4:14:19","0:27:04","0:03:05","2:18:52","0:02:11","1:23:08","73","12","12","3295","66","17","15","80","13","13","73","12","12","15259","1624","185","8332","131","4988"
"166","Thomas Leth Schriver Christensen","Male","Kastrup","DK-84","DK","M18-24","FIN","4:14:40","0:31:52","0:03:23","2:10:50","0:02:15","1:26:19","74","62","2","3430","259","198","34","71","61","4","74","62","2","15280","1912","203","7850","135","5179"
"5015","Luisa Iogna Prat","Female","Travesio","foreigner","IT","FPRO","FIN","4:14:55","0:24:24","0:03:15","2:20:14","0:02:17","1:24:45","75","13","13","3284","39","7","7","76","12","12","75","13","13","15295","1464","195","8414","137","5085"
"2250","Sebastian Ovesen","Male","København","DK-84","DK","M30-34","FIN","4:15:08","0:25:23","0:04:48","2:16:38","0:02:52","1:25:28","76","63","11","3151","42","34","1","74","63","8","76","63","11","15308","1523","288","8198","172","5128"
"2315","Jonas Petersen","Male","Frederiksberg","DK-84","DK","M25-29","FIN","4:15:15","0:33:33","0:05:14","2:07:17","0:02:21","1:26:50","77","64","6","3263","383","297","51","70","60","7","77","64","6","15315","2013","314","7637","141","5210"
"102","Sebastian Pors","Male","Ringe","SYDDANMARK","DK","M18-24","FIN","4:15:28","0:26:32","0:03:22","2:11:24","0:02:16","1:31:54","78","65","3","3416","61","47","2","44","44","1","78","65","3","15328","1592","202","7884","136","5514"
"5021","Anastacia Damm Nielsen","Female","Vanløse 2720","foreigner","DK","FPRO","FIN","4:15:54","0:26:29","0:03:16","2:19:21","0:02:07","1:24:41","79","14","14","3266","59","14","13","81","14","14","79","14","14","15354","1589","196","8361","127","5081"
"203","Anton Svensson","Male","Rockneby","SE-H","SE","M25-29","FIN","4:16:02","0:29:49","0:04:14","2:14:50","0:03:20","1:23:50","80","66","7","3249","133","100","8","79","67","8","80","66","7","15362","1789","254","8090","200","5030"
"115","Daniel Paulsen","Male","Ribe","Sønderjylland","DK","M25-29","FIN","4:16:09","0:28:19","0:03:55","2:13:32","0:03:10","1:27:13","81","67","8","3247","92","70","5","68","58","6","81","67","8","15369","1699","235","8012","190","5233"
"5023","Jenny Jendryschik","Female","Hamburg","undefined-HH","DE","FPRO","FIN","4:16:54","0:27:07","0:03:41","2:18:19","0:02:17","1:25:30","82","15","15","3248","68","18","16","82","15","15","82","15","15","15414","1627","221","8299","137","5130"
"212","Lukas Egkher","Male","Wien","AT-9","AT","M25-29","FIN","4:17:15","0:30:06","0:03:50","2:16:24","0:02:47","1:24:07","83","68","9","3227","145","109","13","88","73","10","83","68","9","15435","1806","230","8184","167","5047"
"416","Jack Stead","Male","Goole","GB-ERY","GB","M25-29","FIN","4:17:24","0:31:11","0:03:22","2:16:29","0:02:31","1:23:52","84","69","10","3224","214","161","22","92","77","11","84","69","10","15444","1871","202","8189","151","5032"
"2355","Simone Latini","Male","Kongens Lyngby","DK-84","IT","M35-39","FIN","4:17:27","0:29:03","0:04:32","2:22:22","0:02:29","1:19:00","85","70","5","3310","115","87","5","139","120","15","85","70","5","15447","1743","272","8542","149","4740"
"5024","Giorgia Priarone","Female","morsasco","","IT","FPRO","FIN","4:17:40","0:29:42","0:03:27","2:19:41","0:02:18","1:22:33","86","16","16","3235","131","32","20","106","16","16","86","16","16","15460","1782","207","8381","138","4953"
"1517","Alexander From","Male","København","Copenhagen","DK","M30-34","FIN","4:18:13","0:32:14","0:04:00","2:15:44","0:03:12","1:23:02","87","71","12","3096","281","214","25","101","86","12","87","71","12","15493","1934","240","8144","192","4982"
"146","Ulrik Hjemsted","Male","København","DK-84","DK","M25-29","FIN","4:18:13","0:33:51","0:03:55","2:12:23","0:02:56","1:25:09","88","72","11","3210","414","320","60","86","71","9","88","72","11","15493","2031","235","7943","176","5109"
"1326","Magnus Jensen","Male","Veerst","DK-83","DK","M18-24","FIN","4:18:33","0:30:33","0:04:23","2:17:30","0:02:01","1:24:06","89","73","4","3360","171","132","20","104","89","7","89","73","4","15513","1833","263","8250","121","5046"
"435","Morten Rostrom","Male","Hillerød","Nordsjælland","DK","M40-44","FIN","4:18:55","0:32:10","0:04:09","2:14:40","0:02:51","1:25:06","90","74","1","3500","275","210","22","91","76","1","90","74","1","15535","1930","249","8080","171","5106"
"144","Gustav Hallgren","Male","Kalmar","SE-H","SE","M30-34","FIN","4:19:52","0:29:52","0:04:43","2:18:09","0:03:18","1:23:50","91","75","13","3066","134","101","8","105","90","13","91","75","13","15592","1792","283","8289","198","5030"
"777","Henrik Mork Emtekjaer","Male","Holstebro","","DK","M45-49","FIN","4:20:01","0:25:51","0:03:58","2:14:40","0:03:07","1:32:24","92","76","1","3500","44","36","1","61","53","1","92","76","1","15601","1551","238","8080","187","5544"
"1124","Marlon Mandrake Tollefors","Male","Danderyd","SE-AB","SE","M18-24","FIN","4:20:38","0:27:33","0:03:23","2:17:03","0:02:42","1:29:58","93","77","5","3323","74","55","5","77","65","5","93","77","5","15638","1653","203","8223","162","5398"
"260","Lucas Wise","Male","Farnham","GB-SRY","AU","M40-44","FIN","4:21:04","0:25:22","0:03:54","2:22:24","0:03:13","1:26:11","94","78","2","3461","41","33","1","98","83","4","94","78","2","15664","1522","234","8544","193","5171"
"460","Jan-Morten Ra","Male","Sola","NO-ROGALAND","NO","M45-49","FIN","4:21:16","0:27:50","0:03:56","2:17:47","0:02:36","1:29:07","95","79","2","3477","75","56","4","84","69","2","95","79","2","15676","1670","236","8267","156","5347"
"1121","Fredrik Grønlund","Male","Hønefoss","Buskerud","NO","M25-29","FIN","4:21:23","0:35:24","0:04:56","2:13:53","0:04:23","1:22:48","96","80","12","3153","559","440","90","117","100","14","96","80","12","15683","2124","296","8033","263","4968"
"1831","Jonas Bender","Male","Slagelse","DK-85","DK","M18-24","FIN","4:21:38","0:28:29","0:05:13","2:18:15","0:02:50","1:26:50","97","81","6","3305","99","75","10","100","85","6","97","81","6","15698","1709","313","8295","170","5210"
"214","Liam Myrinder","Male","Färjestaden ","","SE","M18-24","FIN","4:22:39","0:28:50","0:04:31","2:20:44","0:02:13","1:26:22","98","82","7","3287","106","82","13","112","95","8","98","82","7","15759","1730","271","8444","133","5182"
"180","Frederik Ellekilde","Male","Copenhagen","DK-84","DK","M30-34","FIN","4:22:40","0:30:01","0:04:33","2:20:29","0:03:28","1:24:09","99","83","14","3016","140","106","9","129","112","15","99","83","14","15760","1801","273","8429","208","5049"
"5017","Henrike Güber","Female","Hamburg","foreigner","DE","FPRO","FIN","4:22:41","0:30:55","0:03:34","2:22:58","0:02:17","1:22:56","100","17","17","3144","193","48","21","155","21","19","100","17","17","15761","1855","214","8578","137","4976"
"1303","Fredrik HENRIKSSON","Male","Kvidinge","SE-M","SE","M40-44","FIN","4:23:22","0:31:13","0:04:40","2:15:20","0:03:26","1:28:42","101","84","3","3419","217","163","18","94","79","2","101","84","3","15802","1873","280","8120","206","5322"
"174","Bram Philips","Male","Oost Vlaanderen","","BE","M40-44","FIN","4:23:31","0:31:47","0:04:11","2:18:09","0:02:44","1:26:39","102","85","4","3417","253","192","21","113","96","6","102","85","4","15811","1907","251","8289","164","5199"
"162","Magnus Eg Fogh","Male","Værløse","DK-84","DK","M18-24","FIN","4:23:33","0:27:55","0:04:50","2:11:38","0:02:30","1:36:40","103","86","8","3270","77","58","6","59","52","2","103","86","8","15813","1675","290","7898","150","5800"
"164","Mark Ørskov","Male","Holstebro","DK-82","DK","M30-34","FIN","4:23:45","0:33:27","0:04:35","2:18:17","0:02:40","1:24:47","104","87","15","2996","371","287","39","142","123","17","104","87","15","15825","2007","275","8297","160","5087"
"210","Christian Lund","Male","Tårnby","","DK","M35-39","FIN","4:23:51","0:28:26","0:04:40","2:23:30","0:02:50","1:24:25","105","88","6","3195","97","74","2","145","126","16","105","88","6","15831","1706","280","8610","170","5065"
"1937","Thomas Lavsen","Male","København K","","DK","M30-34","FIN","4:24:30","0:30:40","0:04:52","2:19:10","0:03:16","1:26:31","106","89","16","2983","177","135","16","126","109","14","106","89","16","15870","1840","292","8350","196","5191"
"165","Jérôme Yarro Nimpa","Male","Nice","FR-06","FR","M30-34","FIN","4:24:32","0:39:06","0:04:09","2:14:27","0:02:52","1:23:59","107","90","17","2982","1015","793","124","161","139","23","107","90","17","15872","2346","249","8067","172","5039"
"301","Johannes Giehl","Male","Berlin","BE","DE","M35-39","FIN","4:24:33","0:32:29","0:04:59","2:13:45","0:03:44","1:29:35","108","91","7","3182","294","225","26","95","80","7","108","91","7","15873","1949","299","8025","224","5375"
"391","Adem Asci","Male","Bagsværd","DK-84","DK","M45-49","FIN","4:25:03","0:37:39","0:03:48","2:12:10","0:02:56","1:28:29","109","92","3","3409","815","636","51","110","93","4","109","92","3","15903","2259","228","7930","176","5309"
"1166","Falk Halkier Egelie","Male","Sandefjord","NO-07","NO","M18-24","FIN","4:25:19","0:32:34","0:04:20","2:17:25","0:03:59","1:27:02","110","93","9","3239","299","229","39","119","102","10","110","93","9","15919","1954","260","8245","239","5222"
"5022","Shiva Leisner","Female","Aarhus C","foreigner","DK","FPRO","FIN","4:25:34","0:29:05","0:03:17","2:20:32","0:02:50","1:29:50","111","18","18","3092","117","29","18","107","17","17","111","18","18","15934","1745","197","8432","170","5390"
"432","Sebastian Hansen","Male","Valby","","DK","M25-29","FIN","4:25:36","0:34:15","0:04:57","2:17:21","0:02:15","1:26:48","112","94","13","3077","447","346","67","144","125","19","112","94","13","15936","2055","297","8241","135","5208"
"1031","Marius Oseberg","Male","Sandefjord","NO-07","NO","M30-34","FIN","4:26:05","0:35:10","0:06:09","2:14:03","0:02:42","1:28:01","113","95","18","2954","537","419","65","133","115","16","113","95","18","15965","2110","369","8043","162","5281"
"927","Jannik Billesø","Male","Helsingør","DK-85","DK","M35-39","FIN","4:26:25","0:38:49","0:05:00","2:16:54","0:03:43","1:21:58","114","96","8","3149","966","757","95","220","190","24","114","96","8","15985","2329","300","8214","223","4918"
"2384","Peter Leth Schriver","Male","Kastrup","DK-84","DK","M18-24","FIN","4:26:27","0:33:49","0:04:34","2:16:44","0:02:34","1:28:46","115","97","10","3218","411","318","55","130","113","13","115","97","10","15987","2029","274","8204","154","5326"
"1610","Soeren Sort","Male","Sorø","SJÆLLAND","DK","M35-39","FIN","4:26:40","0:31:17","0:04:23","2:21:54","0:02:49","1:26:17","116","98","9","3144","222","168","17","157","136","19","116","98","9","16000","1877","263","8514","169","5177"
"2103","Lucas Flintholm","Male","Faxe Ladeplads","Zealand","DK","M18-24","FIN","4:27:24","0:31:19","0:05:51","2:23:00","0:03:40","1:23:34","117","99","11","3201","225","170","28","207","181","24","117","99","11","16044","1879","351","8580","220","5014"
"778","Andreas Nilsen","Male","Copenhagen","","DK","M30-34","FIN","4:27:29","0:33:33","0:03:55","2:19:13","0:02:46","1:28:02","118","100","19","2929","382","296","42","147","128","19","118","100","19","16049","2013","235","8353","166","5282"
"413","Emil Valentin Schepelern","Male","København","DK-84","DK","M25-29","FIN","4:27:36","0:29:54","0:04:03","2:27:17","0:02:26","1:23:55","119","101","14","3041","136","103","9","230","200","31","119","101","14","16056","1794","243","8837","146","5035"
"887","Simon Jul Pedersen","Male","Frederiksberg","DK-84","DK","M25-29","FIN","4:28:02","0:30:54","0:06:06","2:17:11","0:02:56","1:30:55","120","102","15","3033","191","144","19","116","99","13","120","102","15","16082","1854","366","8231","176","5455"
"749","Nikolai Becker Thaning","Male","Charlottenlund","DK-84","DK","M30-34","FIN","4:28:09","0:34:05","0:04:53","2:18:26","0:02:37","1:28:08","121","103","20","2917","434","335","47","154","134","22","121","103","20","16089","2045","293","8306","157","5288"
"2426","Patrik Hansen","Male","København SV","HOVEDSTADEN","DK","M18-24","FIN","4:28:45","0:32:23","0:05:42","2:22:19","0:04:15","1:24:07","122","104","12","3177","289","220","38","212","183","25","122","104","12","16125","1943","342","8539","255","5047"
"1751","Rene Vendt","Male","CopenhagenBroendby Strand","DK-84","DK","M50-54","FIN","4:28:46","0:30:57","0:04:01","2:15:45","0:02:52","1:35:11","123","105","1","3500","197","147","3","89","74","2","123","105","1","16126","1857","241","8145","172","5711"
"631","Fredrik Hansen","Male","Drammen","","NO","M35-39","FIN","4:28:51","0:29:39","0:03:48","2:15:42","0:04:01","1:35:41","124","106","10","3105","128","97","8","83","68","4","124","106","10","16131","1779","228","8142","241","5741"
"109","Amanda Vang Hvitved","Female","Virum","DK-84","DK","F25-29","FIN","4:29:07","0:34:58","0:05:24","2:20:59","0:02:47","1:24:57","125","19","1","3500","515","115","32","235","31","5","125","19","1","16147","2098","324","8459","167","5097"
"2313","Kasper Juulsgaard","Male","København V","HOVEDSTADEN","DK","M30-34","FIN","4:29:10","0:32:46","0:05:59","2:25:40","0:03:32","1:21:14","126","107","21","2899","317","243","31","267","234","36","126","107","21","16150","1966","359","8740","212","4874"
"2008","Rasmus Grill","Male","København Ø","","DK","M25-29","FIN","4:29:38","0:34:09","0:05:55","2:17:45","0:04:52","1:26:57","127","108","16","3004","442","343","65","166","143","20","127","108","16","16178","2049","355","8265","292","5217"
"1329","William Spangsberg","Male","København","København","DK","M25-29","FIN","4:29:49","0:33:30","0:05:23","2:20:53","0:02:59","1:27:04","128","109","17","3001","379","293","50","202","176","24","128","109","17","16189","2010","323","8453","179","5224"
"136","Simon Svaneklink","Male","Svendborg","","DK","M25-29","FIN","4:29:52","0:33:43","0:05:17","2:15:39","0:02:37","1:32:36","129","110","18","3000","400","310","56","125","108","15","129","110","18","16192","2023","317","8139","157","5556"
"2248","Mads Emil Lykke Jensen","Male","Nibe","North Jütland","DK","M18-24","FIN","4:30:02","0:33:02","0:04:35","2:23:06","0:03:10","1:26:09","130","111","13","3154","342","264","47","219","189","26","130","111","13","16202","1982","275","8586","190","5169"
"218","Claes ROGIUS SVENSSON","Male","Malmö","SE-M","SE","M35-39","FIN","4:30:13","0:35:20","0:05:10","2:20:18","0:03:14","1:26:11","131","112","11","3080","552","433","56","223","193","25","131","112","11","16213","2120","310","8418","194","5171"
"5027","Joeanna Nielsen","Female","
Holbaek","","DK","FPRO","FIN","4:30:17","0:29:27","0:03:36","2:24:45","0:01:59","1:30:30","132","20","19","3008","125","31","19","164","23","20","132","20","19","16217","1767","216","8685","119","5430"
"1961","Rasmus Knudsen","Male","Hinnerup","DK-82","DK","M18-24","FIN","4:30:26","0:32:11","0:05:34","2:22:03","0:04:46","1:25:52","133","113","14","3146","276","211","35","203","177","23","133","113","14","16226","1931","334","8523","286","5152"
"206","Peter Fryland","Male","silkeborg","","DK","M35-39","FIN","4:30:29","0:34:35","0:05:37","2:15:43","0:03:16","1:31:18","134","114","12","3076","473","367","42","138","119","14","134","114","12","16229","2075","337","8143","196","5478"
"134","Ida Østerby","Female","Roskilde","DK-85","DK","F25-29","FIN","4:30:36","0:31:40","0:04:08","2:21:52","0:02:58","1:29:58","135","21","2","3473","251","61","14","160","22","2","135","21","2","16236","1900","248","8512","178","5398"
"963","Janette Dommer","Female","Rungsted kyst","DK-84","DK","F50-54","FIN","4:31:00","0:30:59","0:03:58","2:20:19","0:02:23","1:33:21","136","22","1","3500","204","52","2","132","18","1","136","22","1","16260","1859","238","8419","143","5601"
"1422","Sebastian von Tippelskirch","Male","Hamburg","DE-HH","DE","M30-34","FIN","4:31:05","0:32:23","0:05:04","2:19:48","0:03:44","1:30:06","137","115","22","2864","290","221","27","153","133","21","137","115","22","16265","1943","304","8388","224","5406"
"277","Johanna Hofvendahl","Female","Helsingborg","SE-M","SE","F18-24","FIN","4:31:17","0:30:16","0:03:16","2:27:02","0:02:57","1:27:47","138","23","1","3500","154","37","4","217","30","1","138","23","1","16277","1816","196","8822","177","5267"
"129","Mathias Pedersen","Male","Kastrup","DK-84","DK","M30-34","FIN","4:31:20","0:35:06","0:04:05","2:19:12","0:03:11","1:29:47","139","116","23","2860","527","412","64","175","150","26","139","116","23","16280","2106","245","8352","191","5387"
"133","Louise Schnoor Hansen","Female","Frederiksværk","DK-84","DK","F30-34","FIN","4:31:43","0:32:04","0:04:11","2:24:00","0:02:41","1:28:47","140","24","1","3500","263","62","11","209","28","2","140","24","1","16303","1924","251","8640","161","5327"
"1635","Carl-Emil Fagerlund","Male","Søborg","DK-84","DK","M18-24","FIN","4:31:47","0:31:01","0:05:17","2:21:57","0:03:42","1:29:50","141","117","15","3122","206","153","23","170","145","18","141","117","15","16307","1861","317","8517","222","5390"
"5029","Linda Brännlund","Female","Kalmar","","SE","FPRO","FIN","4:31:54","0:26:06","0:04:03","2:27:58","0:02:36","1:31:12","142","25","20","2978","50","12","12","168","24","21","142","25","20","16314","1566","243","8878","156","5472"
"392","Kenneth Thorsgaard","Male","Nyborg","DK-83","DK","M45-49","FIN","4:31:57","0:32:18","0:04:58","2:14:18","0:02:16","1:38:07","143","118","4","3285","283","215","18","97","82","3","143","118","4","16317","1938","298","8058","136","5887"
"436","Benjamin Pause","Male","Groß Köris","DE-BB","DE","M40-44","FIN","4:32:05","0:30:17","0:04:31","2:19:31","0:02:38","1:35:08","144","119","5","3263","155","118","10","120","103","7","144","119","5","16325","1817","271","8371","158","5708"
"145","Phillip Becker","Male","Gross-Bieberau","DE-DE-HE","DE","M50-54","FIN","4:32:07","0:31:09","0:04:27","2:14:40","0:02:35","1:39:16","145","120","2","3439","212","159","4","87","72","1","145","120","2","16327","1869","267","8080","155","5956"
"2380","Kim Lundberg","Male","Allerød","HOVEDSTADEN","DK","M40-44","FIN","4:32:17","0:28:03","0:05:23","2:25:04","0:02:41","1:31:06","146","121","6","3259","84","64","3","179","154","11","146","121","6","16337","1683","323","8704","161","5466"
"2216","Christian Jensen","Male","
vejle","","DK","M40-44","FIN","4:32:19","0:33:37","0:04:20","2:21:21","0:02:38","1:30:23","147","122","7","3258","390","302","27","191","166","13","147","122","7","16339","2017","260","8481","158","5423"
"2054","Jonas Bayh","Male","Kopenhagen","DK-84","DE","M25-29","FIN","4:32:20","0:35:23","0:04:54","2:15:25","0:02:57","1:33:41","148","123","19","2956","556","437","88","137","118","17","148","123","19","16340","2123","294","8125","177","5621"
"839","Sebastian Marquardt","Male","Berlin","DE-BE","DE","M30-34","FIN","4:32:22","0:30:55","0:04:09","2:23:21","0:02:48","1:31:09","149","124","24","2841","192","145","18","176","151","27","149","124","24","16342","1855","249","8601","168","5469"
"5010","Franziska Hofmann","Female","Neckarsteinach","foreigner","DE","FPRO","FIN","4:32:29","0:26:55","0:03:46","2:26:00","0:02:26","1:33:22","150","26","21","2968","65","16","14","148","20","18","150","26","21","16349","1615","226","8760","146","5602"
"394","Emil Bjerre","Male","København","DK-84","DK","M18-24","FIN","4:32:31","0:30:29","0:03:47","2:21:49","0:02:26","1:33:59","151","125","16","3109","167","128","18","140","121","16","151","125","16","16351","1829","227","8509","146","5639"
"1683","Havard Olden","Male","Haslum","NO-02","NO","M55-59","FIN","4:32:34","0:30:17","0:04:50","2:22:40","0:03:16","1:31:32","152","126","1","3500","156","119","5","162","140","2","152","126","1","16354","1817","290","8560","196","5492"
"1091","Jakob Andersson","Male","Linköping","SE-E","SE","M18-24","FIN","4:32:41","0:31:38","0:05:20","2:19:41","0:03:54","1:32:09","153","127","17","3106","248","188","32","146","127","17","153","127","17","16361","1898","320","8381","234","5529"
"2175","Anders Hvid","Male","Gundsømagle","DK-85","DK","M35-39","FIN","4:33:07","0:32:28","0:04:32","2:15:13","0:03:24","1:37:30","154","128","13","3028","293","224","25","102","87","8","154","128","13","16387","1948","272","8113","204","5850"
"1391","Nicolaj Kjærulf","Male","Smørum","DK-84","DK","M30-34","FIN","4:33:15","0:33:58","0:04:58","2:18:53","0:02:53","1:32:34","155","129","25","2825","427","329","46","165","142","24","155","129","25","16395","2038","298","8333","173","5554"
"1320","Martin Brøndum Klode","Male","AARHUS C","","DK","M45-49","FIN","4:33:33","0:40:32","0:04:23","2:17:52","0:03:22","1:27:23","156","130","5","3256","1176","911","68","250","219","16","156","130","5","16413","2432","263","8272","202","5243"
"185","Francois Peirin","Male","NEW YORK","NY","US","M35-39","FIN","4:34:05","0:32:46","0:06:30","2:17:40","0:03:15","1:33:53","157","131","14","3011","318","244","28","149","129","17","157","131","14","16445","1966","390","8260","195","5633"
"1777","Martin Cain","Male","Tameside","Manchester","GB","M50-54","FIN","4:34:09","0:30:11","0:06:16","2:20:48","0:03:57","1:32:58","158","132","3","3403","149","113","2","152","132","3","158","132","3","16449","1811","376","8448","237","5578"
"899","Bjorn Nostvik","Male","Tistedal","NO-01","NO","M55-59","FIN","4:34:11","0:29:21","0:05:19","2:25:10","0:02:56","1:31:25","159","133","2","3470","124","94","4","204","178","5","159","133","2","16451","1761","319","8710","176","5485"
"2045","Simon Hjorth Jensen","Male","Koebenhavn K","DK-84","DK","M18-24","FIN","4:34:12","0:33:45","0:06:50","2:20:14","0:03:18","1:30:04","160","134","18","3079","404","314","53","224","194","28","160","134","18","16452","2025","410","8414","198","5404"
"1097","Laerke Schjodt Rasmussen","Female","Odense","Fyn","DK","F30-34","FIN","4:34:25","0:32:44","0:04:11","2:23:15","0:02:26","1:31:48","161","27","2","3451","313","72","12","208","27","1","161","27","2","16465","1964","251","8595","146","5508"
"1712","Anders NILSSON","Male","Mörarp","SE-M","SE","M40-44","FIN","4:34:25","0:32:48","0:04:28","2:22:22","0:03:22","1:31:26","162","135","8","3221","324","248","23","197","171","14","162","135","8","16465","1968","268","8542","202","5486"
"1855","Mathias Brodersen","Male","Bardu","","NO","M30-34","FIN","4:34:30","0:39:34","0:05:42","2:20:41","0:02:22","1:26:10","163","136","26","2803","1069","833","132","287","252","38","163","136","26","16470","2374","342","8441","142","5170"
"140","Mads Malik Nielsen","Male","Herlev","DK-84","DK","M35-39","FIN","4:34:44","0:33:54","0:04:52","2:19:54","0:03:00","1:33:03","164","137","15","2999","420","324","36","180","155","20","164","137","15","16484","2034","292","8394","180","5583"
"401","Jonathan Graakjær Blok","Male","Jyllinge","SJÆLLAND","DK","M18-24","FIN","4:34:50","0:31:48","0:04:33","2:23:21","0:03:21","1:31:46","165","138","19","3067","255","194","33","199","173","22","165","138","19","16490","1908","273","8601","201","5506"
"994","Louie Dahl Larsen","Male","Aarhus","MIDTJYLLAND","DK","M18-24","FIN","4:34:52","0:30:32","0:06:20","2:24:10","0:04:50","1:28:59","166","139","20","3067","169","130","19","227","197","30","166","139","20","16492","1832","380","8650","290","5339"
"410","Karl Johannessen","Male","Åkrehamn","NO-11","NO","M35-39","FIN","4:34:53","0:32:53","0:04:45","2:16:53","0:02:55","1:37:26","167","140","16","2996","330","253","29","122","105","12","167","140","16","16493","1973","285","8213","175","5846"
"107","Tim Wing","Male","Stalybridge","foreigner","GB","M55-59","FIN","4:34:56","0:35:09","0:04:50","2:19:04","0:02:40","1:33:13","168","141","3","3457","532","415","20","185","160","4","168","141","3","16496","2109","290","8344","160","5593"
"219","Casper Holst Algren","Male","Charlottenlund","HOVEDSTADEN","DK","M40-44","FIN","4:35:00","0:35:24","0:04:15","2:19:17","0:02:50","1:33:15","169","142","9","3210","558","439","36","184","159","12","169","142","9","16500","2124","255","8357","170","5595"
"2141","Sebastian Andre Olguin Sørensen","Male","Frederiksberg","Copenhagen","DK","M30-34","FIN","4:35:01","0:35:06","0:06:58","2:24:46","0:03:00","1:25:11","170","143","27","2793","526","411","63","308","272","42","170","143","27","16501","2106","418","8686","180","5111"
"1867","Rasmus Busch Tange","Male","Roskilde","","DK","M35-39","FIN","4:35:03","0:33:08","0:05:23","2:16:08","0:03:48","1:36:36","171","144","17","2993","349","269","30","124","107","13","171","144","17","16503","1988","323","8168","228","5796"
"2037","Magni Jóhansson","","Fuglafjørður","","FO","M30-34","FIN","4:35:04","0:33:05","0:05:17","2:19:57","0:02:55","1:33:50","172","145","28","2792","347","268","35","171","146","25","172","145","28","16504","1985","317","8397","175","5630"
"2207","Julian Pimat","Male","København S","","DE","M18-24","FIN","4:35:21","0:32:18","0:04:21","2:18:50","0:02:48","1:37:04","173","146","21","3058","286","218","37","135","116","15","173","146","21","16521","1938","261","8330","168","5824"
"202","Sebastian Gebauer","Male","Schleswig Holstein","DE-SH","DE","M25-29","FIN","4:35:22","0:32:38","0:05:58","2:24:47","0:03:22","1:28:37","174","147","20","2901","306","235","36","257","226","37","174","147","20","16522","1958","358","8687","202","5317"
"189","Anton Arvidson","Male","Uppsala","","SE","M25-29","FIN","4:35:22","0:30:06","0:04:53","2:29:56","0:02:31","1:27:57","175","148","21","2901","142","107","11","274","241","43","175","148","21","16522","1806","293","8996","151","5277"
"1375","Rasmus Gaudin","Male","Frederiksberg","Copenhagen","DK","M30-34","FIN","4:35:27","0:32:27","0:06:15","2:21:50","0:02:36","1:32:19","176","149","29","2786","292","223","28","215","186","32","176","149","29","16527","1947","375","8510","156","5539"
"910","Xavier Baami González","Male","Cerdanyola del Vallès","ES-B","ES","M25-29","FIN","4:35:29","0:30:56","0:04:28","2:33:42","0:03:03","1:23:21","177","150","22","2899","195","146","20","356","316","58","177","150","22","16529","1856","268","9222","183","5001"
"123","Anders Eriksen","Male","Glostrup","DK-84","DK","M40-44","FIN","4:35:35","0:38:24","0:05:08","2:23:52","0:03:00","1:25:11","178","151","10","3200","919","719","58","317","279","29","178","151","10","16535","2304","308","8632","180","5111"
"1476","Caroline Nowak","Female","København","DK-84","DK","F25-29","FIN","4:35:42","0:26:40","0:04:48","2:28:06","0:02:18","1:33:50","179","28","3","3381","63","15","2","196","26","4","179","28","3","16542","1600","288","8886","138","5630"
"1380","Sebastian Hesselmark","Male","København","DK-84","DK","M25-29","FIN","4:35:46","0:33:44","0:06:28","2:20:31","0:02:51","1:32:13","180","152","23","2894","401","311","57","218","188","27","180","152","23","16546","2024","388","8431","171","5533"
"1680","Mikkel Kæregaard Olsson","Male","Sandvika","Akershus","DK","M45-49","FIN","4:35:47","0:29:18","0:05:41","2:22:50","0:03:37","1:34:21","181","153","6","3216","123","93","9","167","144","8","181","153","6","16547","1758","341","8570","217","5661"
"1865","Micki Dahl","Male","Tune","","DK","M35-39","FIN","4:35:48","0:33:39","0:05:12","2:14:16","0:03:35","1:39:06","182","154","18","2980","396","307","35","108","91","10","182","154","18","16548","2019","312","8056","215","5946"
"625","Mikkel Schjønning","Male","Stenløse","DK-84","DK","M25-29","FIN","4:36:00","0:30:52","0:04:41","2:18:35","0:03:29","1:38:22","183","155","24","2890","189","142","18","114","97","12","183","155","24","16560","1852","281","8315","209","5902"
"5020","Marie Ingerhed","Female","Trollhättan","foreigner","SE","FPRO","FIN","4:36:13","0:33:56","0:03:55","2:22:29","0:02:08","1:33:44","184","29","22","2901","423","97","24","210","29","22","184","29","22","16573","2036","235","8549","128","5624"
"441","Mads Bach Carlsen","Male","Kongens Lyngby","HOVEDSTADEN","DK","M30-34","FIN","4:36:20","0:42:40","0:04:29","2:20:22","0:02:35","1:26:14","185","156","30","2770","1385","1061","162","323","285","44","185","156","30","16580","2560","269","8422","155","5174"
"801","Giuliano Blei","Male","Milano","IT-MI","IT","M35-39","FIN","4:36:21","0:29:38","0:06:55","2:27:06","0:04:22","1:28:19","186","157","19","2970","127","96","7","258","227","28","186","157","19","16581","1778","415","8826","262","5299"
"1153","Jonas Bach","Male","Viborg","DK-MIDTJYLLAND","DK","M18-24","FIN","4:36:22","0:34:34","0:04:55","2:26:26","0:03:55","1:26:34","187","158","22","3040","472","366","62","285","250","34","187","158","22","16582","2074","295","8786","235","5194"
"1421","Richard Løgstrup","Male","Randers SØ","DK-82","DK","M45-49","FIN","4:36:32","0:31:32","0:05:46","2:23:13","0:02:54","1:33:08","188","159","7","3202","240","182","15","214","185","13","188","159","7","16592","1892","346","8593","174","5588"
"103","Johnny Hansen","Male","Kalundborg","DK-85","DK","M55-59","FIN","4:36:40","0:36:58","0:05:04","2:14:55","0:02:51","1:36:51","189","160","4","3426","722","564","29","150","130","1","189","160","4","16600","2218","304","8095","171","5811"
"463","Jens Dynglykke","Male","Tølløse","DK-85","DK","M40-44","FIN","4:37:05","0:35:59","0:05:27","2:16:12","0:02:37","1:36:50","190","161","11","3173","624","492","39","159","138","10","190","161","11","16625","2159","327","8172","157","5810"
"178","Brendon Parry","Male","Epsom","SRY","GB","M40-44","FIN","4:37:39","0:30:53","0:04:16","2:24:33","0:02:56","1:35:02","191","162","12","3162","190","143","15","198","172","15","191","162","12","16659","1853","256","8673","176","5702"
"2413","Carsten Steenberg","Male","Værløse","DK-84","DK","M60-64","FIN","4:37:43","0:33:04","0:04:50","2:23:24","0:02:49","1:33:35","192","163","1","3500","346","267","6","233","203","3","192","163","1","16663","1984","290","8604","169","5615"
"187","Anders Duusgaard","Male","Glostrup","","DK","M40-44","FIN","4:37:43","0:29:00","0:04:51","2:19:22","0:03:38","1:40:51","193","164","13","3161","110","84","6","109","92","5","193","164","13","16663","1740","291","8362","218","6051"
"1410","Eline Granne","Female","Drøbak","NO-02","NO","F30-34","FIN","4:37:44","0:34:48","0:05:16","2:28:43","0:02:30","1:26:29","194","30","3","3391","493","110","17","347","40","5","194","30","3","16664","2088","316","8923","150","5189"
"699","Dmitri Saveliev","Male","Brøndby Strand","DK-84","DK","M35-39","FIN","4:38:02","0:34:21","0:05:26","2:22:43","0:02:45","1:32:47","195","165","20","2940","453","351","38","247","216","26","195","165","20","16682","2061","326","8563","165","5567"
"1582","Nicolai Waldbjørn","Male","Nyborg","Fyn","DK","M40-44","FIN","4:38:09","0:28:06","0:05:49","2:17:38","0:03:14","1:43:22","196","166","14","3153","85","65","4","96","81","3","196","166","14","16689","1686","349","8258","194","6202"
"1472","Nigel Swepson","Male","Peterborough","GB-LIN","GB","M50-54","FIN","4:38:11","0:36:29","0:06:23","2:23:25","0:02:47","1:29:08","197","167","4","3330","673","527","22","296","260","8","197","167","4","16691","2189","383","8605","167","5348"
"1934","Philip Pertou Brixensen","Male","København","Copenhagen","DK","M25-29","FIN","4:38:13","0:30:18","0:04:35","2:29:11","0:04:00","1:30:10","198","168","25","2850","157","120","14","262","231","39","198","168","25","16693","1818","275","8951","240","5410"
"292","Elias Winberg","Male","Aalborg","NORDJYLLAND","DK","M25-29","FIN","4:38:14","0:33:13","0:05:09","2:22:10","0:03:02","1:34:40","199","169","26","2849","353","273","47","216","187","26","199","169","26","16694","1993","309","8530","182","5680"
"433","Magnus BREGNING","Male","Copenhagen","DK-84","DK","M30-34","FIN","4:38:18","0:30:58","0:05:26","2:20:48","0:03:16","1:37:50","200","170","31","2734","202","151","19","151","131","20","200","170","31","16698","1858","326","8448","196","5870"
"415","Oscar Korsgaard","Male","København","DK-84","DK","M25-29","FIN","4:38:31","0:27:29","0:04:01","2:24:42","0:02:28","1:39:51","201","171","27","2844","73","54","4","141","122","18","201","171","27","16711","1649","241","8682","148","5991"
"220","Asger Dahl Busch","Male","Virum","DK-84","DK","M18-24","FIN","4:38:39","0:28:12","0:06:01","2:20:57","0:04:01","1:39:28","202","172","23","2999","90","68","9","131","114","14","202","172","23","16719","1692","361","8457","241","5968"
"760","Markus Sundin","Male","Taastrup","Copenhagen","DK","M25-29","FIN","4:38:40","0:34:52","0:03:50","2:26:44","0:04:19","1:28:55","203","173","28","2842","501","390","75","283","248","46","203","173","28","16720","2092","230","8804","259","5335"
"1485","Björn Lindahl","Male","SOLNA","SE-AB","SE","M50-54","FIN","4:38:41","0:34:20","0:05:16","2:21:08","0:03:22","1:34:34","204","174","5","3321","451","349","14","221","191","5","204","174","5","16721","2060","316","8468","202","5674"
"194","Even Skuland","Male","Kristiansand","NO-10","NO","M35-39","FIN","4:38:52","0:35:40","0:06:57","2:20:20","0:03:29","1:32:27","205","175","21","2925","584","459","61","251","220","27","205","175","21","16732","2140","417","8420","209","5547"
"780","Simon Worm","Male","Slagelse","DK-85","DK","M25-29","FIN","4:38:59","0:33:01","0:04:26","2:23:43","0:03:07","1:34:41","206","176","29","2836","341","263","43","228","198","29","206","176","29","16739","1981","266","8623","187","5681"
"216","Cristian Nae","Male","Löddeköpinge","SE-M","SE","M40-44","FIN","4:39:07","0:30:42","0:04:30","2:26:07","0:02:54","1:34:54","207","177","15","3136","180","137","13","234","204","18","207","177","15","16747","1842","270","8767","174","5694"
"1678","Dino Pjanic","Male","Malmö","","BA","M50-54","FIN","4:39:14","0:31:27","0:06:53","2:23:26","0:04:58","1:32:30","208","178","6","3311","237","180","6","237","206","6","208","178","6","16754","1887","413","8606","298","5550"
"131","Jonas Nonnenprediger","Male","Schwerin","DE-MV","DE","M35-39","FIN","4:39:22","0:35:10","0:05:36","2:18:22","0:02:48","1:37:27","209","179","22","2916","538","420","52","190","165","21","209","179","22","16762","2110","336","8302","168","5847"
"961","Jeppe Ekberg","Male","Ballerup","DK-Copenhagen","DK","M40-44","FIN","4:39:26","0:28:29","0:04:11","2:22:13","0:03:30","1:41:02","210","180","16","3130","100","76","5","128","111","8","210","180","16","16766","1709","251","8533","210","6062"
"158","Frederik Hørgreen Sørensen","Male","Copenhagen","DK-84","DK","M25-29","FIN","4:39:38","0:33:01","0:05:46","2:25:53","0:02:55","1:32:04","211","181","30","2824","340","262","42","271","238","41","211","181","30","16778","1981","346","8753","175","5524"
"2015","Mads Sørensen","Male","Copenhagen","Copenhagen","DK","M18-24","FIN","4:39:38","0:27:14","0:05:28","2:25:41","0:03:23","1:37:52","212","182","24","2981","69","51","4","174","149","19","212","182","24","16778","1634","328","8741","203","5872"
"1736","Mads Rohde Knudsen","Male","Frederiksberg","DK-84","DK","M30-34","FIN","4:39:46","0:39:59","0:06:20","2:19:50","0:04:19","1:29:19","213","183","32","2708","1111","865","135","293","257","39","213","183","32","16786","2399","380","8390","259","5359"
"960","Ove Svejstrup","Male","St. Peter Port","St. Peter Port","GG","M45-49","FIN","4:39:47","0:31:06","0:04:02","2:19:35","0:03:05","1:41:58","214","184","8","3144","208","155","10","127","110","6","214","184","8","16787","1866","242","8375","185","6118"
"1083","Jeremy Leglise","Male","Orbais","BE-WBR","BE","M40-44","FIN","4:39:51","0:33:56","0:04:08","2:23:51","0:03:15","1:34:41","215","185","17","3123","424","327","31","238","207","20","215","185","17","16791","2036","248","8631","195","5681"
"357","Patrick Hansen","Male","Sønderborg","DK-83","DK","M25-29","FIN","4:39:52","0:31:06","0:03:54","2:33:27","0:02:59","1:28:25","216","186","31","2820","209","156","21","341","302","55","216","186","31","16792","1866","234","9207","179","5305"
"751","Xander Pontoppidan","Male","Greve","DK-85","DK","M18-24","FIN","4:39:56","0:26:07","0:04:30","2:28:31","0:02:45","1:38:03","217","187","25","2975","51","39","1","189","164","21","217","187","25","16796","1567","270","8911","165","5883"
"1245","Kristian Sømoe Johnsrud","Male","Oslo","NO-03","NO","M30-34","FIN","4:40:02","0:36:02","0:04:16","2:26:28","0:02:37","1:30:38","218","188","33","2703","630","497","78","305","269","41","218","188","33","16802","2162","256","8788","157","5438"
"606","Adam Ferber","Male","
Kongens Lyngby","SJÆLLAND","DK","M25-29","FIN","4:40:12","0:38:58","0:05:38","2:22:52","0:03:36","1:29:08","219","189","32","2814","994","776","180","320","282","51","219","189","32","16812","2338","338","8572","216","5348"
"1078","Nicholas Sroczynski","Male","Virum","DK-84","DK","M40-44","FIN","4:40:13","0:30:33","0:04:31","2:22:33","0:02:40","1:39:56","220","190","18","3116","172","133","12","158","137","9","220","190","18","16813","1833","271","8553","160","5996"
"663","Milan Stahl","Male","Berlin","DE-BE","DE","M18-24","FIN","4:40:13","0:30:23","0:04:22","2:19:47","0:02:31","1:43:11","221","191","26","2970","163","125","17","123","106","12","221","191","26","16813","1823","262","8387","151","6191"
"439","Valdemar Krogh","Male","Copenhagen East","Copenhagen","DK","M25-29","FIN","4:40:24","0:39:54","0:05:19","2:15:57","0:02:56","1:36:18","222","192","33","2810","1105","860","200","229","199","30","222","192","33","16824","2394","319","8157","176","5778"
"390","Philip Lind","Male","Kalmar","KALMAR LAN [SE-08]","SE","M30-34","FIN","4:40:29","0:32:08","0:07:08","2:25:58","0:04:10","1:31:05","223","193","34","2695","272","208","24","278","244","37","223","193","34","16829","1928","428","8758","250","5465"
"597","Alexander Christensen","Male","Hornbæk","DK-85","DK","M18-24","FIN","4:40:38","0:39:08","0:05:05","2:26:26","0:02:16","1:27:44","224","194","27","2963","1018","795","127","383","341","48","224","194","27","16838","2348","305","8786","136","5264"
"551","Benjamin Hoffmann","Male","Hellerup","DK-84","GB","M45-49","FIN","4:40:45","0:28:19","0:05:54","2:25:39","0:03:18","1:37:36","225","195","9","3126","91","69","5","205","179","12","225","195","9","16845","1699","354","8739","198","5856"
"1920","Christian Sigurd Langhoff Jensen","Male","Risskov","","DK","M25-29","FIN","4:40:46","0:31:21","0:05:23","2:28:07","0:04:15","1:31:40","226","196","34","2804","228","172","24","273","240","42","226","196","34","16846","1881","323","8887","255","5500"
"1126","Martin Friis","Male","Skovlunde","DK-84","DK","M35-39","FIN","4:40:52","0:30:57","0:04:00","2:22:35","0:02:56","1:40:24","227","197","23","2889","198","148","15","156","135","18","227","197","23","16852","1857","240","8555","176","6024"
"1701","Christian Koefoed","Male","København","Copenhagen","DK","M25-29","FIN","4:40:52","0:22:51","0:07:18","2:33:47","0:03:46","1:33:09","228","198","35","2802","18","18","1","261","230","38","228","198","35","16852","1371","438","9227","226","5589"
"113","Andrass Joensen","Male","Hoyvik","","FO","M60-64","FIN","4:40:55","0:32:40","0:05:42","2:21:21","0:03:13","1:37:59","229","199","2","3442","309","238","4","200","174","1","229","199","2","16855","1960","342","8481","193","5879"
"181","Cecilie Sabine Clausen","Female","København Ø","","DK","F25-29","FIN","4:40:57","0:35:30","0:04:47","2:17:49","0:03:03","1:39:47","230","31","4","3287","567","122","34","169","25","3","230","31","4","16857","2130","287","8269","183","5987"
"1132","Lasse Anker","Male","Vejle","Southern Jutland","DK","M25-29","FIN","4:41:02","0:37:34","0:05:48","2:21:11","0:03:06","1:33:22","231","200","36","2799","799","625","138","268","235","40","231","200","36","16862","2254","348","8471","186","5602"
"715","Sølve Skogland","Male","Aksdal","NO-11","NO","M45-49","FIN","4:41:08","0:34:56","0:05:34","2:13:40","0:03:08","1:43:50","232","201","10","3119","509","395","30","115","98","5","232","201","10","16868","2096","334","8020","188","6230"
"215","Emma Bock","Female","Kongens Lyngby","HOVEDSTADEN","DK","F25-29","FIN","4:41:13","0:30:02","0:04:10","2:21:17","0:02:52","1:42:52","233","32","5","3282","141","35","6","134","19","1","233","32","5","16873","1802","250","8477","172","6172"
"1377","Marcel Wiersma","Male","Heerenveen","Friesland","NL","M30-34","FIN","4:41:15","0:38:39","0:07:29","2:25:05","0:03:18","1:26:44","234","202","35","2681","945","742","113","399","354","52","234","202","35","16875","2319","449","8705","198","5204"
"1285","Oliver Maunsbach","Male","Frederiksberg","DK-84","DK","M30-34","FIN","4:41:20","0:34:16","0:05:37","2:18:35","0:03:47","1:39:06","235","203","36","2680","448","347","49","177","152","28","235","203","36","16880","2056","337","8315","227","5946"
"794","Daniel Krippner","Male","Forchheim","DE-BY","DE","M40-44","FIN","4:41:27","0:40:15","0:04:18","2:28:33","0:02:45","1:25:36","236","204","19","3094","1145","890","77","438","387","41","236","204","19","16887","2415","258","8913","165","5136"
"262","Ruslan Shtymak","Male","Uzhhorod","UA-21","UA","M40-44","FIN","4:41:41","0:31:40","0:06:03","2:24:39","0:03:40","1:35:39","237","205","20","3090","250","190","20","242","211","21","237","205","20","16901","1900","363","8679","220","5739"
"2003","Alex Alban Christensen","Male","Nyborg","DK-83","DK","M40-44","FIN","4:42:14","0:37:19","0:06:53","2:21:44","0:04:03","1:32:17","238","206","21","3080","765","599","48","286","251","26","238","206","21","16934","2239","413","8504","243","5537"
"151","Laura Helmantel","Female","Leeuwarden","","NL","F25-29","FIN","4:42:32","0:33:21","0:04:14","2:27:46","0:03:12","1:33:59","239","33","6","3258","364","84","20","279","35","8","239","33","6","16952","2001","254","8866","192","5639"
"970","Bo Schneider Vohra Thomsen","Male","Herlev","DK-84","DK","M35-39","FIN","4:42:34","0:38:48","0:05:54","2:23:04","0:03:00","1:31:48","240","207","24","2858","964","755","93","331","292","34","240","207","24","16954","2328","354","8584","180","5508"
"170","Lucas Trampedach","Male","Helsingør","DK-84","DK","M18-24","FIN","4:42:36","0:28:34","0:04:59","2:20:45","0:02:45","1:45:33","241","208","28","2927","102","78","11","118","101","9","241","208","28","16956","1714","299","8445","165","6333"
"1249","Oliver Winther","Male","Aarhus","DK-82","DK","M25-29","FIN","4:42:41","0:37:26","0:06:19","2:18:58","0:04:36","1:35:22","242","209","37","2769","783","612","134","249","218","35","242","209","37","16961","2246","379","8338","276","5722"
"1711","Mads Henriksen","Male","
Ringsted","","DK","M35-39","FIN","4:42:49","0:39:13","0:04:56","2:25:02","0:02:54","1:30:44","243","210","25","2854","1031","804","98","358","318","40","243","210","25","16969","2353","296","8702","174","5444"
"2179","Lasse Gliemann Hybholt","Male","Herlev","Copenhagen","DK","M40-44","FIN","4:43:08","0:36:00","0:04:24","2:19:38","0:04:02","1:39:04","244","211","22","3064","626","494","40","206","180","16","244","211","22","16988","2160","264","8378","242","5944"
"379","Rasmus damgaard","Male","Helsingør","DK-84","DK","M25-29","FIN","4:43:14","0:37:36","0:04:17","2:19:24","0:03:47","1:38:10","245","212","38","2759","807","629","141","232","202","32","245","212","38","16994","2256","257","8364","227","5890"
"1043","Edvin Grundnes","Male","MOSS","NO-01","NO","M25-29","FIN","4:43:15","0:44:12","0:04:21","2:19:13","0:02:52","1:32:37","246","213","39","2759","1534","1155","276","332","293","53","246","213","39","16995","2652","261","8353","172","5557"
"2404","Roosa Mannonen","Female","Helsingborg","","FI","F30-34","FIN","4:43:15","0:32:49","0:05:04","2:34:54","0:02:52","1:27:37","247","34","4","3292","325","77","14","431","49","7","247","34","4","16995","1969","304","9294","172","5257"
"1746","Eskild Jørgensen","Male","Roskilde","","DK","M18-24","FIN","4:43:18","0:37:02","0:05:44","2:25:30","0:03:11","1:31:51","248","214","29","2915","732","574","92","339","300","43","248","214","29","16998","2222","344","8730","191","5511"
"456","Mikkel Carøe Sørensen","Male","Aalborg","DK-81","DK","M25-29","FIN","4:43:18","0:34:54","0:05:03","2:32:29","0:03:23","1:27:29","249","215","40","2758","504","393","76","424","376","74","249","215","40","16998","2094","303","9149","203","5249"
"955","Patrik Lundström","Male","Ekerö","SE-AB","SE","M40-44","FIN","4:43:24","0:36:14","0:05:04","2:23:17","0:03:19","1:35:31","250","216","23","3059","650","511","42","269","236","25","250","216","23","17004","2174","304","8597","199","5731"
"1428","Martin Kuur Jensen","Male","North Ryde","NSW","DK","M35-39","FIN","4:43:29","0:37:19","0:05:50","2:26:23","0:03:45","1:30:11","251","217","26","2842","765","599","75","364","324","41","251","217","26","17009","2239","350","8783","225","5411"
"2106","Rasmus Lørup Arildsen","Male","København","Copenhagen","DK","M30-34","FIN","4:43:37","0:37:21","0:06:18","2:19:31","0:03:01","1:37:26","252","218","37","2639","771","603","92","254","223","35","252","218","37","17017","2241","378","8371","181","5846"
"1160","Anders Sørensen","Male","Ringe","SYDDANMARK","DK","M30-34","FIN","4:43:39","0:33:27","0:04:30","2:25:05","0:02:35","1:38:03","253","219","38","2638","372","288","40","252","221","34","253","219","38","17019","2007","270","8705","155","5883"
"827","Oskar Meyer","Male","Esbjerg","DK-83","DK","M18-24","FIN","4:43:42","0:33:45","0:05:56","2:25:46","0:03:36","1:34:39","254","220","30","2908","405","315","54","282","247","33","254","220","30","17022","2025","356","8746","216","5679"
"650","Alexander Nyborg Wargin","Male","Virum","HOVEDSTADEN","DK","M30-34","FIN","4:43:42","0:30:22","0:04:54","2:23:37","0:03:06","1:41:43","255","221","39","2637","162","124","13","182","157","30","255","221","39","17022","1822","294","8617","186","6103"
"487","Christine Arnild","Female","Smørum","","NO","F35-39","FIN","4:43:45","0:32:47","0:05:03","2:28:10","0:03:26","1:34:19","256","35","1","3500","319","75","4","288","36","1","256","35","1","17025","1967","303","8890","206","5659"
"638","Brian Sønderup-Hansen","Male","
Odense SV","SYDDANMARK","DK","M45-49","FIN","4:43:53","0:34:47","0:05:26","2:27:14","0:02:44","1:33:42","257","222","11","3070","492","383","28","319","281","21","257","222","11","17033","2087","326","8834","164","5622"
"355","Mark Bormanis","Male","Frederiksberg
Copenhagen","","AU","M40-44","FIN","4:44:06","0:34:01","0:06:22","2:30:11","0:02:38","1:30:54","258","223","24","3046","429","331","32","381","339","35","258","223","24","17046","2041","382","9011","158","5454"
"457","Mads Carøe Sørensen","Male","Aalborg SV","DK-81","DK","M25-29","FIN","4:44:08","0:37:10","0:05:21","2:29:11","0:03:46","1:28:40","259","224","41","2743","753","590","128","412","365","70","259","224","41","17048","2230","321","8951","226","5320"
"906","Lukas Fagerholt","Male","København","DK-84","DK","M25-29","FIN","4:44:24","0:37:46","0:05:32","2:30:16","0:02:51","1:27:59","260","225","42","2738","834","650","152","453","400","81","260","225","42","17064","2266","332","9016","171","5279"
"516","Mike Brundt","Male","København","DK-85","DK","M35-39","FIN","4:44:27","0:29:33","0:05:06","2:17:39","0:03:56","1:48:12","261","226","27","2824","126","95","6","103","88","9","261","226","27","17067","1773","306","8259","236","6492"
"1134","Nicolaj Larsen","Male","København s","DK-84","DK","M18-24","FIN","4:44:27","0:34:36","0:05:16","2:23:26","0:02:47","1:38:22","262","227","31","2894","477","370","63","255","224","32","262","227","31","17067","2076","316","8606","167","5902"
"128","Matthijs Van Akker","Male","Groningen","NL-GR","NL","M30-34","FIN","4:44:28","0:31:58","0:05:22","2:21:34","0:03:57","1:41:37","263","228","40","2623","261","200","22","183","158","31","263","228","40","17068","1918","322","8494","237","6097"
"2408","Stefan Bonde Nielsen","Male","Nørrebro","","DK","M25-29","FIN","4:44:32","0:36:55","0:03:54","2:30:25","0:03:40","1:29:38","264","229","43","2736","715","559","121","400","355","67","264","229","43","17072","2215","234","9025","220","5378"
"2171","Mike Søndergaard","Male","Odense C","DK-83","DK","M35-39","FIN","4:44:38","0:39:32","0:06:09","2:23:00","0:04:04","1:31:53","265","230","28","2821","1063","829","102","346","307","38","265","230","28","17078","2372","369","8580","244","5513"
"1467","Jonas Storgaard Kristensen","Male","Århus","Midtjylland","DK","M25-29","FIN","4:44:47","0:30:37","0:04:20","2:23:23","0:03:37","1:42:50","266","231","44","2732","174","134","16","172","147","21","266","231","44","17087","1837","260","8603","217","6170"
"930","Nick Eversdijk","Male","Dronten","NL-FL","NL","M35-39","FIN","4:44:51","0:30:51","0:05:11","2:23:20","0:03:11","1:42:18","267","232","29","2817","188","141","14","194","169","22","267","232","29","17091","1851","311","8600","191","6138"
"1163","Kim Rasmussen","Male","Ringe","","DK","M40-44","FIN","4:44:52","0:30:46","0:04:11","2:34:45","0:02:23","1:32:46","268","233","25","3032","183","139","14","368","327","32","268","233","25","17092","1846","251","9285","143","5566"
"205","Martin Petersen","Male","Kokkedal","DK-84","DK","M35-39","FIN","4:45:04","0:32:13","0:04:51","2:13:59","0:04:51","1:49:10","269","234","30","2813","280","213","23","93","78","6","269","234","30","17104","1933","291","8039","291","6550"
"1983","Preben Moll","Male","Gentofte","DK-84","DK","M55-59","FIN","4:45:09","0:28:22","0:04:44","2:25:40","0:03:33","1:42:51","270","235","5","3273","94","72","2","181","156","3","270","235","5","17109","1702","284","8740","213","6171"
"2090","Olof Wdowiak Lindberg","Male","Klagshamn","SE-M","SE","M45-49","FIN","4:45:11","0:32:34","0:05:29","2:35:01","0:03:15","1:28:52","271","236","12","3047","300","230","19","437","386","27","271","236","12","17111","1954","329","9301","195","5332"
"1202","Alice Sullivan","Female","wareham","DOR","GB","F25-29","FIN","4:45:11","0:30:39","0:04:12","2:34:49","0:03:28","1:32:02","272","36","7","3210","176","42","8","366","41","9","272","36","7","17111","1839","252","9289","208","5522"
"817","Michal Sawczuk","Male","Brandbergen","SE-AB","PL","M25-29","FIN","4:45:16","0:33:33","0:05:53","2:26:47","0:03:37","1:35:26","273","237","45","2723","386","298","52","294","258","48","273","237","45","17116","2013","353","8807","217","5726"
"190","Mads Strate","Male","København","DK-84","DK","M30-34","FIN","4:45:23","0:32:33","0:05:54","2:29:06","0:03:00","1:34:50","274","238","41","2607","296","226","29","324","286","45","274","238","41","17123","1953","354","8946","180","5690"
"980","Jacob Thrane","Male","Måløv","HOVEDSTADEN","DK","M25-29","FIN","4:45:26","0:31:40","0:05:11","2:24:05","0:03:26","1:41:03","275","239","46","2720","252","191","27","225","195","28","275","239","46","17126","1900","311","8645","206","6063"
"398","Stefan Møller","Male","Greve","DK-85","DK","M35-39","FIN","4:46:00","0:33:39","0:04:57","2:26:08","0:02:59","1:38:17","276","240","31","2796","395","306","34","272","239","30","276","240","31","17160","2019","297","8768","179","5897"
"1073","Johnny Conway","Male","Altrincham","TRAFFORD","GB","M55-59","FIN","4:46:01","0:35:06","0:04:33","2:25:00","0:03:08","1:38:14","277","241","6","3257","525","410","19","270","237","7","277","241","6","17161","2106","273","8700","188","5894"
"2375","Matilde Willer","Female","København Ø","DK-84","DM","F25-29","FIN","4:46:06","0:34:46","0:04:35","2:34:25","0:03:24","1:28:56","278","37","8","3194","491","109","29","463","54","12","278","37","8","17166","2086","275","9265","204","5336"
"1304","David KAUNITZ","Male","Klippan","SE-M","SE","M45-49","FIN","4:46:19","0:33:03","0:05:42","2:20:19","0:04:22","1:42:54","279","242","13","3026","345","266","22","186","161","10","279","242","13","17179","1983","342","8419","262","6174"
"1758","Jaume Fontserè Viñas","Male","Sant Feliu de Codines","Catalunya","ES","M25-29","FIN","4:46:26","0:32:00","0:06:52","2:29:23","0:04:08","1:34:03","280","243","47","2702","262","201","30","338","299","54","280","243","47","17186","1920","412","8963","248","5643"
"1273","Nicklas Hein Johansson","Male","København N","","DK","M35-39","FIN","4:46:28","0:35:47","0:06:01","2:22:19","0:03:03","1:39:20","281","244","32","2788","605","475","64","263","232","29","281","244","32","17188","2147","361","8539","183","5960"
"1030","Magnus Fon Rosén","Male","Sandefjord","NO-07","NO","M45-49","FIN","4:46:37","0:43:17","0:06:29","2:23:39","0:02:54","1:30:18","282","245","14","3021","1455","1109","82","451","398","29","282","245","14","17197","2597","389","8619","174","5418"
"1460","Vetle Nevland","Male","Stavanger","NO-Rogaland","NO","M25-29","FIN","4:46:38","0:35:03","0:05:22","2:40:06","0:03:15","1:22:52","283","246","48","2698","521","406","81","650","561","122","283","246","48","17198","2103","322","9606","195","4972"
"1705","Elia Rigatti","Male","Empoli","IT-FI","IT","M35-39","FIN","4:46:46","0:29:01","0:06:30","2:30:56","0:03:31","1:36:48","284","247","33","2783","112","85","4","299","263","32","284","247","33","17206","1741","390","9056","211","5808"
"2309","Frederik Lavdal","Male","Aarhus C","MIDTJYLLAND","DK","M18-24","FIN","4:46:49","0:31:34","0:05:39","2:29:06","0:03:03","1:37:27","285","248","32","2852","243","184","30","297","261","36","285","248","32","17209","1894","339","8946","183","5847"
"1368","Bård Brun","Male","Eidsvoll","Akershus","NO","M18-24","FIN","4:46:59","0:38:19","0:05:35","2:31:43","0:03:32","1:27:49","286","249","33","2849","908","709","114","522","460","58","286","249","33","17219","2299","335","9103","212","5269"
"565","Phillip Riis","Male","Valby","DK-84","DK","M25-29","FIN","4:46:59","0:26:33","0:05:46","2:28:06","0:03:44","1:42:50","287","250","49","2692","62","48","3","213","184","25","287","250","49","17219","1593","346","8886","224","6170"
"5026","Baiba Medne","Female","Dobele","Dobeles novads","LV","FPRO","FIN","4:47:15","0:31:13","0:03:27","2:42:40","0:01:59","1:27:55","288","38","23","2702","216","54","23","567","69","24","288","38","23","17235","1873","207","9760","119","5275"
"1551","Rasmus Frydensberg","Male","Aarhus","Central Jutland","DK","M18-24","FIN","4:47:21","0:33:32","0:06:14","2:29:17","0:04:38","1:33:40","289","251","34","2842","381","295","50","355","315","44","289","251","34","17241","2012","374","8957","278","5620"
"1559","Sverre Egaas","Male","Kvinesdal","NO-10","NO","M40-44","FIN","4:47:22","0:33:29","0:05:08","2:25:12","0:03:22","1:40:11","290","252","26","2987","378","292","26","259","228","24","290","252","26","17242","2009","308","8712","202","6011"
"1931","Jonathan Brix Winther","Male","København","Copenhagen","DK","M25-29","FIN","4:47:29","0:36:24","0:06:09","2:30:50","0:03:12","1:30:54","291","253","50","2683","667","524","112","447","395","78","291","253","50","17249","2184","369","9050","192","5454"
"204","Jens Walbjørn Christensen","Male","Farum","DK-84","DK","M60-64","FIN","4:47:31","0:33:43","0:06:20","2:26:33","0:03:23","1:37:32","292","254","3","3323","399","309","7","301","265","5","292","254","3","17251","2023","380","8793","203","5852"
"1281","Frederik Holm Andersen","Male","København Ø","Copenhagen","DK","M25-29","FIN","4:47:43","0:35:00","0:05:15","2:31:21","0:02:51","1:33:16","293","255","51","2679","518","403","78","411","364","69","293","255","51","17263","2100","315","9081","171","5596"
"916","Magnus Thoresen","Male","Larvik","NO-07","NO","M25-29","FIN","4:47:45","0:31:20","0:04:47","2:32:34","0:02:52","1:36:12","294","256","52","2678","226","171","23","345","306","56","294","256","52","17265","1880","287","9154","172","5772"
"2092","Benjamin Munk","Male","Århus","Midtjylland","DK","M35-39","FIN","4:47:46","0:37:05","0:05:12","2:22:46","0:03:31","1:39:12","295","257","34","2765","738","579","73","276","242","31","295","257","34","17266","2225","312","8566","211","5952"
"1860","Renè Gjøg","Male","Vestby","NO-02","NO","M60-64","FIN","4:47:48","0:30:19","0:06:19","2:24:37","0:03:56","1:42:37","296","258","4","3318","160","122","2","231","201","2","296","258","4","17268","1819","379","8677","236","6157"
"1331","Mark Rüdinger","Male","Vamdrup","Southern Jutland","DK","M18-24","FIN","4:47:48","0:31:16","0:06:02","2:21:46","0:02:52","1:45:53","297","259","35","2834","221","167","26","187","162","20","297","259","35","17268","1876","362","8506","172","6353"
"1784","Jonas Treebak","Male","Copenhagen","HOVEDSTADEN","DK","M50-54","FIN","4:48:06","0:32:04","0:06:17","2:24:02","0:03:44","1:41:58","298","260","7","3152","265","203","8","243","212","7","298","260","7","17286","1924","377","8642","224","6118"
"1815","Kristian Juul-Kristensen","Male","Aarhus","Central Jutland","DK","M25-29","FIN","4:48:14","0:36:18","0:07:18","2:30:07","0:04:11","1:30:20","299","261","53","2669","657","516","109","459","406","84","299","261","53","17294","2178","438","9007","251","5420"
"448","Mathias Johansen","Male","København K","DK-84","DK","M30-34","FIN","4:48:21","0:36:13","0:05:10","2:25:33","0:03:48","1:37:38","300","262","42","2553","647","509","82","310","274","43","300","262","42","17301","2173","310","8733","228","5858"
"408","Mathis Birch","Male","Odense","","DK","M35-39","FIN","4:48:22","0:31:22","0:06:04","2:16:29","0:04:31","1:49:56","301","263","35","2754","230","174","18","111","94","11","301","263","35","17302","1882","364","8189","271","6596"
"917","Jarle Aagaard","Male","Sandefjord","NO-07","NO","M50-54","FIN","4:48:23","0:31:21","0:05:57","2:32:01","0:03:28","1:35:35","302","264","8","3146","229","173","5","362","322","13","302","264","8","17303","1881","357","9121","208","5735"
"2367","Mikkel Lundgren","Male","Viborg","DK-82","DK","M18-24","FIN","4:48:26","0:32:44","0:07:09","2:27:45","0:03:27","1:37:21","303","265","36","2822","311","240","42","328","289","41","303","265","36","17306","1964","429","8865","207","5841"
"356","Jonas Kofoed","Male","Ugerløse","DK-85","DK","M18-24","FIN","4:48:35","0:38:57","0:05:57","2:27:32","0:03:23","1:32:46","304","266","37","2820","992","774","124","425","377","50","304","266","37","17315","2337","357","8852","203","5566"
"1414","Jonas Adsbøl","Male","Virum","","DK","M35-39","FIN","4:48:39","0:36:55","0:06:39","2:34:18","0:03:48","1:27:00","305","267","36","2749","716","560","70","576","506","62","305","267","36","17319","2215","399","9258","228","5220"
"1836","Kevin Kriegbaum","Male","Viborg","DK-82","DK","M25-29","FIN","4:48:51","0:35:47","0:06:50","2:22:44","0:04:33","1:38:56","306","268","54","2658","607","477","99","280","245","44","306","268","54","17331","2147","410","8564","273","5936"
"184","Mads Tambo Lind Sehested","Male","2610","Copenhagen","DK","M35-39","FIN","4:48:52","0:34:06","0:04:35","2:32:38","0:02:11","1:35:22","307","269","37","2745","438","339","37","403","358","50","307","269","37","17332","2046","275","9158","131","5722"
"2385","Jeff Sleichter","Male","Aalborg","","US","M45-49","FIN","4:49:00","0:33:54","0:04:55","2:25:31","0:03:55","1:40:45","308","270","15","2978","418","323","24","265","233","17","308","270","15","17340","2034","295","8731","235","6045"
"353","Mikkel Valentin Aunstrup","Male","København NV","HOVEDSTADEN","DK","M30-34","FIN","4:49:03","0:32:59","0:06:50","2:22:06","0:05:38","1:41:30","309","271","43","2541","339","261","34","239","208","33","309","271","43","17343","1979","410","8526","338","6090"
"983","Mathias Glottrup","Male","Søborg","Copenhagen","DK","M30-34","FIN","4:49:04","0:38:44","0:04:54","2:36:12","0:02:39","1:26:35","310","272","44","2540","955","748","114","635","549","84","310","272","44","17344","2324","294","9372","159","5195"
"2189","Paweł Grudziński","Male","Nesttun","Vestland","PL","M30-34","FIN","4:49:05","0:33:20","0:05:00","2:32:58","0:03:40","1:34:07","311","273","45","2540","361","279","37","402","357","54","311","273","45","17345","2000","300","9178","220","5647"
"1662","Valdemar Cornelius Kold","Male","Østerbro","DK-84","DK","M18-24","FIN","4:49:13","0:34:25","0:05:46","2:39:45","0:02:33","1:26:43","312","274","38","2808","458","354","59","639","552","80","312","274","38","17353","2065","346","9585","153","5203"
"179","Mikkel Bredal Larsen","Male","Nyborg","DK-83","DK","M18-24","FIN","4:49:13","0:27:05","0:04:55","2:22:31","0:04:04","1:50:38","313","275","39","2808","67","50","3","121","104","11","313","275","39","17353","1625","295","8551","244","6638"
"2046","Christian Skafdrup Hellesen","Male","Hellerup","Copenhagen","DK","M25-29","FIN","4:49:16","0:36:13","0:07:32","2:15:22","0:04:54","1:45:14","314","276","55","2651","648","510","107","188","163","22","314","276","55","17356","2173","452","8122","294","6314"
"1477","Cecilie Meinert Pedersen","Female","Frederiksberg","HOVEDSTADEN","DK","F30-34","FIN","4:49:23","0:30:36","0:05:18","2:31:13","0:02:56","1:39:20","315","39","5","3182","173","40","7","313","37","4","315","39","5","17363","1836","318","9073","176","5960"
"300","Edgar Fernàndez Oró","Male","Copenhagen, Denmark","DK-84","ES","M30-34","FIN","4:49:37","0:34:59","0:06:15","2:33:59","0:03:52","1:30:32","316","277","46","2531","517","402","61","510","449","66","316","277","46","17377","2099","375","9239","232","5432"
"1957","Nicolai Laursen","Male","Egå","DK-82","DK","M25-29","FIN","4:49:44","0:33:11","0:05:25","2:26:50","0:03:39","1:40:39","317","278","56","2642","352","272","46","281","246","45","317","278","56","17384","1991","325","8810","219","6039"
"575","Thomas Skou Elgaard","Male","Kongens Lyngby","Copenhagen","DK","M45-49","FIN","4:49:48","0:27:24","0:06:19","2:37:17","0:04:05","1:34:44","318","279","16","2963","72","53","3","393","349","25","318","279","16","17388","1644","379","9437","245","5684"
"559","Nikolaj Magnus Brosolat Pedersen","Male","Kastrup","HOVEDSTADEN","DK","M25-29","FIN","4:49:51","0:32:48","0:06:16","2:20:15","0:04:11","1:46:21","319","280","57","2640","323","247","39","193","168","23","319","280","57","17391","1968","376","8415","251","6381"
"1727","Simon Kordubel","Male","København","HOVEDSTADEN","DE","M25-29","FIN","4:49:51","0:33:19","0:06:12","2:32:12","0:03:24","1:34:45","320","281","58","2640","359","277","48","413","366","71","320","281","58","17391","1999","372","9132","204","5685"
"492","Björn Svensson","Male","Bjuv","Skåne Län","SE","M55-59","FIN","4:49:55","0:27:50","0:05:38","2:30:27","0:03:52","1:42:08","321","282","7","3187","76","57","1","260","229","6","321","282","7","17395","1670","338","9027","232","6128"
"1217","Anders Hays Hofmann Christensen","Male","København V","DK-84","DK","M25-29","FIN","4:49:55","0:36:50","0:05:43","2:31:38","0:03:34","1:32:11","322","283","59","2639","708","553","120","478","423","90","322","283","59","17395","2210","343","9098","214","5531"
"201","Frederik Sehstedt Flamand","Male","København S","","DK","M25-29","FIN","4:50:10","0:31:54","0:06:19","2:24:14","0:03:47","1:43:56","323","284","60","2635","260","199","29","245","214","34","323","284","60","17410","1914","379","8654","227","6236"
"177","Sarah Thorsen Streit","Female","Herlev","DK-84","DK","F40-44","FIN","4:50:12","0:33:38","0:04:20","2:33:22","0:03:47","1:35:05","324","40","1","3500","393","89","7","404","46","1","324","40","1","17412","2018","260","9202","227","5705"
"1832","Frederik Hummelmose","Male","København","København","DK","M25-29","FIN","4:50:32","0:32:41","0:06:05","2:30:17","0:03:07","1:38:23","325","285","61","2628","310","239","37","354","314","57","325","285","61","17432","1961","365","9017","187","5903"
"1261","Jeppe Kristensen","Male","
Brønderslev","NORDJYLLAND","DK","M25-29","FIN","4:50:34","0:40:58","0:06:01","2:19:49","0:03:45","1:40:01","326","286","62","2627","1224","945","222","306","270","50","326","286","62","17434","2458","361","8389","225","6001"
"5019","Stephanie Clutterbuck","Female","Chippenham","WIL","GB","FPRO","FIN","4:50:40","0:30:58","0:05:53","2:39:21","0:02:40","1:31:49","327","41","24","2641","200","51","22","536","65","23","327","41","24","17440","1858","353","9561","160","5509"
"101","Nanna Sonne","Female","Albertslund","DK-85","DK","F25-29","FIN","4:50:47","0:26:28","0:04:20","2:33:34","0:03:30","1:42:55","328","42","9","3110","58","13","1","266","33","7","328","42","9","17447","1588","260","9214","210","6175"
"253","Dave Lange","Male","Dubai","AE-DU","ZA","M40-44","FIN","4:51:00","0:32:57","0:05:25","2:27:43","0:03:05","1:41:50","329","287","27","2922","335","258","24","291","255","27","329","287","27","17460","1977","325","8863","185","6110"
"995","Andreas Falch","Male","Tune","Zealand","DK","M18-24","FIN","4:51:07","0:32:47","0:05:03","2:23:11","0:05:25","1:44:41","330","288","40","2774","320","245","44","226","196","29","330","288","40","17467","1967","303","8591","325","6281"
"820","Jens Sønderup","Male","Skive","DK-82","DK","M25-29","FIN","4:51:07","0:36:31","0:06:08","2:29:25","0:02:51","1:36:12","331","289","63","2618","678","531","114","420","373","73","331","289","63","17467","2191","368","8965","171","5772"
"654","Alexander Bjerregaard","Male","Holte","DK-85","DK","M30-34","FIN","4:51:17","0:38:17","0:05:10","2:35:25","0:03:27","1:28:58","332","290","47","2501","905","706","107","605","524","80","332","290","47","17477","2297","310","9325","207","5338"
"808","Romeo Di martino","Male","Esbjerg","DK-83","DK","M18-24","FIN","4:51:25","0:34:42","0:04:01","2:27:17","0:02:17","1:43:08","333","291","41","2769","486","378","64","289","253","35","333","291","41","17485","2082","241","8837","137","6188"
"249","Marcus Piil Pedersen","Male","København K","Copenhagen","DK","M25-29","FIN","4:51:31","0:29:03","0:05:29","2:33:03","0:03:20","1:40:36","334","292","64","2610","116","88","7","326","288","52","334","292","64","17491","1743","329","9183","200","6036"
"1670","Anders Bogh Jacobsen","Male","Kongens Lyngby","DK-84","DK","M25-29","FIN","4:51:40","0:33:08","0:05:00","2:32:39","0:02:46","1:38:07","335","293","65","2608","351","271","45","389","346","65","335","293","65","17500","1988","300","9159","166","5887"
"1072","Matt Rye","Male","Exmouth","DEV","GB","M18-24","FIN","4:51:41","0:34:57","0:04:31","2:33:26","0:03:14","1:35:31","336","294","42","2764","513","399","68","433","384","52","336","294","42","17501","2097","271","9206","194","5731"
"845","Emil Christiansen","Male","København","Copenhagen","DK","M30-34","FIN","4:51:44","0:39:40","0:07:03","2:32:48","0:04:37","1:27:36","337","295","48","2492","1077","840","133","627","543","83","337","295","48","17504","2380","423","9168","277","5256"
"2007","Sofie Weihe","Female","København V","DK-85","DK","F18-24","FIN","4:51:47","0:33:46","0:05:08","2:31:47","0:03:01","1:38:05","338","43","2","3131","406","91","10","386","43","3","338","43","2","17507","2026","308","9107","181","5885"
"1857","Rasmus Lindkvist","Male","Helsingborg","SE-M","SE","M35-39","FIN","4:52:03","0:34:48","0:05:59","2:25:49","0:04:44","1:40:42","339","296","38","2687","495","385","47","302","266","33","339","296","38","17523","2088","359","8749","284","6042"
"409","Mattias Jonsson","Male","Göteborg","SE-O","SE","M50-54","FIN","4:52:04","0:34:03","0:05:07","2:29:48","0:03:55","1:39:11","340","297","9","3080","430","332","12","351","311","12","340","297","9","17524","2043","307","8988","235","5951"
"279","Ondrej Kralik","Male","Rødovre","DK-84","DK","M35-39","FIN","4:52:19","0:33:19","0:05:37","2:34:38","0:03:05","1:35:39","341","298","39","2683","360","278","31","454","401","52","341","298","39","17539","1999","337","9278","185","5739"
"2201","Thomas Nielsen","Male","København","København","DK","M45-49","FIN","4:52:20","0:31:15","0:05:44","2:25:10","0:03:07","1:47:05","342","299","17","2918","219","165","12","240","209","14","342","299","17","17540","1875","344","8710","187","6425"
"617","Roscoe Friend","Male","Dubai","AE-DU","ZA","M40-44","FIN","4:52:28","0:30:58","0:05:13","2:24:10","0:02:42","1:49:25","343","300","28","2896","201","150","16","211","182","17","343","300","28","17548","1858","313","8650","162","6565"
"1951","Dennis Gjerløw Andersen","Male","Odense","DK-83","DK","M50-54","FIN","4:52:32","0:38:12","0:06:03","2:26:56","0:04:33","1:36:47","344","301","10","3072","893","698","32","397","352","14","344","301","10","17552","2292","363","8816","273","5807"
"130","Maja Falkiewicz","Female","Vaihingen an der Enz","BW","DE","F18-24","FIN","4:52:45","0:27:18","0:04:21","2:35:57","0:03:10","1:42:00","345","44","3","3113","71","19","1","327","39","2","345","44","3","17565","1638","261","9357","190","6120"
"675","Marius Stevns Bøgelund","Male","Birkerød","Nordsjælland","DK","M18-24","FIN","4:52:48","0:30:57","0:05:02","2:24:46","0:03:31","1:48:32","346","302","43","2744","199","149","21","222","192","27","346","302","43","17568","1857","302","8686","211","6512"
"1244","Ola Studsrød Berg","Male","Melsomvik","VESTFOLD","NO","M30-34","FIN","4:52:49","0:34:52","0:05:02","2:31:53","0:03:00","1:38:02","347","303","49","2473","502","391","58","414","367","57","347","303","49","17569","2092","302","9113","180","5882"
"105","Jennifer Bach","Female","Copenhagen","","DK","F45-49","FIN","4:52:57","0:34:25","0:05:03","2:30:23","0:02:49","1:40:17","348","45","1","3500","456","104","7","370","42","2","348","45","1","17577","2065","303","9023","169","6017"
"1118","Robert Birkevaag","Male","Vestby","NO-02","NO","M55-59","FIN","4:53:00","0:38:06","0:08:13","2:19:57","0:03:11","1:43:34","349","304","8","3132","880","686","32","295","259","10","349","304","8","17580","2286","493","8397","191","6214"
"1393","Jeppe Berndsen","Male","Hillerød","","DK","M35-39","FIN","4:53:06","0:30:48","0:05:32","2:33:46","0:02:55","1:40:05","350","305","40","2669","184","140","13","374","332","45","350","305","40","17586","1848","332","9226","175","6005"
"1446","Cobe Joris","Male","Heist-op-den-Berg","BE-VLG","BE","M25-29","FIN","4:53:10","0:34:03","0:06:31","2:30:06","0:03:50","1:38:41","351","306","66","2581","432","334","62","385","343","64","351","306","66","17590","2043","391","9006","230","5921"
"200","Caroline Rulis","Female","København","DK-84","DK","F30-34","FIN","4:53:11","0:28:00","0:04:57","2:32:02","0:04:54","1:43:18","352","46","6","3113","80","20","1","275","34","3","352","46","6","17591","1680","297","9122","294","6198"
"188","Ronja Lund Ankerfelt","Female","København K","HOVEDSTADEN","DK","F30-34","FIN","4:53:19","0:32:47","0:04:12","2:36:02","0:02:40","1:37:38","353","47","7","3111","321","76","13","436","51","9","353","47","7","17599","1967","252","9362","160","5858"
"1400","Lasse Brodersen","Male","Vollstedt","SCHLESWIG-HOLSTEIN","DE","M18-24","FIN","4:53:20","0:30:59","0:04:47","2:26:42","0:02:25","1:48:26","354","307","44","2734","203","152","22","246","215","31","354","307","44","17600","1859","287","8802","145","6506"
"1339","Mads Vinge-Kaarsberg","Male","Haslev","","DK","M35-39","FIN","4:53:23","0:40:11","0:05:51","2:28:07","0:03:12","1:36:01","355","308","41","2663","1131","880","108","477","422","56","355","308","41","17603","2411","351","8887","192","5761"
"1096","Håkan Andersson","Male","Kalmar","SE-H","SE","M55-59","FIN","4:53:24","0:34:49","0:06:13","2:26:45","0:03:24","1:42:13","356","309","9","3125","496","386","18","333","294","12","356","309","9","17604","2089","373","8805","204","6133"
"1521","Mikkel Kure Damkjær","Male","Aarhus C","Central Jutland","DK","M18-24","FIN","4:53:24","0:34:44","0:05:51","2:26:43","0:04:28","1:41:39","357","310","45","2733","487","379","65","315","277","37","357","310","45","17604","2084","351","8803","268","6099"
"1009","Simon Tingberg","Male","Esbjerg N","SYDDANMARK","DK","M18-24","FIN","4:53:34","0:35:33","0:04:31","2:29:12","0:03:07","1:41:12","358","311","46","2730","569","447","72","359","319","45","358","311","46","17614","2133","271","8952","187","6072"
"1211","Pieter Brummer","Male","Amersham","Buckinghamshire","GB","M40-44","FIN","4:53:36","0:30:29","0:05:49","2:26:20","0:03:46","1:47:13","359","312","29","2875","166","127","11","248","217","22","359","312","29","17616","1829","349","8780","226","6433"
"1294","Oliver Jensen","Male","København N","DK-84","DK","M18-24","FIN","4:53:37","0:34:18","0:05:56","2:27:21","0:03:07","1:42:55","360","313","47","2729","449","348","58","325","287","40","360","313","47","17617","2058","356","8841","187","6175"
"1793","Jonas Abildgaard Ettrup","Male","Hammel","Central Jutland","DK","M45-49","FIN","4:53:44","0:37:23","0:05:49","2:16:32","0:03:53","1:50:08","361","314","18","2893","772","604","49","201","175","11","361","314","18","17624","2243","349","8192","233","6608"
"933","Simon Mørk Madsen","Male","Viborg","DK-82","DK","M25-29","FIN","4:53:50","0:38:59","0:05:28","2:28:12","0:03:32","1:37:40","362","315","67","2569","999","780","181","427","379","75","362","315","67","17630","2339","328","8892","212","5860"
"1724","Andreas Jessen","Male","Gørding","DK-83","DK","M18-24","FIN","4:53:52","0:32:35","0:08:39","2:26:17","0:03:59","1:42:23","363","316","48","2725","303","233","40","322","284","39","363","316","48","17632","1955","519","8777","239","6143"
"805","Jacob Hølmkær","Male","Vinderup","Central Jutland","DK","M30-34","FIN","4:53:56","0:38:58","0:05:58","2:34:10","0:03:37","1:31:14","364","317","50","2453","995","777","122","610","529","81","364","317","50","17636","2338","358","9250","217","5474"
"919","Per Øyvind Gulliksen","Male","Sandefjord","","NO","M45-49","FIN","4:54:00","0:29:10","0:05:12","2:23:59","0:03:40","1:51:59","365","318","19","2888","119","90","8","173","148","9","365","318","19","17640","1750","312","8639","220","6719"
"932","Simon Lenton","Male","Worthing","WEST SUSSEX","GB","M40-44","FIN","4:54:04","0:39:02","0:06:26","2:31:05","0:03:50","1:33:42","366","319","30","2867","1005","784","63","550","484","50","366","319","30","17644","2342","386","9065","230","5622"
"2259","Henrik Bøtcher Andersen","Male","Jelling","","DK","M40-44","FIN","4:54:04","0:38:35","0:05:04","2:27:22","0:03:07","1:39:57","367","320","31","2867","933","731","59","394","350","36","367","320","31","17644","2315","304","8842","187","5997"
"2163","Alexander Strange Hansen","Male","København","Copenhagen","DK","M25-29","FIN","4:54:05","0:39:05","0:04:48","2:30:21","0:02:48","1:37:02","368","321","68","2564","1014","792","182","480","424","91","368","321","68","17645","2345","288","9021","168","5822"
"1706","Søren Hintze","Male","Aarhus","DK-82","DK","M25-29","FIN","4:54:07","0:32:08","0:06:28","2:34:57","0:04:12","1:36:22","369","322","69","2564","270","206","31","452","399","80","369","322","69","17647","1928","388","9297","252","5782"
"1506","Martin Englund","Male","Löddeköpinge","SE-M","SE","M45-49","FIN","4:54:12","0:31:15","0:07:32","2:28:38","0:03:41","1:43:06","370","323","20","2884","220","166","13","318","280","20","370","323","20","17652","1875","452","8918","221","6186"
"1419","Peter JAKOBSEN","Male","Årslev","","DK","M40-44","FIN","4:54:16","0:39:05","0:06:30","2:29:31","0:03:53","1:35:18","371","324","32","2863","1013","791","65","503","443","48","371","324","32","17656","2345","390","8971","233","5718"
"1474","Mia Mechula","Female","København S","DK-85","DK","F30-34","FIN","4:54:18","0:39:00","0:04:38","2:29:21","0:02:57","1:38:22","372","48","8","3093","1000","220","35","435","50","8","372","48","8","17658","2340","278","8961","177","5902"
"2416","Mathias Fisker","Male","København","Copenhagen","DK","M25-29","FIN","4:54:23","0:41:02","0:05:59","2:28:38","0:04:00","1:34:43","373","325","70","2559","1233","952","224","524","462","104","373","325","70","17663","2462","359","8918","240","5683"
"2165","Julie Monby","Female","København","DK-84","DK","F30-34","FIN","4:54:28","0:33:28","0:06:07","2:31:26","0:03:01","1:40:27","374","49","9","3090","376","85","15","395","45","6","374","49","9","17668","2008","367","9086","181","6027"
"141","Henrik Pass","Male","Farum","DK-84","DK","M45-49","FIN","4:54:31","0:34:42","0:06:13","2:34:55","0:04:43","1:33:58","375","326","21","2879","485","377","27","530","466","38","375","326","21","17671","2082","373","9295","283","5638"
"2182","Gert DRAGSBAEK ELTORP","Male","Solroed Strand","DK-85","DK","M40-44","FIN","4:54:33","0:29:15","0:04:51","2:36:09","0:04:14","1:40:03","376","327","33","2858","121","91","7","378","336","34","376","327","33","17673","1755","291","9369","254","6003"
"2213","Nicolas Dulex","Male","Renens","CH-Vaud","CH","M30-34","FIN","4:54:37","0:37:05","0:05:45","2:34:04","0:03:33","1:34:11","377","328","51","2441","737","578","89","558","492","74","377","328","51","17677","2225","345","9244","213","5651"
"1069","Bjarke Jensen","Male","Ringsted","DK-85","DK","M25-29","FIN","4:54:41","0:37:54","0:07:35","2:30:09","0:03:29","1:35:34","378","329","71","2553","854","667","156","523","461","103","378","329","71","17681","2274","455","9009","209","5734"
"2414","Sebastiano Immè","Male","Helsingborg","SKANE LAN [SE-12]","IT","M45-49","FIN","4:54:43","0:27:17","0:04:32","2:30:34","0:03:44","1:48:36","379","330","22","2875","70","52","2","244","213","15","379","330","22","17683","1637","272","9034","224","6516"
"195","Torben Foged","Male","Middelfart","SYDDANMARK","DK","M55-59","FIN","4:54:45","0:32:54","0:05:28","2:28:08","0:03:26","1:44:49","380","331","10","3100","332","255","10","300","264","11","380","331","10","17685","1974","328","8888","206","6289"
"470","Bergtór Torsteinsson Thomsen","Male","leirvík","Eysturoy","FO","M30-34","FIN","4:54:46","0:32:58","0:05:14","2:18:09","0:03:06","1:55:17","381","332","52","2438","336","259","33","143","124","18","381","332","52","17686","1978","314","8289","186","6917"
"2211","Colas Mutter","Male","Lausanne","Vaud","FR","M25-29","FIN","4:54:51","0:37:05","0:04:47","2:35:06","0:03:12","1:34:41","382","333","72","2550","739","580","125","560","494","107","382","333","72","17691","2225","287","9306","192","5681"
"1056","Christian Peter Hübschmann","Male","
Virum","SJÆLLAND","DK","M18-24","FIN","4:54:54","0:36:42","0:06:05","2:33:26","0:04:35","1:34:06","383","334","49","2706","696","544","87","537","472","61","383","334","49","17694","2202","365","9206","275","5646"
"627","Gustav Louring Sand Paustian","Male","Aarup","DK-83","DK","M30-34","FIN","4:54:54","0:37:54","0:05:33","2:36:03","0:04:04","1:31:20","384","335","53","2435","851","664","100","626","542","82","384","335","53","17694","2274","333","9363","244","5480"
"905","Aksel Misje Kirchert","Male","Skanderborg","Jylland","DK","M18-24","FIN","4:54:58","0:30:09","0:06:49","2:35:57","0:03:29","1:38:34","385","336","50","2705","147","111","16","434","385","53","385","336","50","17698","1809","409","9357","209","5914"
"1151","Asgeir Holter","Male","Oslo","","NO","M35-39","FIN","4:55:04","0:39:03","0:05:23","2:29:50","0:03:08","1:37:40","386","337","42","2633","1007","786","97","481","425","57","386","337","42","17704","2343","323","8990","188","5860"
"737","Tomas Lauer","Male","Praha 4","CZ-104","CZ","M40-44","FIN","4:55:11","0:29:53","0:05:21","2:30:53","0:03:15","1:45:48","387","338","34","2847","135","102","8","292","256","28","387","338","34","17711","1793","321","9053","195","6348"
"1592","Morten Hansen","Male","Nyborg","","DK","M45-49","FIN","4:55:11","0:34:06","0:06:00","2:27:35","0:03:47","1:43:44","388","339","23","2867","436","337","25","329","290","22","388","339","23","17711","2046","360","8855","227","6224"
"637","Fredrik Johan Mikalsen","Male","Oslo","NO-03","NO","M35-39","FIN","4:55:19","0:39:40","0:08:12","2:31:31","0:06:05","1:29:51","389","340","43","2629","1081","843","104","622","539","66","389","340","43","17719","2380","492","9091","365","5391"
"2350","Martin Heller","Male","Frederiksberg C","Copenhagen","DK","M25-29","FIN","4:55:22","0:35:35","0:06:01","2:31:11","0:04:03","1:38:32","390","341","73","2541","571","449","95","430","382","76","390","341","73","17722","2135","361","9071","243","5912"
"250","Philip Louw","Male","Dubai","AE-DU","ZA","M40-44","FIN","4:55:32","0:35:12","0:05:49","2:33:48","0:04:13","1:36:28","391","342","35","2840","542","424","35","496","437","47","391","342","35","17732","2112","349","9228","253","5788"
"1044","Martin Nundal","Male","Oslo","Oslo","NO","M30-34","FIN","4:55:33","0:33:15","0:04:23","2:34:15","0:04:07","1:39:32","392","343","54","2424","357","275","36","415","368","58","392","343","54","17733","1995","263","9255","247","5972"
"519","Martin Hede","Male","Kalundborg","DK-SJÆLLAND","DK","M40-44","FIN","4:55:33","0:34:57","0:05:54","2:27:12","0:03:02","1:44:29","393","344","36","2840","512","398","34","336","297","31","393","344","36","17733","2097","354","8832","182","6269"
"458","Mia Carøe Sørensen","Female","Aalborg","DK-81","DK","F30-34","FIN","4:55:37","0:36:50","0:04:59","2:35:12","0:04:33","1:34:04","394","50","10","3069","710","156","25","561","67","12","394","50","10","17737","2210","299","9312","273","5644"
"863","Emil Skibsted Jakobsen","Male","København NV","Region Hovedstaden","DK","M25-29","FIN","4:55:42","0:35:45","0:05:40","2:29:02","0:03:38","1:41:37","395","345","74","2535","597","469","97","380","338","62","395","345","74","17742","2145","340","8942","218","6097"
"1142","Benjamin Haldan","Male","Frederiksberg","DK-84","DK","M25-29","FIN","4:55:49","0:33:39","0:06:07","2:15:53","0:04:06","1:56:03","396","346","75","2533","397","308","55","136","117","16","396","346","75","17749","2019","367","8153","246","6963"
"342","Mathias Voelsberg-Wied","Male","København","DK-84","DK","M25-29","FIN","4:55:49","0:36:18","0:04:52","2:28:09","0:03:24","1:43:06","397","347","76","2533","659","517","110","361","321","60","397","347","76","17749","2178","292","8889","204","6186"
"1094","Orla Edwards","Female","København","Copenhagen","IE","F25-29","FIN","4:56:01","0:28:08","0:04:59","2:41:22","0:03:22","1:38:09","398","51","10","3015","87","22","3","485","57","13","398","51","10","17761","1688","299","9682","202","5889"
"274","Theodor Pedersen","Male","Næstved","DK-85","DK","M35-39","FIN","4:56:03","0:35:36","0:06:26","2:31:45","0:03:22","1:38:54","399","348","44","2615","576","454","59","464","410","55","399","348","44","17763","2136","386","9105","202","5934"
"1288","Anders Palmberg","Male","drammen","NO-06","NO","M55-59","FIN","4:56:12","0:34:03","0:05:47","2:25:53","0:03:31","1:46:57","400","349","11","3074","431","333","16","284","249","9","400","349","11","17772","2043","347","8753","211","6417"
"1225","Tom Ryom Jensen","Male","Horsens","DK-82","DK","M50-54","FIN","4:56:12","0:29:18","0:04:51","2:25:09","0:02:43","1:54:11","401","350","11","3006","122","92","1","192","167","4","401","350","11","17772","1758","291","8709","163","6851"
"1668","Søren Vedstesen","Male","Roskilde","Zealand","DK","M30-34","FIN","4:56:16","0:35:59","0:05:11","2:30:20","0:03:31","1:41:14","402","351","55","2411","625","493","76","408","362","56","402","351","55","17776","2159","311","9020","211","6074"
"1424","Jacob Foster","Male","
Sønderborg","","DK","M25-29","FIN","4:56:28","0:37:39","0:05:43","2:35:48","0:04:42","1:32:37","403","352","77","2521","814","635","145","617","534","115","403","352","77","17788","2259","343","9348","282","5557"
"1773","Oskar Weber Jensen","Male","København V","","DK","M25-29","FIN","4:56:31","0:44:46","0:05:41","2:25:07","0:03:15","1:37:42","404","353","78","2520","1587","1182","282","518","456","101","404","353","78","17791","2686","341","8707","195","5862"
"132","Lars Halkier","Male","Holte","DK-Central Bohemian Region","DK","M60-64","FIN","4:56:33","0:36:33","0:05:06","2:27:13","0:04:32","1:43:09","405","354","5","3161","681","533","9","348","308","6","405","354","5","17793","2193","306","8833","272","6189"
"2403","Tove HJERTONSSON","Female","Ängelholm","SE-M","SE","F35-39","FIN","4:56:43","0:35:39","0:06:49","2:37:21","0:04:11","1:32:44","406","52","2","3266","582","125","7","634","86","3","406","52","2","17803","2139","409","9441","251","5564"
"2128","Lukas Poppe","Male","Antwerpen","BE-VAN","BE","M25-29","FIN","4:57:08","0:38:06","0:06:03","2:26:26","0:03:55","1:42:37","407","355","79","2509","878","684","161","382","340","63","407","355","79","17828","2286","363","8786","235","6157"
"2017","Elliott Namensen","Male","Kastrup","Copenhagen","DK","M18-24","FIN","4:57:08","0:31:19","0:05:42","2:32:24","0:03:25","1:44:18","408","356","51","2666","224","169","27","363","323","46","408","356","51","17828","1879","342","9144","205","6258"
"1469","Anne Tvedskov Nielsen","Female","København","Copenhagen","DK","F25-29","FIN","4:57:10","0:31:27","0:05:19","2:41:09","0:03:37","1:35:38","409","53","11","2995","238","58","13","577","71","17","409","53","11","17830","1887","319","9669","217","5738"
"1607","Mathias Jensen","Male","Kolding","Southern Jutland","DK","M18-24","FIN","4:57:12","0:34:44","0:05:39","2:33:31","0:02:38","1:40:41","410","357","52","2665","488","380","66","465","411","55","410","357","52","17832","2084","339","9211","158","6041"
"540","Andreas Hashøj Hansen","Male","København","","DK","M30-34","FIN","4:57:12","0:37:19","0:06:23","2:25:11","0:03:48","1:44:32","411","358","56","2394","767","601","91","349","309","49","411","358","56","17832","2239","383","8711","228","6272"
"1042","Martin Lauritzen","Male","København SV","DK-84","DK","M30-34","FIN","4:57:13","0:37:27","0:05:15","2:33:42","0:02:54","1:37:54","412","359","57","2394","785","613","93","546","481","72","412","359","57","17833","2247","315","9222","174","5874"
"1565","Roman Klie","Male","Hamburg","Hamburg","DE","M35-39","FIN","4:57:15","0:37:51","0:05:45","2:31:42","0:03:59","1:37:58","413","360","45","2594","844","658","81","511","450","58","413","360","45","17835","2271","345","9102","239","5878"
"644","Sigrid Frandsen","Female","København","HOVEDSTADEN","DK","F25-29","FIN","4:57:24","0:37:57","0:05:43","2:36:19","0:03:38","1:33:46","414","54","12","2990","862","190","61","644","88","23","414","54","12","17844","2277","343","9379","218","5626"
"2166","Kristian Balsby","Male","København N","","DK","M25-29","FIN","4:57:33","0:36:20","0:05:53","2:27:26","0:03:25","1:44:29","415","361","80","2502","661","518","111","365","325","61","415","361","80","17853","2180","353","8846","205","6269"
"1169","Jens Harvig","Male","Roskilde","DK-85","DK","M55-59","FIN","4:57:46","0:41:01","0:05:51","2:26:51","0:03:26","1:40:36","416","362","12","3046","1230","950","48","461","408","16","416","362","12","17866","2461","351","8811","206","6036"
"1933","Magnus Voss Grangaard","Male","København","København","DK","M25-29","FIN","4:57:47","0:35:19","0:07:52","2:30:12","0:03:27","1:40:57","417","363","81","2498","550","432","86","449","397","79","417","363","81","17867","2119","472","9012","207","6057"
"347","Josef Zabiholla","Male","Frederiksberg","HOVEDSTADEN","DK","M30-34","FIN","4:57:57","0:39:03","0:11:06","2:25:50","0:05:24","1:36:34","418","364","58","2381","1008","787","123","532","468","70","418","364","58","17877","2343","666","8750","324","5794"
"1596","Anders Gade","Male","Aarhus","Central Jutland","DK","M18-24","FIN","4:58:03","0:39:19","0:06:53","2:32:35","0:03:40","1:35:37","419","365","53","2649","1043","815","130","600","521","74","419","365","53","17883","2359","413","9155","220","5737"
"403","Julius Nielsen","Male","Jægerspris","DK-Nordsjælland","DK","M25-29","FIN","4:58:05","0:37:33","0:05:17","2:32:22","0:02:40","1:40:13","420","366","82","2492","798","624","137","507","446","97","420","366","82","17885","2253","317","9142","160","6013"
"2219","Jonas Søderholm","Male","Odense N","SYDDANMARK","DK","M18-24","FIN","4:58:08","0:43:43","0:05:32","2:27:07","0:03:13","1:38:33","421","367","54","2648","1495","1132","175","545","480","62","421","367","54","17888","2623","332","8827","193","5913"
"1556","Ole Røyland","Male","Kvinesdal","NO-10","NO","M35-39","FIN","4:58:15","0:38:30","0:06:23","2:34:12","0:04:53","1:34:17","422","368","46","2576","923","722","87","609","528","63","422","368","46","17895","2310","383","9252","293","5657"
"425","Emil Stegemann","Male","rødovre","DK-84","DK","M35-39","FIN","4:58:15","0:35:38","0:06:49","2:27:29","0:03:08","1:45:11","423","369","47","2576","581","457","60","372","330","44","423","369","47","17895","2138","409","8849","188","6311"
"2091","Mikkel Valsø","Male","København","DK-84","DK","M30-34","FIN","4:58:15","0:35:35","0:05:48","2:34:58","0:04:55","1:37:00","424","370","59","2375","572","450","68","544","479","71","424","370","59","17895","2135","348","9298","295","5820"
"1182","Jannes Ottmar","Male","Glücksburg","DE-SH","DE","M25-29","FIN","4:58:19","0:34:36","0:05:14","2:31:02","0:02:42","1:44:45","425","371","83","2488","476","369","71","391","348","66","425","371","83","17899","2076","314","9062","162","6285"
"968","Lasse Klos Lorenzen","Male","Risskov","MIDTJYLLAND","DK","M35-39","FIN","4:58:21","0:38:09","0:05:56","2:25:36","0:04:17","1:44:23","426","372","48","2574","887","692","84","367","326","42","426","372","48","17901","2289","356","8736","257","6263"
"1918","Nicklas Schmidt","Male","Nyborg","DK-83","DK","M25-29","FIN","4:58:24","0:40:07","0:06:04","2:25:15","0:03:08","1:43:50","427","373","84","2486","1126","878","203","405","359","68","427","373","84","17904","2407","364","8715","188","6230"
"861","Simon Rune Mogensen","Male","Skive","MIDTJYLLAND","DK","M30-34","FIN","4:58:25","0:34:31","0:08:21","2:28:34","0:05:58","1:41:00","428","374","60","2372","466","361","52","406","360","55","428","374","60","17905","2071","501","8914","358","6060"
"2010","Ivar Christensen","Male","Nyborg","DK-83","DK","M40-44","FIN","4:58:37","0:40:11","0:06:43","2:24:11","0:03:49","1:43:43","429","375","37","2785","1134","883","76","396","351","37","429","375","37","17917","2411","403","8651","229","6223"
"1637","Michael Folman Jensen","Male","Solrød Strand","Zealand","DK","M65-69","FIN","4:58:40","0:39:55","0:06:14","2:23:42","0:03:15","1:45:32","430","376","1","3500","1107","862","4","371","329","1","430","376","1","17920","2395","374","8622","195","6332"
"1177","Bjørn Egil Vikse","Male","HAUGESUND","","NO","M45-49","FIN","4:58:44","0:42:35","0:04:12","2:27:09","0:04:09","1:40:39","431","377","24","2803","1380","1057","79","469","415","31","431","377","24","17924","2555","252","8829","249","6039"
"911","Jens Riising","Male","København","HOVEDSTADEN","DK","M40-44","FIN","4:58:44","0:33:53","0:06:00","2:32:50","0:03:20","1:42:41","432","378","38","2783","417","322","30","428","380","40","432","378","38","17924","2033","360","9170","200","6161"
"1688","Peter Olivarius","Male","
Lyngby","","DK","M55-59","FIN","4:58:52","0:32:57","0:06:24","2:25:51","0:04:27","1:49:13","433","379","13","3026","333","256","11","277","243","8","433","379","13","17932","1977","384","8751","267","6553"
"1628","Laura Jacque","Female","Lund","SE-M","US","F40-44","FIN","4:58:53","0:31:00","0:05:22","2:39:13","0:03:26","1:39:52","434","55","2","3343","205","53","2","517","62","3","434","55","2","17933","1860","322","9553","206","5992"
"1785","Jacob Mølbæk Mosgaard Christensen","Male","Aarhus","DK-82","DK","M25-29","FIN","4:58:56","0:33:55","0:06:15","2:33:26","0:04:02","1:41:17","435","380","85","2477","422","326","61","455","402","82","435","380","85","17936","2035","375","9206","242","6077"
"1150","Tomas Tangen","Male","Oslo","","NO","M35-39","FIN","4:58:59","0:35:08","0:06:48","2:26:31","0:03:48","1:46:44","436","381","49","2563","529","413","50","340","301","36","436","381","49","17939","2108","408","8791","228","6404"
"804","David Martín Pestaña","Male","Brabrand","Midtjylland","ES","M25-29","FIN","4:59:05","0:36:59","0:06:45","2:35:02","0:04:09","1:36:10","437","382","86","2474","727","569","123","599","520","114","437","382","86","17945","2219","405","9302","249","5770"
"1196","Daniel Kjær Birkenfeldt Hansen","Male","
Østbirk","","DK","M25-29","FIN","4:59:06","0:45:17","0:07:41","2:29:39","0:03:11","1:33:18","438","383","87","2474","1620","1206","286","701","604","129","438","383","87","17946","2717","461","8979","191","5598"
"2322","Rasmus Rubin","Male","Aarhus","DK-82","DK","M25-29","FIN","4:59:08","0:38:30","0:06:26","2:33:13","0:03:40","1:37:19","439","384","88","2473","925","724","170","583","511","110","439","384","88","17948","2310","386","9193","220","5839"
"106","Line Sørensen","Female","Randers c","foreigner","DK","F25-29","FIN","4:59:14","0:37:16","0:06:16","2:34:09","0:05:41","1:35:52","440","56","13","2957","760","164","49","575","70","16","440","56","13","17954","2236","376","9249","341","5752"
"1471","Birk Olsen","Male","Fredrikstad ","Østfold","NO","M18-24","FIN","4:59:14","0:35:17","0:05:11","2:39:30","0:02:23","1:36:53","441","385","55","2628","547","429","70","642","555","82","441","385","55","17954","2117","311","9570","143","5813"
"1568","Pernille Jæger","Female","København","DK-84","DK","F25-29","FIN","4:59:15","0:41:32","0:05:34","2:34:07","0:03:11","1:34:51","442","57","14","2957","1294","299","96","669","93","24","442","57","14","17955","2492","334","9247","191","5691"
"1117","Martin Birkevaag","Male","Vestby","NO-02","NO","M30-34","FIN","4:59:29","0:35:18","0:06:52","2:26:25","0:04:41","1:46:14","443","386","61","2353","548","430","66","342","303","47","443","386","61","17969","2118","412","8785","281","6374"
"138","Simon Pauly Kofoed Mose","Male","Kongens Lyngby","DK-84","DK","M30-34","FIN","4:59:33","0:31:34","0:04:34","2:22:21","0:02:19","1:58:45","444","387","62","2352","244","185","20","178","153","29","444","387","62","17973","1894","274","8541","139","7125"
"1652","Henrik Bering","Male","København NV","DK-84","DK","M45-49","FIN","4:59:45","0:39:04","0:05:13","2:22:36","0:02:56","1:49:56","445","388","25","2784","1009","788","61","309","273","18","445","388","25","17985","2344","313","8556","176","6596"
"2415","Laura Westergaard","Female","Frederiksberg","Copenhagen","DK","F30-34","FIN","4:59:50","0:30:48","0:05:22","2:38:04","0:02:45","1:42:51","446","58","11","2993","186","46","8","479","56","10","446","58","11","17990","1848","322","9484","165","6171"
"169","Simone Vitten","Female","Gentofte","","DK","F25-29","FIN","4:59:50","0:33:33","0:06:11","2:38:15","0:05:19","1:36:32","447","59","15","2947","385","88","22","579","72","18","447","59","15","17990","2013","371","9495","319","5792"
"1684","Frode Mathisen","Male","Haslum","Akershus","NO","M50-54","FIN","4:59:53","0:34:01","0:07:17","2:25:49","0:04:20","1:48:26","448","389","12","2939","428","330","11","312","276","10","448","389","12","17993","2041","437","8749","260","6506"
"1660","Bo William Melchiorsen","Male","Kalundborg","","DK","M50-54","FIN","4:59:57","0:39:12","0:07:48","2:27:07","0:05:20","1:40:30","449","390","13","2938","1029","803","40","476","421","17","449","390","13","17997","2352","468","8827","320","6030"
"1615","Thomas moen","Male","Oslo","Oslo","NO","M25-29","FIN","4:59:58","0:39:47","0:06:27","2:35:38","0:04:17","1:33:50","450","391","89","2458","1091","848","193","681","587","126","450","391","89","17998","2387","387","9338","257","5630"
"1113","ramiro martin","Male","København","Copenhagen","ES","M18-24","FIN","5:00:03","0:33:23","0:09:35","2:36:59","0:03:45","1:36:21","451","392","56","2613","368","284","48","640","553","81","451","392","56","18003","2003","575","9419","225","5781"
"252","Dustin Robertson","Male","Dubai","AE-DUBAYY","ZA","M40-44","FIN","5:00:08","0:31:24","0:05:21","2:33:30","0:04:10","1:45:43","452","393","39","2758","232","176","19","376","334","33","452","393","39","18008","1884","321","9210","250","6343"
"2071","Steen Godske Svendsen","Male","Nakskov","DK-85","DK","M50-54","FIN","5:00:08","0:37:02","0:07:25","2:22:52","0:04:12","1:48:37","453","394","14","2935","733","575","25","316","278","11","453","394","14","18008","2222","445","8572","252","6517"
"1161","Jonas Uth","Male","Odense","Fyn","DK","M25-29","FIN","5:00:12","0:37:05","0:04:24","2:33:16","0:04:21","1:41:06","454","395","90","2454","741","581","126","493","435","94","454","395","90","18012","2225","264","9196","261","6066"
"1874","Mathias Sandbæk Olsen","Male","Herning","","DK","M18-24","FIN","5:00:22","0:38:33","0:05:32","2:39:25","0:03:46","1:33:07","455","396","57","2608","931","729","119","721","620","94","455","396","57","18022","2313","332","9565","226","5587"
"1231","Lasse Mikkelsen","Male","Viborg","DK-82","DK","M50-54","FIN","5:00:35","0:39:10","0:04:12","2:27:50","0:02:52","1:46:31","456","397","15","2927","1021","797","39","398","353","15","456","397","15","18035","2350","252","8870","172","6391"
"1823","Morgan Nordström","Male","Åstorp","SE-M","SE","M45-49","FIN","5:00:35","0:37:01","0:06:12","2:14:35","0:05:42","1:57:05","457","398","26","2769","731","573","46","163","141","7","457","398","26","18035","2221","372","8075","342","7025"
"1398","Erik Javier Neshamar","Male","Argir","Sudurstreymoy","FO","M35-39","FIN","5:00:39","0:34:32","0:07:40","2:26:27","0:04:08","1:47:52","458","399","50","2533","469","364","40","344","305","37","458","399","50","18039","2072","460","8787","248","6472"
"893","Tom Surtmann","Male","Kampen","DE-SH","DE","M45-49","FIN","5:00:39","0:36:59","0:04:55","2:32:58","0:03:51","1:41:56","459","400","27","2768","728","570","45","498","438","36","459","400","27","18039","2219","295","9178","231","6116"
"622","Laura Friend","Female","Dubai","AE-Dubai","ZA","F40-44","FIN","5:00:40","0:32:58","0:05:28","2:38:48","0:03:03","1:40:23","460","60","3","3311","338","78","5","566","68","4","460","60","3","18040","1978","328","9528","183","6023"
"543","Jannik Sommer","Male","Aarhus N","DK-82","DK","M25-29","FIN","5:00:45","0:38:50","0:04:51","2:36:06","0:05:44","1:35:15","461","401","91","2444","972","761","178","633","548","119","461","401","91","18045","2330","291","9366","344","5715"
"461","Remi Schmidt-Andersen","Male","Snekkersten","DK-85","DK","M45-49","FIN","5:00:57","0:36:34","0:06:09","2:33:48","0:04:22","1:40:03","462","402","28","2763","683","534","40","551","485","42","462","402","28","18057","2194","369","9228","262","6003"
"2329","Tim Rosenkrantz Buur","Male","Aalborg","DK-81","DK","M45-49","FIN","5:01:02","0:35:10","0:05:39","2:28:05","0:06:07","1:46:02","463","403","29","2761","539","421","31","350","310","23","463","403","29","18062","2110","339","8885","367","6362"
"1500","Christian Møller Lillelund","Male","København Ø","DK-84","DK","M35-39","FIN","5:01:05","0:34:40","0:06:26","2:29:05","0:03:04","1:47:50","464","404","51","2525","484","376","44","375","333","46","464","404","51","18065","2080","386","8945","184","6470"
"1792","Erik Rosell","Male","Göteborg","SE-O","SE","M35-39","FIN","5:01:08","0:32:33","0:06:05","2:46:20","0:04:20","1:31:51","465","405","52","2524","297","227","27","771","661","78","465","405","52","18068","1953","365","9980","260","5511"
"2339","Martino Avallone","Male","Frederiksberg","DK-85","IT","M35-39","FIN","5:01:14","0:32:05","0:07:23","2:42:03","0:04:37","1:35:06","466","406","53","2522","266","204","22","675","581","71","466","406","53","18074","1925","443","9723","277","5706"
"1554","Alexander Haga","Male","Rælingen","Akershus","NO","M18-24","FIN","5:01:20","0:33:38","0:06:58","2:34:36","0:05:41","1:40:26","467","407","58","2590","392","304","52","508","447","57","467","407","58","18080","2018","418","9276","341","6026"
"1378","Emil Kræmer","Male","Valby","","DK","M25-29","FIN","5:01:23","0:35:30","0:04:49","2:33:42","0:02:38","1:44:45","468","408","92","2433","566","445","93","471","416","88","468","408","92","18083","2130","289","9222","158","6285"
"1656","Jan Novák","Male","Prague 12","","CZ","M35-39","FIN","5:01:30","0:34:45","0:05:50","2:33:10","0:03:34","1:44:11","469","409","54","2517","489","381","45","462","409","54","469","409","54","18090","2085","350","9190","214","6251"
"264","Alexander Meldgaard","Male","Aarhus c","Central Jutland","DK","M18-24","FIN","5:01:38","0:40:34","0:05:08","2:32:22","0:02:56","1:40:38","470","410","59","2585","1181","914","144","580","508","71","470","410","59","18098","2434","308","9142","176","6038"
"1470","Rune Grønvaldt Hansen","Male","Rødovre","DK-84","DK","M40-44","FIN","5:01:41","0:37:06","0:07:17","2:29:19","0:03:34","1:44:26","471","411","40","2730","743","582","46","457","404","44","471","411","40","18101","2226","437","8959","214","6266"
"1071","Henrik Hansen Lindstad","Male","Årnes","NO-Akershus","NO","M18-24","FIN","5:01:48","0:35:09","0:05:41","2:40:09","0:04:07","1:36:42","472","412","60","2582","531","414","69","660","569","85","472","412","60","18108","2109","341","9609","247","5802"
"1075","Rebecca Gundersen","Female","Moss","","NO","F25-29","FIN","5:01:49","0:37:25","0:05:10","2:35:58","0:03:43","1:39:32","473","61","16","2911","781","171","52","591","76","19","473","61","16","18109","2245","310","9358","223","5972"
"367","Dennis Lauritzen","Male","Helsingør","DK-85","DK","M40-44","FIN","5:01:51","0:36:18","0:06:18","2:25:07","0:04:08","1:49:59","474","413","41","2727","655","515","43","330","291","30","474","413","41","18111","2178","378","8707","248","6599"
"2215","Andrew Ainley","Male","Galway","galway","GB","M45-49","FIN","5:01:56","0:32:37","0:04:39","2:37:22","0:03:32","1:43:46","475","414","30","2745","305","234","20","488","431","34","475","414","30","18116","1957","279","9442","212","6226"
"639","Johan Nielsen","Male","København Ø","Copenhagen","DK","M18-24","FIN","5:02:01","0:35:52","0:05:57","2:37:55","0:03:00","1:39:17","476","415","61","2578","617","486","78","630","545","79","476","415","61","18121","2152","357","9475","180","5957"
"1875","Christopher Campion","Male","Valby","Copenhagen","DK","M35-39","FIN","5:02:08","0:29:56","0:08:31","2:44:12","0:06:24","1:33:06","477","416","55","2506","138","105","9","702","605","72","477","416","55","18128","1796","511","9852","384","5586"
"1692","Kristian Klein-Wengel","Male","Odense SV","DK-83","DK","M35-39","FIN","5:02:09","0:31:48","0:05:32","2:31:40","0:03:34","1:49:35","478","417","56","2506","254","193","21","352","312","39","478","417","56","18129","1908","332","9100","214","6575"
"1504","Jenny Nae","Female","Löddeköpinge","SE-M","SE","F35-39","FIN","5:02:12","0:31:32","0:05:15","2:43:59","0:03:57","1:37:30","479","62","3","3167","241","59","1","654","90","4","479","62","3","18132","1892","315","9839","237","5850"
"1560","Thiago Pessôa","Male","
København","","BR","M35-39","FIN","5:02:23","0:34:57","0:06:06","2:39:39","0:02:45","1:38:56","480","418","57","2501","514","400","49","652","563","68","480","418","57","18143","2097","366","9579","165","5936"
"1543","Ola Naalsund","Male","Sira","Agder","NO","M40-44","FIN","5:02:26","0:36:59","0:08:31","2:30:18","0:05:38","1:41:00","481","419","42","2716","724","566","45","526","463","49","481","419","42","18146","2219","511","9018","338","6060"
"116","Holger Schuenemann","Male","Milano","IT-MI","CA","M55-59","FIN","5:02:30","0:32:39","0:05:42","2:38:39","0:03:44","1:41:45","482","420","14","2961","307","236","8","562","495","22","482","420","14","18150","1959","342","9519","224","6105"
"918","Signe Køngerskov","Female","Hillerød","DK-84","DK","F45-49","FIN","5:02:36","0:35:29","0:05:35","2:37:39","0:03:12","1:40:42","483","63","2","3326","562","120","8","595","78","4","483","63","2","18156","2129","335","9459","192","6042"
"991","Søren Sebastian Weis-Banke","Male","København NV","DK-84","DK","M25-29","FIN","5:02:44","0:34:25","0:05:57","2:32:50","0:04:09","1:45:23","484","421","93","2408","457","353","68","442","391","77","484","421","93","18164","2065","357","9170","249","6323"
"382","Jakob Lundager Forberg","Male","
Espergærde","","DK","M50-54","FIN","5:02:48","0:34:06","0:06:47","2:38:32","0:03:13","1:40:09","485","422","16","2887","437","338","13","623","540","23","485","422","16","18168","2046","407","9512","193","6009"
"942","Mikkel Delff Andersen","Male","København S","DK-84","DK","M18-24","FIN","5:02:50","0:31:35","0:06:32","2:33:21","0:03:01","1:48:21","486","423","62","2563","245","186","31","407","361","49","486","423","62","18170","1895","392","9201","181","6501"
"2265","Adrian Valentin Kragh-Hillers","Male","København","","DK","M25-29","FIN","5:02:52","0:36:57","0:05:52","2:23:48","0:03:56","1:52:19","487","424","94","2406","720","562","122","303","267","49","487","424","94","18172","2217","352","8628","236","6739"
"1539","Arno Audenaert","Male","Kvinesdal","NO-10","BE","M50-54","FIN","5:02:53","0:34:30","0:05:01","2:32:24","0:03:25","1:47:34","488","425","17","2885","461","357","15","416","369","16","488","425","17","18173","2070","301","9144","205","6454"
"1563","William Pfeiffer","Male","Frederiksberg","Copenhagen","DK","M25-29","FIN","5:02:54","0:32:09","0:04:49","2:41:44","0:02:55","1:41:18","489","426","95","2405","273","209","33","593","516","112","489","426","95","18174","1929","289","9704","175","6078"
"1189","Henrik Vind Jensen","Male","Tjæreborg","DK-83","DK","M45-49","FIN","5:02:56","0:38:31","0:05:47","2:32:33","0:03:59","1:42:06","490","427","31","2727","926","725","57","557","491","44","490","427","31","18176","2311","347","9153","239","6126"
"1922","Kenneth Christensen","Male","København","DK-84","DK","M55-59","FIN","5:02:57","0:39:20","0:06:16","2:30:40","0:05:03","1:41:39","491","428","15","2953","1044","816","38","541","476","21","491","428","15","18177","2360","376","9040","303","6099"
"1440","Tully Curtis","Male","MILTON KEYNES","BUCKINGHAMSHIRE","DK","M30-34","FIN","5:03:02","0:38:50","0:07:50","2:34:40","0:04:08","1:37:34","492","429","63","2289","973","762","118","672","578","89","492","429","63","18182","2330","470","9280","248","5854"
"1278","Caroline Nielsen","Female","Aarhus C","DK-82","DK","F18-24","FIN","5:03:06","0:38:40","0:06:47","2:33:15","0:04:05","1:40:18","493","64","4","2927","948","205","24","596","79","8","493","64","4","18186","2320","407","9195","245","6018"
"591","Emil Sindrup","Male","Hørsholm","","DK","M25-29","FIN","5:03:13","0:40:45","0:06:37","2:36:16","0:03:11","1:36:24","494","430","96","2400","1200","927","216","724","622","135","494","430","96","18193","2445","397","9376","191","5784"
"1116","Sean Clark","Male","Hamburg","HAMBURG","DE","M25-29","FIN","5:03:20","0:35:24","0:05:49","2:34:11","0:02:46","1:45:11","495","431","97","2398","557","438","89","513","452","98","495","431","97","18200","2124","349","9251","166","6311"
"2043","Ludvig Rohde","Male","Copemhagen","Copenhagen","DK","M25-29","FIN","5:03:24","0:38:21","0:06:14","2:29:58","0:03:18","1:45:34","496","432","98","2396","912","712","167","486","429","92","496","432","98","18204","2301","374","8998","198","6334"
"2154","Jonathan Hahn Bergsøe","Male","København Ø","DK-84","DK","M30-34","FIN","5:03:25","0:37:52","0:06:14","2:40:18","0:04:38","1:34:22","497","433","64","2282","847","661","99","752","645","98","497","433","64","18205","2272","374","9618","278","5662"
"172","Jan Reichl","Male","Farum","DK-84","DK","M55-59","FIN","5:03:40","0:37:54","0:05:55","2:34:34","0:03:31","1:41:46","498","434","16","2940","852","665","31","586","514","23","498","434","16","18220","2274","355","9274","211","6106"
"1032","Oskar Jørgen Johansson Skalleberg","Male","Tjodalyng","Vestfold","NO","M35-39","FIN","5:03:41","0:31:22","0:06:31","2:29:54","0:03:35","1:52:19","499","435","58","2478","231","175","19","334","295","35","499","435","58","18221","1882","391","8994","215","6739"
"233","Jeremy Rausch","Male","Washington DC","DISTRICT OF COLUMBIA","US","M25-29","FIN","5:03:41","0:33:08","0:06:08","2:38:16","0:03:37","1:42:33","500","436","99","2391","350","270","44","571","502","109","500","436","99","18221","1988","368","9496","217","6153"
"1155","Marinus van Dijk","Male","Maarssen","NL-UT","NL","M50-54","FIN","5:03:43","0:36:05","0:07:55","2:37:56","0:06:47","1:35:00","501","437","18","2870","633","499","20","682","588","25","501","437","18","18223","2165","475","9476","407","5700"
"945","Jonas Smith Müller","Male","København","DK-84","DK","M25-29","FIN","5:03:43","0:37:43","0:06:00","2:30:54","0:04:12","1:44:53","502","438","100","2391","827","645","150","489","432","93","502","438","100","18223","2263","360","9054","252","6293"
"521","Mads Johansen","Male","Herlev","DK-84","DK","M18-24","FIN","5:03:48","0:41:42","0:07:02","2:39:26","0:03:32","1:32:06","503","439","63","2546","1310","1008","153","868","740","120","503","439","63","18228","2502","422","9566","212","5526"
"1552","Oscar Reinholdt Bennetsen","Male","Aarhus N","DK-82","DK","M18-24","FIN","5:03:50","0:32:58","0:06:34","2:39:12","0:04:10","1:40:56","504","440","64","2545","337","260","46","597","518","73","504","440","64","18230","1978","394","9552","250","6056"
"142","Jonas Hjorth Jacobsen","Male","Virum","DK-84","DK","M45-49","FIN","5:03:54","0:33:02","0:05:20","2:28:41","0:04:44","1:52:06","505","441","32","2710","344","265","21","311","275","19","505","441","32","18234","1982","320","8921","284","6726"
"1764","Sebastian Dichmann","Male","København N","Copenhagen","DK","M30-34","FIN","5:03:59","0:38:52","0:06:27","2:38:44","0:03:35","1:36:21","506","442","65","2272","978","764","119","743","637","97","506","442","65","18239","2332","387","9524","215","5781"
"1970","Filip Spanthus","Male","Ski","Akershus","NO","M18-24","FIN","5:04:01","0:37:01","0:05:29","2:31:30","0:02:33","1:47:27","507","443","65","2542","730","572","91","472","417","56","507","443","65","18241","2221","329","9090","153","6447"
"632","Sasha Borruso","Male","Nørrebro","København N","IT","M18-24","FIN","5:04:02","0:36:20","0:07:04","2:38:59","0:03:37","1:38:01","508","444","66","2542","662","519","82","699","602","91","508","444","66","18242","2180","424","9539","217","5881"
"2320","Kimon Schmidt","Male","København","Copenhagen","DE","M30-34","FIN","5:04:13","0:33:57","0:06:05","2:28:36","0:02:54","1:52:42","509","445","66","2268","426","328","45","343","304","48","509","445","66","18253","2037","365","8916","174","6762"
"1445","Fredrik CERVIN","Male","Vallåkra","SE-M","SE","M45-49","FIN","5:04:14","0:41:07","0:06:53","2:26:35","0:04:27","1:45:13","510","446","33","2704","1241","958","71","487","430","33","510","446","33","18254","2467","413","8795","267","6313"
"196","Laura Frederiksen","Female","København","DK-84","DK","F30-34","FIN","5:04:14","0:36:26","0:05:01","2:36:56","0:03:46","1:42:04","511","65","12","2914","670","145","23","587","73","13","511","65","12","18254","2186","301","9416","226","6124"
"1070","Thierry Permane","Male","Dalhem","BE-WLG","BE","M50-54","FIN","5:04:16","0:33:28","0:07:55","2:35:10","0:06:15","1:41:28","512","447","19","2861","374","290","10","552","486","18","512","447","19","18256","2008","475","9310","375","6088"
"1691","Katrine Baht-Hagen","Female","København v","DK-84","DK","F30-34","FIN","5:04:21","0:28:28","0:06:10","2:44:09","0:04:20","1:41:14","513","66","13","2912","98","24","2","602","80","15","513","66","13","18261","1708","370","9849","260","6074"
"1017","Patrick Rudbæk Olsen","Male","Kalundborg","DK-85","DK","M25-29","FIN","5:04:24","0:36:41","0:06:33","2:31:47","0:04:09","1:45:14","514","448","101","2378","694","542","117","501","441","95","514","448","101","18264","2201","393","9107","249","6314"
"1086","Jens William Strand","Male","Ås","","NO","M18-24","FIN","5:04:31","0:31:09","0:06:23","2:41:21","0:03:57","1:41:40","515","449","67","2533","211","158","24","606","525","76","515","449","67","18271","1869","383","9681","237","6100"
"302","Tamara Bos","Female","København","København","NL","F30-34","FIN","5:04:35","0:37:36","0:06:31","2:39:17","0:05:02","1:36:09","516","67","14","2908","804","177","29","720","101","18","516","67","14","18275","2256","391","9557","302","5769"
"707","Mads Borgen","Male","Cham","ZUG","DK","M25-29","FIN","5:04:39","0:40:21","0:06:33","2:36:03","0:04:28","1:37:15","517","450","102","2374","1156","895","206","712","613","133","517","450","102","18279","2421","393","9363","268","5835"
"2222","Admir Wilson","Male","Halmstad","SE-N","SE","M35-39","FIN","5:04:42","0:38:12","0:05:17","2:27:14","0:03:16","1:50:42","518","451","59","2460","894","699","85","388","345","49","518","451","59","18282","2292","317","8834","196","6642"
"1667","Johanne Have","Female","Aarhus","DK-82","DK","F18-24","FIN","5:04:48","0:35:07","0:05:57","2:38:06","0:03:07","1:42:32","519","68","5","2896","528","116","13","616","83","9","519","68","5","18288","2107","357","9486","187","6152"
"2028","Thomas Nilsson","Male","Nybro","SE-H","SE","M45-49","FIN","5:04:49","0:39:35","0:08:56","2:25:35","0:04:46","1:45:58","520","452","34","2693","1072","836","65","473","418","32","520","452","34","18289","2375","536","8735","286","6358"
"1279","Anders Kittilsen","Male","Sandefjord","","NO","M40-44","FIN","5:05:04","0:39:59","0:06:33","2:25:02","0:04:25","1:49:06","521","453","43","2669","1110","864","71","409","363","38","521","453","43","18304","2399","393","8702","265","6546"
"1230","Simon Rahbek Larsen","Male","Nyborg","DK-83","DK","M30-34","FIN","5:05:08","0:36:58","0:05:41","2:31:48","0:03:21","1:47:20","522","454","67","2251","723","565","88","484","428","62","522","454","67","18308","2218","341","9108","201","6440"
"209","Lotte Høj Thomsen","Female","Greve","DK-85","DK","F45-49","FIN","5:05:10","0:33:29","0:04:33","2:29:10","0:05:05","1:52:52","523","69","3","3280","377","86","5","314","38","1","523","69","3","18310","2009","273","8950","305","6772"
"958","Sietske Loots","Female","Tilburg","","NL","F25-29","FIN","5:05:11","0:32:30","0:05:02","2:33:20","0:03:21","1:50:58","524","70","17","2850","295","70","16","392","44","10","524","70","17","18311","1950","302","9200","201","6658"
"2220","COLIN O'DONNELL","Male","BARNA","GALWAY","IE","M45-49","FIN","5:05:15","0:31:08","0:06:11","2:42:09","0:03:59","1:41:49","525","455","35","2685","210","157","11","624","541","47","525","455","35","18315","1868","371","9729","239","6109"
"338","Dea Fanny Richardy","Female","København","Copenhagen","DK","F25-29","FIN","5:05:17","0:36:17","0:07:01","2:36:25","0:05:22","1:40:12","526","71","18","2849","653","140","40","629","85","22","526","71","18","18317","2177","421","9385","322","6012"
"940","Mads Larsen","Male","Hillerød","Nordsjælland","DK","M18-24","FIN","5:05:24","0:38:29","0:08:24","2:30:29","0:05:16","1:42:47","527","456","68","2517","921","720","116","568","499","66","527","456","68","18324","2309","504","9029","316","6167"
"1703","Zbynek Kugler","Male","Prague 4","CZ-Prague","CZ","M45-49","FIN","5:05:30","0:36:11","0:06:35","2:27:55","0:03:48","1:51:00","528","457","36","2681","646","508","38","387","344","24","528","457","36","18330","2171","395","8875","228","6660"
"1729","Christian Sturlesi","Male","Copenhaguen","DK-85","PA","M35-39","FIN","5:05:33","0:35:18","0:06:35","2:40:48","0:03:37","1:39:16","529","458","60","2444","549","431","55","703","606","73","529","458","60","18333","2118","395","9648","217","5956"
"1675","Jose Jimenez","Male","Stor-Malmö","Skåne Län","ES","M45-49","FIN","5:05:38","0:31:24","0:07:02","2:37:59","0:05:05","1:44:07","530","459","37","2678","234","178","14","547","482","41","530","459","37","18338","1884","422","9479","305","6247"
"418","Thor Hansen","Male","København","DK-84","DK","M30-34","FIN","5:05:40","0:34:48","0:06:15","2:39:24","0:03:49","1:41:24","531","460","68","2242","494","384","56","649","560","86","531","460","68","18340","2088","375","9564","229","6084"
"1081","Leon Schulz","Male","Hamburg","HAMBURG","DE","M25-29","FIN","5:05:45","0:45:47","0:05:45","2:37:58","0:03:58","1:32:18","532","461","103","2354","1660","1231","290","914","777","173","532","461","103","18345","2747","345","9478","238","5538"
"2131","Håkan Ekfors","Male","Löddeköpinge","SE-M","SE","M55-59","FIN","5:05:48","0:36:32","0:05:45","2:38:32","0:03:03","1:41:57","533","462","17","2901","679","532","26","658","567","27","533","462","17","18348","2192","345","9512","183","6117"
"2051","Nick Pedersen","Male","
Fredericia","SYDDANMARK","DK","M30-34","FIN","5:05:50","0:35:05","0:05:28","2:31:48","0:04:00","1:49:29","534","463","69","2239","523","408","62","423","375","59","534","463","69","18350","2105","328","9108","240","6569"
"1611","Carl Sawelin","Male","Stockholm","SE-AB","SE","M30-34","FIN","5:05:50","0:33:23","0:07:22","2:37:49","0:04:43","1:42:33","535","464","70","2239","367","283","38","589","515","79","535","464","70","18350","2003","442","9469","283","6153"
"1284","Christian Ryt-Hansen","Male","Valby","DK-84","DK","M30-34","FIN","5:05:52","0:34:39","0:06:18","2:34:10","0:03:14","1:47:31","536","465","71","2238","482","375","55","504","444","64","536","465","71","18352","2079","378","9250","194","6451"
"949","Lucas Danvad","Male","Odense C","Fyn","DK","M25-29","FIN","5:05:55","0:41:30","0:06:55","2:34:19","0:04:33","1:38:38","537","466","104","2351","1289","992","232","706","608","130","537","466","104","18355","2490","415","9259","273","5918"
"768","Vegard Nerhus","Male","Eiksmarka","","NO","M45-49","FIN","5:05:55","0:43:56","0:07:58","2:31:58","0:03:56","1:38:08","538","467","38","2673","1513","1143","88","733","629","54","538","467","38","18355","2636","478","9118","236","5888"
"476","Emma Weiss","Female","København Ø","DK-84","DK","F25-29","FIN","5:06:00","0:33:47","0:04:17","2:26:05","0:03:42","1:58:10","539","72","19","2836","409","93","24","264","32","6","539","72","19","18360","2027","257","8765","222","7090"
"1220","Lars Friis","Male","
Birkerød","","DK","M55-59","FIN","5:06:03","0:36:03","0:05:22","2:29:26","0:03:39","1:51:32","540","468","18","2897","631","498","25","390","347","13","540","468","18","18363","2163","322","8966","219","6692"
"558","Matthæus Ehlers","Male","Vedbæk","DK-84","DK","M18-24","FIN","5:06:06","0:39:07","0:07:08","2:37:29","0:05:34","1:36:48","541","469","69","2504","1016","794","126","727","624","96","541","469","69","18366","2347","428","9449","334","5808"
"1396","Lars Stokke","Male","Årnes","NO-02","NO","M18-24","FIN","5:06:08","0:41:44","0:05:51","2:31:20","0:03:32","1:43:41","542","470","70","2504","1315","1012","155","607","526","77","542","470","70","18368","2504","351","9080","212","6221"
"862","Dimosthenis Pagkakis","Male","Copenhagen","DK-84","GR","M25-29","FIN","5:06:12","0:35:12","0:06:02","2:44:37","0:03:43","1:36:38","543","471","105","2346","541","423","84","797","683","151","543","471","105","18372","2112","362","9877","223","5798"
"2239","Stefan Vesløv","Male","Virum","DK-84","DK","M35-39","FIN","5:06:14","0:44:43","0:04:53","2:30:25","0:03:50","1:42:23","544","472","61","2432","1582","1179","131","645","557","67","544","472","61","18374","2683","293","9025","230","6143"
"306","Fabio Tavola","Male","København","SJÆLLAND","IT","M30-34","FIN","5:06:18","0:36:08","0:06:28","2:32:38","0:03:55","1:47:09","545","473","72","2230","640","503","80","509","448","65","545","473","72","18378","2168","388","9158","235","6429"
"1613","Andreas Moen","Male","Frederiksberg","","NO","M18-24","FIN","5:06:22","0:37:55","0:04:41","2:35:03","0:04:43","1:43:59","546","474","71","2500","858","671","108","574","505","69","546","474","71","18382","2275","281","9303","283","6239"
"1833","Martin Dannerfjord","Male","København","Copenhagen","DK","M30-34","FIN","5:06:22","0:38:24","0:09:45","2:18:33","0:05:06","1:54:34","547","475","73","2229","918","718","111","304","268","40","547","475","73","18382","2304","585","8313","306","6874"
"1328","Otto Harder","Male","Valby","DK-84","DK","M18-24","FIN","5:06:23","0:46:05","0:06:54","2:34:48","0:04:16","1:34:21","548","476","72","2499","1688","1251","190","860","733","117","548","476","72","18383","2765","414","9288","256","5661"
"2070","Joakim Jensen","Male","Nakskov","DK-85","DK","M40-44","FIN","5:06:25","0:45:54","0:08:25","2:29:46","0:05:33","1:36:47","549","477","44","2645","1673","1239","102","745","639","54","549","477","44","18385","2754","505","8986","333","5807"
"267","Joseph Slade","Male","Grasscroft","England","GB","M35-39","FIN","5:06:27","0:34:22","0:05:31","2:40:53","0:04:11","1:41:30","550","478","62","2428","455","352","39","656","566","69","550","478","62","18387","2062","331","9653","251","6090"
"1174","Jane Hogg","Female","Bunclody wexford","IE-WX","IE","F25-29","FIN","5:06:34","0:35:41","0:05:59","2:34:08","0:03:56","1:46:49","551","73","20","2825","588","127","35","528","64","15","551","73","20","18394","2141","359","9248","236","6409"
"676","Emil Skovgaard Kristensen","Male","Farum","DK-85","DK","M25-29","FIN","5:06:34","0:31:51","0:04:52","2:25:27","0:03:01","2:01:23","552","479","106","2339","258","197","28","241","210","33","552","479","106","18394","1911","292","8727","181","7283"
"2359","Kristofer Ströbeck","Male","Hässleholm","","SE","M40-44","FIN","5:06:34","0:40:20","0:06:15","2:32:16","0:04:06","1:43:38","553","480","45","2642","1153","894","79","604","523","51","553","480","45","18394","2420","375","9136","246","6218"
"2107","Mathias Mikkelsen","Male","Viborg","DK-82","DK","M25-29","FIN","5:06:38","0:37:30","0:07:33","2:29:03","0:05:24","1:47:07","554","481","107","2338","792","618","136","474","419","89","554","481","107","18398","2250","453","8943","324","6427"
"981","Daniel Ewald","Male","Copenhagen","DK-84","DK","M30-34","FIN","5:06:40","0:35:46","0:05:18","2:34:31","0:02:33","1:48:33","555","482","74","2224","598","470","72","519","457","68","555","482","74","18400","2146","318","9271","153","6513"
"1619","Claus Lillevang","Male","Agedrup","DK-83","DK","M40-44","FIN","5:06:53","0:39:17","0:05:36","2:37:16","0:03:41","1:41:04","556","483","46","2636","1038","810","67","692","595","53","556","483","46","18413","2357","336","9436","221","6064"
"479","Niels Willeboordse","Male","TIENHOVEN (MAARSSEN)","NL-UT","NL","M45-49","FIN","5:06:58","0:35:26","0:07:02","2:34:16","0:04:54","1:45:20","557","484","39","2654","561","442","32","556","490","43","557","484","39","18418","2126","422","9256","294","6320"
"149","Viktor Johansson","Male","Skummeslövssstrand","N","SE","M35-39","FIN","5:06:58","0:41:45","0:05:15","2:23:16","0:02:43","1:53:59","558","485","63","2419","1317","1014","117","379","337","47","558","485","63","18418","2505","315","8596","163","6839"
"208","Philippe Hansen","Male","københavn","","DK","M25-29","FIN","5:07:07","0:42:46","0:05:24","2:21:06","0:06:13","1:51:37","559","486","108","2330","1394","1067","250","360","320","59","559","486","108","18427","2566","324","8466","373","6697"
"2299","Anders Agersnap Thomsen","Male","Bording","DK-82","DK","M18-24","FIN","5:07:07","0:35:25","0:07:25","2:41:53","0:05:02","1:37:23","560","487","73","2486","560","441","71","763","653","103","560","487","73","18427","2125","445","9713","302","5843"
"607","Casper Vitalis Madsen","Male","Glostrup","DK-84","DK","M35-39","FIN","5:07:08","0:37:47","0:05:35","2:35:46","0:04:10","1:43:50","561","488","64","2416","835","651","79","615","533","65","561","488","64","18428","2267","335","9346","250","6230"
"431","Mikkel Johansen","Male","Aarhus","Central Jutland","DK","M25-29","FIN","5:07:08","0:38:22","0:06:04","2:31:05","0:04:26","1:47:12","562","489","109","2329","915","715","169","515","454","99","562","489","109","18428","2302","364","9065","266","6432"
"430","Andreas Walzel","Male","Teupitz","DE-BB","DE","M45-49","FIN","5:07:09","0:33:35","0:05:29","2:36:22","0:04:44","1:47:00","563","490","40","2651","388","300","23","514","453","37","563","490","40","18429","2015","329","9382","284","6420"
"221","Martin Weltz","Male","Frederiksberg","DK-84","DK","M35-39","FIN","5:07:10","0:31:39","0:05:43","2:35:30","0:05:20","1:48:59","564","491","65","2415","249","189","20","432","383","51","564","491","65","18430","1899","343","9330","320","6539"
"2321","Simon Stürup","Male","Aarhus C","Midtjylland","DK","M25-29","FIN","5:07:16","0:41:39","0:05:46","2:34:06","0:03:02","1:42:43","565","492","110","2327","1304","1002","236","676","582","124","565","492","110","18436","2499","346","9246","182","6163"
"2016","Morten Hastrup","Male","Vaerlose","","DK","M60-64","FIN","5:07:24","0:37:09","0:08:13","2:34:33","0:07:06","1:40:22","566","493","6","2965","749","586","13","638","551","11","566","493","6","18444","2229","493","9273","426","6022"
"1726","Lorenzo Muro","Male","København","DK-84","DK","M25-29","FIN","5:07:27","0:33:49","0:05:35","2:43:22","0:03:07","1:41:35","567","494","111","2324","410","317","59","707","609","131","567","494","111","18447","2029","335","9802","187","6095"
"199","Betina Schmidt","Female","viborg","DK-82","DK","F55-59","FIN","5:07:32","0:33:07","0:05:58","2:34:20","0:03:49","1:50:19","568","74","1","3500","348","80","2","450","53","1","568","74","1","18452","1987","358","9260","229","6619"
"2184","Skipper HANSEN","Male","Vallensbæk Strand","DK-84","DK","M45-49","FIN","5:07:38","0:29:08","0:05:16","2:40:14","0:06:10","1:46:50","569","495","41","2642","118","89","7","490","433","35","569","495","41","18458","1748","316","9614","370","6410"
"2174","Kristoffer Møller Hansen","Male","Aarhus","DK-82","DK","M25-29","FIN","5:07:42","0:39:28","0:06:53","2:38:11","0:03:24","1:39:46","570","496","112","2319","1056","825","187","758","648","141","570","496","112","18462","2368","413","9491","204","5986"
"1902","Jacob Christoffersen","Male","Gentofte","SJÆLLAND","DK","M18-24","FIN","5:07:52","0:36:07","0:07:50","2:24:11","0:06:01","1:53:42","571","497","74","2473","638","502","79","337","298","42","571","497","74","18472","2167","470","8651","361","6822"
"2020","Jeppe Bisbjerg Nielsen","Male","Kastrup","Taarnby","DK","M18-24","FIN","5:07:53","0:41:12","0:07:39","2:31:51","0:05:49","1:41:22","572","498","75","2472","1249","964","148","651","562","84","572","498","75","18473","2472","459","9111","349","6082"
"148","Martin Nielsen","Male","Kelkheim","DE-HE","DK","M60-64","FIN","5:08:00","0:31:09","0:05:51","2:38:03","0:04:18","1:48:38","573","499","7","2954","213","160","3","502","442","9","573","499","7","18480","1869","351","9483","258","6518"
"167","Sandra Aagaard","Female","Odense M","SYDDANMARK","DK","F30-34","FIN","5:08:04","0:35:54","0:05:43","2:40:25","0:04:47","1:41:15","574","75","15","2845","619","132","20","689","97","17","574","75","15","18484","2154","343","9625","287","6075"
"1317","Steen Jensen","Male","Hellerup","DK-84","DK","M60-64","FIN","5:08:12","0:36:54","0:04:55","2:31:26","0:05:57","1:49:00","575","500","8","2951","714","558","12","443","392","8","575","500","8","18492","2214","295","9086","357","6540"
"1266","Anders Brændgaard","Male","Vejen","","DK","M40-44","FIN","5:08:15","0:30:12","0:06:00","2:25:27","0:03:58","2:02:39","576","501","47","2612","151","115","9","236","205","19","576","501","47","18495","1812","360","8727","238","7359"
"1068","Thorge Linne","Male","Vanløse","DK-84","DE","M40-44","FIN","5:08:16","0:37:53","0:06:28","2:30:17","0:04:16","1:49:22","577","502","48","2611","848","662","54","491","434","46","577","502","48","18496","2273","388","9017","256","6562"
"1708","Frederik Hintze","Male","Aarhus","","DK","M25-29","FIN","5:08:21","0:35:00","0:05:47","2:36:41","0:02:41","1:48:13","578","503","113","2307","519","404","79","569","500","108","578","503","113","18501","2100","347","9401","161","6493"
"1839","Morten Svensson","Male","Svebølle","DK-85","DK","M45-49","FIN","5:08:25","0:44:45","0:08:57","2:28:08","0:05:27","1:41:08","579","504","42","2628","1585","1181","93","680","586","50","579","504","42","18505","2685","537","8888","327","6068"
"610","Sofie Malig","Female","København ","","DK","F25-29","FIN","5:08:26","0:36:31","0:04:42","2:34:33","0:02:54","1:49:47","580","76","21","2792","677","147","45","525","63","14","580","76","21","18506","2191","282","9273","174","6587"
"1686","Niclas Vorre","Male","Hvidovre","HOVEDSTADEN","DK","M35-39","FIN","5:08:31","0:34:51","0:05:19","2:29:37","0:04:09","1:54:34","581","505","66","2391","499","389","48","369","328","43","581","505","66","18511","2091","319","8977","249","6874"
"767","Declan Stafford","Male","Saddelworth","GTM","GB","M25-29","FIN","5:08:34","0:31:29","0:05:09","2:37:05","0:03:52","1:51:00","582","506","114","2303","239","181","25","458","405","83","582","506","114","18514","1889","309","9425","232","6660"
"168","Stephan Kampe","Male","Hann. Münden","DE-NI","DE","M60-64","FIN","5:08:34","0:32:48","0:05:32","2:28:02","0:02:22","1:59:50","583","507","9","2944","322","246","5","298","262","4","583","507","9","18514","1968","332","8882","142","7190"
"1090","Pål Magndal","Male","Slattum","NO-02","NO","M60-64","FIN","5:08:39","0:30:11","0:05:53","2:32:56","0:05:28","1:54:10","584","508","10","2943","150","114","1","353","313","7","584","508","10","18519","1811","353","9176","328","6850"
"1938","Casper Jensen","Male","København K","Copenhagen","DK","M25-29","FIN","5:08:50","0:37:39","0:06:32","2:35:42","0:03:43","1:45:13","585","509","115","2299","816","637","146","637","550","120","585","509","115","18530","2259","392","9342","223","6313"
"1338","Alexander Toft","Male","Roskilde","DK-85","DK","M30-34","FIN","5:08:50","0:30:15","0:06:06","2:32:47","0:03:16","1:56:27","586","510","75","2185","153","117","10","357","317","50","586","510","75","18530","1815","366","9167","196","6987"
"483","Emil Forsberg","Male","Charlottenlunnd","DK-84","DK","M30-34","FIN","5:08:55","0:30:46","0:07:04","2:43:39","0:03:49","1:43:37","587","511","76","2183","182","138","17","674","580","90","587","511","76","18535","1846","424","9819","229","6217"
"217","Anders Risdahl Mathiasen","Male","Glostrup","DK-84","DK","M30-34","FIN","5:09:07","0:36:41","0:06:18","2:37:00","0:03:11","1:45:57","588","512","77","2180","695","543","85","643","556","85","588","512","77","18547","2201","378","9420","191","6357"
"2144","Malin Staude","Female","Copenhagen","DK-84","NO","F25-29","FIN","5:09:08","0:34:05","0:04:40","2:32:50","0:03:02","1:54:31","589","77","22","2779","433","99","27","410","47","11","589","77","22","18548","2045","280","9170","182","6871"
"1143","Mikkel Sønderup Bruhn","Male","København NV","DK-84","DK","M30-34","FIN","5:09:14","0:46:31","0:07:05","2:21:43","0:03:03","1:50:52","590","513","78","2177","1722","1271","199","512","451","67","590","513","78","18554","2791","425","8503","183","6652"
"572","Pol Sandoval Calderon","Male","Montgat","Barcelona","ES","M25-29","FIN","5:09:15","0:34:32","0:06:46","2:40:21","0:04:24","1:43:12","591","514","116","2291","468","363","70","677","583","125","591","514","116","18555","2072","406","9621","264","6192"
"193","Sebastian Jansson","Male","KALMAR","SC","SE","M30-34","FIN","5:09:16","0:32:19","0:05:27","2:34:56","0:06:48","1:49:45","592","515","79","2177","287","219","26","429","381","60","592","515","79","18556","1939","327","9296","408","6585"
"1253","Joren Vervliet","Male","Copenhagen","HOVEDSTADEN","ZA","M30-34","FIN","5:09:17","0:37:59","0:07:46","2:40:27","0:05:23","1:37:42","593","516","80","2177","867","676","103","805","691","108","593","516","80","18557","2279","466","9627","323","5862"
"2343","René Andreasen","Male","København S","","DK","M50-54","FIN","5:09:18","0:41:20","0:05:52","2:29:23","0:03:54","1:48:49","594","517","20","2770","1264","973","48","555","489","19","594","517","20","18558","2480","352","8963","234","6529"
"1914","Søren Kring","Male","Frederikssund","Nordsjælland","DK","M40-44","FIN","5:09:26","0:34:32","0:07:01","2:32:34","0:05:28","1:49:52","595","518","49","2590","467","362","33","475","420","45","595","518","49","18566","2072","421","9154","328","6592"
"693","Frederik Lund","Male","NÆSTVED","Sjælland","DK","M18-24","FIN","5:09:29","0:36:36","0:06:07","2:29:43","0:03:18","1:53:44","596","519","76","2444","686","536","86","426","378","51","596","519","76","18569","2196","367","8983","198","6824"
"615","Carsten Roth","Male","Nomborn","Rheinland-Pfalz","DE","M50-54","FIN","5:09:32","0:37:25","0:05:34","2:35:17","0:05:37","1:45:40","597","520","21","2766","778","608","26","584","512","20","597","520","21","18572","2245","334","9317","337","6340"
"1976","Thor Kristensen","Male","Frederiksberg","Copenhagen","DK","M25-29","FIN","5:09:44","0:35:04","0:06:19","2:44:46","0:04:50","1:38:45","598","521","117","2282","522","407","82","804","690","153","598","521","117","18584","2104","379","9886","290","5925"
"2172","Casper Nordahl-Meyer","Male","Hedehusene","","DK","M40-44","FIN","5:09:51","0:28:02","0:05:47","2:29:14","0:04:02","2:02:46","599","522","50","2583","83","63","2","253","222","23","599","522","50","18591","1682","347","8954","242","7366"
"2158","Lasse Hede","Male","Esbjerg","DK-83","DK","M25-29","FIN","5:09:58","0:40:49","0:07:19","2:41:16","0:05:34","1:35:00","600","523","118","2278","1206","931","218","910","774","172","600","523","118","18598","2449","439","9676","334","5700"
"237","Berit Trinks","Female","Hamburg","DE-HH","DE","F40-44","FIN","5:10:05","0:36:40","0:04:48","2:36:59","0:04:56","1:46:41","601","78","4","3142","692","152","13","588","74","5","601","78","4","18605","2200","288","9419","296","6401"
"211","Richard Conway","Male","Hyde","CHS","GB","M55-59","FIN","5:10:05","0:37:24","0:04:59","2:32:01","0:06:27","1:49:13","602","524","19","2824","776","606","30","483","427","18","602","524","19","18605","2244","299","9121","387","6553"
"1033","Emil Bøe","Male","Svendborg","Fyn","DK","M18-24","FIN","5:10:07","0:32:51","0:05:50","2:40:00","0:03:03","1:48:21","603","525","77","2432","326","249","45","594","517","72","603","525","77","18607","1971","350","9600","183","6501"
"1567","Hanne Boettcher","Female","Dannau","Schleswig-Holstein","DE","F25-29","FIN","5:10:16","0:39:08","0:05:06","2:39:29","0:03:34","1:43:00","604","79","23","2759","1017","223","73","726","103","27","604","79","23","18616","2348","306","9569","214","6180"
"111","Emma Lindgren","Female","Löddeköpinge","SE-M","SE","F45-49","FIN","5:10:24","0:37:02","0:06:40","2:39:01","0:04:09","1:43:31","605","80","4","3185","735","159","10","705","98","6","605","80","4","18624","2222","400","9541","249","6211"
"2285","Kevin Tichy","Male","Åbyhøj ","MIDTJYLLAND","DK","M25-29","FIN","5:10:25","0:35:53","0:06:37","2:37:15","0:03:25","1:47:16","606","526","119","2270","618","487","103","632","547","118","606","526","119","18625","2153","397","9435","205","6436"
"2117","Phil Carstensen","Male","Berlin","Berlin","DE","M18-24","FIN","5:10:26","0:39:40","0:07:37","2:37:27","0:04:27","1:41:15","607","527","78","2426","1080","842","133","764","654","104","607","527","78","18626","2380","457","9447","267","6075"
"840","Maarten de Vet","Male","Putten","NL-GE","NL","M35-39","FIN","5:10:33","0:33:28","0:05:03","2:35:08","0:03:24","1:53:30","608","528","67","2354","375","291","33","456","403","53","608","528","67","18633","2008","303","9308","204","6810"
"2358","karl Vilsbøl-Møller","Male","Højbjerg","Central Jutland","DK","M18-24","FIN","5:10:33","0:32:44","0:06:21","2:37:30","0:03:25","1:50:33","609","529","79","2424","312","241","43","553","487","64","609","529","79","18633","1964","381","9450","205","6633"
"2140","Mille Graasbøll","Female","København","DK-84","DK","F18-24","FIN","5:10:34","0:28:57","0:05:16","2:37:55","0:04:35","1:53:53","610","81","6","2792","109","26","3","421","48","4","610","81","6","18634","1737","316","9475","275","6833"
"1984","Peter Kuhrke","Male","Oaxtepec
Fracc. Lomas de Cocoyoc","Morelos","MX","M40-44","FIN","5:10:35","0:33:17","0:05:32","2:33:13","0:03:54","1:54:40","611","530","51","2570","358","276","25","419","372","39","611","530","51","18635","1997","332","9193","234","6880"
"2333","Matilda Stark","Female","Tormestorp","","SE","F40-44","FIN","5:10:36","0:39:11","0:06:25","2:45:08","0:03:11","1:36:42","612","82","5","3132","1025","225","15","947","149","11","612","82","5","18636","2351","385","9908","191","5802"
"809","Marc Manning","Male","Groningen","Groningen","NL","M18-24","FIN","5:10:40","0:29:02","0:05:31","2:43:07","0:03:45","1:49:15","613","531","80","2422","113","86","14","573","504","68","613","531","80","18640","1742","331","9787","225","6555"
"2270","Vincent Evesque","Male","Lyon","FR-69","FR","M35-39","FIN","5:10:40","0:35:16","0:06:19","2:45:36","0:04:11","1:39:18","614","532","68","2352","545","427","53","841","718","90","614","532","68","18640","2116","379","9936","251","5958"
"1520","Jonas Adamsen","Male","Aarhus C","Midtjylland","DK","M25-29","FIN","5:10:41","0:37:24","0:05:35","2:48:12","0:03:06","1:36:25","615","533","120","2265","775","605","132","965","815","185","615","533","120","18641","2244","335","10092","186","5785"
"2247","Hjalte Qwist","Male","København","Copenhagen","DK","M18-24","FIN","5:10:42","0:32:40","0:07:42","2:36:05","0:04:41","1:49:35","616","534","81","2422","308","237","41","548","483","63","616","534","81","18642","1960","462","9365","281","6575"
"719","Nicolas Veiga","Male","København V","HOVEDSTADEN","DK","M18-24","FIN","5:10:50","0:38:12","0:05:17","2:38:16","0:03:27","1:45:38","617","535","82","2419","891","696","112","679","585","88","617","535","82","18650","2292","317","9496","207","6338"
"1898","Aaron Smith","Male","Kempston","GB-England","GB","M25-29","FIN","5:10:52","0:37:49","0:05:49","2:42:08","0:03:27","1:41:39","618","536","121","2262","839","654","153","794","680","149","618","536","121","18652","2269","349","9728","207","6099"
"1858","Mathias Melsen","Male","Silkeborg","Central Jutland","DK","M25-29","FIN","5:10:55","0:35:34","0:07:14","2:39:27","0:04:48","1:43:53","619","537","122","2261","570","448","94","694","597","128","619","537","122","18655","2134","434","9567","288","6233"
"581","Paul Nijveldt","Male","Almere","","NL","M65-69","FIN","5:10:57","0:33:20","0:06:18","2:36:40","0:04:23","1:50:16","620","538","2","3278","362","280","2","543","478","3","620","538","2","18657","2000","378","9400","263","6616"
"376","Jeanette Thorning","Female","Helsingør","DK-85","DK","F40-44","FIN","5:11:02","0:35:42","0:05:17","2:39:12","0:03:12","1:47:37","621","83","6","3125","591","128","12","648","89","7","621","83","6","18662","2142","317","9552","192","6457"
"1787","Baard Kristian Baardsen","Male","Avaldsnes","","NO","M50-54","FIN","5:11:03","0:36:21","0:05:01","2:25:28","0:04:02","2:00:12","622","539","22","2738","663","520","21","307","271","9","622","539","22","18663","2181","301","8728","242","7212"
"2072","Emma Rejdvik","Female","Trelleborg","SE-M","SE","F45-49","FIN","5:11:06","0:32:09","0:05:07","2:36:44","0:03:32","1:53:35","623","84","5","3173","274","65","3","470","55","3","623","84","5","18666","1929","307","9404","212","6815"
"1036","Mathis Johansen","Male","Copenhagen","DK-84","DK","M25-29","FIN","5:11:08","0:35:48","0:06:14","2:45:11","0:03:21","1:40:33","624","540","123","2257","610","480","101","843","720","160","624","540","123","18668","2148","374","9911","201","6033"
"1980","Daniel Maxwell","Male","København","Copenhagen","DK","M25-29","FIN","5:11:10","0:34:50","0:06:10","2:44:39","0:04:17","1:41:13","625","541","124","2257","498","388","74","791","677","148","625","541","124","18670","2090","370","9879","257","6073"
"1909","Rasmus Thagesen","Male","København","DK-84","DK","M25-29","FIN","5:11:13","0:43:01","0:05:27","2:36:37","0:03:59","1:42:09","626","542","125","2256","1418","1084","255","775","665","145","626","542","125","18673","2581","327","9397","239","6129"
"2155","Mikkel Bodzioch","Male","København","Copenhagen","DK","M25-29","FIN","5:11:18","0:40:40","0:08:25","2:30:08","0:03:47","1:48:19","627","543","126","2254","1194","923","214","619","536","116","627","543","126","18678","2440","505","9008","227","6499"
"1310","Maja Munk Holm","Female","Aarhus","DK-82","DK","F25-29","FIN","5:11:19","0:39:57","0:06:49","2:42:03","0:02:42","1:39:48","628","85","24","2740","1109","246","80","893","133","40","628","85","24","18679","2397","409","9723","162","5988"
"731","Eva-Maria Spitzer","Female","Oslo","NO-03","AT","F30-34","FIN","5:11:20","0:37:19","0:05:19","2:41:47","0:04:24","1:42:31","629","86","16","2786","768","167","27","753","108","20","629","86","16","18680","2239","319","9707","264","6151"
"582","Simon Munkholm Pedersen","Male","Horsens","Midtjylland","DK","M30-34","FIN","5:11:21","0:35:23","0:06:27","2:29:26","0:03:35","1:56:31","630","544","81","2139","555","436","67","401","356","53","630","544","81","18681","2123","387","8966","215","6991"
"1546","Olivia Eliasen","Female","Frederiksberg","Copenhagen","DK","F25-29","FIN","5:11:30","0:40:15","0:05:58","2:41:59","0:04:12","1:39:06","631","87","25","2737","1146","256","84","870","130","38","631","87","25","18690","2415","358","9719","252","5946"
"1157","Rasmus Nielsen","Male","Næstved","Sjælland","DK","M25-29","FIN","5:11:39","0:40:53","0:08:18","2:43:01","0:03:43","1:35:44","632","545","127","2248","1214","937","220","996","841","195","632","545","127","18699","2453","498","9781","223","5744"
"1318","Liv Dahlerup Østergaard","Female","Aarhus","","DK","F25-29","FIN","5:11:49","0:37:26","0:05:35","2:50:14","0:03:41","1:34:53","633","88","26","2731","784","172","53","1022","160","50","633","88","26","18709","2246","335","10214","221","5693"
"1878","Christian Olsson","Male","Furulund","SE-M","SE","M45-49","FIN","5:11:58","0:34:20","0:07:31","2:40:59","0:05:04","1:44:04","634","546","43","2564","452","350","26","710","611","52","634","546","43","18718","2060","451","9659","304","6244"
"819","Sverre Melleby","Male","Oslo","NO-03","NO","M40-44","FIN","5:12:08","0:36:28","0:05:13","2:31:27","0:04:37","1:54:22","635","547","52","2542","672","526","44","439","388","42","635","547","52","18728","2188","313","9087","277","6862"
"673","Philip Rostock-johansen","Male","Birkerød","rudersdal","DK","M18-24","FIN","5:12:10","0:31:26","0:05:39","2:46:05","0:03:49","1:45:10","636","548","83","2395","236","179","29","716","617","93","636","548","83","18730","1886","339","9965","229","6310"
"1719","Emilie Flarup","Female","Kongens Lyngby","Copenhagen","DK","F25-29","FIN","5:12:10","0:41:23","0:05:26","2:40:44","0:02:44","1:41:53","637","89","27","2725","1269","292","93","853","126","34","637","89","27","18730","2483","326","9644","164","6113"
"766","Ingeborg Lund","Female","Aalesund","NO-15","NO","F35-39","FIN","5:12:11","0:37:37","0:05:37","2:38:46","0:03:14","1:46:56","638","90","4","2988","812","179","12","688","96","5","638","90","4","18731","2257","337","9526","194","6416"
"611","Ida Thorkilsen","Female","København S","DK-84","DK","F25-29","FIN","5:12:11","0:38:54","0:05:43","2:42:19","0:03:26","1:41:50","639","91","28","2724","983","217","71","833","121","33","639","91","28","18731","2334","343","9739","206","6110"
"1689","Lars Vølund","Male","Lyngby","DK-84","DK","M55-59","FIN","5:12:16","0:39:19","0:05:50","2:34:12","0:03:52","1:49:03","640","549","20","2785","1042","814","37","621","538","25","640","549","20","18736","2359","350","9252","232","6543"
"1057","Lars Flamand","Male","København S","DK-85","DK","M55-59","FIN","5:12:16","0:40:24","0:08:35","2:25:23","0:05:23","1:52:31","641","550","21","2785","1162","900","42","482","426","17","641","550","21","18736","2424","515","8723","323","6751"
"125","Lars Gustafsson","Male","Kumla","SE-T","SE","M55-59","FIN","5:12:21","0:34:13","0:05:05","2:35:31","0:04:20","1:53:12","642","551","22","2783","446","345","17","494","436","19","642","551","22","18741","2053","305","9331","260","6792"
"1183","Simon Helsted Juul","Male","Odense SØ","Fyn","DK","M25-29","FIN","5:12:25","0:37:14","0:06:37","2:32:23","0:04:08","1:52:03","643","552","128","2234","756","593","129","539","474","106","643","552","128","18745","2234","397","9143","248","6723"
"1583","Morten Friis Ussing","Male","Fensmark","Zealand","DK","M18-24","FIN","5:12:29","0:38:08","0:07:54","2:40:29","0:04:01","1:41:57","644","553","84","2390","883","689","111","818","703","109","644","553","84","18749","2288","474","9629","241","6117"
"1921","Helena Glaring","Female","København","DK-84","DK","F25-29","FIN","5:12:32","0:30:49","0:05:26","2:42:26","0:02:55","1:50:56","645","92","29","2718","187","47","11","592","77","20","645","92","29","18752","1849","326","9746","175","6656"
"2011","Alex Maidens","Male","København","","DK","M18-24","FIN","5:12:33","0:31:14","0:06:15","2:41:18","0:05:06","1:48:40","646","554","85","2388","218","164","25","601","522","75","646","554","85","18753","1874","375","9678","306","6520"
"620","Benjamin Gutteridge","Male","Dubai","AE-DU","ZA","M40-44","FIN","5:12:33","0:41:18","0:05:59","2:38:10","0:04:45","1:42:21","647","555","53","2534","1262","972","88","788","675","57","647","555","53","18753","2478","359","9490","285","6141"
"1337","Lars Kjeldsen","Male","Rungsted Kyst","","DK","M55-59","FIN","5:12:33","0:38:34","0:09:26","2:35:19","0:05:11","1:44:04","648","556","23","2780","932","730","33","717","618","31","648","556","23","18753","2314","566","9319","311","6244"
"544","Emil Holm Hansen","Male","Frederiksværk","DK-84","DK","M18-24","FIN","5:12:35","0:42:54","0:08:00","2:43:15","0:04:54","1:33:31","649","557","86","2388","1405","1075","167","1053","888","142","649","557","86","18755","2574","480","9795","294","5611"
"728","Rune Berg Sørensen","Male","Silkeborg","DK-82","DK","M18-24","FIN","5:12:39","0:32:18","0:06:31","2:38:15","0:04:33","1:51:02","650","558","87","2387","284","216","36","563","496","65","650","558","87","18759","1938","391","9495","273","6662"
"2013","Louie Hermansen","Male","Kastrup","Copenhagen","DK","M18-24","FIN","5:12:47","0:28:08","0:05:32","2:33:49","0:03:55","2:01:22","651","559","88","2384","88","66","8","321","283","38","651","559","88","18767","1688","332","9229","235","7282"
"1085","Oscar Gundersen","Male","Molde","","NO","M18-24","FIN","5:12:50","0:37:49","0:07:03","2:40:00","0:04:39","1:43:19","652","560","89","2383","838","653","102","768","658","105","652","560","89","18770","2269","423","9600","279","6199"
"1890","Carsten Hyld","Male","Næstved","","DK","M55-59","FIN","5:12:50","0:35:41","0:12:10","2:27:03","0:04:46","1:53:10","653","561","24","2775","587","461","23","500","440","20","653","561","24","18770","2141","730","8823","286","6790"
"1593","Jan Roger Farstad","Male","Kvinesdal","NO-10","NO","M55-59","FIN","5:12:52","0:33:52","0:05:41","2:39:40","0:04:09","1:49:31","654","562","25","2774","415","321","15","618","535","24","654","562","25","18772","2032","341","9580","249","6571"
"1514","Daniel Loubjerg","Male","Odense","Odense","DK","M30-34","FIN","5:13:02","0:41:10","0:06:49","2:35:33","0:04:12","1:45:17","655","563","82","2109","1246","961","148","723","621","95","655","563","82","18782","2470","409","9333","252","6317"
"171","Thomas Meier","Male","Roggenstorf","MECKLENBURG-VORPOMMERN","DE","M45-49","FIN","5:13:13","0:41:39","0:07:04","2:37:42","0:04:50","1:41:57","656","564","44","2542","1305","1003","74","816","701","58","656","564","44","18793","2499","424","9462","290","6117"
"1553","Valentin Dybkjær","Male","
København K","","DK","M30-34","FIN","5:13:20","0:40:23","0:05:55","2:40:33","0:03:49","1:42:40","657","565","83","2104","1159","898","138","832","712","111","657","565","83","18800","2423","355","9633","229","6160"
"1975","Lasse kidmose","Male","Aarhus c","DK-82","DK","M18-24","FIN","5:13:21","0:41:40","0:05:45","2:43:08","0:05:01","1:37:47","658","566","90","2374","1308","1006","152","944","796","129","658","566","90","18801","2500","345","9788","301","5867"
"173","Christophe De Brucker","Male","Heldergem","","BE","M45-49","FIN","5:13:23","0:36:57","0:06:39","2:36:08","0:04:01","1:49:37","659","567","45","2539","721","563","44","631","546","48","659","567","45","18803","2217","399","9368","241","6577"
"1859","Michel Behrndtz","Male","Løgstrup","MIDTJYLLAND","DK","M35-39","FIN","5:13:25","0:35:57","0:05:42","2:33:58","0:04:30","1:53:18","660","568","69","2303","623","491","66","521","459","59","660","568","69","18805","2157","342","9238","270","6798"
"256","Alfred Frandsen","Male","Aarhus","Central Jutland","DK","M18-24","FIN","5:13:36","0:41:31","0:09:08","2:40:14","0:08:21","1:34:21","661","569","91","2369","1291","994","151","951","802","130","661","569","91","18816","2491","548","9614","501","5661"
"2034","Martin Bittendorfer","Male","Slagelse","SJÆLLAND","DK","M35-39","FIN","5:13:36","0:37:14","0:07:22","2:42:38","0:04:08","1:42:14","662","570","70","2300","758","595","74","844","721","91","662","570","70","18816","2234","442","9758","248","6134"
"939","Kristoffer Bjerg Larsen","Male","Vanløse","DK-84","DK","M18-24","FIN","5:13:38","0:35:35","0:06:28","2:35:27","0:04:41","1:51:27","663","571","92","2369","573","451","73","570","501","67","663","571","92","18818","2135","388","9327","281","6687"
"1717","Camilla Schou","Female","Mårslet","DK-82","DK","F30-34","FIN","5:13:44","0:34:18","0:04:52","2:45:21","0:03:37","1:45:36","664","93","17","2743","450","102","16","756","110","21","664","93","17","18824","2058","292","9921","217","6336"
"1300","Mathias Eriksen","Male","København S","Copenhagen","DK","M25-29","FIN","5:13:45","0:40:46","0:07:00","2:40:21","0:05:16","1:40:22","665","572","129","2210","1203","929","217","867","739","163","665","572","129","18825","2446","420","9621","316","6022"
"480","Anne-Sofie Brink","Female","Denmark","Copenhagen","DK","F30-34","FIN","5:13:46","0:34:51","0:05:51","2:38:04","0:03:32","1:51:27","666","94","18","2743","500","111","18","603","81","16","666","94","18","18826","2091","351","9484","212","6687"
"1412","Frederik Møller Jessen","Male","
Sunds","","DK","M25-29","FIN","5:13:47","0:39:18","0:07:17","2:50:28","0:03:21","1:33:24","667","573","130","2210","1040","812","185","1135","950","217","667","573","130","18827","2358","437","10228","201","5604"
"671","Henrik Gaupen Forsstrøm","Male","HALDEN","NO-01","NO","M35-39","FIN","5:13:51","0:39:50","0:06:53","2:37:34","0:04:38","1:44:58","668","574","71","2295","1094","851","105","750","643","76","668","574","71","18831","2390","413","9454","278","6298"
"1735","Sebastian Posselt","Male","Frederiksberg","Copenhagen","DK","M30-34","FIN","5:13:54","0:34:59","0:05:37","2:36:20","0:04:20","1:52:38","669","575","84","2093","516","401","60","559","493","75","669","575","84","18834","2099","337","9380","260","6758"
"183","Kaupo Jansen","Male","TARTU","EE-78","EE","M45-49","FIN","5:13:54","0:40:50","0:06:03","2:34:18","0:04:38","1:48:06","670","576","46","2530","1207","932","70","667","575","49","670","576","46","18834","2450","363","9258","278","6486"
"335","Bjørk Møller-Hansen","Female","3060","DK-85","DK","F30-34","FIN","5:14:02","0:38:20","0:05:46","2:30:44","0:03:08","1:56:04","671","95","19","2738","910","200","30","495","59","11","671","95","19","18842","2300","346","9044","188","6964"
"2229","Michael Palm","Male","KØBENHAVN N","DK-84","DK","M30-34","FIN","5:14:02","0:38:57","0:09:32","2:36:07","0:04:38","1:44:48","672","577","85","2091","990","772","121","760","650","100","672","577","85","18842","2337","572","9367","278","6288"
"590","Luc Neuen","Male","Risskov","Aarhus","LU","M18-24","FIN","5:14:05","0:35:38","0:05:18","2:35:11","0:02:58","1:55:00","673","578","93","2361","578","455","74","534","470","59","673","578","93","18845","2138","318","9311","178","6900"
"1112","Gunnar Nyland","Male","Haugesund","NO-11","NO","M50-54","FIN","5:14:11","0:38:43","0:06:05","2:37:31","0:04:31","1:47:20","674","579","23","2682","951","744","36","697","600","26","674","579","23","18851","2323","365","9451","271","6440"
"453","Frederik Zobbe Christiansen","Male","Greve","Zealand","DK","M25-29","FIN","5:14:16","0:37:43","0:06:35","2:39:43","0:04:36","1:45:39","675","580","131","2201","826","644","149","742","636","138","675","580","131","18856","2263","395","9583","276","6339"
"634","David Scanlon O'Callaghan","Male","Frederiksberg","DK-85","IE","M30-34","FIN","5:14:18","0:34:49","0:07:00","2:40:24","0:05:43","1:46:21","676","581","86","2086","497","387","57","693","596","92","676","581","86","18858","2089","420","9624","343","6381"
"474","Rozemarijn Everts","Female","Amersfoort","NL-UT","NL","F35-39","FIN","5:14:22","0:32:45","0:05:16","2:48:47","0:03:22","1:44:12","677","96","5","2948","314","73","3","828","120","10","677","96","5","18862","1965","316","10127","202","6252"
"400","Mikkel Kaas Krabbe","Male","Helsingør","DK-85","DK","M25-29","FIN","5:14:23","0:32:57","0:05:10","2:25:11","0:03:05","2:07:59","678","582","132","2199","334","257","41","256","225","36","678","582","132","18863","1977","310","8711","185","7679"
"1532","Kristian Arvesen","Male","Sandefjord","","NO","M18-24","FIN","5:14:24","0:37:52","0:05:30","2:32:47","0:03:56","1:54:19","679","583","94","2355","845","659","105","535","471","60","679","583","94","18864","2272","330","9167","236","6859"
"1448","Jonathan Stensgaard","Male","Odder","Central Jutland","DK","M18-24","FIN","5:14:31","0:37:32","0:05:31","2:37:04","0:04:26","1:49:59","680","584","95","2353","796","622","99","646","558","83","680","584","95","18871","2252","331","9424","266","6599"
"2084","Simon Kildahl","Male","Slagelse","","DK","M18-24","FIN","5:14:32","0:41:44","0:06:50","2:36:41","0:06:01","1:43:16","681","585","96","2353","1314","1011","154","781","668","107","681","585","96","18872","2504","410","9401","361","6196"
"1319","Timm Woszidlo","Male","Wedemark","Lower Saxony","DE","M30-34","FIN","5:14:33","0:41:14","0:07:07","2:42:13","0:03:28","1:40:31","682","586","87","2082","1253","966","149","945","797","125","682","586","87","18873","2474","427","9733","208","6031"
"979","Natascha Krebs Vogter","Female","København V","DK-84","DK","F30-34","FIN","5:14:35","0:38:50","0:05:50","2:33:53","0:03:38","1:52:23","683","97","20","2728","976","213","32","590","75","14","683","97","20","18875","2330","350","9233","218","6743"
"1843","Niklas Jensen Wonsbeck","Male","Hellerup","DK-84","DK","M40-44","FIN","5:14:43","0:38:08","0:05:28","2:40:55","0:04:50","1:45:22","684","587","54","2495","882","688","55","755","646","55","684","587","54","18883","2288","328","9655","290","6322"
"484","Morten Johan Bruenech","Male","Haslum","NO-02","NO","M30-34","FIN","5:14:47","0:34:30","0:06:09","2:45:48","0:04:25","1:43:55","685","588","88","2078","463","359","50","817","702","109","685","588","88","18887","2070","369","9948","265","6235"
"153","Bjarne Wildfang","Male","Værløse","","DK","M60-64","FIN","5:14:54","0:38:33","0:10:36","2:32:51","0:04:52","1:48:02","686","589","11","2830","930","728","15","686","592","15","686","589","11","18894","2313","636","9171","292","6482"
"1058","Rasmus Jensen","Male","Horsens","Central Jutland","DK","M25-29","FIN","5:15:15","0:30:26","0:04:52","2:38:25","0:03:25","1:58:06","687","590","133","2183","165","126","15","460","407","85","687","590","133","18915","1826","292","9505","205","7086"
"1834","Martin Umaerus","Male","Blentarp","SE-M","SE","M35-39","FIN","5:15:17","0:39:24","0:07:07","2:38:45","0:04:15","1:45:45","688","591","72","2269","1052","822","101","782","669","81","688","591","72","18917","2364","427","9525","255","6345"
"2121","Elise Meyering","Female","Århus","Midtjylland","ZA","F35-39","FIN","5:15:18","0:37:49","0:07:01","2:49:34","0:03:39","1:37:15","689","98","6","2932","840","186","16","1062","168","15","689","98","6","18918","2269","421","10174","219","5835"
"923","Jens Guttesen","Male","København","HOVEDSTADEN","FO","M25-29","FIN","5:15:29","0:35:39","0:05:21","2:37:43","0:05:11","1:51:35","690","592","134","2179","583","458","96","598","519","113","690","592","134","18929","2139","321","9463","311","6695"
"1433","Niels Erichsen","Male","Furesø kommune
Værløse","SJÆLLAND","DK","M55-59","FIN","5:15:30","0:42:59","0:08:55","2:31:27","0:04:37","1:47:33","691","593","26","2727","1412","1080","65","718","619","32","691","593","26","18930","2579","535","9087","277","6453"
"2145","Carsten Selmann","Male","Kastrup","DK-84","DK","M55-59","FIN","5:15:32","0:35:11","0:06:17","2:31:43","0:05:38","1:56:43","692","594","27","2726","540","422","22","441","390","15","692","594","27","18932","2111","377","9103","338","7003"
"1147","Jasper Hellwig","Male","Stichtse Vecht","NL-UT","NL","M45-49","FIN","5:15:37","0:36:01","0:07:12","2:38:46","0:06:26","1:47:12","693","595","47","2499","629","496","37","684","590","51","693","595","47","18937","2161","432","9526","386","6432"
"2345","Max Hahn","Male","København","DK-85","DE","M30-34","FIN","5:15:41","0:32:04","0:05:41","2:38:08","0:04:39","1:55:08","694","596","89","2061","264","202","23","531","467","69","694","596","89","18941","1924","341","9488","279","6908"
"2243","Andreas Larsen","Male","Fevik","Agder","NO","M25-29","FIN","5:15:43","0:43:09","0:05:30","2:38:47","0:04:28","1:43:50","695","597","135","2175","1441","1098","260","849","725","161","695","597","135","18943","2589","330","9527","268","6230"
"426","Malene Warner","Female","Nærum","","DK","F25-29","FIN","5:15:51","0:45:14","0:05:38","2:37:19","0:03:31","1:44:09","696","99","30","2658","1615","412","136","869","129","37","696","99","30","18951","2714","338","9439","211","6249"
"722","Nikolaj Peter Lorenzen","Male","Sønderborg","SYDDANMARK","DK","M18-24","FIN","5:15:52","0:36:22","0:06:40","2:49:52","0:03:48","1:39:11","697","598","97","2329","664","521","83","1009","853","137","697","598","97","18952","2182","400","10192","228","5951"
"1695","Frederik Kildahl","Male","København K","DK-84","DK","M25-29","FIN","5:15:53","0:36:38","0:07:18","2:44:23","0:04:18","1:43:15","698","599","136","2172","689","539","115","875","744","164","698","599","136","18953","2198","438","9863","258","6195"
"881","Marc Christiansen","Male","Hillerød","","DK","M25-29","FIN","5:15:53","0:34:56","0:07:57","2:38:19","0:05:59","1:48:43","699","600","137","2172","508","394","77","668","576","123","699","600","137","18953","2096","477","9499","359","6523"
"1775","Katrine Abel","Female","Aarhus","Central Jutland","DK","F30-34","FIN","5:15:54","0:40:21","0:06:52","2:36:47","0:04:16","1:47:38","700","100","21","2704","1155","261","43","740","106","19","700","100","21","18954","2421","412","9407","256","6458"
"1608","Ellen Kallerbäck","Female","Kalmar","SE-H","SE","F25-29","FIN","5:15:56","0:36:18","0:06:13","2:47:40","0:04:35","1:41:11","701","101","31","2657","660","143","42","938","147","46","701","101","31","18956","2178","373","10060","275","6071"
"1296","Sophie Braakenburg","Female","Bath","GB-BAS","GB","F18-24","FIN","5:15:59","0:30:56","0:06:00","2:50:07","0:03:21","1:45:35","702","102","7","2695","196","50","7","837","122","13","702","102","7","18959","1856","360","10207","201","6335"
"295","Karina Minx","Female","Pullach im Isartal","BAYERN","DE","F25-29","FIN","5:16:01","0:36:26","0:05:29","2:37:33","0:02:55","1:53:38","703","103","32","2655","668","144","43","625","84","21","703","103","32","18961","2186","329","9453","175","6818"
"1274","Christoffer Krog Scherrebeck","Male","København","Copenhagen","DK","M25-29","FIN","5:16:08","0:38:21","0:06:25","2:30:44","0:04:32","1:56:05","704","601","138","2167","913","713","168","516","455","100","704","601","138","18968","2301","385","9044","272","6965"
"344","Kristian Klitgaard","Male","Hellerup","DK-84","DK","M35-39","FIN","5:16:08","0:32:24","0:06:07","2:32:09","0:05:02","2:00:26","705","602","73","2254","291","222","24","384","342","48","705","602","73","18968","1944","367","9129","302","7226"
"451","Christina Schmidt-Andersen","Female","Snekkersten","DK-85","DK","F35-39","FIN","5:16:08","0:37:44","0:05:46","2:46:11","0:04:58","1:41:30","706","104","7","2917","829","183","14","919","139","12","706","104","7","18968","2264","346","9971","298","6090"
"2300","David Elvinus Andersen","Male","København","Copenhagen","DK","M18-24","FIN","5:16:11","0:36:09","0:06:26","2:47:09","0:04:22","1:42:06","707","603","98","2323","641","504","80","920","781","126","707","603","98","18971","2169","386","10029","262","6126"
"744","Jed Valentiner Shrewsbury","Male","Sunningdale","Berkshire","GB","M25-29","FIN","5:16:15","0:41:01","0:07:56","2:38:10","0:04:10","1:44:57","708","604","139","2165","1231","951","223","838","716","159","708","604","139","18975","2461","476","9490","250","6297"
"506","Mumen Al-Sada","Male","Frederiksberg","","IQ","M30-34","FIN","5:16:17","0:57:53","0:07:36","2:28:03","0:04:49","1:37:56","709","605","90","2051","2034","1452","228","1030","868","134","709","605","90","18977","3473","456","8883","289","5876"
"713","Lucas Sinding","Male","København","DK-84","DK","M25-29","FIN","5:16:28","0:41:41","0:07:40","2:39:04","0:06:41","1:41:22","710","606","140","2161","1309","1007","238","878","747","167","710","606","140","18988","2501","460","9544","401","6082"
"1379","Mai-Brit THYGESEN","Female","Skodsborg","DK-85","DK","F50-54","FIN","5:16:31","0:35:29","0:06:08","2:49:18","0:03:49","1:41:48","711","105","2","2680","563","121","4","953","150","3","711","105","2","18991","2129","368","10158","229","6108"
"1045","Inge-Lise Iversen","Female","Christiansfeld","SYDDANMARK","DK","F18-24","FIN","5:16:39","0:34:40","0:05:22","2:35:10","0:04:51","1:56:37","712","106","8","2683","483","108","12","506","61","7","712","106","8","18999","2080","322","9310","291","6997"
"1802","Anne Kjelstrup","Female","Farum","DK-84","DK","F40-44","FIN","5:16:41","0:33:53","0:05:24","2:44:50","0:03:41","1:48:54","713","107","7","3023","416","95","8","746","107","9","713","107","7","19001","2033","324","9890","221","6534"
"477","Agnes Van Brug","Female","Alkmaar","NL-NH","NL","F45-49","FIN","5:16:41","0:31:19","0:05:01","2:55:25","0:03:38","1:41:18","714","108","6","3072","223","55","2","984","154","11","714","108","6","19001","1879","301","10525","218","6078"
"698","Sven Braun","Male","Radolfzell am Bodensee","Baden-Württemberg","DE","M35-39","FIN","5:16:42","0:38:36","0:07:23","2:29:49","0:02:52","1:58:03","715","607","74","2244","937","734","88","527","464","60","715","607","74","19002","2316","443","8989","172","7083"
"534","Gunnar Hauso","Male","Haugesund","","NO","M60-64","FIN","5:16:48","0:38:37","0:07:17","2:31:45","0:04:42","1:54:27","716","608","12","2796","938","735","16","572","503","10","716","608","12","19008","2317","437","9105","282","6867"
"2224","Elin Palmgren","Female","Halmstad","SE-N","SE","F40-44","FIN","5:16:56","0:34:30","0:05:20","2:44:35","0:05:13","1:47:18","717","109","8","3018","464","105","9","754","109","10","717","109","8","19016","2070","320","9875","313","6438"
"649","Christopher Glerup Thisted","Male","Randers C","DK-82","DK","M25-29","FIN","5:17:02","0:40:11","0:11:33","2:39:12","0:07:02","1:39:04","718","609","141","2151","1133","882","204","956","806","182","718","609","141","19022","2411","693","9552","422","5944"
"2194","Olivia Peray","Female","Aarhus","DK-82","DK","F25-29","FIN","5:17:05","0:32:06","0:04:49","2:50:46","0:02:59","1:46:25","719","110","33","2636","267","63","15","857","127","35","719","110","33","19025","1926","289","10246","179","6385"
"1145","Paulo Santos","Male","København","DK-83","BR","M30-34","FIN","5:17:05","0:33:49","0:05:49","2:45:41","0:04:36","1:47:10","720","610","91","2036","412","319","44","784","671","104","720","610","91","19025","2029","349","9941","276","6430"
"406","Preben Strate","Male","København","DK-84","DK","M25-29","FIN","5:17:09","0:32:46","0:05:52","2:35:17","0:04:21","1:58:54","721","611","142","2149","316","242","38","467","413","87","721","611","142","19029","1966","352","9317","261","7134"
"1268","Birk Borchorst","Male","Aarhus","MIDTJYLLAND","DK","M18-24","FIN","5:17:11","0:34:29","0:07:53","2:40:32","0:06:45","1:47:32","722","612","99","2305","459","355","60","711","612","92","722","612","99","19031","2069","473","9632","405","6452"
"688","Thommy Simonsson","Male","kalmar","SE-H","SE","M30-34","FIN","5:17:16","0:31:51","0:04:31","2:36:49","0:03:47","2:00:18","723","613","92","2033","257","196","21","440","389","61","723","613","92","19036","1911","271","9409","227","7218"
"127","Nina Hansson","Female","Kalmar","SE-H","SE","F45-49","FIN","5:17:16","0:39:32","0:06:10","2:41:27","0:04:44","1:45:24","724","111","7","3062","1061","234","19","839","123","9","724","111","7","19036","2372","370","9687","284","6324"
"1290","Anders Refslund Gadegaard","Male","Jyllinge","DK-85","DK","M40-44","FIN","5:17:18","0:39:10","0:07:12","2:38:58","0:05:12","1:46:46","725","614","55","2449","1023","799","66","785","672","56","725","614","55","19038","2350","432","9538","312","6406"
"1417","Jens Lindquist","Male","Trelleborg","SE-M","SE","M50-54","FIN","5:17:19","0:38:01","0:06:04","2:34:51","0:04:25","1:53:58","726","615","24","2626","870","679","31","608","527","21","726","615","24","19039","2281","364","9291","265","6838"
"1425","Thomas Valerius","Male","Holte","","DK","M45-49","FIN","5:17:20","0:34:54","0:07:05","2:36:07","0:07:17","1:51:57","727","616","48","2468","503","392","29","582","510","45","727","616","48","19040","2094","425","9367","437","6717"
"1762","Kristoffer Brejndal","Male","København N","DK-84","DK","M25-29","FIN","5:17:30","0:37:36","0:06:40","2:42:04","0:04:07","1:47:02","728","617","143","2143","808","630","142","812","697","156","728","617","143","19050","2256","400","9724","247","6422"
"1491","Felix Achter","","København","Copenhagen","DE","M25-29","FIN","5:17:32","0:38:13","0:06:59","2:46:21","0:04:37","1:41:22","729","618","144","2142","897","701","165","977","825","190","729","618","144","19052","2293","419","9981","277","6082"
"1238","Niall Macrae","Male","Aberdeen","ABERDEEN CITY","GB","M40-44","FIN","5:17:33","0:35:36","0:05:40","2:48:13","0:05:28","1:42:37","730","619","56","2444","575","453","37","912","776","66","730","619","56","19053","2136","340","10093","328","6157"
"1756","Jonathan Brammer","Male","København SV","Copenhagen","DK","M25-29","FIN","5:17:37","0:43:16","0:06:46","2:28:16","0:03:21","1:55:57","731","620","145","2141","1454","1108","262","585","513","111","731","620","145","19057","2596","406","8896","201","6957"
"2069","Christoffer Tronhjem","Male","Sorø","Zealand","DK","M25-29","FIN","5:17:41","0:30:06","0:06:46","2:29:08","0:05:03","2:06:37","732","621","146","2139","144","108","12","290","254","47","732","621","146","19061","1806","406","8948","303","7597"
"735","Amalie Skjold Frederiksen","Female","Vanløse","","DK","F25-29","FIN","5:17:41","0:40:13","0:06:06","2:46:49","0:03:35","1:40:59","733","112","34","2625","1138","253","83","1017","158","49","733","112","34","19061","2413","366","10009","215","6059"
"1122","Björn Bast","Male","Altenholz","DE-SH","DE","M35-39","FIN","5:17:48","0:37:58","0:06:39","2:45:45","0:02:28","1:44:58","734","622","75","2224","863","673","82","943","795","100","734","622","75","19068","2278","399","9945","148","6298"
"1219","Marcel Irrgang","Male","Pulheim","Nordrhein-Westfalen","DE","M45-49","FIN","5:18:07","0:37:14","0:06:44","2:35:09","0:05:52","1:53:09","735","623","49","2454","755","592","47","612","530","46","735","623","49","19087","2234","404","9309","352","6789"
"873","Mattis Lynge Christensen","Male","København","DK-84","DK","M18-24","FIN","5:18:16","0:37:41","0:06:33","2:39:55","0:03:50","1:50:16","736","624","100","2285","821","641","100","749","642","101","736","624","100","19096","2261","393","9595","230","6616"
"574","Cedric Timmermann","Male","Treia","Schleswig-Holstein","DE","M25-29","FIN","5:18:19","0:32:33","0:05:33","2:33:55","0:03:29","2:02:49","737","625","147","2128","298","228","35","418","371","72","737","625","147","19099","1953","333","9235","209","7369"
"2087","Vegard Rosenlund","Male","Bergen","Vestland","NO","M30-34","FIN","5:18:22","0:37:43","0:09:31","2:43:55","0:04:56","1:42:17","738","626","93","2013","828","646","98","964","814","126","738","626","93","19102","2263","571","9835","296","6137"
"1236","Morten Petersen","Male","Nyborg","DK-83","DK","M35-39","FIN","5:18:25","0:35:50","0:05:15","2:38:02","0:04:43","1:54:34","739","627","76","2213","613","483","65","614","532","64","739","627","76","19105","2150","315","9482","283","6874"
"333","Maja Kryger","Female","Hillerød","DK-84","DK","F18-24","FIN","5:18:34","0:33:14","0:04:07","2:37:22","0:02:44","2:01:05","740","113","9","2648","354","81","9","492","58","6","740","113","9","19114","1994","247","9442","164","7265"
"213","Jeanette Hejli Sørensen","Female","Frederikssund","DK-84","DK","F40-44","FIN","5:18:40","0:37:17","0:04:49","2:32:45","0:03:25","2:00:24","741","114","9","2987","762","165","14","497","60","2","741","114","9","19120","2237","289","9165","205","7224"
"2041","Frederik Wulff Johnsen","Male","Kastrup","DK-84","DK","M18-24","FIN","5:18:42","0:38:05","0:05:56","2:33:56","0:04:58","1:55:47","742","628","101","2278","875","683","109","578","507","70","742","628","101","19122","2285","356","9236","298","6947"
"157","Christian Payne","Male","Kastrup","DK-84","GB","M45-49","FIN","5:18:43","0:43:36","0:07:47","2:37:51","0:05:37","1:43:52","743","629","50","2443","1480","1122","84","904","768","62","743","629","50","19123","2616","467","9471","337","6232"
"824","Astrid Arhnung Schou-Hanssen","Female","København","DK-84","DK","F25-29","FIN","5:18:45","0:37:23","0:05:43","2:40:17","0:03:52","1:51:29","744","115","35","2606","773","169","51","719","100","26","744","115","35","19125","2243","343","9617","232","6689"
"2202","Stephan Åkeborg","Male","Munka-Ljungby","SE-M","SE","M60-64","FIN","5:18:45","0:36:39","0:06:13","2:38:02","0:04:19","1:53:31","745","630","13","2761","691","540","11","659","568","13","745","630","13","19125","2199","373","9482","259","6811"
"2410","Mikkel Oversø","Male","Herning","Central Jutland","DK","M18-24","FIN","5:18:51","0:50:31","0:09:22","2:33:07","0:05:49","1:40:01","746","631","102","2275","1899","1371","204","1014","857","138","746","631","102","19131","3031","562","9187","349","6001"
"1248","Ida Thomsen Mose","Female","København","","DK","F18-24","FIN","5:18:55","0:30:41","0:06:23","2:51:48","0:03:49","1:46:15","747","116","10","2642","179","43","5","897","135","15","747","116","10","19135","1841","383","10308","229","6375"
"2099","Frederik Pheiffer","Male","København","DK-84","DK","M25-29","FIN","5:18:59","0:39:15","0:08:15","2:42:50","0:04:21","1:44:19","748","632","148","2116","1036","808","184","941","794","178","748","632","148","19139","2355","495","9770","261","6259"
"434","Theis Preisler-Nielsen","Male","Valby","DK-84","DK","M25-29","FIN","5:19:02","0:39:22","0:06:45","2:38:43","0:03:39","1:50:32","749","633","149","2115","1047","818","186","766","656","143","749","633","149","19142","2362","405","9523","219","6632"
"533","Tobias Kaastrup Colding","Male","København","Copenhagen","DK","M30-34","FIN","5:19:05","0:37:11","0:06:37","2:44:44","0:04:15","1:46:19","750","634","94","2000","754","591","90","883","751","116","750","634","94","19145","2231","397","9884","255","6379"
"536","Erik Felz","Male","Bielefeld","DE-NW","DE","M25-29","FIN","5:19:14","0:37:26","0:07:19","2:46:17","0:04:13","1:44:00","751","635","150","2111","782","611","133","958","808","183","751","635","150","19154","2246","439","9977","253","6240"
"1541","Casper Ipsen","Male","Copenhagen V","DK-84","DK","M30-34","FIN","5:19:18","0:33:47","0:06:15","2:37:09","0:04:13","1:57:53","752","636","95","1996","408","316","43","565","498","77","752","636","95","19158","2027","375","9429","253","7073"
"1782","Casper Petersen","Male","8800","DK-DK-82","DK","M40-44","FIN","5:19:20","0:37:39","0:05:48","2:37:17","0:05:39","1:52:58","753","637","57","2412","813","634","51","653","564","52","753","637","57","19160","2259","348","9437","339","6778"
"393","Henrik De La Fuente Rasmussen","Male","Åbybro","DK-81","DK","M45-49","FIN","5:19:20","0:43:19","0:06:24","2:24:11","0:03:53","2:01:33","754","638","51","2432","1461","1112","83","468","414","30","754","638","51","19160","2599","384","8651","233","7293"
"1001","Jannik Khirkhoff Jonsson","Male","Espergærde","DK-84","DK","M35-39","FIN","5:19:25","0:41:30","0:06:22","2:45:31","0:04:20","1:41:42","755","639","77","2195","1288","991","115","1027","865","105","755","639","77","19165","2490","382","9931","260","6102"
"1972","Daniel Poort","Male","Aarhus","DK-82","DK","M18-24","FIN","5:19:26","0:37:10","0:08:12","2:44:13","0:04:02","1:45:49","756","640","103","2264","752","589","96","918","780","125","756","640","103","19166","2230","492","9853","242","6349"
"900","Cicilia Idland","Female","Halden","NO-01","NO","F55-59","FIN","5:19:28","0:36:32","0:06:22","2:51:35","0:05:11","1:39:48","757","117","2","3285","680","148","5","1063","169","6","757","117","2","19168","2192","382","10295","311","5988"
"1140","Petr Simanek","Male","Praha 4","CZ-Prague","CZ","M65-69","FIN","5:19:29","0:32:18","0:05:50","2:38:06","0:04:06","1:59:09","758","641","3","3125","285","217","1","540","475","2","758","641","3","19169","1938","350","9486","246","7149"
"197","Carsten Holst Nørgaard","Male","Risskov","DK-82","DK","M55-59","FIN","5:19:30","0:32:34","0:06:11","2:51:22","0:06:28","1:42:56","759","642","28","2655","301","231","7","937","791","40","759","642","28","19170","1954","371","10282","388","6176"
"1382","Andreas Pedersen","Male","Vejle","Southern Jutland","DK","M25-29","FIN","5:19:31","0:37:14","0:07:26","2:47:39","0:05:07","1:42:05","760","643","151","2106","757","594","130","998","843","196","760","643","151","19171","2234","446","10059","307","6125"
"308","Finn Gebauer","Male","Copenhagen","DK-84","DE","M30-34","FIN","5:19:33","0:39:14","0:05:52","2:32:58","0:03:56","1:57:33","761","644","96","1992","1032","805","126","581","509","78","761","644","96","19173","2354","352","9178","236","7053"
"701","Morten Lyngbæk","Male","København S","DK-HOVEDSTADEN","DK","M35-39","FIN","5:19:38","0:35:36","0:06:27","2:44:46","0:04:08","1:48:42","762","645","78","2191","574","452","58","830","710","88","762","645","78","19178","2136","387","9886","248","6522"
"1526","Marie Nisted","Female","Aarhus C","DK-82","DK","F25-29","FIN","5:19:42","0:38:35","0:08:25","2:50:38","0:04:34","1:37:29","763","118","36","2589","935","203","67","1154","192","60","763","118","36","19182","2315","505","10238","274","5849"
"1141","David Kratochvil","Male","Prague","CZ-104","CZ","M35-39","FIN","5:19:42","0:28:32","0:05:10","2:25:43","0:02:55","2:17:22","764","646","79","2190","101","77","3","195","170","23","764","646","79","19182","1712","310","8743","175","8242"
"593","Martí De La Encarnacion","Male","Barcelona","","ES","M25-29","FIN","5:19:44","0:36:29","0:06:29","2:42:26","0:04:32","1:49:47","765","647","152","2102","674","528","113","786","673","146","765","647","152","19184","2189","389","9746","272","6587"
"2274","Jimmy Boklund","Male","Helsingborg","SE-M","SE","M45-49","FIN","5:19:55","0:38:50","0:07:15","2:48:14","0:04:42","1:40:54","766","648","52","2421","975","763","59","1058","892","70","766","648","52","19195","2330","435","10094","282","6054"
"1864","Natacha Drest","Female","Odense S","South Denmark","DK","F25-29","FIN","5:19:56","0:31:25","0:06:02","2:49:10","0:03:05","1:50:13","767","119","37","2585","235","57","12","821","117","31","767","119","37","19196","1885","362","10150","185","6613"
"491","Christian Dippel","Male","Fredensborg","Nordsjælland","DK","M35-39","FIN","5:19:59","0:38:58","0:07:58","2:44:34","0:05:31","1:42:58","768","649","80","2185","997","778","96","975","823","101","768","649","80","19199","2338","478","9874","331","6178"
"1776","Peter Bjørn","Male","
Kongens lyngby","","DK","F30-34","FIN","5:19:59","0:38:56","0:04:58","2:46:05","0:03:04","1:46:55","769","120","22","2631","989","218","34","930","142","25","769","120","22","19199","2336","298","9965","184","6415"
"2363","Jonatan Schwamberg","Male","Nässjö","SE-F","SE","M40-44","FIN","5:20:04","0:46:17","0:06:41","2:33:44","0:04:02","1:49:19","770","650","58","2399","1703","1262","103","823","705","61","770","650","58","19204","2777","401","9224","242","6559"
"1435","Frederikke Christensen","Female","Aarhus C","DK-82","DK","F18-24","FIN","5:20:05","0:40:13","0:05:49","2:50:52","0:04:46","1:38:25","771","121","11","2621","1140","254","29","1132","185","23","771","121","11","19205","2413","349","10252","286","5905"
"1216","Victor Montes Bech","Male","København","København","DK","M18-24","FIN","5:20:08","0:41:14","0:04:58","2:44:41","0:04:09","1:45:05","772","651","104","2252","1254","967","149","952","803","131","772","651","104","19208","2474","298","9881","249","6305"
"1144","Jana Kratochvilova","Female","Prague","CZ-104","CZ","F40-44","FIN","5:20:11","0:32:07","0:05:55","2:41:04","0:03:34","1:57:31","773","122","10","2960","268","64","3","611","82","6","773","122","10","19211","1927","355","9664","214","7051"
"2364","Sofie Amstrup Jørgensen","Female","Dyssegård","","DK","F25-29","FIN","5:20:15","0:36:33","0:06:25","2:42:08","0:03:28","1:51:41","774","123","38","2579","682","149","46","777","112","30","774","123","38","19215","2193","385","9728","208","6701"
"2330","Janus Worsøe","Male","Nørresundby","North Jütland","DK","M18-24","FIN","5:20:23","0:49:12","0:06:21","2:41:56","0:04:25","1:38:29","775","652","105","2247","1853","1345","200","1150","960","160","775","652","105","19223","2952","381","9716","265","5909"
"1054","Mathias Hylland","Male","Bergen","Vestland","NO","M30-34","FIN","5:20:29","0:39:32","0:06:50","2:34:53","0:03:39","1:55:36","776","653","97","1975","1062","828","131","671","577","88","776","653","97","19229","2372","410","9293","219","6936"
"2204","Fabian WALLHAGEN","Male","Limhamn","SE-M","SE","M25-29","FIN","5:20:32","0:37:45","0:08:20","2:43:51","0:05:15","1:45:21","777","654","153","2088","832","648","151","928","788","175","777","654","153","19232","2265","500","9831","315","6321"
"1915","Tobias Strøm","Male","kastrup","","DK","M25-29","FIN","5:20:36","0:35:02","0:05:47","2:34:48","0:03:43","2:01:17","778","655","154","2087","520","405","80","520","458","102","778","655","154","19236","2102","347","9288","223","7277"
"428","Andy Melancon-Talboys","Female","Montréal","CA-QC","CA","F35-39","FIN","5:20:41","0:32:22","0:07:09","2:50:51","0:04:40","1:45:40","779","124","8","2835","288","69","2","942","148","13","779","124","8","19241","1942","429","10251","280","6340"
"1367","Andreas Nilsson","Male","Åstorp","Skåne Län","SE","M45-49","FIN","5:20:49","0:38:20","0:07:10","2:37:40","0:04:59","1:52:40","780","656","53","2405","911","711","56","715","616","53","780","656","53","19249","2300","430","9460","299","6760"
"892","Gerard Martinus Oostra","Male","fljótsdalshreppur","IS-7","NL","M25-29","FIN","5:20:53","0:37:37","0:07:01","2:41:30","0:04:14","1:50:30","781","657","155","2082","810","632","144","803","689","152","781","657","155","19253","2257","421","9690","254","6630"
"2108","Frederik Samsøe-Schmidt","Male","København","Copenhagen","DK","M30-34","FIN","5:20:56","0:37:32","0:06:08","2:42:14","0:03:52","1:51:10","782","658","98","1967","797","623","95","799","685","106","782","658","98","19256","2252","368","9734","232","6670"
"1853","Lars Landmark","Male","oslo","NO-03","NO","M35-39","FIN","5:21:02","0:41:34","0:07:29","2:35:58","0:03:31","1:52:30","783","659","81","2166","1297","996","116","773","663","79","783","659","81","19262","2494","449","9358","211","6750"
"139","Mårten Torle","Male","Borås","SE-O","SE","M60-64","FIN","5:21:06","0:40:17","0:05:06","2:38:36","0:04:11","1:52:57","784","660","14","2719","1150","892","22","739","634","16","784","660","14","19266","2417","306","9516","251","6777"
"672","Johannes Rasmussen","Male","Birkerød","Nordsjælland","DK","M18-24","FIN","5:21:09","0:36:54","0:05:11","2:52:17","0:02:46","1:44:00","785","661","106","2234","713","557","89","1061","894","144","785","661","106","19269","2214","311","10337","166","6240"
"799","Emil Lykke","Male","Frederiksberg","DK-84","DK","M30-34","FIN","5:21:10","0:39:16","0:07:24","2:38:18","0:03:20","1:52:52","786","662","99","1963","1037","809","128","772","662","102","786","662","99","19270","2356","444","9498","200","6772"
"1473","Dror Sever","Male","Frederiksberg","DK-85","IL","M50-54","FIN","5:21:12","0:32:52","0:07:27","2:39:01","0:07:22","1:54:30","787","663","25","2556","328","251","9","620","537","22","787","663","25","19272","1972","447","9541","442","6870"
"495","Mathilde Sut","Female","Saltsjö-Boo","SE-AB","SE","F25-29","FIN","5:21:15","0:43:37","0:05:01","2:41:21","0:03:19","1:47:56","788","125","39","2561","1482","359","118","929","141","44","788","125","39","19275","2617","301","9681","199","6476"
"1162","Charlotte Pors","Female","
Ringe","","DK","F45-49","FIN","5:21:19","0:29:15","0:04:46","2:45:50","0:03:02","1:58:25","789","126","8","2989","120","30","1","636","87","5","789","126","8","19279","1755","286","9950","182","7105"
"254","Hamid Yar Mohammad","Male","København SV","","AF","M25-29","FIN","5:21:26","0:40:40","0:06:03","2:37:20","0:03:42","1:53:42","790","664","156","2072","1193","922","213","744","638","139","790","664","156","19286","2440","363","9440","222","6822"
"838","Lin Bigom-Eriksen","Female","Kongens Lyngby","DK-84","DK","F25-29","FIN","5:21:27","0:36:18","0:05:50","2:41:42","0:03:01","1:54:36","791","127","40","2558","656","141","41","731","104","28","791","127","40","19287","2178","350","9702","181","6876"
"2318","Anne Christine Kaae","Female","8000","DK-82","DK","F25-29","FIN","5:21:43","0:37:40","0:05:40","2:44:38","0:05:08","1:48:37","792","128","41","2553","817","180","56","863","128","36","792","128","41","19303","2260","340","9878","308","6517"
"1682","Marius Lindvik","Male","Haslum","NO-02","NO","M45-49","FIN","5:21:44","0:44:22","0:06:29","2:42:39","0:03:56","1:44:19","793","665","54","2389","1553","1166","90","1029","867","67","793","665","54","19304","2662","389","9759","236","6259"
"143","Giacomo Perfetti","Male","Copenhagen","DK-84","IT","M35-39","FIN","5:21:45","0:34:46","0:06:51","2:47:03","0:03:05","1:50:00","794","666","82","2153","490","382","46","888","756","96","794","666","82","19305","2086","411","10023","185","6600"
"741","Mikkel Borup Andersen","Male","
Bogø By","","DK","M30-34","FIN","5:21:46","0:34:38","0:05:53","2:36:36","0:04:42","1:59:58","795","667","100","1952","481","374","54","564","497","76","795","667","100","19306","2078","353","9396","282","7198"
"192","Ralf Buchner","Male","Güstrow","DE-MV","DE","M55-59","FIN","5:21:47","0:33:23","0:05:02","2:44:38","0:05:17","1:53:27","796","668","29","2614","366","282","13","713","614","30","796","668","29","19307","2003","302","9878","317","6807"
"776","Florian Wolansky","Male","Wiehl","DE-NORDRHEIN-WESTFALEN","DE","M30-34","FIN","5:21:52","0:37:41","0:05:25","2:43:41","0:04:43","1:50:22","797","669","101","1950","820","640","97","827","708","110","797","669","101","19312","2261","325","9821","283","6622"
"1850","Lara Brandes","Female","København","DK-84","DE","F25-29","FIN","5:21:57","0:35:46","0:05:05","2:54:48","0:03:15","1:43:03","798","129","42","2549","600","130","37","1094","175","57","798","129","42","19317","2146","305","10488","195","6183"
"526","Andreas Mentz","Male","Espergærde","Nordsjælland","DK","M30-34","FIN","5:22:05","0:36:51","0:05:14","2:27:58","0:03:17","2:08:45","799","670","102","1946","711","555","87","373","331","51","799","670","102","19325","2211","314","8878","197","7725"
"1108","Stefan Tofte","Male","Randers SV","MIDTJYLLAND","DK","M35-39","FIN","5:22:05","0:34:33","0:05:10","2:47:46","0:06:47","1:47:50","800","671","83","2147","470","365","41","852","727","92","800","671","83","19325","2073","310","10066","407","6470"
"378","Asbjørn Basse","Male","Helsingør","HOVEDSTADEN","DK","M55-59","FIN","5:22:09","0:47:37","0:05:51","2:31:24","0:05:41","1:51:36","801","672","30","2607","1776","1302","78","769","659","33","801","672","30","19329","2857","351","9084","341","6696"
"1685","Ditlev Rønn","Male","København Ø","HOVEDSTADEN","DK","M30-34","FIN","5:22:10","0:34:56","0:05:34","2:40:38","0:03:10","1:57:51","802","673","103","1945","511","397","59","665","574","87","802","673","103","19330","2096","334","9638","190","7071"
"1205","Sarah Olesen","Female","København","Copenhagen","DK","F25-29","FIN","5:22:10","0:32:36","0:06:17","2:43:07","0:06:02","1:54:08","803","130","43","2545","304","71","17","687","95","25","803","130","43","19330","1956","377","9787","362","6848"
"437","Danny Scott Wells Andersen","Male","Farum","DK-84","DK","M35-39","FIN","5:22:12","0:36:24","0:05:46","2:34:07","0:04:41","2:01:14","804","674","84","2145","666","523","67","542","477","61","804","674","84","19332","2184","346","9247","281","7274"
"1609","Mikkel Højbjerg","Male","Hinnerup","DK-82","DK","M30-34","FIN","5:22:14","0:38:56","0:07:21","2:41:41","0:04:43","1:49:34","805","675","104","1943","988","771","120","864","736","114","805","675","104","19334","2336","441","9701","283","6574"
"950","Jeppe Sigaard Johansen","Male","København SV","DK-84","DK","M30-34","FIN","5:22:23","0:41:31","0:07:09","2:40:11","0:06:39","1:46:53","806","676","105","1941","1292","995","154","896","762","119","806","676","105","19343","2491","429","9611","399","6413"
"758","Lars Winther Nielsen","Male","
Hillerød","","DK","M35-39","FIN","5:22:25","0:35:40","0:07:21","2:38:02","0:04:19","1:57:04","807","677","85","2141","586","460","62","663","572","70","807","677","85","19345","2140","441","9482","259","7024"
"1557","Luc Baillis","Male","London","London","GB","M25-29","FIN","5:22:37","0:38:09","0:08:02","2:48:56","0:04:39","1:42:50","808","678","157","2051","888","693","162","1083","911","208","808","678","157","19357","2289","482","10136","279","6170"
"307","Søren Nissen","Male","København Ø","DK-84","DK","M35-39","FIN","5:22:37","0:36:49","0:07:52","2:39:13","0:03:42","1:55:00","809","679","86","2137","707","552","69","737","632","74","809","679","86","19357","2209","472","9553","222","6900"
"889","Thea Kofoed","Female","Lyngby","DK-84","DK","F18-24","FIN","5:22:40","0:37:18","0:04:50","2:39:03","0:02:37","1:58:52","810","131","12","2575","763","166","19","666","92","10","810","131","12","19360","2238","290","9543","157","7132"
"1814","Peter Rosbjerg Ovesen","Male","Aarhus","MIDTJYLLAND","DK","M25-29","FIN","5:22:42","0:51:35","0:06:28","2:29:36","0:03:58","1:51:06","811","680","158","2049","1926","1388","321","856","730","162","811","680","158","19362","3095","388","8976","238","6666"
"711","Martin Hodges","Male","Broxbourne","HRT","GB","M55-59","FIN","5:22:49","0:33:15","0:05:25","2:43:02","0:02:52","1:58:13","812","681","31","2595","355","274","12","678","584","28","812","681","31","19369","1995","325","9782","172","7093"
"450","Timothy Temmerman","Male","Haaltert","BE-VOV","BE","M30-34","FIN","5:22:52","0:35:38","0:08:13","2:31:03","0:03:39","2:04:20","813","682","106","1932","579","456","69","499","439","63","813","682","106","19372","2138","493","9063","219","7460"
"2190","Sabrina Knudsen","Female","Helsinge","SJÆLLAND","DK","F35-39","FIN","5:22:53","0:40:38","0:07:09","2:38:29","0:04:46","1:51:52","814","132","9","2795","1189","270","22","807","115","8","814","132","9","19373","2438","429","9509","286","6712"
"2004","Bent Salling","Male","Nuuk","","GL","M35-39","FIN","5:22:56","0:39:18","0:06:09","2:48:42","0:04:56","1:43:50","815","683","87","2132","1039","811","99","1052","887","110","815","683","87","19376","2358","369","10122","296","6230"
"1632","Morten Wilms","Male","Hvidovre","DK-84","DK","M40-44","FIN","5:22:57","0:48:47","0:12:01","2:35:20","0:04:16","1:42:32","816","684","59","2347","1834","1336","113","1111","931","78","816","684","59","19377","2927","721","9320","256","6152"
"1744","Amalie Jensby","Female","Aarhus","DK-82","DK","F18-24","FIN","5:22:58","0:39:42","0:05:08","2:36:24","0:04:08","1:57:35","817","133","13","2569","1085","240","28","670","94","11","817","133","13","19378","2382","308","9384","248","7055"
"2098","Simon Ströer","Male","Hamburg","Hamburg","DE","M30-34","FIN","5:23:02","0:34:07","0:07:28","2:43:42","0:04:13","1:53:32","818","685","107","1929","441","342","48","783","670","103","818","685","107","19382","2047","448","9822","253","6812"
"1573","Malte Poulsen","Male","Sunds","Herning","DK","M18-24","FIN","5:23:09","0:42:57","0:08:35","2:38:13","0:05:36","1:47:48","819","686","107","2198","1411","1079","168","921","782","127","819","686","107","19389","2577","515","9493","336","6468"
"2112","Bertil Bekker","Male","Frederiksberg","DK-84","DM","M25-29","FIN","5:23:15","0:39:11","0:07:27","2:51:47","0:05:24","1:39:27","820","687","159","2039","1024","800","183","1184","988","229","820","687","159","19395","2351","447","10307","324","5967"
"546","Vibeke Vincentz","Female","København V","DK-84","DK","F45-49","FIN","5:23:18","0:37:24","0:06:48","2:45:39","0:04:51","1:48:36","821","134","9","2953","774","170","13","925","140","10","821","134","9","19398","2244","408","9939","291","6516"
"1259","Freja Hansen","Female","Taastrup","DK-84","DK","F35-39","FIN","5:23:19","0:33:42","0:05:44","2:45:40","0:04:51","1:53:20","822","135","10","2787","398","90","5","778","113","6","822","135","10","19399","2022","344","9940","291","6800"
"1817","Christian Ahrengot","Male","København N","Copenhagen","DK","M25-29","FIN","5:23:21","0:40:57","0:06:47","2:35:02","0:04:16","1:56:18","823","688","160","2037","1221","943","221","708","610","132","823","688","160","19401","2457","407","9302","256","6978"
"1152","Rolf Hansen","Male","Fetsund","NO-02","NO","M40-44","FIN","5:23:31","0:45:08","0:07:54","2:40:59","0:04:00","1:45:29","824","689","60","2337","1608","1199","99","1044","881","73","824","689","60","19411","2708","474","9659","240","6329"
"2262","Tim Daugberg","Male","Dalmose","DK-85","DK","M35-39","FIN","5:23:38","0:40:12","0:07:26","2:41:55","0:06:50","1:47:14","825","690","88","2119","1137","885","109","917","779","99","825","690","88","19418","2412","446","9715","410","6434"
"2231","Niclas Victor Sørensen","Male","Nuuk","GL-Nuussuaq","GL","M25-29","FIN","5:23:40","0:34:37","0:06:54","2:44:41","0:04:51","1:52:36","826","691","161","2032","480","373","73","806","692","154","826","691","161","19420","2077","414","9881","291","6756"
"864","Rasmus Skeem","Male","Charlottenlund","DK-84","DK","M18-24","FIN","5:23:42","0:37:25","0:07:23","2:36:15","0:06:27","1:56:14","827","692","108","2188","777","607","98","662","571","86","827","692","108","19422","2245","443","9375","387","6974"
"2029","Michel Joerss","Male","Schenefeld","Schleswig-Holstein","DE","M25-29","FIN","5:23:43","0:35:15","0:07:01","2:48:58","0:04:59","1:47:30","828","693","162","2031","544","426","85","966","816","186","828","693","162","19423","2115","421","10138","299","6450"
"1098","Christina Baagoe","Female","Odense","DK-83","DK","F35-39","FIN","5:23:43","0:38:46","0:06:03","2:31:43","0:03:41","2:03:30","829","136","11","2780","958","209","18","549","66","2","829","136","11","19423","2326","363","9103","221","7410"
"532","Christina Simonsen Cantor","Female","København N","DK-84","DK","F30-34","FIN","5:23:44","0:40:11","0:04:57","2:43:18","0:03:02","1:52:16","830","137","23","2563","1130","251","40","880","132","23","830","137","23","19424","2411","297","9798","182","6736"
"287","Christian Brondum","Male","HasselholmCOPENHAGEN SV","DK-84","DK","M50-54","FIN","5:23:46","0:44:20","0:08:48","2:29:11","0:07:22","1:54:03","831","694","26","2510","1551","1164","64","698","601","27","831","694","26","19426","2660","528","8951","442","6843"
"2097","Mikkel Albæk","Male","Copenhagen","HOVEDSTADEN","DK","M18-24","FIN","5:23:59","0:37:10","0:06:32","2:29:41","0:06:11","2:04:26","832","695","109","2183","751","588","95","448","396","54","832","695","109","19439","2230","392","8981","371","7466"
"1077","Anna Powers","Female","Værløse","DK-84","DK","F18-24","FIN","5:24:00","0:28:23","0:05:11","2:39:44","0:03:57","2:06:45","833","138","14","2551","96","23","2","444","52","5","833","138","14","19440","1703","311","9584","237","7605"
"1924","Lars Hendrichsen","Male","Jyllinge","DK-85","DK","M55-59","FIN","5:24:07","0:40:05","0:06:53","2:33:48","0:05:06","1:58:15","834","696","32","2572","1123","876","41","655","565","26","834","696","32","19447","2405","413","9228","306","7095"
"1579","Mattias Sønderskov","Male","Frederiksberg","Copenhagen","LU","M25-29","FIN","5:24:09","0:39:35","0:07:48","2:41:01","0:03:51","1:51:53","835","697","163","2023","1071","835","190","877","746","166","835","697","163","19449","2375","468","9661","231","6713"
"1781","Otto Vinther Christensen","Male","Frederiksberg C","DK-84","DK","M60-64","FIN","5:24:10","0:36:37","0:06:58","2:47:59","0:04:30","1:48:06","836","698","15","2663","688","538","10","979","827","20","836","698","15","19450","2197","418","10079","270","6486"
"1770","Lars Nørgaard","Male","
Hvalsø","SJÆLLAND","DK","M55-59","FIN","5:24:12","0:41:06","0:06:26","2:38:12","0:05:23","1:53:05","837","699","33","2570","1238","956","49","793","679","35","837","699","33","19452","2466","386","9492","323","6785"
"732","Victor Mohr","Male","Hillerød","DK-85","DK","M18-24","FIN","5:24:14","0:43:15","0:07:59","2:42:20","0:04:04","1:46:36","838","700","110","2178","1452","1106","172","1032","870","140","838","700","110","19454","2595","479","9740","244","6396"
"2132","Sebastian Iversen","Male","Aarhus","DK-82","DK","M18-24","FIN","5:24:16","0:33:27","0:07:49","2:42:24","0:05:29","1:55:07","839","701","111","2177","373","289","49","725","623","95","839","701","111","19456","2007","469","9744","329","6907"
"1233","Linus Lidman","Male","Helsingborg","","SE","M30-34","FIN","5:24:18","0:43:07","0:07:23","2:43:27","0:03:47","1:46:34","840","702","108","1906","1435","1093","168","1043","880","136","840","702","108","19458","2587","443","9807","227","6394"
"496","Mikkel Toft Stisager","Male","Odense C","DK-83","DK","M35-39","FIN","5:24:28","0:38:04","0:07:10","2:39:08","0:03:55","1:56:11","841","703","89","2104","873","681","83","751","644","77","841","703","89","19468","2284","430","9548","235","6971"
"421","Signe Krogh","Female","København","HOVEDSTADEN","DK","F25-29","FIN","5:24:40","0:39:54","0:06:12","2:50:58","0:04:31","1:43:05","842","139","44","2500","1103","245","79","1137","187","59","842","139","44","19480","2394","372","10258","271","6185"
"1366","Andreas Johansson","Male","Klippan","SE-M","SE","M45-49","FIN","5:24:47","0:28:22","0:05:38","3:02:00","0:04:06","1:44:40","843","704","55","2334","93","71","6","1105","926","72","843","704","55","19487","1702","338","10920","246","6280"
"1958","Ben Kenworthy","Male","pirbright","England","GB","M25-29","FIN","5:24:47","0:33:24","0:05:59","2:35:46","0:06:25","2:03:12","844","705","164","2012","370","286","49","505","445","96","844","705","164","19487","2004","359","9346","385","7392"
"1475","Morten Bay","Male","Gjern","Central Jutland","DK","M40-44","FIN","5:24:51","0:48:11","0:08:48","2:35:11","0:04:33","1:48:08","845","706","61","2313","1807","1318","108","994","839","70","845","706","61","19491","2891","528","9311","273","6488"
"1725","Per Jessen","Male","Gørding","Southern Jutland","DK","M50-54","FIN","5:24:51","0:38:39","0:07:38","2:44:46","0:04:02","1:49:46","846","707","27","2490","943","740","35","960","810","34","846","707","27","19491","2319","458","9886","242","6586"
"1757","Izzy Read","Female","Sidmouth","England","GB","F18-24","FIN","5:24:55","0:30:56","0:12:56","2:50:51","0:04:50","1:45:22","847","140","15","2534","194","49","6","1072","170","18","847","140","15","19495","1856","776","10251","290","6322"
"786","Esben Lorenzen","Male","Copenhagen","Copenhagen","DK","M35-39","FIN","5:24:57","0:37:31","0:07:19","2:40:55","0:05:59","1:53:14","848","708","90","2095","793","619","78","792","678","82","848","708","90","19497","2251","439","9655","359","6794"
"296","Que Son Vu","Male","København SV","HOVEDSTADEN","DK","M45-49","FIN","5:25:00","0:42:11","0:10:16","2:48:06","0:04:13","1:40:15","849","709","56","2330","1350","1038","76","1240","1024","78","849","709","56","19500","2531","616","10086","253","6015"
"1629","Neel Jansen","Female","Herfølge","DK-DK-85","DK","F45-49","FIN","5:25:07","0:34:21","0:07:19","2:41:08","0:06:08","1:56:11","850","141","10","2921","454","103","6","709","99","7","850","141","10","19507","2061","439","9668","368","6971"
"2126","Peter Karlsson","Male","Onsala","SE-N","SE","M55-59","FIN","5:25:07","0:42:13","0:08:13","2:43:26","0:03:33","1:47:41","851","710","34","2554","1355","1043","61","1039","876","51","851","710","34","19507","2533","493","9806","213","6461"
"1548","Magnus Lysgård","Male","Stavanger","NO-11","NO","M35-39","FIN","5:25:11","0:45:19","0:07:48","2:57:01","0:03:46","1:31:17","852","711","91","2091","1625","1209","135","1478","1184","137","852","711","91","19511","2719","468","10621","226","5477"
"1709","Emil Buhl","Male","Virum","DK-84","DK","M18-24","FIN","5:25:12","0:44:05","0:08:46","2:38:53","0:04:05","1:49:23","853","712","112","2161","1530","1152","177","983","830","133","853","712","112","19512","2645","526","9533","245","6563"
"720","Morten Thorsdalen","Male","Kristiansand","","NO","M25-29","FIN","5:25:13","0:36:46","0:06:34","2:40:28","0:05:12","1:56:14","854","713","165","2004","701","548","118","730","627","136","854","713","165","19513","2206","394","9628","312","6974"
"1549","Johan Åkesson","Male","Helsingborg","","SE","M30-34","FIN","5:25:22","0:38:14","0:06:13","2:48:37","0:03:58","1:48:19","855","714","109","1887","901","704","106","1015","858","130","855","714","109","19522","2294","373","10117","238","6499"
"1365","Anders Lund","Male","Rudkøbing","Fyn","DK","M25-29","FIN","5:25:24","0:44:06","0:08:26","2:35:51","0:04:37","1:52:24","856","715","166","2000","1531","1153","275","876","745","165","856","715","166","19524","2646","506","9351","277","6744"
"454","Daniel Pedersen","Male","Stenløse","Danmark","DK","M45-49","FIN","5:25:25","0:32:07","0:06:07","2:50:50","0:04:03","1:52:18","857","716","57","2322","269","205","17","900","765","61","857","716","57","19525","1927","367","10250","243","6738"
"1255","Sascha Nicholsen","Female","Kastrup","DK-84","DK","F35-39","FIN","5:25:27","0:37:47","0:05:52","2:41:57","0:03:37","1:56:15","858","142","12","2749","836","185","15","790","114","7","858","142","12","19527","2267","352","9717","217","6975"
"1505","Marcus Nielsen","Male","Åbyhøj","DK-82","DK","M18-24","FIN","5:25:33","0:38:06","0:07:49","2:46:08","0:04:37","1:48:53","859","717","113","2154","879","685","110","989","835","134","859","717","113","19533","2286","469","9968","277","6533"
"1889","Bogi H�JGAARD","Male","Argir","","FO","M40-44","FIN","5:25:38","0:43:38","0:07:21","2:43:50","0:07:08","1:43:41","860","718","62","2299","1485","1126","95","1074","904","76","860","718","62","19538","2618","441","9830","428","6221"
"488","Oskar Evrard Helledie","Male","Svendborg","DK-83","DK","M18-24","FIN","5:25:40","0:38:17","0:06:11","2:42:34","0:04:12","1:54:27","861","719","114","2152","904","705","113","835","714","112","861","719","114","19540","2297","371","9754","252","6867"
"1928","Helena Jarlgaard","Female","København","DK-84","DK","F25-29","FIN","5:25:49","0:37:41","0:06:01","2:50:21","0:04:43","1:47:03","862","143","45","2479","822","181","57","1046","164","51","862","143","45","19549","2261","361","10221","283","6423"
"1111","Frederik Krohn","Male","Gentofte","DK-84","DK","M30-34","FIN","5:25:55","0:45:39","0:09:10","2:35:02","0:06:14","1:49:51","863","720","110","1877","1655","1230","191","924","785","122","863","720","110","19555","2739","550","9302","374","6591"
"1055","Gry Simone Lumbye Floor","Female","København","Copenhagen","DK","F25-29","FIN","5:25:57","0:28:53","0:06:10","2:56:24","0:03:53","1:50:36","864","144","46","2477","108","25","4","974","152","47","864","144","46","19557","1733","370","10584","233","6636"
"1739","Edward Lind-Holm","Male","København SV","Copenhagen","DK","M25-29","FIN","5:25:58","0:38:56","0:07:02","2:46:44","0:04:15","1:49:01","865","721","167","1990","987","770","179","1003","847","198","865","721","167","19558","2336","422","10004","255","6541"
"832","Emil Pfeiffer Kristensen","Male","Kongens Lyngby","Copenhagen","DK","M25-29","FIN","5:25:59","0:45:56","0:06:50","2:45:40","0:03:53","1:43:39","866","722","168","1990","1677","1242","292","1185","989","230","866","722","168","19559","2756","410","9940","233","6219"
"1612","Oliver Hou-Jensen","Male","Odense","DK-83","DK","M25-29","FIN","5:26:01","0:42:41","0:09:51","2:38:48","0:05:31","1:49:09","867","723","169","1989","1387","1063","249","968","818","187","867","723","169","19561","2561","591","9528","331","6549"
"1783","Jan Sochurek","Male","Lübeck","SCHLESWIG-HOLSTEIN","DE","M35-39","FIN","5:26:06","0:48:32","0:05:57","2:40:21","0:04:07","1:47:08","868","724","92","2075","1823","1329","147","1077","906","111","868","724","92","19566","2912","357","9621","247","6428"
"1638","Ole Aasen Christiansen","Male","Skien","Telemark","NO","M30-34","FIN","5:26:06","0:32:35","0:06:36","2:42:56","0:03:33","2:00:26","869","725","111","1874","302","232","30","690","593","91","869","725","111","19566","1955","396","9776","213","7226"
"445","Michael Hansen","Male","
København S","","DK","M25-29","FIN","5:26:06","0:38:43","0:06:35","2:39:35","0:04:05","1:57:07","870","726","170","1988","952","745","174","770","660","144","870","726","170","19566","2323","395","9575","245","7027"
"1376","Jesper Storm Thygesen","Male","Skodsborg","Copenhagen","DK","M50-54","FIN","5:26:07","0:39:00","0:06:46","2:51:28","0:03:58","1:44:55","871","727","28","2467","1002","782","38","1138","951","43","871","727","28","19567","2340","406","10288","238","6295"
"856","Ludvig Lindberg","Male","Luleå","Norrbotten","SE","M18-24","FIN","5:26:08","0:36:35","0:06:50","2:40:26","0:04:23","1:57:53","872","728","115","2144","684","535","85","735","631","100","872","728","115","19568","2195","410","9626","263","7073"
"566","Lukas Grether","Male","Bottmingen","Basel-Landschaft","CH","M18-24","FIN","5:26:19","0:45:52","0:06:36","2:43:50","0:05:20","1:44:41","873","729","116","2141","1670","1236","185","1114","934","150","873","729","116","19579","2752","396","9830","320","6281"
"800","Kurt Misje","Male","Haugesund","NO-11","NO","M55-59","FIN","5:26:24","0:41:16","0:07:59","2:43:45","0:05:52","1:47:33","874","730","35","2531","1259","971","53","1013","856","49","874","730","35","19584","2476","479","9825","352","6453"
"1451","Cecilie Emilia Frikke Nielsen","Female","Risskov","DK-82","DK","F25-29","FIN","5:26:30","0:44:18","0:08:14","2:41:33","0:04:06","1:48:20","875","145","47","2467","1544","384","129","1049","165","52","875","145","47","19590","2658","494","9693","246","6500"
"1208","Jeppe Stage","Male","Århus","DK-82","DK","M18-24","FIN","5:26:31","0:40:03","0:05:52","2:40:56","0:03:36","1:56:04","876","731","117","2137","1116","870","138","831","711","111","876","731","117","19591","2403","352","9656","216","6964"
"609","Tom Iddon","Male","Paisley","RENFREWSHIRE","GB","M40-44","FIN","5:26:34","0:38:09","0:07:08","2:42:10","0:03:56","1:55:11","877","732","63","2282","889","694","56","850","726","63","877","732","63","19594","2289","428","9730","236","6911"
"656","Lennert Bessems","Male","Zemst","Flemish Region","BE","M25-29","FIN","5:26:35","0:44:00","0:05:21","2:41:25","0:03:47","1:52:03","878","733","171","1979","1520","1147","273","949","800","180","878","733","171","19595","2640","321","9685","227","6723"
"2352","Saga Björk Laetano Frímannsdóttir","Female","København","Copenhagen","IS","F25-29","FIN","5:26:41","0:33:20","0:07:13","2:48:16","0:06:20","1:51:32","879","146","48","2463","363","83","19","894","134","41","879","146","48","19601","2000","433","10096","380","6692"
"2401","Lasse Zaggai","Male","Sundby
København","","DK","M55-59","FIN","5:26:42","0:36:47","0:06:06","2:45:47","0:04:06","1:53:57","880","734","36","2525","703","550","27","886","754","37","880","734","36","19602","2207","366","9947","246","6837"
"569","Knut Johannes Hallingstad","Male","Haugesund","NO-11","NO","M60-64","FIN","5:26:42","0:39:14","0:08:05","2:33:48","0:04:55","2:00:39","881","735","16","2618","1034","807","20","664","573","14","881","735","16","19602","2354","485","9228","295","7239"
"1663","André Kruuse Jensen","Male","København","DK-84","DK","M30-34","FIN","5:26:42","0:38:46","0:09:45","2:41:02","0:07:02","1:50:07","882","736","112","1863","959","750","116","915","778","121","882","736","112","19602","2326","585","9662","422","6607"
"996","Bastian Håkonsen Johannesen","Male","København K","DK-84","DK","M18-24","FIN","5:26:48","0:37:16","0:08:08","2:48:54","0:05:32","1:46:57","883","737","118","2132","761","597","97","1059","893","143","883","737","118","19608","2236","488","10134","332","6417"
"465","Jacob Bøje Madsen","Male","Kongen Lyngby","DK-84","DK","M18-24","FIN","5:26:50","0:42:06","0:06:09","2:36:58","0:03:40","1:57:57","884","738","119","2131","1345","1035","162","780","667","106","884","738","119","19610","2526","369","9418","220","7077"
"503","Magnus Bjerregaard","Male","København s","Copenhagen","DK","M25-29","FIN","5:26:52","0:38:46","0:06:43","2:39:18","0:05:03","1:57:00","885","739","172","1974","961","752","176","765","655","142","885","739","172","19612","2326","403","9558","303","7020"
"2176","Morten Sigvardt","Male","Morud","Fyn","DK","M35-39","FIN","5:26:52","0:40:57","0:06:06","2:40:07","0:02:57","1:56:45","886","740","93","2061","1222","944","113","840","717","89","886","740","93","19612","2457","366","9607","177","7005"
"736","Kristina McGrory","Female","Oslo","NO-03","NO","F30-34","FIN","5:26:53","0:36:03","0:05:25","2:49:58","0:03:05","1:52:21","887","147","24","2507","632","134","21","973","151","26","887","147","24","19613","2163","325","10198","185","6741"
"278","Markus Gravlund","Male","København","DK-84","DK","M30-34","FIN","5:26:56","0:46:34","0:11:41","2:41:42","0:05:45","1:41:14","888","741","113","1859","1725","1272","200","1230","1020","155","888","741","113","19616","2794","701","9702","345","6074"
"926","Conrad Schat-Holm","Male","Hellerup","Gentofte","DK","M18-24","FIN","5:27:03","0:42:23","0:11:13","2:44:46","0:07:04","1:41:37","889","742","120","2127","1366","1049","164","1182","986","163","889","742","120","19623","2543","673","9886","424","6097"
"2116","Kenneth Hvenegaard","Male","Rødovre","","DK","M45-49","FIN","5:27:05","0:35:46","0:05:31","2:30:58","0:05:26","2:09:23","890","743","58","2292","601","471","34","422","374","26","890","743","58","19625","2146","331","9058","326","7763"
"1449","Rasmus Olsen","Male","København","Copenhagen","DK","M40-44","FIN","5:27:07","0:40:46","0:08:48","2:47:10","0:04:31","1:45:52","891","744","64","2272","1202","928","84","1130","946","82","891","744","64","19627","2446","528","10030","271","6352"
"2327","Casper Colding Lund Petersen","Male","Næstved","Zealand","DK","M18-24","FIN","5:27:12","0:37:08","0:07:38","2:50:33","0:04:46","1:47:06","892","745","121","2125","747","585","94","1090","916","146","892","745","121","19632","2228","458","10233","286","6426"
"1623","Maria Willumsen","Female","Hillerød","Nordsjælland","DK","F18-24","FIN","5:27:13","0:36:57","0:06:38","2:43:49","0:05:18","1:54:30","893","148","16","2493","718","158","18","848","124","14","893","148","16","19633","2217","398","9829","318","6870"
"2362","Carl Olsson","Male","Skövde","","SE","M25-29","FIN","5:27:15","0:38:44","0:07:00","2:52:15","0:05:45","1:43:31","894","746","173","1967","954","747","175","1168","973","225","894","746","173","19635","2324","420","10335","345","6211"
"258","Noah Toft","Male","Aarhus","DK-82","DK","M18-24","FIN","5:27:15","0:40:23","0:07:16","2:40:05","0:03:44","1:55:48","895","747","122","2124","1158","897","142","859","732","116","895","747","122","19635","2423","436","9605","224","6948"
"1450","Kasper Lentz","Male","Esbjerg","DK-83","DK","M25-29","FIN","5:27:16","0:41:36","0:07:31","2:36:19","0:04:13","1:57:36","896","748","174","1967","1299","997","233","787","674","147","896","748","174","19636","2496","451","9379","253","7056"
"1022","Christoffer Cardél","Male","København","DK-84","DK","M25-29","FIN","5:27:20","0:38:35","0:08:30","2:49:31","0:04:36","1:46:08","897","749","175","1966","934","732","171","1125","942","214","897","749","175","19640","2315","510","10171","276","6368"
"1250","Rasmus Durin","Male","Greve","DK-85","DK","M18-24","FIN","5:27:21","0:38:46","0:05:24","2:39:42","0:04:05","1:59:25","898","750","123","2122","960","751","121","734","630","99","898","750","123","19641","2326","324","9582","245","7165"
"1357","Hjalte Koch","Male","Aarhus C","DK-82","DK","M18-24","FIN","5:27:22","0:44:48","0:08:13","2:43:42","0:04:49","1:45:49","899","751","124","2122","1588","1183","182","1128","945","154","899","751","124","19642","2688","493","9822","289","6349"
"1929","Rasmus Kruse","Male","Aarhus","DK-82","DK","M18-24","FIN","5:27:22","0:45:13","0:10:02","2:42:12","0:05:28","1:44:28","900","752","125","2122","1614","1203","183","1145","957","159","900","752","125","19642","2713","602","9732","328","6268"
"2073","tobias lund","Male","Hørsholm","","DK","M18-24","FIN","5:27:23","0:50:01","0:07:12","2:31:02","0:04:57","1:54:11","901","753","126","2121","1885","1365","202","872","742","121","901","753","126","19643","3001","432","9062","297","6851"
"1716","Matias Bjørling","Male","København","DK-84","DK","M40-44","FIN","5:27:28","0:50:33","0:08:29","2:41:13","0:05:19","1:41:53","902","754","65","2266","1901","1373","114","1236","1022","89","902","754","65","19648","3033","509","9673","319","6113"
"1995","Viggo Prehn","Male","Fredericia","DK-83","DK","M18-24","FIN","5:27:32","0:29:39","0:05:28","2:54:08","0:04:07","1:54:11","903","755","127","2119","129","98","15","905","769","123","903","755","127","19652","1779","328","10448","247","6851"
"285","Facundo Villarroel","Male","Søborg","DK-84","AR","M35-39","FIN","5:27:37","0:41:00","0:08:01","2:47:00","0:06:21","1:45:15","904","756","94","2047","1228","948","114","1106","927","113","904","756","94","19657","2460","481","10020","381","6315"
"1774","Mikkel Ebbesen","Male","Aarhus","Central Jutland","DK","M30-34","FIN","5:27:39","0:40:26","0:06:53","2:37:14","0:04:48","1:58:19","905","757","114","1846","1164","902","139","759","649","99","905","757","114","19659","2426","413","9434","288","7099"
"468","Magnus Bøje Madsen","Male","Kongens Lyngby","DK-84","DK","M25-29","FIN","5:27:45","0:37:43","0:05:51","2:36:23","0:03:34","2:04:14","906","758","176","1958","825","643","148","641","554","121","906","758","176","19665","2263","351","9383","214","7454"
"1822","Ida Züberlein","Female","København","Copenhagen","DK","F25-29","FIN","5:27:47","0:35:46","0:06:44","2:51:52","0:04:59","1:48:26","907","149","49","2444","599","129","36","1060","167","54","907","149","49","19667","2146","404","10312","299","6506"
"351","Freja Cecilie Lyngholt Nielsen","Female","København NV","","DK","F25-29","FIN","5:27:47","0:43:24","0:07:07","2:39:02","0:04:42","1:53:32","908","150","50","2444","1466","353","115","916","138","43","908","150","50","19667","2604","427","9542","282","6812"
"952","Sander Schalkx","Male","Soest","NL-UT","NL","M30-34","FIN","5:27:57","0:40:14","0:07:34","2:55:14","0:05:39","1:39:15","909","759","115","1841","1142","887","137","1308","1071","164","909","759","115","19677","2414","454","10514","339","5955"
"1406","Sean Stafford","Male","Friezland","LAN","GB","M55-59","FIN","5:28:00","0:35:45","0:05:13","2:49:53","0:03:14","1:53:55","910","760","37","2502","596","468","24","950","801","42","910","760","37","19680","2145","313","10193","194","6835"
"1939","Frederik Bülow","Male","København","HOVEDSTADEN","DK","M25-29","FIN","5:28:03","0:45:13","0:07:13","2:37:22","0:07:28","1:50:47","911","761","177","1953","1613","1202","285","922","783","174","911","761","177","19683","2713","433","9442","448","6647"
"712","Albert Heiberg Larsen","Male","København","København","DK","M18-24","FIN","5:28:04","0:43:01","0:05:23","2:38:11","0:05:43","1:55:46","912","762","128","2109","1419","1085","171","820","704","110","912","762","128","19684","2581","323","9491","343","6946"
"248","Jakob Stagsted Galatius","Male","KBH K","Copenhagen","DK","M25-29","FIN","5:28:06","0:35:29","0:06:53","2:46:59","0:06:33","1:52:11","913","763","178","1952","564","443","91","908","772","170","913","763","178","19686","2129","413","10019","393","6731"
"687","Kasper Pind","Male","Valby ","HOVEDSTADEN","DK","M25-29","FIN","5:28:06","0:38:13","0:08:18","2:48:09","0:08:43","1:44:41","914","764","179","1952","899","702","166","1068","899","204","914","764","179","19686","2293","498","10089","523","6281"
"2296","Kristian Møller bjerrisgaard","Male","Kolding","DK-83","DK","M18-24","FIN","5:28:08","0:42:41","0:06:26","2:43:31","0:04:10","1:51:20","915","765","129","2108","1386","1062","165","1001","846","135","915","765","129","19688","2561","386","9811","250","6680"
"1973","Christoffer Nielsen-Friis","Male","København K","DK-84","DK","M25-29","FIN","5:28:12","0:38:39","0:06:48","2:46:28","0:03:46","1:52:31","916","766","180","1950","944","741","173","988","834","193","916","766","180","19692","2319","408","9988","226","6751"
"1786","Matthias Seitz","Male","München","Bavaria","DE","M35-39","FIN","5:28:17","0:36:59","0:06:56","2:49:01","0:05:42","1:49:41","917","767","95","2035","725","567","71","1010","854","104","917","767","95","19697","2219","416","10141","342","6581"
"2193","Kasper Juellund","Male","Holbæk","Region Sjælland","DK","M30-34","FIN","5:28:21","0:46:15","0:07:07","2:44:50","0:05:17","1:44:52","918","768","116","1833","1696","1255","198","1176","980","150","918","768","116","19701","2775","427","9890","317","6292"
"710","Peter Biggs","Male","Ware","Hertfordshire","GB","M55-59","FIN","5:28:27","0:32:53","0:05:58","2:43:34","0:04:52","2:01:09","919","769","38","2494","329","252","9","700","603","29","919","769","38","19707","1973","358","9814","292","7269"
"1993","Øjvind Ammendrup","Male","København K","Copenhagen","DK","M25-29","FIN","5:28:29","0:35:22","0:06:00","2:49:41","0:03:53","1:53:33","920","770","181","1945","554","435","87","961","811","184","920","770","181","19709","2122","360","10181","233","6813"
"1198","Ines Brodersen","Female","Viöl","DE-SH","DE","F40-44","FIN","5:28:32","0:39:21","0:08:34","2:32:52","0:06:41","2:01:03","921","151","11","2810","1046","229","16","657","91","8","921","151","11","19712","2361","514","9172","401","7263"
"1257","Kristian Johnsen","Male","Randers SV","DK-82","DK","M25-29","FIN","5:28:36","0:35:29","0:08:20","2:42:29","0:06:29","1:55:48","922","771","182","1943","565","444","92","810","695","155","922","771","182","19716","2129","500","9749","389","6948"
"1207","Edgar Burgos","Male","Søborg","DK-84","DK","M55-59","FIN","5:28:40","0:38:37","0:08:17","2:42:07","0:06:30","1:53:09","923","772","39","2490","939","736","34","899","764","39","923","772","39","19720","2317","497","9727","390","6789"
"1698","Jesper Jensen","Male","Nørresundby","NORDJYLLAND","DK","M50-54","FIN","5:28:47","0:35:31","0:10:15","2:38:55","0:05:39","1:58:27","924","773","29","2419","568","446","18","761","651","30","924","773","29","19727","2131","615","9535","339","7107"
"1447","Henric Borg","Male","Hollviken","SE-M","SE","M55-59","FIN","5:28:57","0:40:36","0:07:42","2:43:52","0:04:51","1:51:57","925","774","40","2485","1184","916","44","993","838","46","925","774","40","19737","2436","462","9832","291","6717"
"1010","Magdelene Haahr","Female","Frederiksberg","Copenhagen","DK","F18-24","FIN","5:29:00","0:41:34","0:07:57","2:35:35","0:04:12","1:59:43","926","152","17","2461","1298","302","32","776","111","12","926","152","17","19740","2494","477","9335","252","7183"
"743","Melissa Carloni","Female","Frankfurt am Main","Hessen","IT","F25-29","FIN","5:29:02","0:30:37","0:05:22","2:58:19","0:02:20","1:52:24","927","153","51","2421","175","41","7","1057","166","53","927","153","51","19742","1837","322","10699","140","6744"
"314","Anders Lagoni","Male","Copenhagen","DK-84","DK","M45-49","FIN","5:29:03","0:45:00","0:08:56","2:43:52","0:04:13","1:47:02","928","775","59","2257","1600","1191","94","1160","967","73","928","775","59","19743","2700","536","9832","253","6422"
"951","Stijn Buth","Male","Middenbeemster ","North-Holland","NL","M18-24","FIN","5:29:04","0:33:34","0:08:32","2:41:40","0:03:38","2:01:41","929","776","130","2091","387","299","51","728","625","97","929","776","130","19744","2014","512","9700","218","7301"
"2297","Brian Ahrens","Male","
Bramming","SYDDANMARK","DK","M50-54","FIN","5:29:06","0:39:44","0:08:40","2:42:38","0:07:11","1:50:53","930","777","30","2414","1087","846","44","959","809","33","930","777","30","19746","2384","520","9758","431","6653"
"1966","Blazej Grycel","Male","Esbjerg Ø","Southern Jutland","DK","M35-39","FIN","5:29:07","0:35:09","0:07:21","2:51:21","0:04:51","1:50:25","931","778","96","2020","535","418","51","1036","873","107","931","778","96","19747","2109","441","10281","291","6625"
"272","Nikolaj Mikkelsen","Male","Ølstykke","SJÆLLAND","DK","M18-24","FIN","5:29:08","0:38:30","0:08:56","2:34:41","0:05:11","2:01:50","932","779","131","2090","924","723","117","691","594","90","932","779","131","19748","2310","536","9281","311","7310"
"1459","Gaute Østebøvik","Male","Haugesund","NO-11","NO","M50-54","FIN","5:29:12","0:42:50","0:07:28","2:49:13","0:04:50","1:44:51","933","780","31","2412","1399","1071","55","1217","1011","50","933","780","31","19752","2570","448","10153","290","6291"
"850","Edgaras Bubelis","Male","København","DK-85","LT","M35-39","FIN","5:29:12","0:38:47","0:08:44","2:57:06","0:06:28","1:38:07","934","781","97","2019","963","754","92","1351","1096","130","934","781","97","19752","2327","524","10626","388","5887"
"1618","Miriam Netland","Female","Kvinesdal","NO-10","NO","F45-49","FIN","5:29:18","0:45:30","0:05:50","2:48:38","0:05:30","1:43:50","935","154","11","2845","1644","424","34","1231","211","14","935","154","11","19758","2730","350","10118","330","6230"
"2234","Martin Birk Hansen","Male","Køge","DK-85","DK","M45-49","FIN","5:29:29","0:40:49","0:07:16","2:38:19","0:05:41","1:57:24","936","782","60","2249","1205","930","69","815","700","57","936","782","60","19769","2449","436","9499","341","7044"
"2326","William Major","Male","København N","HOVEDSTADEN","DK","M30-34","FIN","5:29:31","0:38:21","0:10:47","2:34:48","0:09:23","1:56:12","937","783","117","1812","914","714","109","738","633","96","937","783","117","19771","2301","647","9288","563","6972"
"1349","Khiem Huynh","Male","København","Copenhagen","DK","M30-34","FIN","5:29:34","0:49:47","0:09:06","2:46:14","0:06:54","1:37:32","938","784","118","1811","1876","1360","215","1365","1106","175","938","784","118","19774","2987","546","9974","414","5852"
"404","Frederik Lyngholm","Male","Brøndby","Copenhagen","DK","M30-34","FIN","5:29:35","0:38:38","0:06:36","2:44:39","0:06:16","1:53:26","939","785","119","1811","940","737","112","926","786","123","939","785","119","19775","2318","396","9879","376","6806"
"191","Peter-Roman Persch","Male","Kleinmachnow","BB","DE","M55-59","FIN","5:29:41","0:40:54","0:06:50","2:44:27","0:04:29","1:53:00","940","786","41","2471","1217","939","46","995","840","47","940","786","41","19781","2454","410","9867","269","6780"
"643","Nicolas Commaret","Male","copenhague","","FR","M35-39","FIN","5:29:50","0:43:44","0:09:10","2:49:46","0:06:15","1:40:55","941","787","98","2007","1496","1133","127","1300","1066","126","941","787","98","19790","2624","550","10186","375","6055"
"512","Martin Ellegaard Hansen","Male","Kastrup","DK-84","DK","M45-49","FIN","5:29:59","0:39:20","0:08:16","2:52:01","0:05:31","1:44:50","942","788","61","2240","1045","817","64","1218","1012","76","942","788","61","19799","2360","496","10321","331","6290"
"2267","Allan Feldtskov","Male","Kalundborg ","","DK","M50-54","FIN","5:29:59","0:39:37","0:08:17","2:47:09","0:05:33","1:49:24","943","789","32","2398","1074","838","43","1081","909","40","943","789","32","19799","2377","497","10029","333","6564"
"312","Deividas Nikulin","Male","Frederiksberg","DK-85","LT","M25-29","FIN","5:30:06","0:30:40","0:06:11","3:00:51","0:05:50","1:46:33","944","790","183","1916","178","136","17","1158","965","221","944","790","183","19806","1840","371","10851","350","6393"
"1167","Mathias Møller Jakobsen","Male","Silkeborg","Central Jutland","DK","M18-24","FIN","5:30:06","0:42:52","0:09:56","2:35:11","0:05:13","1:56:54","945","791","132","2072","1403","1074","166","865","737","119","945","791","132","19806","2572","596","9311","313","7014"
"1484","Andreas Jørgensen","Male","glostrup","HOVEDSTADEN","DK","M25-29","FIN","5:30:12","0:35:48","0:05:39","2:32:26","0:03:39","2:12:39","946","792","184","1914","611","481","102","466","412","86","946","792","184","19812","2148","339","9146","219","7959"
"1597","Solveig Katrine Smedsland","Female","Oslo","NO-03","NO","F45-49","FIN","5:30:14","0:43:23","0:06:53","2:51:14","0:03:45","1:45:00","947","155","12","2828","1465","352","25","1267","224","15","947","155","12","19814","2603","413","10274","225","6300"
"1258","Magnus Sandberg","Male","Risskov","DK-82","DK","M18-24","FIN","5:30:16","0:39:23","0:05:47","2:41:13","0:03:40","2:00:14","948","793","133","2069","1049","819","131","814","699","108","948","793","133","19816","2363","347","9673","220","7214"
"1753","Kim Kræmmer Lie","Male","Kastrup","","DK","M55-59","FIN","5:30:20","0:28:50","0:08:00","2:35:09","0:06:10","2:12:11","949","794","42","2460","105","81","3","417","370","14","949","794","42","19820","1730","480","9309","370","7931"
"884","Lasse Cramon Jensen","Male","Ringsted","","DK","M45-49","FIN","5:30:22","0:39:11","0:06:15","2:40:26","0:03:23","2:01:07","950","795","62","2233","1028","802","63","798","684","56","950","795","62","19822","2351","375","9626","203","7267"
"2195","Niels Strøm","Male","København S","DK-84","DK","M40-44","FIN","5:30:29","0:37:45","0:06:50","2:41:00","0:05:34","1:59:20","951","796","66","2211","831","647","52","789","676","58","951","796","66","19829","2265","410","9660","334","7160"
"261","Vadym Symchera","Male","Mynay/Uzhhorod","UA-21","UA","M45-49","FIN","5:30:32","0:38:12","0:06:37","2:46:44","0:04:58","1:54:01","952","797","63","2230","890","695","55","976","824","65","952","797","63","19832","2292","397","10004","298","6841"
"524","Audun Gjerde","Male","Oslo","Oslo","NO","M30-34","FIN","5:30:33","0:49:44","0:07:37","2:50:01","0:06:15","1:36:56","953","798","120","1794","1874","1358","214","1417","1144","181","953","798","120","19833","2984","457","10201","375","5816"
"765","Tobias holmboe","Male","Risskov","Central Jutland","DK","M18-24","FIN","5:30:35","0:35:48","0:05:43","2:55:44","0:03:55","1:49:24","954","799","134","2064","609","479","77","1139","952","156","954","799","134","19835","2148","343","10544","235","6564"
"1900","Julian Mittag","Male","København","Copenhagen","DE","M25-29","FIN","5:30:37","0:37:15","0:08:21","2:52:17","0:05:47","1:46:56","955","800","185","1907","759","596","131","1161","968","223","955","800","185","19837","2235","501","10337","347","6416"
"1251","Asterios Nastas","Male","Copenhagen","DK-84","DK","M30-34","FIN","5:30:38","0:41:54","0:06:27","2:37:28","0:03:59","2:00:50","956","801","121","1792","1330","1022","160","796","682","105","956","801","121","19838","2514","387","9448","239","7250"
"1364","Kristoffer Holm Thomsen","Male","AALBORG","Nordjylland","DK","M25-29","FIN","5:30:42","0:46:21","0:07:26","2:45:55","0:04:07","1:46:54","957","802","186","1905","1706","1264","297","1221","1014","235","957","802","186","19842","2781","446","9955","247","6414"
"2030","Niklas Knüpfer","Male","Hamburg","Hamburg","DE","M25-29","FIN","5:30:46","0:36:40","0:10:13","2:58:21","0:05:03","1:40:29","958","803","187","1904","693","541","116","1371","1111","255","958","803","187","19846","2200","613","10701","303","6029"
"976","Svetlana Trifonova","Female","Limassol","CY-02","CY","F35-39","FIN","5:30:50","0:40:51","0:06:11","2:48:53","0:03:07","1:51:47","959","156","13","2652","1211","277","24","1102","178","16","959","156","13","19850","2451","371","10133","187","6707"
"2341","Andrea Garretta","Male","København","SJÆLLAND","DK","M30-34","FIN","5:30:50","0:36:11","0:08:35","2:49:53","0:07:47","1:48:24","960","804","122","1789","645","507","81","1066","897","139","960","804","122","19850","2171","515","10193","467","6504"
"235","Ian Booth","Male","Vejle","DK-83","DK","M40-44","FIN","5:30:56","0:40:27","0:05:52","2:50:15","0:02:53","1:51:28","961","805","67","2203","1169","906","81","1123","941","81","961","805","67","19856","2427","352","10215","173","6688"
"1041","Erik Nguyen","Male","Gullaug","Buskerud","NO","M35-39","FIN","5:31:00","0:53:24","0:07:43","2:47:24","0:03:31","1:38:57","962","806","99","1986","1976","1417","158","1446","1162","136","962","806","99","19860","3204","463","10044","211","5937"
"475","Endre Hopen","Male","Florø","NO-14","NO","M50-54","FIN","5:31:03","0:36:59","0:07:17","2:38:27","0:04:01","2:04:19","963","807","33","2378","726","568","24","704","607","28","963","807","33","19863","2219","437","9507","241","7459"
"662","Frederik Nebeling","Male","Stenløse","DK-84","DK","M35-39","FIN","5:31:04","0:38:47","0:06:28","2:39:49","0:07:00","1:59:00","964","808","100","1985","962","753","91","774","664","80","964","808","100","19864","2327","388","9589","420","7140"
"653","Frederik Bach Larsen","Male","København SV","SJÆLLAND","DK","M30-34","FIN","5:31:07","0:35:56","0:06:09","2:46:46","0:03:59","1:58:17","965","809","123","1784","621","489","74","898","763","120","965","809","123","19867","2156","369","10006","239","7097"
"1496","Sebastian Buhl","Male","Copenhagen N","Copenhagen","DK","M25-29","FIN","5:31:11","0:33:37","0:09:41","2:38:38","0:06:55","2:02:19","966","810","188","1896","391","303","54","683","589","127","966","810","188","19871","2017","581","9518","415","7339"
"1336","Kirstine Faerch","Female","København Ø","DK-84","DK","F55-59","FIN","5:31:11","0:34:13","0:05:48","2:50:05","0:05:47","1:55:20","967","157","3","3074","445","101","3","935","145","2","967","157","3","19871","2053","348","10205","347","6920"
"599","Tobias Trebbien","Male","Helsingør","DK-85","DK","M25-29","FIN","5:31:13","0:38:13","0:05:24","2:51:46","0:04:18","1:51:33","968","811","189","1896","895","700","164","1091","917","211","968","811","189","19873","2293","324","10306","258","6693"
"1283","Sebastian Pfeiffer","Male","Frederiksberg","DK-84","DK","M25-29","FIN","5:31:15","0:43:34","0:05:44","2:41:36","0:03:42","1:56:38","969","812","190","1895","1478","1121","269","954","804","181","969","812","190","19875","2614","344","9696","222","6998"
"1171","Mads Geppel","Male","København K","DK-85","DK","M30-34","FIN","5:31:15","0:39:10","0:12:15","2:44:16","0:03:23","1:52:11","970","813","124","1781","1020","796","125","1097","922","142","970","813","124","19875","2350","735","9856","203","6731"
"1923","Christian Glerup","Male","København","DK-84","DK","M30-34","FIN","5:31:15","0:34:36","0:08:49","2:38:52","0:04:33","2:04:26","971","814","125","1781","475","368","53","695","598","93","971","814","125","19875","2076","529","9532","273","7466"
"1600","Magnus Witt Andersen","Male","Aarhus","Central Jutland","DK","M25-29","FIN","5:31:16","0:43:46","0:08:31","2:45:02","0:03:53","1:50:03","972","815","191","1895","1499","1136","270","1141","953","218","972","815","191","19876","2626","511","9902","233","6603"
"1276","Anton Guldborg Ravn","Male","Frederiksberg","DK-84","DK","M25-29","FIN","5:31:17","0:43:25","0:06:04","2:38:57","0:06:02","1:56:48","973","816","192","1895","1467","1114","265","879","748","168","973","816","192","19877","2605","364","9537","362","7008"
"854","Ulrikke Brun","Female","Valby","DK-85","DK","F25-29","FIN","5:31:17","0:43:02","0:08:07","2:43:42","0:03:54","1:52:32","974","158","52","2381","1422","337","108","1079","172","55","974","158","52","19877","2582","487","9822","234","6752"
"2283","Jakob Windfors","Male","Göteborg","SE-O","SE","M30-34","FIN","5:31:17","0:37:57","0:08:08","2:42:41","0:04:48","1:57:44","975","817","126","1781","861","672","101","890","758","117","975","817","126","19877","2277","488","9761","288","7064"
"1528","Geoffrey Morgan","Male","Gentofte","DK-85","US","M40-44","FIN","5:31:20","0:38:55","0:08:04","2:54:51","0:06:12","1:43:19","976","818","68","2196","986","769","62","1277","1048","90","976","818","68","19880","2335","484","10491","372","6199"
"898","Mattias Arwelöf","Male","Ljungsbro","SE-E","SE","M35-39","FIN","5:31:20","0:33:22","0:06:23","2:46:59","0:05:34","1:59:03","977","819","101","1980","365","281","32","825","706","85","977","819","101","19880","2002","383","10019","334","7143"
"922","Simon Fenger","Male","Brøndby","Hovedstaden","DK","M18-24","FIN","5:31:21","0:33:55","0:05:52","2:44:04","0:05:39","2:01:51","978","820","135","2050","421","325","56","732","628","98","978","820","135","19881","2035","352","9844","339","7311"
"630","Iver Skustad","Male","Drammen","Buskerud","NO","M35-39","FIN","5:31:23","0:38:24","0:06:19","2:42:52","0:05:18","1:58:30","979","821","102","1979","917","717","86","855","729","93","979","821","102","19883","2304","379","9772","318","7110"
"2022","Gustav Buur Bergmann","Male","København NV","Copenhagen","DK","M18-24","FIN","5:31:23","0:48:09","0:05:50","2:33:13","0:04:37","1:59:35","980","822","136","2049","1805","1317","197","842","719","113","980","822","136","19883","2889","350","9193","277","7175"
"422","Courtney Herms","Female","København","","US","F25-29","FIN","5:31:25","0:37:05","0:05:48","2:41:00","0:03:49","2:03:42","981","159","53","2378","742","161","48","736","105","29","981","159","53","19885","2225","348","9660","229","7422"
"1123","Geert Van Hecke","Male","Antwerpen","ANTWERPEN","BE","M60-64","FIN","5:31:31","0:40:13","0:06:36","2:33:22","0:05:07","2:06:13","982","823","17","2531","1139","886","21","647","559","12","982","823","17","19891","2413","396","9202","307","7573"
"423","Michael Collin","Male","Nuuk","DK-84","GL","M60-64","FIN","5:31:36","0:40:40","0:07:25","2:40:22","0:03:27","1:59:43","983","824","18","2530","1192","921","24","881","749","18","983","824","18","19896","2440","445","9622","207","7183"
"2006","Markus Falkeid","Male","Sandnes ","Rogaland","NO","M25-29","FIN","5:31:37","0:41:40","0:07:46","2:49:59","0:06:27","1:45:45","984","825","193","1889","1307","1005","237","1211","1008","233","984","825","193","19897","2500","466","10199","387","6345"
"1671","Sondre Bø Hernes","Male","Oslo","OSLO","NO","M30-34","FIN","5:31:46","0:36:06","0:06:17","2:47:32","0:04:54","1:56:58","985","826","127","1772","635","501","79","927","787","124","985","826","127","19906","2166","377","10052","294","7018"
"605","Max Haase","Male","
Hillerød","","DK","M45-49","FIN","5:31:55","0:36:57","0:05:47","2:47:16","0:04:11","1:57:44","986","827","64","2205","719","561","43","931","789","64","986","827","64","19915","2217","347","10036","251","7064"
"2251","Jack Thorsen Streit","Male","Herlev","DK-84","DK","M40-44","FIN","5:32:02","0:37:08","0:05:39","2:45:57","0:09:08","1:54:10","987","828","69","2183","746","584","47","889","757","65","987","828","69","19922","2228","339","9957","548","6850"
"1351","Ida Steffensen","Female","Brøndby Strand","DK-84","DK","F30-34","FIN","5:32:03","0:31:37","0:07:49","2:50:03","0:03:47","1:58:47","988","160","25","2414","247","60","10","913","137","24","988","160","25","19923","1897","469","10203","227","7127"
"1323","Nis Christian Lauritzen","Male","greve","DK-85","DK","M40-44","FIN","5:32:03","0:37:25","0:06:32","2:52:26","0:06:08","1:49:33","989","829","70","2183","780","610","50","1117","936","80","989","829","70","19923","2245","392","10346","368","6573"
"2096","Christopher Smith","Male","Frederiksberg","DK-84","GB","M35-39","FIN","5:32:08","0:40:56","0:06:47","2:45:06","0:05:43","1:53:37","990","830","103","1966","1220","942","112","1006","850","103","990","830","103","19928","2456","407","9906","343","6817"
"1745","Ramtin Matin","Male","Stavanger","NO-11","NO","M40-44","FIN","5:32:09","0:40:09","0:06:16","2:47:45","0:03:42","1:54:16","991","831","71","2181","1128","879","75","1055","890","74","991","831","71","19929","2409","376","10065","222","6856"
"670","Sebastian Vistesen","Male","København SV","DK-84","DK","M25-29","FIN","5:32:11","0:42:31","0:13:30","2:43:24","0:06:06","1:46:40","992","832","194","1878","1372","1052","246","1212","1009","234","992","832","194","19931","2551","810","9804","366","6400"
"1661","Emilie Fabian-Nielsen","Female","Aarhus","Central Jutland","DK","F25-29","FIN","5:32:12","0:38:52","0:05:59","2:41:52","0:05:59","1:59:29","993","161","54","2364","977","214","70","824","119","32","993","161","54","19932","2332","359","9712","359","7169"
"1829","Odin Søreng","Male","Trondheim","Trøndelag","NO","M30-34","FIN","5:32:14","0:45:52","0:07:25","2:47:58","0:03:54","1:47:05","994","833","128","1763","1671","1237","193","1261","1041","161","994","833","128","19934","2752","445","10078","234","6425"
"1640","Mads Pedersen","Male","Solrød Strand","","DK","M35-39","FIN","5:32:16","0:37:25","0:07:01","2:41:49","0:04:46","2:01:15","995","834","104","1964","779","609","76","808","693","83","995","834","104","19936","2245","421","9709","286","7275"
"1574","Mia Okkels","Female","København","Copenhagen","DK","F30-34","FIN","5:32:18","0:46:29","0:06:50","2:47:21","0:06:30","1:45:07","996","162","26","2409","1719","450","63","1243","217","33","996","162","26","19938","2789","410","10041","390","6307"
"1585","Marius Nørtoft","Male","Aarhus","Central Jutland","DK","M18-24","FIN","5:32:20","0:37:51","0:07:28","2:44:59","0:07:26","1:54:36","997","835","137","2032","842","656","103","940","793","128","997","835","137","19940","2271","448","9899","446","6876"
"2058","Jacob Skov","Male","Albertslund","Copenhagen","DK","M18-24","FIN","5:32:28","0:38:32","0:07:18","2:52:53","0:05:29","1:48:15","998","836","138","2030","929","727","118","1197","998","167","998","836","138","19948","2312","438","10373","329","6495"
"908","Martin Thomsen","Male","Silkeborg","Midtjylland ","DK","M25-29","FIN","5:32:31","0:42:47","0:06:53","2:56:40","0:03:15","1:42:55","999","837","195","1872","1396","1069","252","1394","1128","264","999","837","195","19951","2567","413","10600","195","6175"
"1023","Rene Dalhof","Male","Roskilde","SJÆLLAND","DK","M55-59","FIN","5:32:31","0:58:33","0:07:44","2:27:39","0:04:06","1:54:28","1000","838","43","2420","2039","1456","92","1042","879","52","1000","838","43","19951","3513","464","8859","246","6868"
"1322","Martin Ishøi","Male","Skovlunde","DK-84","DK","M45-49","FIN","5:32:35","0:37:40","0:05:27","2:32:53","0:04:41","2:11:54","1001","839","65","2193","818","638","52","533","469","39","1001","839","65","19955","2260","327","9173","281","7914"
"402","Michael Roe","Male","VallensbækVallensbæk","","DK","M65-69","FIN","5:32:36","0:35:51","0:06:25","2:47:11","0:03:54","1:59:14","1002","840","4","2889","616","485","3","911","775","4","1002","840","4","19956","2151","385","10031","234","7154"
"395","Nick Jeziorski","Male","tune","DK-85","DK","M40-44","FIN","5:32:46","0:39:51","0:08:02","2:50:24","0:04:50","1:49:40","1003","841","72","2170","1096","853","70","1180","984","86","1003","841","72","19966","2391","482","10224","290","6580"
"1168","Andy Arnt Dickie","Male","København","DK-84","DK","M18-24","FIN","5:32:51","0:42:18","0:05:55","2:36:28","0:03:48","2:04:23","1004","842","139","2023","1357","1044","163","762","652","102","1004","842","139","19971","2538","355","9388","228","7463"
"1674","Dusan Novakovic","Male","Klagshamn","SKANE LAN [SE-12]","RS","M40-44","FIN","5:32:54","0:33:44","0:05:30","2:34:07","0:04:19","2:15:14","1005","843","73","2168","402","312","29","445","393","43","1005","843","73","19974","2024","330","9247","259","8114"
"584","Steffen Fuglsang Pedersen","Male","Aarhus","Central Jutland","DK","M30-34","FIN","5:32:59","0:41:01","0:08:40","2:37:53","0:04:26","2:01:00","1006","844","129","1750","1229","949","145","854","728","113","1006","844","129","19979","2461","520","9473","266","7260"
"2388","Mikkel Palmelund","Male","Hedensted","Central Jutland","DK","M18-24","FIN","5:33:00","0:39:49","0:05:29","2:36:41","0:03:44","2:07:17","1007","845","140","2020","1092","849","135","685","591","89","1007","845","140","19980","2389","329","9401","224","7637"
"1164","Benedichte Isaksen","Female","Oslo","NO-03","NO","F25-29","FIN","5:33:02","0:40:54","0:06:13","2:51:59","0:05:01","1:48:57","1008","163","55","2349","1216","278","88","1206","202","64","1008","163","55","19982","2454","373","10319","301","6537"
"1507","Daniel Andersen","Male","København","DK-84","DK","M30-34","FIN","5:33:02","0:42:44","0:06:46","2:35:21","0:05:03","2:03:08","1009","846","130","1749","1390","1064","163","767","657","101","1009","846","130","19982","2564","406","9321","303","7388"
"1530","Andreas Bentzen","Male","Aarhus C","Central Jutland","DK","M30-34","FIN","5:33:05","0:41:15","0:08:55","2:43:11","0:05:34","1:54:09","1010","847","131","1748","1256","969","151","1025","863","132","1010","847","131","19985","2475","535","9791","334","6849"
"1886","Robert Mattsson","Male","falkenberg","SE-N","SE","M40-44","FIN","5:33:06","0:36:10","0:07:48","2:48:54","0:05:42","1:54:32","1011","848","74","2164","643","506","41","1008","852","71","1011","848","74","19986","2170","468","10134","342","6872"
"1899","Martin Moser","Male","Schondorf am Ammersee","DE-BY","DE","M40-44","FIN","5:33:06","0:40:58","0:07:50","2:39:05","0:04:15","2:00:57","1012","849","75","2164","1225","946","87","862","735","64","1012","849","75","19986","2458","470","9545","255","7257"
"1696","Robin Haukeland","Male","Bergen","NO-12","NO","M25-29","FIN","5:33:08","0:38:36","0:06:00","2:45:25","0:03:53","1:59:13","1013","850","196","1861","936","733","172","932","790","176","1013","850","196","19988","2316","360","9925","233","7153"
"471","Mathias Bergdahl","Male","Herlev","HOVEDSTADEN","DK","M30-34","FIN","5:33:13","0:40:58","0:06:43","2:49:14","0:03:28","1:52:49","1014","851","132","1746","1226","947","144","1133","948","145","1014","851","132","19993","2458","403","10154","208","6769"
"366","Michael Bonnesen","Male","Humlebæk
Humlebæk","","DK","M60-64","FIN","5:33:18","0:42:55","0:08:03","2:37:10","0:04:47","2:00:23","1015","852","19","2499","1408","1077","29","866","738","17","1015","852","19","19998","2575","483","9430","287","7223"
"1669","Marcus Aarestrup","Male","Aarhus","Central Jutland","DK","M25-29","FIN","5:33:22","0:43:32","0:08:07","2:45:53","0:03:41","1:52:09","1016","853","197","1857","1475","1119","268","1153","962","220","1016","853","197","20002","2612","487","9953","221","6729"
"785","Kenneth Ossian Jensen","Male","Ringsted","DK-85","DK","M55-59","FIN","5:33:24","0:41:07","0:09:02","2:38:31","0:08:19","1:56:26","1017","854","44","2405","1242","959","50","887","755","38","1017","854","44","20004","2467","542","9511","499","6986"
"2334","Cecilie Kragh Jacobsen","Female","Esbjerg","DK-83","DK","F25-29","FIN","5:33:32","0:37:35","0:07:22","2:55:03","0:04:55","1:48:37","1018","164","56","2340","803","176","55","1232","212","70","1018","164","56","20012","2255","442","10503","295","6517"
"341","Rosa Bolm","Female","Valby","DK-84","DK","F25-29","FIN","5:33:35","0:38:04","0:05:17","2:48:14","0:02:55","1:59:05","1019","165","57","2339","872","192","62","980","153","48","1019","165","57","20015","2284","317","10094","175","7145"
"1082","Anders Johansen","Male","København","DK-84","DK","M25-29","FIN","5:33:39","0:39:34","0:06:18","2:46:14","0:04:44","1:56:48","1020","855","198","1852","1068","832","189","991","837","194","1020","855","198","20019","2374","378","9974","284","7008"
"859","Vera Eirini Fourkioti","Female","København","DK-84","GR","F25-29","FIN","5:33:41","0:38:49","0:05:41","2:59:21","0:03:15","1:46:35","1021","166","58","2337","970","211","69","1333","250","86","1021","166","58","20021","2329","341","10761","195","6395"
"2053","Mikael Frølund","Male","Hjallerup","Nordjylland","DK","M45-49","FIN","5:33:42","0:37:46","0:08:12","2:43:23","0:05:47","1:58:34","1022","856","66","2173","833","649","53","906","770","63","1022","856","66","20022","2266","492","9803","347","7114"
"645","Sebastian Andersen","Male","København","Copenhagen","DK","M25-29","FIN","5:33:44","0:37:36","0:07:01","2:53:22","0:04:01","1:51:44","1023","857","199","1850","806","628","140","1167","972","224","1023","857","199","20024","2256","421","10402","241","6704"
"305","Ties Robroek","Male","Valby","","NL","M30-34","FIN","5:33:46","0:35:42","0:10:34","2:42:11","0:05:53","1:59:26","1024","858","133","1736","592","464","70","882","750","115","1024","858","133","20026","2142","634","9731","353","7166"
"2312","Henrik Christensen","Male","Svinninge","DK-85","DK","M40-44","FIN","5:33:55","0:44:55","0:08:46","2:32:15","0:05:32","2:02:27","1025","859","76","2150","1593","1186","97","801","687","59","1025","859","76","20035","2695","526","9135","332","7347"
"1271","Jasmin Strickhausen","Female","Oldenburg","DE-NI","DE","F30-34","FIN","5:34:00","0:36:49","0:07:12","2:49:34","0:05:16","1:55:10","1026","167","27","2378","706","155","24","1033","163","28","1026","167","27","20040","2209","432","10174","316","6910"
"1624","Frederikke Bonne","Female","Odense","Fyn","DK","F18-24","FIN","5:34:03","0:38:16","0:07:13","2:49:46","0:08:28","1:50:21","1027","168","18","2370","903","199","22","1086","174","19","1027","168","18","20043","2296","433","10186","508","6621"
"1810","Christoffer Staal","Male","Helsinge","Nordsjælland","DK","M35-39","FIN","5:34:04","0:42:40","0:06:29","2:48:21","0:05:54","1:50:40","1028","860","105","1931","1384","1060","122","1151","961","114","1028","860","105","20044","2560","389","10101","354","6640"
"619","Edward Gaynor","Male","Dubai","AE-DU","IE","M35-39","FIN","5:34:06","0:39:39","0:06:15","2:48:08","0:05:03","1:55:00","1029","861","106","1931","1076","839","103","1045","882","108","1029","861","106","20046","2379","375","10088","303","6900"
"1402","Thomas Clarke","Male","manchester","GTM","GB","M55-59","FIN","5:34:08","0:33:24","0:07:35","2:44:12","0:04:34","2:04:22","1030","862","45","2391","369","285","14","779","666","34","1030","862","45","20048","2004","455","9852","274","7462"
"550","Inga Hemsen","Female","Niebüll","SH","DE","F35-39","FIN","5:34:20","0:36:36","0:04:31","2:46:21","0:04:31","2:02:22","1031","169","14","2589","685","150","11","851","125","11","1031","169","14","20060","2196","271","9981","271","7342"
"1687","Imogen B-N","","Sevenoaks","KEN","GB","F25-29","FIN","5:34:27","0:38:05","0:08:58","2:52:27","0:04:31","1:50:27","1032","170","59","2324","877","194","63","1216","206","66","1032","170","59","20067","2285","538","10347","271","6627"
"1466","Søren Krogsgaard Vinter","Male","Solbjerg","DK-82","DK","M40-44","FIN","5:34:28","0:42:21","0:08:05","2:41:21","0:07:28","1:55:13","1033","863","77","2140","1363","1047","91","986","832","69","1033","863","77","20068","2541","485","9681","448","6913"
"684","Burak Turan","Male","Valby","DK-85","TR","M35-39","FIN","5:34:35","0:37:50","0:07:06","2:44:15","0:06:08","1:59:17","1034","864","107","1922","841","655","80","902","766","97","1034","864","107","20075","2270","426","9855","368","7157"
"1871","Lorenz Fischer","Male","Copenhagen","Copenhagen","DE","M25-29","FIN","5:34:37","0:32:51","0:06:36","2:46:20","0:05:05","2:03:44","1035","865","200","1835","327","250","40","795","681","150","1035","865","200","20077","1971","396","9980","305","7424"
"2135","Kasper Hornum","Male","Aarhus","DK-82","DK","M18-24","FIN","5:34:37","0:34:30","0:07:40","2:53:02","0:05:05","1:54:20","1036","866","141","1991","460","356","61","1085","912","145","1036","866","141","20077","2070","460","10382","305","6860"
"1040","Trude S. Nordstrøm","Female","Haugesund","NO-11","NO","F50-54","FIN","5:34:43","0:41:47","0:05:58","2:57:54","0:03:49","1:45:15","1037","171","3","2353","1320","304","15","1376","261","9","1037","171","3","20083","2507","358","10674","229","6315"
"1872","Attila Tóth","Male","Aarhus N","DK-Central Jutland","HU","M25-29","FIN","5:34:44","0:34:36","0:07:50","2:48:55","0:04:03","1:59:20","1038","867","201","1832","479","372","72","969","819","188","1038","867","201","20084","2076","470","10135","243","7160"
"1965","Axel Peters","Male","Hamburg","HH","DE","M55-59","FIN","5:34:48","0:44:00","0:08:21","2:56:50","0:04:38","1:41:00","1039","868","46","2379","1521","1148","67","1463","1174","68","1039","868","46","20088","2640","501","10610","278","6060"
"868","Andreas Fellmann","Male","Bad Homburg","Hessen","DE","M55-59","FIN","5:34:50","0:42:11","0:08:20","2:45:36","0:04:17","1:54:26","1040","869","47","2379","1352","1040","59","1110","930","55","1040","869","47","20090","2531","500","9936","257","6866"
"2368","Marie Price-Pejtersen","Female","Aarhus","Central Jutland","DK","F18-24","FIN","5:35:07","0:44:39","0:07:09","2:43:59","0:03:07","1:56:13","1041","172","19","2351","1575","400","47","1099","176","20","1041","172","19","20107","2679","429","9839","187","6973"
"695","Anton Helberg","Male","Trondheim","Trøndelag","NO","M18-24","FIN","5:35:08","0:36:31","0:06:47","2:53:06","0:03:53","1:54:51","1042","870","142","1982","676","530","84","1118","937","151","1042","870","142","20108","2191","407","10386","233","6891"
"2225","Andreas Palmgren","Male","Halmstad","SE-N","SE","M45-49","FIN","5:35:08","0:35:46","0:06:18","2:31:17","0:05:34","2:16:12","1043","871","67","2147","603","473","35","446","394","28","1043","871","67","20108","2146","378","9077","334","8172"
"266","Anders Bugge","Male","København","DK-84","DK","M30-34","FIN","5:35:09","0:36:01","0:06:48","2:50:24","0:04:53","1:57:04","1044","872","134","1711","627","495","77","1020","862","131","1044","872","134","20109","2161","408","10224","293","7024"
"2167","Peter Klünder","Male","Nørager","DK-81","DK","M50-54","FIN","5:35:11","0:36:46","0:08:07","2:47:19","0:04:27","1:58:32","1045","873","34","2304","702","549","23","997","842","36","1045","873","34","20111","2206","487","10039","267","7112"
"975","Bertram Nyegaard","Male","Kirke Såby","","DK","M18-24","FIN","5:35:15","0:28:47","0:04:39","2:54:26","0:03:29","2:03:54","1046","874","143","1980","104","80","12","861","734","118","1046","874","143","20115","1727","279","10466","209","7434"
"1537","Buster Bukart Hansen","Male","Odense","SYDDANMARK","DK","M30-34","FIN","5:35:25","0:37:37","0:09:04","2:40:23","0:04:31","2:03:50","1047","875","135","1706","811","633","96","836","715","112","1047","875","135","20125","2257","544","9623","271","7430"
"2021","Sondre Hognestad","Male","Rakkestad","Østfold","NO","M30-34","FIN","5:35:25","0:36:26","0:05:51","2:49:26","0:05:11","1:58:31","1048","876","136","1706","669","525","84","982","829","128","1048","876","136","20125","2186","351","10166","311","7111"
"1035","Gry Hauge Merkesdal","Female","Jessheim","NO-02","NO","F50-54","FIN","5:35:26","0:43:52","0:06:28","2:48:54","0:04:10","1:52:02","1049","173","4","2340","1510","370","23","1210","203","6","1049","173","4","20126","2632","388","10134","250","6722"
"1989","Søren Zepernick","Male","Bagsværd","Copenhagen","DK","M25-29","FIN","5:35:30","0:44:29","0:07:17","2:42:31","0:05:25","1:55:48","1050","877","202","1819","1564","1170","278","1056","891","203","1050","877","202","20130","2669","437","9751","325","6948"
"2346","Tim Hartmann","Male","Frederiksberg","Copenhagen","DE","M25-29","FIN","5:35:32","0:40:28","0:07:14","2:50:23","0:05:10","1:52:17","1051","878","203","1818","1171","907","209","1173","977","227","1051","878","203","20132","2428","434","10223","310","6737"
"2281","Victor Kofoed","Male","Frederiksberg","Copenhagen","DK","M25-29","FIN","5:35:36","0:38:01","0:08:24","2:52:43","0:04:53","1:51:35","1052","879","204","1817","871","680","159","1207","1005","232","1052","879","204","20136","2281","504","10363","293","6695"
"1499","Wolf Storde","Male","Schwerin","Mecklenburg-Vorpammern","DE","M25-29","FIN","5:35:37","0:40:03","0:07:46","2:53:08","0:03:22","1:51:18","1053","880","205","1817","1119","872","202","1250","1031","240","1053","880","205","20137","2403","466","10388","202","6678"
"791","Jonas Würtz","Male","Aulum","Aulum","DK","M35-39","FIN","5:35:44","0:40:04","0:06:36","2:41:37","0:04:15","2:03:12","1054","881","108","1901","1120","873","106","873","743","95","1054","881","108","20144","2404","396","9697","255","7392"
"2348","Silje Alva Dehn","Female","København","Sjælland","DK","F18-24","FIN","5:35:54","0:42:18","0:06:53","2:47:09","0:04:24","1:55:10","1055","174","20","2336","1359","315","37","1116","181","22","1055","174","20","20154","2538","413","10029","264","6910"
"1606","Lasse Kristesen","Male","Bjert","syd danmark","DK","M18-24","FIN","5:35:57","0:41:27","0:08:31","2:52:51","0:08:32","1:44:36","1056","882","144","1967","1275","981","150","1305","1068","173","1056","882","144","20157","2487","511","10371","512","6276"
"589","Benjamin Skovhøj","Male","København","DK-84","DK","M25-29","FIN","5:35:59","0:33:44","0:06:56","2:38:52","0:04:30","2:11:57","1057","883","206","1810","403","313","58","628","544","117","1057","883","206","20159","2024","416","9532","270","7917"
"2150","Oliver Christensen","Male","Åbyhøj","MIDTJYLLAND","DK","M25-29","FIN","5:36:01","0:32:08","0:05:51","2:53:39","0:03:58","2:00:25","1058","884","207","1809","271","207","32","981","828","191","1058","884","207","20161","1928","351","10419","238","7225"
"843","Tilde Danbo","Female","København S","HOVEDSTADEN","DK","F30-34","FIN","5:36:16","0:45:30","0:06:17","3:03:12","0:03:27","1:37:51","1059","175","28","2338","1643","423","58","1585","344","53","1059","175","28","20176","2730","377","10992","207","5871"
"1488","Morten Meyer","Male","Smørum","DK-84","DK","M50-54","FIN","5:36:17","0:39:34","0:06:12","2:52:56","0:03:18","1:54:17","1060","885","35","2284","1067","831","42","1195","997","47","1060","885","35","20177","2374","372","10376","198","6857"
"657","Lars Marinus","Male","Mechelen","ANTWERPEN","BE","M25-29","FIN","5:36:18","0:39:54","0:04:56","2:43:43","0:02:34","2:05:10","1061","886","208","1804","1102","858","198","884","752","169","1061","886","208","20178","2394","296","9823","154","7510"
"407","Christian ULDAHL","Male","Hornbæk","DK-84","DK","M40-44","FIN","5:36:21","0:40:36","0:05:39","2:43:34","0:04:21","2:02:10","1062","887","78","2106","1186","917","83","923","784","67","1062","887","78","20181","2436","339","9814","261","7330"
"730","Christine Bartz","Female","Brattholmen","HORDALAND","NO","F35-39","FIN","5:36:21","0:43:41","0:06:24","2:47:56","0:06:10","1:52:10","1063","176","15","2553","1490","363","31","1169","196","18","1063","176","15","20181","2621","384","10076","370","6730"
"1690","Louise Mohr","Female","Frederiksberg","Copenhagen","DK","F25-29","FIN","5:36:24","0:38:13","0:06:10","2:57:12","0:03:28","1:51:21","1064","177","60","2288","896","196","64","1270","226","76","1064","177","60","20184","2293","370","10632","208","6681"
"2370","Roberta Mcdonald","Female","København S","","IE","F35-39","FIN","5:36:29","0:34:12","0:06:40","2:57:39","0:06:18","1:51:40","1065","178","16","2550","443","100","6","1191","198","19","1065","178","16","20189","2052","400","10659","378","6700"
"2146","Josefine Gregersen","Female","Frederiks","Copenhagen","DK","F25-29","FIN","5:36:31","0:46:11","0:06:05","2:52:34","0:04:17","1:47:24","1066","179","61","2286","1692","440","145","1356","256","88","1066","179","61","20191","2771","365","10354","257","6444"
"847","Mathias Gonzalez","Male","Frederiksberg","Frederiksberg","DK","M25-29","FIN","5:36:33","0:34:07","0:12:41","2:55:44","0:08:04","1:45:57","1067","888","209","1800","439","340","63","1298","1065","248","1067","888","209","20193","2047","761","10544","484","6357"
"2395","Frederik Futtrup","Male","København Ø","","DK","M30-34","FIN","5:36:40","0:45:34","0:07:04","2:40:13","0:03:30","2:00:18","1068","889","137","1684","1651","1226","190","1007","851","129","1068","889","137","20200","2734","424","9613","210","7218"
"623","Marlon Vilstrup Campbell","Male","København","Copenhagen","DK","M30-34","FIN","5:36:45","0:42:45","0:08:06","2:43:41","0:05:43","1:56:29","1069","890","138","1682","1391","1065","164","1064","895","137","1069","890","138","20205","2565","486","9821","343","6989"
"1766","Jonas Dansbo","Male","København","DK-84","DK","M25-29","FIN","5:36:49","0:36:18","0:07:45","2:51:12","0:09:09","1:52:25","1070","891","210","1795","654","514","108","1087","913","209","1070","891","210","20209","2178","465","10272","549","6745"
"587","Allan Jensen","Male","Aarhus","Region midt","DK","M30-34","FIN","5:36:53","0:57:31","0:08:50","2:41:01","0:03:49","1:45:43","1071","892","139","1680","2028","1449","227","1416","1143","180","1071","892","139","20213","3451","530","9661","229","6343"
"1119","Jakob Vesterløkke","Male","Odense","DK-83","DK","M50-54","FIN","5:36:58","0:40:39","0:06:47","2:46:40","0:05:23","1:57:30","1072","893","36","2272","1190","920","47","1050","885","38","1072","893","36","20218","2439","407","10000","323","7050"
"286","Panagiotis Tsagkaroulis","Male","København V","HOVEDSTADEN","GR","M30-34","FIN","5:37:00","0:38:49","0:10:22","2:57:23","0:07:00","1:43:25","1073","894","140","1678","969","759","117","1398","1131","178","1073","894","140","20220","2329","622","10643","420","6205"
"1580","Trine Andersen","Female","Hinnerup","DK-82","DK","F25-29","FIN","5:37:00","0:41:29","0:07:15","2:51:27","0:06:31","1:50:18","1074","180","62","2278","1286","296","94","1233","213","71","1074","180","62","20220","2489","435","10287","391","6618"
"1306","Anton Bengtsson","Male","Rydebäck","Skåne","SE","M25-29","FIN","5:37:02","0:42:31","0:09:25","2:53:20","0:06:34","1:45:11","1075","895","211","1791","1374","1054","247","1372","1112","256","1075","895","211","20222","2551","565","10400","394","6311"
"937","Louise Dupont","Female","København","DK-84","DK","F25-29","FIN","5:37:07","0:42:06","0:06:55","2:51:28","0:03:44","1:52:55","1076","181","63","2276","1347","312","98","1239","216","73","1076","181","63","20227","2526","415","10288","224","6775"
"700","Sarah Procter","Female","Kastrup","DK-84","DK","F45-49","FIN","5:37:10","0:37:05","0:05:45","2:53:53","0:03:46","1:56:40","1077","182","13","2704","740","160","11","1129","184","12","1077","182","13","20230","2225","345","10433","226","7000"
"614","Kristian Jönsson","Male","Malmö","SKANE LAN [SE-12]","SE","M50-54","FIN","5:37:11","0:47:39","0:09:38","2:44:23","0:05:11","1:50:20","1078","896","37","2268","1779","1305","77","1272","1045","53","1078","896","37","20231","2859","578","9863","311","6620"
"530","Andreas Battistini","Male","Charlottenlund","Copenhagen","DK","M25-29","FIN","5:37:11","0:34:12","0:11:56","2:40:15","0:12:29","1:58:20","1079","897","212","1788","444","344","66","813","698","157","1079","897","212","20231","2052","716","9615","749","7100"
"1180","Frederik Orry Baggers","Male","Nærum","","DK","M25-29","FIN","5:37:14","0:44:29","0:06:45","2:42:49","0:04:21","1:58:49","1080","898","213","1787","1565","1171","279","1048","884","201","1080","898","213","20234","2669","405","9769","261","7129"
"962","Maria Sørensen","Female","9500","DK-81","DK","F25-29","FIN","5:37:17","0:33:49","0:09:12","2:52:58","0:05:52","1:55:26","1081","183","64","2273","413","94","25","1104","179","58","1081","183","64","20237","2029","552","10378","352","6926"
"1981","August Hermansen","Male","København N","Copenhagen","DK","M25-29","FIN","5:37:28","0:37:10","0:07:16","2:53:41","0:05:35","1:53:46","1082","899","214","1783","750","587","127","1174","978","228","1082","899","214","20248","2230","436","10421","335","6826"
"2317","Emil Lund Nielsen","Male","RISSKOV","DK-82","DK","M25-29","FIN","5:37:30","0:39:54","0:08:19","2:42:03","0:07:08","2:00:06","1083","900","215","1783","1104","859","199","939","792","177","1083","900","215","20250","2394","499","9723","428","7206"
"1373","Mathias Søgaard Larsen","Male","København","Copenhagen","DK","M40-44","FIN","5:37:31","0:40:53","0:08:33","2:41:38","0:03:48","2:02:40","1084","901","79","2085","1215","938","86","962","812","68","1084","901","79","20251","2453","513","9698","228","7360"
"1240","Casper Kronby","Male","Glostrup","DK-84","DK","M50-54","FIN","5:37:32","0:41:56","0:09:11","2:48:38","0:04:04","1:53:42","1085","902","38","2262","1331","1023","53","1223","1015","51","1085","902","38","20252","2516","551","10118","244","6822"
"790","Ida Emilie Klovgaard Lassen","Female","Odense C","DK-Fyn","DK","F18-24","FIN","5:37:34","0:35:09","0:05:47","2:52:19","0:03:54","2:00:25","1086","184","21","2306","530","117","14","1021","159","17","1086","184","21","20254","2109","347","10339","234","7225"
"621","Frederik Darnell Jensen","Male","Kastrup","DK-84","DK","M35-39","FIN","5:37:43","0:40:06","0:07:12","2:44:47","0:03:40","2:01:57","1087","903","109","1865","1125","877","107","990","836","102","1087","903","109","20263","2406","432","9887","220","7317"
"2307","Lilian Rokni","Female","Frederiksberg","DK-84","DK","F25-29","FIN","5:37:47","0:49:14","0:06:48","2:59:25","0:05:46","1:36:35","1088","185","65","2264","1855","510","165","1593","348","116","1088","185","65","20267","2954","408","10765","346","5795"
"1397","Halvor Botnmark","Male","Årnes","Akershus","NO","M18-24","FIN","5:37:51","0:34:05","0:07:18","2:57:04","0:04:47","1:54:37","1089","904","145","1933","435","336","57","1186","990","165","1089","904","145","20271","2045","438","10624","287","6877"
"1905","Karoline Juel Krog Thomsen","Female","Frederiksberg","DK-84","DK","F25-29","FIN","5:37:51","0:44:14","0:10:02","2:48:53","0:06:30","1:48:11","1090","186","66","2262","1536","380","127","1314","240","83","1090","186","66","20271","2654","602","10133","390","6491"
"966","Jono Hill","Male","Asfordby, Melton Mowbray,","GB-LEC","GB","M50-54","FIN","5:38:01","0:38:14","0:06:56","2:38:36","0:04:42","2:09:33","1091","905","39","2253","900","703","33","729","626","29","1091","905","39","20281","2294","416","9516","282","7773"
"1204","Max Sunke","Male","Nakskov","DK-85","DK","M50-54","FIN","5:38:05","0:43:04","0:06:20","2:43:34","0:04:27","2:00:40","1092","906","40","2252","1429","1090","56","1011","855","37","1092","906","40","20285","2584","380","9814","267","7240"
"2129","Tine Bach","Female","Valby","DK-84","DK","F30-34","FIN","5:38:06","0:30:19","0:06:29","2:55:52","0:03:46","2:01:40","1093","187","29","2305","159","38","6","1002","156","27","1093","187","29","20286","1819","389","10552","226","7300"
"1639","Raymond Kleppe","Male","Skien","Telemark","NO","M35-39","FIN","5:38:10","0:36:45","0:06:28","2:45:59","0:04:05","2:04:53","1094","907","110","1857","700","547","68","903","767","98","1094","907","110","20290","2205","388","9959","245","7493"
"396","Gerald Russbueldt","Male","Güstrow","DE-MV","DE","M70-74","FIN","5:38:13","0:38:29","0:07:16","2:49:03","0:05:05","1:58:21","1095","908","1","3500","922","721","1","1073","903","1","1095","908","1","20293","2309","436","10143","305","7101"
"2065","Janis Minkevics","Male","Solumsmoen","","LV","M40-44","FIN","5:38:15","0:52:33","0:06:33","2:48:12","0:05:10","1:45:46","1096","909","80","2072","1959","1409","117","1414","1142","97","1096","909","80","20295","3153","393","10092","310","6346"
"762","Shona Hughes","Female","Teddington","GB-ENG","GB","F55-59","FIN","5:38:17","0:36:11","0:09:03","2:52:45","0:08:34","1:51:45","1097","188","4","2946","644","138","4","1166","195","8","1097","188","4","20297","2171","543","10365","514","6705"
"2115","Nicolaj Seistrup","Male","Stenløse","Nordsjælland","DK","M35-39","FIN","5:38:23","0:48:08","0:08:14","2:52:06","0:05:11","1:44:45","1098","910","111","1853","1801","1315","145","1444","1161","135","1098","910","111","20303","2888","494","10326","311","6285"
"2381","Kenneth Olsbro Mejrup","Male","Odense","","DK","M40-44","FIN","5:38:27","0:40:05","0:05:02","2:59:17","0:03:49","1:50:15","1099","911","81","2068","1122","875","74","1349","1094","94","1099","911","81","20307","2405","302","10757","229","6615"
"1847","Georgios Stefan Rieland Moyzakis","Male","København","København","DK","M35-39","FIN","5:38:40","0:45:31","0:06:49","2:50:28","0:04:32","1:51:19","1100","912","112","1848","1648","1224","136","1306","1069","128","1100","912","112","20320","2731","409","10228","272","6679"
"523","Mingus Emil Dahl Okkerholm","Male","Odense","Fyn","DK","M18-24","FIN","5:38:58","0:34:56","0:07:42","2:48:30","0:05:48","2:02:02","1101","913","146","1913","510","396","67","963","813","132","1101","913","146","20338","2096","462","10110","348","7322"
"1846","Matteo Mignacco","Male","København","DK-85","IT","M25-29","FIN","5:39:00","0:36:09","0:05:16","2:52:26","0:05:12","1:59:56","1102","914","216","1756","642","505","106","1038","875","200","1102","914","216","20340","2169","316","10346","312","7196"
"1345","Daniel Vadsholt","Male","København NV","DK-85","DK","M25-29","FIN","5:39:04","0:43:20","0:06:36","2:41:56","0:05:40","2:01:32","1103","915","217","1754","1462","1113","264","987","833","192","1103","915","217","20344","2600","396","9716","340","7292"
"1018","Jakob Pedersen","Male","Herning","DK-82","DK","M35-39","FIN","5:39:04","0:44:16","0:08:25","2:45:40","0:04:13","1:56:31","1104","916","113","1841","1538","1158","129","1181","985","116","1104","916","113","20344","2656","505","9940","253","6991"
"818","Benjamin Winther Vester","Male","København S","DK-85","DK","M35-39","FIN","5:39:08","0:48:29","0:08:10","2:45:51","0:05:26","1:51:12","1105","917","114","1840","1820","1326","146","1296","1063","124","1105","917","114","20348","2909","490","9951","326","6672"
"2228","Mantvydas Urmilevicius","Male","Kobenhavn","DK-85","LT","M30-34","FIN","5:39:09","0:40:01","0:07:51","2:51:34","0:04:49","1:54:55","1106","918","141","1639","1114","868","136","1213","1010","153","1106","918","141","20349","2401","471","10294","289","6895"
"1616","Anders Nørskov","Male","København nv","HOVEDSTADEN","DK","M18-24","FIN","5:39:15","0:37:55","0:06:25","2:43:01","0:03:45","2:08:09","1107","919","147","1908","857","670","107","846","723","115","1107","919","147","20355","2275","385","9781","225","7689"
"2059","Freja Eldam","Female","København","Copenhagen","DK","F25-29","FIN","5:39:16","0:43:35","0:08:25","2:53:10","0:03:42","1:50:23","1108","189","67","2237","1479","358","117","1366","260","90","1108","189","67","20356","2615","505","10390","222","6623"
"1979","Mikael Elofsson","Male","Kalmar","Kalmar Län","SE","M50-54","FIN","5:39:22","0:45:31","0:09:03","2:42:49","0:05:26","1:56:34","1109","920","41","2229","1647","1223","70","1144","956","44","1109","920","41","20362","2731","543","9769","326","6994"
"257","Jimmy Gram","Male","København S","DK-84","DK","M35-39","FIN","5:39:22","0:39:23","0:06:01","2:41:21","0:05:20","2:07:17","1110","921","115","1836","1050","820","100","826","707","86","1110","921","115","20362","2363","361","9681","320","7637"
"147","Linda Elofsson","Female","KALMAR","","SE","F50-54","FIN","5:39:27","0:44:25","0:07:09","2:45:52","0:04:17","1:57:43","1111","190","5","2267","1558","392","27","1148","190","5","1111","190","5","20367","2665","429","9952","257","7063"
"1991","Jonathan Kragh-Maschvitsz","Male","albertslund","SJÆLLAND","DK","M18-24","FIN","5:39:28","0:46:47","0:07:22","2:53:53","0:04:17","1:47:08","1112","922","148","1904","1733","1278","193","1436","1155","182","1112","922","148","20368","2807","442","10433","257","6428"
"798","Clara Yde Dreyer","Female","Helsingør","DK-85","DK","F25-29","FIN","5:39:32","0:43:56","0:06:24","2:51:21","0:05:14","1:52:37","1113","191","68","2232","1516","372","124","1274","229","78","1113","191","68","20372","2636","384","10281","314","6757"
"298","Julien Lacour","Male","Copenhagen","HOVEDSTADEN","FR","M25-29","FIN","5:39:46","0:35:06","0:08:46","2:59:54","0:06:00","1:49:59","1114","923","218","1742","524","409","83","1330","1083","250","1114","923","218","20386","2106","526","10794","360","6599"
"810","Daan Luikens","Male","Emmen","Drenthe","NL","M25-29","FIN","5:39:47","0:42:51","0:06:11","2:48:42","0:04:01","1:58:01","1115","924","219","1742","1401","1072","254","1159","966","222","1115","924","219","20387","2571","371","10122","241","7081"
"2377","Henrik Juul","Male","Vestbjerg","NORDJYLLAND","DK","M45-49","FIN","5:39:48","0:42:33","0:06:46","2:34:50","0:04:51","2:10:48","1116","925","68","2063","1376","1055","78","748","641","55","1116","925","68","20388","2553","406","9290","291","7848"
"2221","Regitta Grønborg Lehmann","Female","Randbøl","DK-83","DK","F40-44","FIN","5:39:49","0:44:32","0:06:32","2:46:25","0:05:04","1:57:15","1117","192","12","2606","1569","396","24","1152","191","12","1117","192","12","20389","2672","392","9985","304","7035"
"462","Sandra Jytte Jeggesen","Female","Frederiksberg","DK-84","DK","F30-34","FIN","5:40:00","0:40:17","0:05:48","2:50:59","0:04:06","1:58:50","1118","193","30","2270","1151","259","42","1136","186","29","1118","193","30","20400","2417","348","10259","246","7130"
"964","Rasmus Danneris","Male","Løkken","NORDJYLLAND","DK","M40-44","FIN","5:40:01","0:35:49","0:05:39","2:54:50","0:05:08","1:58:35","1119","926","82","2040","612","482","38","1115","935","79","1119","926","82","20401","2149","339","10490","308","7115"
"489","Ulrika Svensson","Female","Bjuv","SE-M","SE","F55-59","FIN","5:40:04","0:39:44","0:05:15","2:47:09","0:04:01","2:03:56","1120","194","5","2914","1086","241","10","992","155","4","1120","194","5","20404","2384","315","10029","241","7436"
"2428","Anders Boesen","Male","
Risskov","","DK","M40-44","FIN","5:40:05","0:40:31","0:12:06","2:47:02","0:06:22","1:54:03","1121","927","83","2039","1174","910","82","1220","1013","88","1121","927","83","20405","2431","726","10022","382","6843"
"1851","Elias Dalsgaard","Male","Odense","DK-83","DK","M18-24","FIN","5:40:05","0:38:53","0:06:34","2:43:54","0:03:49","2:06:56","1122","928","149","1893","979","765","122","907","771","124","1122","928","149","20405","2333","394","9834","229","7616"
"708","Kari Lehtinen","Male","Siuntio","FI-18","FI","M55-59","FIN","5:40:11","0:44:56","0:07:58","2:41:55","0:06:25","1:58:57","1123","929","48","2282","1596","1188","68","1075","905","54","1123","929","48","20411","2696","478","9715","385","7137"
"2394","Anders Christensen","Male","Køge","DK-85","DK","M18-24","FIN","5:40:11","0:41:48","0:07:58","2:46:52","0:04:42","1:58:52","1124","930","150","1891","1322","1017","156","1127","944","153","1124","930","150","20411","2508","478","10012","282","7132"
"473","Emma Hahn Ranmar","Female","Helsingør","DK-85","DK","F25-29","FIN","5:40:12","0:37:30","0:07:01","2:55:22","0:05:44","1:54:36","1125","195","69","2220","788","173","54","1227","210","69","1125","195","69","20412","2250","421","10522","344","6876"
"1740","Joel Madsen","Male","København","Copenhagen","DK","M25-29","FIN","5:40:15","0:37:30","0:07:20","2:42:11","0:06:37","2:06:37","1126","931","220","1733","790","617","135","834","713","158","1126","931","220","20415","2250","440","9731","397","7597"
"2138","Grace Kragh Rieck","Female","Frederiksberg C","DK-85","DK","F18-24","FIN","5:40:17","0:37:44","0:07:04","3:02:32","0:05:33","1:47:24","1127","196","22","2258","830","184","21","1415","273","28","1127","196","22","20417","2264","424","10952","333","6444"
"447","Emil Nørregård Olesen","Male","Aalborg","DK-81","DK","M30-34","FIN","5:40:17","0:48:56","0:07:00","2:58:17","0:04:49","1:41:16","1128","932","142","1619","1838","1340","210","1574","1234","197","1128","932","142","20417","2936","420","10697","289","6076"
"2421","Jonas Kirsing","Male","Næstved","Zealand","DK","M18-24","FIN","5:40:20","0:44:20","0:08:51","2:34:07","0:06:26","2:06:36","1129","933","151","1888","1548","1163","179","845","722","114","1129","933","151","20420","2660","531","9247","386","7596"
"2331","Andreas Larsen","Male","København","DK-84","DK","M18-24","FIN","5:40:23","0:46:01","0:07:25","2:58:25","0:05:22","1:43:10","1130","934","152","1887","1683","1247","188","1523","1213","188","1130","934","152","20423","2761","445","10705","322","6190"
"1527","Anne Vendelbo Ølund","Female","København N","DK-84","DK","F30-34","FIN","5:40:33","0:36:18","0:06:25","2:59:55","0:03:04","1:54:50","1131","197","31","2261","658","142","22","1299","234","35","1131","197","31","20433","2178","385","10795","184","6890"
"771","Nicklas Funch","Male","Kongens Lyngby","","DK","M35-39","FIN","5:40:40","0:43:15","0:06:50","2:43:58","0:05:26","2:01:11","1132","935","116","1812","1450","1104","126","1047","883","109","1132","935","116","20440","2595","410","9838","326","7271"
"2411","Mikkel Hejlesen","Male","Esbjerg","DK-83","DK","M25-29","FIN","5:40:44","0:53:00","0:09:26","2:50:04","0:04:10","1:44:05","1133","936","221","1724","1968","1413","326","1540","1219","287","1133","936","221","20444","3180","566","10204","250","6245"
"1759","Frederik Juul Jensen","Male","Valby","Copenhagen","DM","M25-29","FIN","5:40:45","0:35:55","0:07:17","2:40:47","0:05:32","2:11:13","1134","937","222","1724","620","488","104","741","635","137","1134","937","222","20445","2155","437","9647","332","7873"
"2376","Ørjan Sognnes","Male","Bergen","Vestland","NO","M30-34","FIN","5:40:48","0:37:32","0:06:27","2:49:44","0:05:02","2:02:04","1135","938","143","1609","795","621","94","1035","872","135","1135","938","143","20448","2252","387","10184","302","7324"
"870","Tim Brockmeyer","Male","Bad Homburg vor der Höhe","Hesse","DE","M35-39","FIN","5:40:49","0:37:30","0:07:21","2:42:50","0:05:31","2:07:37","1136","939","117","1810","789","616","77","858","731","94","1136","939","117","20449","2250","441","9770","331","7657"
"2136","Tobias Holm Mikkelsen","Male","Ebeltoft","MIDTJYLLAND","DK","M25-29","FIN","5:40:49","0:43:07","0:07:05","2:56:13","0:05:27","1:48:56","1137","940","223","1723","1437","1095","258","1396","1130","265","1137","940","223","20449","2587","425","10573","327","6536"
"635","Simon Holst","Male","Frederiksberg","DK-84","DK","M25-29","FIN","5:40:50","0:34:30","0:07:35","2:54:32","0:05:00","1:59:13","1138","941","224","1723","462","358","69","1126","943","215","1138","941","224","20450","2070","455","10472","300","7153"
"1060","Rikke Lee","Female","Roskilde","","DK","F50-54","FIN","5:40:55","0:39:13","0:06:42","2:44:09","0:06:18","2:04:33","1139","198","6","2241","1030","227","8","933","143","2","1139","198","6","20455","2353","402","9849","378","7473"
"1630","René Andreasen","Male","Køge","DK-85","DK","M65-69","FIN","5:40:56","0:45:21","0:08:47","2:40:43","0:05:27","2:00:38","1140","942","5","2739","1628","1211","9","1078","907","5","1140","942","5","20456","2721","527","9643","327","7238"
"1595","Mark Rilum","Male","
2500","Copenhagen","DK","M30-34","FIN","5:40:58","0:43:46","0:10:36","3:00:33","0:04:29","1:41:34","1141","943","144","1606","1497","1134","173","1583","1240","198","1141","943","144","20458","2626","636","10833","269","6094"
"478","Rianne Verhoef","Female","Maarssen","NL-UT","NL","F45-49","FIN","5:41:00","0:38:15","0:09:01","3:02:40","0:05:09","1:45:56","1142","199","14","2635","902","198","16","1472","294","22","1142","199","14","20460","2295","541","10960","309","6356"
"2266","Morten Wahl Petersen","Male","København Ø","Copenhagen","DK","M25-29","FIN","5:41:02","0:41:36","0:09:23","2:45:54","0:04:28","1:59:42","1143","944","225","1719","1300","998","234","1131","947","216","1143","944","225","20462","2496","563","9954","268","7182"
"507","Matthieu Dumont","Male","Bordeaux","","FR","M35-39","FIN","5:41:03","0:35:20","0:06:00","3:01:10","0:03:13","1:55:20","1144","945","118","1805","553","434","57","1297","1064","125","1144","945","118","20463","2120","360","10870","193","6920"
"1403","Michael Reeves","Male","Greenfield","LAN","GB","M60-64","FIN","5:41:05","0:38:09","0:08:31","2:51:51","0:05:51","1:56:43","1145","946","20","2359","885","690","14","1190","993","22","1145","946","20","20465","2289","511","10311","351","7003"
"792","Mathias Holmelund Dreholm","Male","Jyllinge","","DK","M40-44","FIN","5:41:06","0:38:53","0:06:57","2:41:32","0:05:09","2:08:35","1146","947","84","2020","980","766","61","847","724","62","1146","947","84","20466","2333","417","9692","309","7715"
"518","Jonas Battistini","Male","Charlottenlund","Copenhagen","DK","M25-29","FIN","5:41:09","0:43:25","0:16:11","2:36:17","0:08:34","1:56:42","1147","948","226","1717","1468","1115","266","1101","924","212","1147","948","226","20469","2605","971","9377","514","7002"
"1247","Patrick Thiessen","Male","hamburg","HH","DE","M55-59","FIN","5:41:10","0:40:24","0:05:50","2:54:50","0:02:54","1:57:12","1148","949","49","2265","1163","901","43","1256","1036","58","1148","949","49","20470","2424","350","10490","174","7032"
"920","Elias Mehl","Male","København","Copenhagen","DK","M18-24","FIN","5:41:14","0:49:38","0:11:48","2:51:11","0:06:19","1:42:18","1149","950","153","1872","1871","1355","201","1543","1220","189","1149","950","153","20474","2978","708","10271","379","6138"
"2237","Dr. Philipp Maas","Male","Hamburg","Hamburg","DE","M35-39","FIN","5:41:16","0:45:37","0:08:38","2:48:51","0:02:35","1:55:35","1150","951","119","1802","1654","1229","138","1312","1074","129","1150","951","119","20476","2737","518","10131","155","6935"
"303","Armin Bundle","Male","København","DK-84","DK","M35-39","FIN","5:41:24","0:52:00","0:07:24","2:38:18","0:06:06","1:57:36","1151","952","120","1799","1945","1398","155","1156","964","115","1151","952","120","20484","3120","444","9498","366","7056"
"1845","Mikael Trieb","Male","Motala","SE-E","SE","M45-49","FIN","5:41:24","0:31:33","0:09:21","2:47:52","0:05:43","2:06:56","1152","953","69","2035","242","183","16","891","759","60","1152","953","69","20484","1893","561","10072","343","7616"
"176","Klaus Buder","Male","Neunkirchen","AT-3","AT","M60-64","FIN","5:41:33","0:42:08","0:06:06","2:42:41","0:05:37","2:05:01","1153","954","21","2351","1348","1036","28","955","805","19","1153","954","21","20493","2528","366","9761","337","7501"
"2277","Christian Poulsen","Male","Odense C","","DK","M30-34","FIN","5:41:38","0:41:06","0:09:00","2:38:44","0:05:15","2:07:33","1154","955","145","1594","1240","957","146","895","761","118","1154","955","145","20498","2466","540","9524","315","7653"
"705","Daniel Kammersgård","Male","Silkeborg","DK-Central Jutland","DK","M25-29","FIN","5:41:40","0:38:12","0:08:17","2:48:34","0:04:12","2:02:25","1155","956","227","1708","892","697","163","1082","910","207","1155","956","227","20500","2292","497","10114","252","7345"
"1731","Caroline Buhl","Female","København Ø","HOVEDSTADEN","DK","F30-34","FIN","5:41:51","0:30:06","0:05:43","2:50:50","0:08:02","2:07:10","1156","200","32","2237","143","36","5","822","118","22","1156","200","32","20511","1806","343","10250","482","7630"
"561","Sille Jürgensen","Female","Aarhus C","Central Jutland","DK","F18-24","FIN","5:41:52","0:42:05","0:06:02","2:53:12","0:04:41","1:55:51","1157","201","23","2229","1340","309","36","1263","222","25","1157","201","23","20512","2525","362","10392","281","6951"
"1358","Lars van Santen","Male","Scharmer","Groningen","NL","M18-24","FIN","5:41:56","0:40:22","0:08:26","2:46:52","0:08:32","1:57:45","1158","957","154","1859","1157","896","141","1095","920","148","1158","957","154","20516","2422","506","10012","512","7065"
"186","Elisabeth Sortsøe Høgsberg","Female","københavn k","DK-84","DK","F55-59","FIN","5:42:01","0:40:05","0:08:13","2:50:36","0:06:05","1:57:02","1159","202","6","2879","1124","248","11","1203","201","9","1159","202","6","20521","2405","493","10236","365","7022"
"1800","Cecilie Bak Pedersen","Female","København","Copenhagen","DK","F25-29","FIN","5:42:05","0:37:54","0:07:45","2:59:27","0:05:19","1:51:41","1160","203","70","2186","849","187","58","1362","259","89","1160","203","70","20525","2274","465","10767","319","6701"
"836","Lotte Bigom-Eriksen","Female","Allerød","DK-84","DK","F55-59","FIN","5:42:06","0:36:38","0:06:16","3:00:23","0:04:33","1:54:16","1161","204","7","2877","690","151","6","1318","242","13","1161","204","7","20526","2198","376","10823","273","6856"
"1641","Ingvild Harbo","Female","JESSHEIM","Akershus","NO","F25-29","FIN","5:42:11","0:39:27","0:07:59","2:51:02","0:05:23","1:58:20","1162","205","71","2184","1054","231","75","1188","197","62","1162","205","71","20531","2367","479","10262","323","7100"
"334","David Martins","Male","Gentofte","SJÆLLAND","PT","M25-29","FIN","5:42:15","0:40:52","0:05:19","2:56:50","0:03:03","1:56:10","1163","958","228","1697","1213","936","219","1307","1070","249","1163","958","228","20535","2452","319","10610","183","6970"
"1841","Rasmus Døngart","Male","copenhagen","DK-84","DK","M25-29","FIN","5:42:17","0:40:45","0:07:50","2:57:04","0:05:40","1:50:58","1164","959","229","1697","1199","926","215","1375","1115","259","1164","959","229","20537","2445","470","10624","340","6658"
"759","Amber Maria Beckwith","Female","Odense","Fyn","DK","F25-29","FIN","5:42:17","0:35:10","0:05:12","2:47:56","0:04:16","2:09:42","1165","206","72","2183","536","118","33","874","131","39","1165","206","72","20537","2110","312","10076","256","7782"
"1221","Christina Lyngbakke Larsen","Female","Nyborg","Fyn","DK","F50-54","FIN","5:42:19","0:29:03","0:06:02","3:01:31","0:06:22","1:59:22","1166","207","7","2216","114","28","1","1124","183","4","1166","207","7","20539","1743","362","10891","382","7162"
"993","Niklas Rehøj","Male","København","Copenhagen","DK","M25-29","FIN","5:42:21","0:38:49","0:06:34","2:53:36","0:04:26","1:58:56","1167","960","230","1695","968","758","177","1205","1004","231","1167","960","230","20541","2329","394","10416","266","7136"
"2177","Henrik Aarup","Male","Holstebro","Central Jutland","DK","M50-54","FIN","5:42:22","0:45:05","0:05:02","2:48:07","0:03:38","2:00:31","1168","961","42","2175","1604","1195","67","1178","982","45","1168","961","42","20542","2705","302","10087","218","7231"
"438","Lukas Nim Keil","Male","København","DK-84","DK","M25-29","FIN","5:42:23","0:41:29","0:06:43","2:55:52","0:02:57","1:55:22","1169","962","231","1695","1284","990","231","1340","1088","252","1169","962","231","20543","2489","403","10552","177","6922"
"1479","Bella Vad Pedersen","Female","Copenhagen","Denmark","DK","F25-29","FIN","5:42:24","0:43:05","0:08:05","2:51:38","0:04:27","1:55:09","1170","208","73","2180","1430","340","111","1304","237","80","1170","208","73","20544","2585","485","10298","267","6909"
"677","Emil Klostergaard Henriksen","Male","Aarhus C","DK-82","DK","M18-24","FIN","5:42:26","0:38:54","0:06:34","2:48:23","0:04:21","2:04:13","1171","963","155","1850","985","768","123","1037","874","141","1171","963","155","20546","2334","394","10103","261","7453"
"538","Alexander Petruk","Male","Hamburg","HH","DE","M50-54","FIN","5:42:30","0:37:35","0:07:27","2:35:59","0:05:22","2:16:08","1172","964","43","2172","802","627","29","661","570","24","1172","964","43","20550","2255","447","9359","322","8168"
"826","Preben Lauridsen","Male","københavn","DK-84","DK","M60-64","FIN","5:42:34","0:46:13","0:07:00","2:52:49","0:07:31","1:49:00","1173","965","22","2332","1693","1253","36","1386","1122","25","1173","965","22","20554","2773","420","10369","451","6540"
"2420","Vladimir Chigak","Male","Copenhagen","SJÆLLAND","","M35-39","FIN","5:42:36","0:42:31","0:07:09","2:51:20","0:05:11","1:56:24","1174","966","121","1778","1373","1053","121","1254","1034","120","1174","966","121","20556","2551","429","10280","311","6984"
"493","Jonas Christoffersen","Male","Skovlunde","HOVEDSTADEN","DK","M18-24","FIN","5:42:36","0:37:51","0:07:36","2:33:39","0:02:50","2:20:40","1175","967","156","1847","843","657","104","613","531","78","1175","967","156","20556","2271","456","9219","170","8440"
"921","Jason Pedersen","Male","Valby","Copenhagen","DK","M25-29","FIN","5:42:42","0:47:36","0:07:10","2:39:56","0:08:48","1:59:13","1176","968","232","1689","1772","1298","309","1069","900","205","1176","968","232","20562","2856","430","9596","528","7153"
"1950","Anders Henriksen","Male","
Slangerup","SJÆLLAND","DK","M35-39","FIN","5:42:44","0:44:43","0:06:22","2:48:44","0:05:25","1:57:30","1177","969","122","1775","1581","1178","130","1224","1016","119","1177","969","122","20564","2683","382","10124","325","7050"
"1415","Jonny Lobley","Male","Ashton-under-Lyne","Greater Manchester","GB","M30-34","FIN","5:42:46","0:35:50","0:06:24","3:10:42","0:05:48","1:44:02","1178","970","146","1574","614","484","73","1549","1224","194","1178","970","146","20566","2150","384","11442","348","6242"
"739","Hannah Ganz","Female","Bischweier","BW","DE","F30-34","FIN","5:42:47","0:39:40","0:05:49","2:52:14","0:03:56","2:01:09","1179","209","33","2220","1078","238","38","1157","193","31","1179","209","33","20567","2380","349","10334","236","7269"
"1371","Solveig Dramstad","Female","Rakkestad","NO-01","NO","F55-59","FIN","5:42:47","0:40:35","0:07:05","2:53:18","0:04:00","1:57:50","1180","210","8","2865","1183","268","16","1251","220","10","1180","210","8","20567","2435","425","10398","240","7070"
"1535","Mike Schawohl","Male","Dortmund","NW","DE","M40-44","FIN","5:43:01","0:40:00","0:09:53","2:43:13","0:04:01","2:05:54","1181","971","85","1986","1113","867","72","1016","859","72","1181","971","85","20581","2400","593","9793","241","7554"
"1699","Maiken Ansø","Female","Skive","Central Jutland","DK","F35-39","FIN","5:43:02","0:40:34","0:07:54","3:10:00","0:03:05","1:41:29","1182","211","17","2432","1180","267","21","1658","375","31","1182","211","17","20582","2434","474","11400","185","6089"
"797","Noah Nielsen","Male","Pandrup","North Jütland","DK","M18-24","FIN","5:43:07","0:35:46","0:08:59","2:51:18","0:06:04","2:01:00","1183","972","157","1838","604","474","76","1107","928","149","1183","972","157","20587","2146","539","10278","364","7260"
"2089","Henrik RYE","Male","Rydebäck","SE-M","SE","M50-54","FIN","5:43:12","0:47:02","0:09:28","3:00:46","0:03:28","1:42:28","1184","973","44","2160","1743","1283","73","1635","1270","74","1184","973","44","20592","2822","568","10846","208","6148"
"207","Bettina Retslov","Female","Idestrup","DK-85","DK","F55-59","FIN","5:43:14","0:44:27","0:07:27","2:42:56","0:05:05","2:03:18","1185","212","9","2857","1562","393","22","1076","171","7","1185","212","9","20594","2667","447","9776","305","7398"
"1029","Thomas Volf Andersen","Male","København K","Copenhagen","DK","M18-24","FIN","5:43:23","0:39:34","0:05:48","2:52:17","0:05:38","2:00:06","1186","974","158","1833","1070","834","132","1155","963","161","1186","974","158","20603","2374","348","10337","338","7206"
"706","Birgit Pomper","Female","Wien","AT-9","AT","F35-39","FIN","5:43:24","0:36:06","0:07:19","2:43:08","0:04:23","2:12:27","1187","213","18","2426","637","136","10","819","116","9","1187","213","18","20604","2166","439","9788","263","7947"
"352","Frederik Winther Damsgaard","Male","Bronshøj","DK-84","DK","M25-29","FIN","5:43:25","0:47:37","0:07:32","2:52:46","0:03:44","1:51:46","1188","975","233","1676","1777","1303","311","1433","1153","272","1188","975","233","20605","2857","452","10366","224","6706"
"902","Troels Vriborg","Male","Aalborg","DK-81","DK","M40-44","FIN","5:43:33","0:43:00","0:08:12","2:53:09","0:02:51","1:56:20","1189","976","86","1976","1415","1082","93","1347","1092","93","1189","976","86","20613","2580","492","10389","171","6980"
"494","Bjørnar Strendo","Male","Ål","BUSKERUD","NO","M45-49","FIN","5:43:36","0:39:01","0:05:30","2:59:04","0:03:10","1:56:51","1190","977","70","1995","1003","783","60","1327","1081","82","1190","977","70","20616","2341","330","10744","190","7011"
"1868","Jannik Høvdinghoff Mikkelsen","Male","
Frederiksberg","","DK","M30-34","FIN","5:43:36","0:49:41","0:08:51","2:42:37","0:04:30","1:57:58","1191","978","147","1559","1873","1357","213","1258","1038","160","1191","978","147","20616","2981","531","9757","270","7078"
"1173","Oscar Hemmer","Male","Birkerød","Nordsjælland","DK","M18-24","FIN","5:43:39","0:40:36","0:07:33","2:48:51","0:04:18","2:02:20","1192","979","159","1829","1187","918","145","1134","949","155","1192","979","159","20619","2436","453","10131","258","7340"
"1480","Jens-Jakob Sandgreen","Male","København SV","DK-84","GL","M35-39","FIN","5:43:40","0:46:16","0:07:51","2:41:49","0:04:33","2:03:11","1193","980","123","1758","1699","1258","141","1103","925","112","1193","980","123","20620","2776","471","9709","273","7391"
"1512","Frederik Jørgensen","Male","Haslev","DK-85","DK","M25-29","FIN","5:43:41","0:31:35","0:06:41","2:44:49","0:06:01","2:14:34","1194","981","234","1671","246","187","26","714","615","134","1194","981","234","20621","1895","401","9889","361","8074"
"1891","Mikkel Bak","Male","Århus","DK-82","DK","M18-24","FIN","5:43:42","0:37:00","0:10:04","2:57:37","0:07:57","1:51:04","1195","982","160","1828","729","571","90","1353","1098","176","1195","982","160","20622","2220","604","10657","477","6664"
"2209","Jesper Bjerre Pedersen","Male","
Tørring","","DK","M55-59","FIN","5:43:46","0:42:00","0:06:47","2:42:36","0:04:14","2:08:09","1196","983","50","2218","1334","1026","58","971","821","44","1196","983","50","20626","2520","407","9756","254","7689"
"349","Marie Agger","Female","
KBH","","DK","F35-39","FIN","5:43:47","0:41:26","0:07:18","2:56:18","0:06:32","1:52:12","1197","214","19","2419","1272","293","27","1360","258","25","1197","214","19","20627","2486","438","10578","392","6732"
"1962","Mathilde Meilgaard Toftehøj","Female","Frederiksberg","DK-84","DK","F25-29","FIN","5:43:56","0:40:12","0:06:35","2:53:33","0:05:15","1:58:21","1198","215","74","2153","1136","252","82","1237","215","72","1198","215","74","20636","2412","395","10413","315","7101"
"986","Simon Richardt Pedersen","Male","Søborg","DK-84","DK","M35-39","FIN","5:43:57","0:42:10","0:06:14","2:38:24","0:04:24","2:12:45","1199","984","124","1753","1349","1037","120","829","709","87","1199","984","124","20637","2530","374","9504","264","7965"
"1697","Alex Dean","Male","Betchworth","Surrey","GB","M30-34","FIN","5:43:58","0:43:12","0:10:17","2:51:34","0:07:11","1:51:44","1200","985","148","1552","1446","1101","170","1361","1103","172","1200","985","148","20638","2592","617","10294","431","6704"
"383","Rasmus Jørgensen","Male","
Fredensborg","","DK","M50-54","FIN","5:44:00","0:44:00","0:07:39","2:47:05","0:04:44","2:00:32","1201","986","45","2145","1522","1149","63","1198","999","48","1201","986","45","20640","2640","459","10025","284","7232"
"1749","Asbjørn Moen","Male","Sandvika","NO-02","NO","M60-64","FIN","5:44:03","0:50:34","0:05:56","2:48:32","0:04:53","1:54:08","1202","987","23","2306","1902","1374","43","1359","1102","24","1202","987","23","20643","3034","356","10112","293","6848"
"1186","Kim Busborg","Male","Lillerød","DK-85","DK","M45-49","FIN","5:44:05","0:39:05","0:07:55","2:29:14","0:06:05","2:21:47","1203","988","71","1986","1012","790","62","538","473","40","1203","988","71","20645","2345","475","8954","365","8507"
"280","Christian Skodsborg","Male","Bagsværd","DK-84","DK","M35-39","FIN","5:44:08","0:38:39","0:08:13","2:52:22","0:03:59","2:00:55","1204","989","125","1750","942","739","89","1209","1007","118","1204","989","125","20648","2319","493","10342","239","7255"
"2393","Henrik Nielsen","Male","Odense ","Fyn","DK","M45-49","FIN","5:44:09","0:36:45","0:08:08","2:59:22","0:03:55","1:55:59","1205","990","72","1985","698","546","42","1345","1091","84","1205","990","72","20649","2205","488","10762","235","6959"
"1065","Juliane Agnete Haxthausen","Female","København V ","Copenhagen","DK","F25-29","FIN","5:44:09","0:38:40","0:06:38","3:00:54","0:05:19","1:52:38","1206","216","75","2149","946","204","68","1390","266","92","1206","216","75","20649","2320","398","10854","319","6758"
"2301","Jeppe Skovsgaard Tøfting","Male","Aarhus","DK-82","DK","M30-34","FIN","5:44:10","0:43:05","0:09:03","2:48:29","0:06:37","1:56:56","1207","991","149","1549","1433","1091","167","1241","1025","156","1207","991","149","20650","2585","543","10109","397","7016"
"2110","Oliver Schultz","Male","
Helsingør","","DK","M18-24","FIN","5:44:15","0:42:04","0:07:07","2:44:21","0:06:09","2:04:34","1208","992","161","1818","1338","1030","160","1031","869","139","1208","992","161","20655","2524","427","9861","369","7474"
"1297","Thomas Hau Knudsen","Male","Hillerød","HOVEDSTADEN","DK","M60-64","FIN","5:44:21","0:39:00","0:12:08","3:00:12","0:05:43","1:47:18","1209","993","24","2300","1001","781","19","1512","1208","31","1209","993","24","20661","2340","728","10812","343","6438"
"1545","Kristoffer Sandvang","Male","København","Copenhagen","DK","M25-29","FIN","5:44:24","0:36:05","0:06:51","2:48:28","0:05:25","2:07:35","1210","994","235","1658","634","500","105","972","822","189","1210","994","235","20664","2165","411","10108","325","7655"
"2104","Frederikke Ibsen","Female","Roskilde","Zealand","DK","F25-29","FIN","5:44:27","0:39:01","0:07:30","2:56:47","0:05:32","1:55:37","1211","217","76","2144","1004","221","72","1319","243","84","1211","217","76","20667","2341","450","10607","332","6937"
"936","Pauline Møller","Female","København V","Zealand","DK","F30-34","FIN","5:44:28","0:44:59","0:09:09","2:52:52","0:06:06","1:51:21","1212","218","34","2190","1598","409","55","1404","269","41","1212","218","34","20668","2699","549","10372","366","6681"
"1673","Daniel Green","Male","limhamn","SE-M","NZ","M50-54","FIN","5:44:29","0:31:49","0:00:00","","0:00:00","2:17:15","1213","995","46","2137","256","195","7","99999","99999","99999","1213","995","46","20669","1909","","","","8235"
"2290","Joakim Erlandsson","Male","Lund","","SE","M50-54","FIN","5:44:34","0:47:34","0:06:34","2:44:42","0:05:36","2:00:08","1214","996","47","2135","1770","1296","76","1201","1001","49","1214","996","47","20674","2854","394","9882","336","7208"
"988","Bertram Hage","Male","København K","Copenhagen","DK","M25-29","FIN","5:44:37","0:40:37","0:05:12","3:01:37","0:03:01","1:54:10","1215","997","236","1655","1188","919","212","1419","1145","270","1215","997","236","20677","2437","312","10897","181","6850"
"350","Christian Rohde","Male","København N","HOVEDSTADEN","DK","M30-34","FIN","5:44:41","0:35:44","0:05:03","2:27:01","0:03:45","2:33:08","1216","998","150","1539","593","465","71","335","296","46","1216","998","150","20681","2144","303","8821","225","9188"
"1454","Ruben Lorek","Male","Freising","Bavaria","DE","M30-34","FIN","5:44:57","0:32:53","0:05:35","3:00:23","0:04:28","2:01:38","1217","999","151","1535","331","254","32","1202","1002","151","1217","999","151","20697","1973","335","10823","268","7298"
"1722","Theis Ferré Hjortkjær","Male","Frederiksberg","","DK","M30-34","FIN","5:45:03","0:39:31","0:09:43","2:55:54","0:06:17","1:53:37","1218","1000","152","1533","1060","827","130","1364","1105","174","1218","1000","152","20703","2371","583","10554","377","6817"
"2012","Nathalie Kluge","Female","Herlev","HOVEDSTADEN","DK","F25-29","FIN","5:45:04","0:45:27","0:07:22","2:48:41","0:02:56","2:00:38","1219","219","77","2132","1636","421","140","1265","223","75","1219","219","77","20704","2727","442","10121","176","7238"
"1063","Alberte Hammer","Female","Denmark","MIDTJYLLAND","DK","F18-24","FIN","5:45:06","0:38:31","0:06:45","2:59:03","0:05:18","1:55:28","1220","220","24","2171","927","202","23","1346","255","27","1220","220","24","20706","2311","405","10743","318","6928"
"697","Asbjørn Lien-Iversen","Male","Aarhus C","DK-82","DK","M30-34","FIN","5:45:08","0:38:09","0:08:20","2:48:12","0:06:32","2:03:56","1221","1001","153","1531","886","691","105","1067","898","140","1221","1001","153","20708","2289","500","10092","392","7436"
"2147","Peter Fernando Ogstrup","Male","København","Copenhagen","DK","M30-34","FIN","5:45:11","0:39:23","0:14:56","2:56:09","0:11:15","1:43:27","1222","1002","154","1530","1051","821","129","1486","1189","188","1222","1002","154","20711","2363","896","10569","675","6207"
"1837","Anders Markussen","Male","Aarhus C","DK-82","DK","M25-29","FIN","5:45:23","0:41:22","0:07:40","2:41:41","0:05:37","2:09:03","1223","1003","237","1641","1268","977","227","948","799","179","1223","1003","237","20723","2482","460","9701","337","7743"
"1877","Håkan Lindgren","Male","Löddeköpinge","SE-M","SE","M50-54","FIN","5:45:31","0:37:29","0:10:05","2:43:49","0:06:02","2:08:05","1224","1004","48","2118","787","615","28","970","820","35","1224","1004","48","20731","2249","605","9829","362","7685"
"866","Alexandra Fellmann","Female","Bad Homburg","HE","DE","F60-64","FIN","5:45:32","0:42:23","0:07:50","2:51:23","0:05:43","1:58:13","1225","221","1","3500","1368","319","5","1271","227","2","1225","221","1","20732","2543","470","10283","343","7093"
"1369","Niels Henrik Lund Christiansen","Male","Aarhus C","Central Jutland","DK","M30-34","FIN","5:45:33","0:45:19","0:09:38","2:58:32","0:06:50","1:45:14","1226","1005","155","1524","1623","1208","187","1559","1227","195","1226","1005","155","20733","2719","578","10712","410","6314"
"2062","Magnus Ihler","Male","Oslo","NO-03","NO","M40-44","FIN","5:45:33","0:47:26","0:08:38","2:38:39","0:05:44","2:05:07","1227","1006","87","1940","1765","1294","107","1070","901","75","1227","1006","87","20733","2846","518","9519","344","7507"
"1372","Bjarne Nahnsen","Male","Vollstedt","Schleswig-Holstein","DE","M25-29","FIN","5:45:33","0:37:41","0:06:00","2:40:50","0:06:10","2:14:53","1228","1007","238","1638","819","639","147","757","647","140","1228","1007","238","20733","2261","360","9650","370","8093"
"2160","Lea Stein Errboe","Female","Frederiksberg","","DK","F35-39","FIN","5:45:36","0:42:56","0:05:47","2:52:07","0:04:24","2:00:22","1229","222","20","2386","1410","332","30","1247","218","20","1229","222","20","20736","2576","347","10327","264","7222"
"1203","Henrik Hansen","Male","nakskov","DK-83","DK","M45-49","FIN","5:45:43","0:41:50","0:06:43","2:50:06","0:05:22","2:01:42","1230","1008","73","1957","1326","1020","75","1193","995","75","1230","1008","73","20743","2510","403","10206","322","7302"
"2242","Simon Smith","Male","
Regstrup","","DK","M35-39","FIN","5:45:47","0:35:42","0:06:33","2:58:50","0:03:55","2:00:47","1231","1009","126","1720","590","463","63","1257","1037","121","1231","1009","126","20747","2142","393","10730","235","7247"
"562","Isabella Møller","Female","Viby J","Central Jutland","DK","F30-34","FIN","5:45:50","0:39:04","0:06:16","2:58:10","0:03:41","1:58:39","1232","223","35","2165","1010","222","36","1324","245","36","1232","223","35","20750","2344","376","10690","221","7119"
"595","Nicolai Thorndahl","Male","Frederiksberg","","DK","M30-34","FIN","5:46:00","0:36:16","0:08:04","2:56:39","0:05:02","1:59:59","1233","1010","156","1516","652","513","83","1252","1032","159","1233","1010","156","20760","2176","484","10599","302","7199"
"729","Christina Judson","Female","London","GB-LND","GB","F35-39","FIN","5:46:01","0:37:42","0:09:43","2:55:24","0:06:52","1:56:22","1234","224","21","2379","823","182","13","1303","236","21","1234","224","21","20761","2262","583","10524","412","6982"
"514","Rasmus Sonne Holm","Male","Slagelse","Zealand","DK","M18-24","FIN","5:46:10","0:39:18","0:07:24","2:34:47","0:04:20","2:20:21","1235","1011","162","1783","1041","813","129","673","579","87","1235","1011","162","20770","2358","444","9287","260","8421"
"2293","Stefan Hansen","Male","Farum","","DK","M45-49","FIN","5:46:14","0:37:32","0:08:25","2:52:02","0:08:02","2:00:13","1236","1012","74","1948","794","620","50","1165","971","74","1236","1012","74","20774","2252","505","10322","482","7213"
"1289","Patrick Hansen","Male","københavn nv","","DK","M30-34","FIN","5:46:15","0:43:03","0:06:05","2:42:25","0:04:03","2:10:38","1237","1013","157","1511","1425","1087","165","978","826","127","1237","1013","157","20775","2583","365","9745","243","7838"
"1302","Nick Borring","Male","København","","DK","M30-34","FIN","5:46:16","0:37:59","0:06:20","2:50:16","0:04:39","2:07:02","1238","1014","158","1511","866","675","102","1065","896","138","1238","1014","158","20776","2279","380","10216","279","7622"
"1252","Sanne Hindsberg","Female","Karlslunde","DK-85","DK","F50-54","FIN","5:46:18","0:44:31","0:08:28","2:57:42","0:05:37","1:49:59","1239","225","8","2144","1568","395","28","1493","300","15","1239","225","8","20778","2671","508","10662","337","6599"
"1432","Julie Benthin","Female","København N","Copenhagen","DK","F25-29","FIN","5:46:19","0:41:06","0:07:43","3:02:45","0:04:27","1:50:18","1240","226","78","2110","1239","283","91","1516","307","103","1240","226","78","20779","2466","463","10965","267","6618"
"1399","Sabine Mortensen","Female","Holbæk","Zealand","DK","F25-29","FIN","5:46:25","0:39:44","0:06:48","2:48:38","0:03:59","2:07:15","1241","227","79","2108","1089","243","78","1084","173","56","1241","227","79","20785","2384","408","10118","239","7635"
"938","Laura Kramer-Rønne","Female","Kbh S","DK-85","DK","F35-39","FIN","5:46:25","0:44:41","0:09:02","2:42:42","0:07:18","2:02:41","1242","228","22","2372","1579","402","32","1120","182","17","1242","228","22","20785","2681","542","9762","438","7361"
"1644","Mads Hansen","Female","Jyderup","DK-85","DK","M30-34","FIN","5:46:32","0:30:31","0:07:28","2:44:18","0:04:31","2:19:44","1243","1015","159","1506","168","129","14","696","599","94","1243","1015","159","20792","1831","448","9858","271","8384"
"883","Lars Aamand Dahl","Male","
Ringsted","","DK","M45-49","FIN","5:46:33","0:36:24","0:05:48","2:46:23","0:06:10","2:11:48","1244","1016","75","1942","665","522","39","885","753","59","1244","1016","75","20793","2184","348","9983","370","7908"
"1200","Allan Christensen","Male","Farsø","NORDJYLLAND","DK","M50-54","FIN","5:46:34","0:37:28","0:06:01","2:42:52","0:04:14","2:16:00","1245","1017","49","2099","786","614","27","811","696","31","1245","1017","49","20794","2248","361","9772","254","8160"
"1209","Sercan Kerem Tomac","Male","Holte","","TR","M35-39","FIN","5:46:36","0:34:36","0:07:33","2:51:30","0:07:45","2:05:12","1246","1018","127","1706","478","371","43","1034","871","106","1246","1018","127","20796","2076","453","10290","465","7512"
"2122","Tim Resch","Male","Lund","SE-M","SE","M55-59","FIN","5:46:39","0:36:50","0:07:45","2:48:48","0:06:34","2:06:43","1247","1019","51","2166","709","554","28","1026","864","50","1247","1019","51","20799","2210","465","10128","394","7603"
"1265","Thomas Jensen","Male","Glumsø","DK-85","DK","M30-34","FIN","5:46:39","0:41:27","0:08:07","2:50:18","0:05:57","2:00:50","1248","1020","160","1504","1276","982","153","1228","1018","154","1248","1020","160","20799","2487","487","10218","357","7250"
"903","Kristian Specht","Male","Herning","Central Jutland","DK","M25-29","FIN","5:47:05","0:41:36","0:06:31","2:54:14","0:04:15","2:00:28","1249","1021","239","1610","1301","999","235","1290","1059","247","1249","1021","239","20825","2496","391","10454","255","7228"
"1347","Karoline Wulf-Andersen","Female","Frederiksberg","Copenhagen","DK","F25-29","FIN","5:47:10","0:43:40","0:06:18","3:00:30","0:04:58","1:51:44","1250","229","80","2095","1488","362","120","1485","297","99","1250","229","80","20830","2620","378","10830","298","6704"
"2311","Lola Lipsky","Female","Mandelieu-La-Napoule","FR-06","FR","F25-29","FIN","5:47:15","0:35:51","0:08:23","3:07:40","0:04:46","1:50:35","1251","230","81","2093","615","131","38","1525","311","105","1251","230","81","20835","2151","503","11260","286","6635"
"1778","Mads Tvilling Rudbeck Sørensen","Male","København SV","Hovedstadsområdet","DK","M25-29","FIN","5:47:20","0:42:29","0:06:09","2:48:51","0:04:12","2:05:38","1252","1022","240","1606","1371","1051","245","1149","959","219","1252","1022","240","20840","2549","369","10131","252","7538"
"1566","Jóhanna Egholm","Female","Kastrup","DK-84","DK","F30-34","FIN","5:47:20","0:30:00","0:06:57","3:02:30","0:06:55","2:00:58","1253","231","36","2138","139","34","4","1214","204","32","1253","231","36","20840","1800","417","10950","415","7258"
"1227","Alejandro Martinez Senent","Male","København","DK-84","ES","M25-29","FIN","5:47:26","0:35:48","0:05:29","2:34:32","0:03:35","2:28:02","1254","1023","241","1604","608","478","100","529","465","105","1254","1023","241","20846","2148","329","9272","215","8882"
"2214","Bruno BONNET","Male","Copenhagen","Copenhagen","FR","M40-44","FIN","5:47:28","0:40:27","0:10:34","3:03:56","0:05:38","1:46:53","1255","1024","88","1906","1166","903","80","1584","1241","104","1255","1024","88","20848","2427","634","11036","338","6413"
"1359","Lau Bjørnholt","Male","HillerødHillerød","DK-84","DK","M45-49","FIN","5:47:29","0:41:11","0:09:59","2:49:18","0:07:24","1:59:37","1256","1025","76","1925","1247","962","72","1238","1023","77","1256","1025","76","20849","2471","599","10158","444","7177"
"2114","Frederikke Dupont","Female","København N","","DK","F25-29","FIN","5:47:31","0:41:03","0:06:28","2:51:17","0:03:03","2:05:39","1257","232","82","2088","1234","282","90","1199","200","63","1257","232","82","20851","2463","388","10277","183","7539"
"1465","Claus Andersen","Male","Herning","DK-82","DK","M35-39","FIN","5:47:33","0:40:19","0:09:50","2:34:00","0:06:39","2:16:46","1258","1026","128","1688","1152","893","110","747","640","75","1258","1026","128","20853","2419","590","9240","399","8206"
"1330","Mikkel Kristensen","Male","Aalborg","DK-81","DK","M18-24","FIN","5:47:42","0:47:26","0:08:47","2:51:36","0:04:26","1:55:27","1259","1027","163","1756","1766","1295","194","1426","1151","180","1259","1027","163","20862","2846","527","10296","266","6927"
"1967","Morten Stolzenbach","Male","København S","","DK","M25-29","FIN","5:47:45","0:37:37","0:08:59","2:48:07","0:05:50","2:07:12","1260","1028","242","1598","809","631","143","1071","902","206","1260","1028","242","20865","2257","539","10087","350","7632"
"154","Marianne Ragus","Female","Odense","SYDDANMARK","DK","F45-49","FIN","5:47:47","0:41:01","0:06:35","2:49:40","0:04:16","2:06:15","1261","233","15","2513","1232","281","22","1140","188","13","1261","233","15","20867","2461","395","10180","256","7575"
"2256","Simon Nordvig","Male","Copenhagen","","DK","M30-34","FIN","5:47:49","0:43:41","0:10:24","2:52:31","0:05:19","1:55:54","1262","1029","161","1483","1491","1128","172","1399","1132","179","1262","1029","161","20869","2621","624","10351","319","6954"
"2040","Nicole Kürstein","Female","Ballerup","DK-84","DK","F25-29","FIN","5:47:53","0:41:33","0:05:27","3:02:42","0:03:44","1:54:27","1263","234","83","2082","1296","301","97","1469","293","97","1263","234","83","20873","2493","327","10962","224","6867"
"2328","Lucas Barnes Thomsen","Male","Næstved","Zealand","DK","M18-24","FIN","5:47:57","0:40:15","0:07:15","2:50:33","0:05:00","2:04:54","1264","1030","164","1751","1143","888","140","1172","976","162","1264","1030","164","20877","2415","435","10233","300","7494"
"1769","Victor Heine Rudbæk","Male","Taastrup","DK-84","DK","M25-29","FIN","5:48:05","0:46:43","0:06:54","2:41:42","0:06:39","2:06:07","1265","1031","243","1592","1730","1276","303","1089","915","210","1265","1031","243","20885","2803","414","9702","399","7567"
"2200","Rikke Nielsen","Female","København S","DK-84","DK","F25-29","FIN","5:48:13","0:42:50","0:07:50","2:50:17","0:04:09","2:03:06","1266","235","84","2076","1400","329","105","1249","219","74","1266","235","84","20893","2570","470","10217","249","7386"
"877","Peter Simonsen","Male","helsingør","DK-85","DK","M50-54","FIN","5:48:18","0:48:59","0:08:31","2:50:04","0:03:00","1:57:45","1267","1032","50","2068","1839","1341","79","1422","1148","60","1267","1032","50","20898","2939","511","10204","180","7065"
"1605","Göran Ivarsson","Male","Röke","","SE","M55-59","FIN","5:48:24","0:45:00","0:12:59","2:50:44","0:07:20","1:52:21","1268","1033","52","2135","1599","1190","69","1452","1166","67","1268","1033","52","20904","2700","779","10244","440","6741"
"772","Casper Wishoff","Male","Hellerup","DK-84","DK","M30-34","FIN","5:48:30","0:41:15","0:06:38","2:50:05","0:05:13","2:05:21","1269","1034","162","1471","1255","968","150","1163","970","148","1269","1034","162","20910","2475","398","10205","313","7521"
"1840","Frederik Mandrup Nielsen","Male","Aarhus","DK-82","DK","M25-29","FIN","5:48:31","0:40:35","0:07:23","2:53:02","0:04:37","2:02:53","1270","1035","244","1584","1182","915","211","1255","1035","241","1270","1035","244","20911","2435","443","10382","277","7373"
"2241","Tobias Schmidt","Male","København SV","","DK","M25-29","FIN","5:48:37","0:37:02","0:08:43","2:50:22","0:04:40","2:07:51","1271","1036","245","1583","734","576","124","1109","929","213","1271","1036","245","20917","2222","523","10222","280","7671"
"1061","Cyril Julian","Male","Champenoux","FR-54","FR","M50-54","FIN","5:48:44","0:38:01","0:07:22","2:50:53","0:03:47","2:08:42","1272","1037","51","2060","869","678","30","1113","933","42","1272","1037","51","20924","2281","442","10253","227","7722"
"1653","Simon Maul","Male","Roskilde","SJÆLLAND","DK","M18-24","FIN","5:48:57","0:37:55","0:05:54","2:58:01","0:05:17","2:01:51","1273","1038","165","1733","856","669","106","1276","1047","169","1273","1038","165","20937","2275","354","10681","317","7311"
"1243","Maria Olesen","Female","Aalborg","NORDJYLLAND","DK","F30-34","FIN","5:49:00","0:50:27","0:06:06","2:55:23","0:02:37","1:54:27","1274","236","37","2108","1897","528","70","1526","312","47","1274","236","37","20940","3027","366","10523","157","6867"
"1492","Mathias Højte Olsen","Male","København","Copenhagen","DK","M25-29","FIN","5:49:01","0:39:59","0:07:41","2:54:23","0:04:55","2:02:03","1275","1039","246","1575","1112","866","201","1282","1052","244","1275","1039","246","20941","2399","461","10463","295","7323"
"1941","William Dalgaard","Male","Roslev","Central Jutland","DK","M18-24","FIN","5:49:04","0:46:26","0:10:12","2:45:31","0:04:18","2:02:37","1276","1040","166","1731","1713","1267","192","1284","1054","171","1276","1040","166","20944","2786","612","9931","258","7357"
"1136","Thea Ursula Arntsen","Female","Bergen","Vestland","NO","F25-29","FIN","5:49:16","0:40:36","0:08:05","3:07:50","0:06:25","1:46:20","1277","237","85","2057","1185","269","86","1617","356","120","1277","237","85","20956","2436","485","11270","385","6380"
"375","Jonas Franck","Male","Helsingør","DK-85","DK","M45-49","FIN","5:49:18","0:53:23","0:08:16","2:39:50","0:06:00","2:01:49","1278","1041","77","1892","1975","1416","112","1266","1043","80","1278","1041","77","20958","3203","496","9590","360","7309"
"1146","Mikael Berg","Male","Barkåker","VESTFOLD","NO","M35-39","FIN","5:49:21","0:38:43","0:07:00","2:56:35","0:03:44","2:03:18","1279","1042","129","1656","953","746","90","1287","1056","123","1279","1042","129","20961","2323","420","10595","224","7398"
"691","Asbjørn Dammark","Male","Skive","DK-82","DK","M18-24","FIN","5:49:23","0:49:02","0:06:15","2:54:59","0:03:15","1:55:51","1280","1043","167","1725","1842","1342","199","1480","1186","187","1280","1043","167","20963","2942","375","10499","195","6951"
"2306","Astrid Mørkholt Toft","Female","København S","Copenhagen","DK","F25-29","FIN","5:49:27","0:33:15","0:06:36","2:59:47","0:04:19","2:05:30","1281","238","86","2054","356","82","18","1219","207","67","1281","238","86","20967","1995","396","10787","259","7530"
"1028","Ida Nilsen","Female","Jessheim","NO-02","NO","F45-49","FIN","5:49:31","0:45:21","0:07:09","2:54:31","0:04:37","1:57:52","1282","239","16","2481","1627","417","33","1405","270","19","1282","239","16","20971","2721","429","10471","277","7072"
"592","Charlie Blackburn","Male","Hitchin","GB-England","GB","M30-34","FIN","5:49:34","0:38:45","0:07:12","2:51:58","0:05:13","2:06:27","1283","1044","163","1451","957","749","115","1162","969","147","1283","1044","163","20974","2325","432","10318","313","7587"
"723","Erlend Hafslund Veire","Male","Stavanger","Norge","NO","M25-29","FIN","5:49:36","0:38:04","0:06:59","3:01:13","0:04:39","1:58:40","1284","1045","247","1565","874","682","160","1393","1127","263","1284","1045","247","20976","2284","419","10873","279","7120"
"1453","Volker Hemberger","Male","zellingen","DE-BY","DE","M65-69","FIN","5:49:51","0:44:41","0:07:27","2:44:27","0:05:08","2:08:08","1285","1046","6","2578","1578","1177","8","1122","940","6","1285","1046","6","20991","2681","447","9867","308","7688"
"1235","Adzer Verweij","Male","Vejle","Southern Jutland","NL","M45-49","FIN","5:49:58","0:42:20","0:09:13","2:52:50","0:05:24","2:00:12","1286","1047","78","1880","1361","1046","77","1348","1093","85","1286","1047","78","20998","2540","553","10370","324","7212"
"1332","Egle Jacobsen","Female","Viborg","DK-82","LT","F40-44","FIN","5:50:00","0:43:50","0:05:14","2:57:06","0:04:02","1:59:48","1287","240","13","2423","1505","367","23","1389","265","14","1287","240","13","21000","2630","314","10626","242","7188"
"775","Lívia Lakatos","Female","København","DK-84","HU","F25-29","FIN","5:50:00","0:43:51","0:08:12","2:53:55","0:05:13","1:58:50","1288","241","87","2044","1508","368","122","1384","264","91","1288","241","87","21000","2631","492","10435","313","7130"
"703","Nina Tingman","Female","Rødovre","foreigner","DK","F60-64","FIN","5:50:03","0:40:26","0:08:26","2:46:57","0:04:47","2:09:26","1289","242","2","3418","1165","263","1","1100","177","1","1289","242","2","21003","2426","506","10017","287","7766"
"2353","Kristian-Emil Solskov","Male","Hinnerup","","DK","M18-24","FIN","5:50:06","0:44:17","0:09:39","2:43:26","0:06:27","2:06:17","1290","1048","168","1712","1541","1159","178","1142","954","157","1290","1048","168","21006","2657","579","9806","387","7577"
"1626","Kevin Brejner","Male","
København","","DK","M18-24","FIN","5:50:16","0:36:53","0:08:48","2:52:41","0:03:57","2:07:56","1291","1049","169","1709","712","556","88","1183","987","164","1291","1049","169","21016","2213","528","10361","237","7676"
"2323","Helene Rømer Gjelstrup","Female","Karup J","","DK","F18-24","FIN","5:50:16","0:44:02","0:07:29","2:59:22","0:04:05","1:55:18","1292","243","25","2078","1525","376","44","1502","303","32","1292","243","25","21016","2642","449","10762","245","6918"
"1779","Rasmus Helmer Jensen","Male","
Helsingør","","DK","M40-44","FIN","5:50:23","0:47:22","0:07:06","2:31:34","0:04:52","2:19:29","1293","1050","89","1853","1762","1293","106","802","688","60","1293","1050","89","21023","2842","426","9094","292","8369"
"1658","Petr Kratochvíl","Male","Praha 4","Branik","CZ","M40-44","FIN","5:50:30","0:33:39","0:08:12","2:56:23","0:04:14","2:08:02","1294","1051","90","1851","394","305","28","1179","983","85","1294","1051","90","21030","2019","492","10583","254","7682"
"311","Morten Knudsen","Male","København","DK-85","DK","M50-54","FIN","5:50:31","0:43:40","0:08:19","2:51:29","0:07:11","1:59:52","1295","1052","52","2028","1489","1127","58","1323","1079","57","1295","1052","52","21031","2620","499","10289","431","7192"
"816","Ditte Strøbæk","Female","
3520","Nordsjælland","DK","F25-29","FIN","5:50:35","0:36:14","0:05:54","2:57:21","0:03:47","2:07:17","1296","244","88","2033","649","139","39","1215","205","65","1296","244","88","21035","2174","354","10641","227","7637"
"2088","Peter Josephsen","Male","Herning","MIDTJYLLAND","DK","M35-39","FIN","5:50:41","0:53:55","0:09:02","2:47:46","0:06:53","1:53:06","1297","1053","130","1632","1986","1424","159","1495","1195","139","1297","1053","130","21041","3235","542","10066","413","6786"
"629","Marieke Nienhuis-Wisman","Female","Groningen","NL-GRONINGEN","NL","F50-54","FIN","5:50:43","0:39:52","0:07:20","2:55:12","0:06:02","2:02:17","1298","245","9","2065","1099","244","10","1292","232","8","1298","245","9","21043","2392","440","10512","362","7337"
"1819","Benedikte Østergaard","Female","København","Copenhagen","DK","F25-29","FIN","5:50:45","0:43:47","0:09:10","2:55:06","0:06:26","1:56:16","1299","246","89","2030","1502","364","121","1437","282","95","1299","246","89","21045","2627","550","10506","386","6976"
"2111","Liselotte Tchikai Leveau","Female","Copenhagen","DK-84","DK","F55-59","FIN","5:50:48","0:44:00","0:06:04","2:52:42","0:04:03","2:03:59","1300","247","10","2721","1523","374","20","1302","235","12","1300","247","10","21048","2640","364","10362","243","7439"
"837","Jordi Genabat Asid","Male","Lanzarote","Las Palmas","ES","M50-54","FIN","5:50:49","0:43:57","0:06:59","2:50:14","0:04:20","2:05:19","1301","1054","53","2023","1517","1145","62","1260","1040","52","1301","1054","53","21049","2637","419","10214","260","7519"
"1880","Beatrice Peytz","Female","København","Copenhagen","DK","F18-24","FIN","5:50:51","0:45:45","0:07:49","2:59:55","0:04:22","1:53:00","1302","248","26","2067","1656","426","52","1560","333","35","1302","248","26","21051","2745","469","10795","262","6780"
"2338","Kim Andreasen","Male","Odense SV","","DK","M50-54","FIN","5:50:57","0:41:31","0:06:16","2:43:12","0:04:07","2:15:51","1303","1055","54","2020","1290","993","52","957","807","32","1303","1055","54","21057","2491","376","9792","247","8151"
"443","Sascha Kruse","Male","Scharbeutz","SCHLESWIG-HOLSTEIN","DE","M35-39","FIN","5:50:59","0:43:04","0:08:38","2:54:03","0:06:09","1:59:04","1304","1056","131","1627","1427","1089","124","1377","1116","133","1304","1056","131","21059","2584","518","10443","369","7144"
"2183","Peter Alexander Hvolbek","Male","Odense","Fyn","DK","M30-34","FIN","5:50:59","0:49:38","0:09:47","2:49:33","0:05:53","1:56:07","1305","1057","164","1426","1869","1353","212","1459","1171","185","1305","1057","164","21059","2978","587","10173","353","6967"
"987","Rasmus Jepsen","Male","Rødovre","DK-84","DK","M30-34","FIN","5:51:01","0:40:55","0:11:57","2:50:14","0:06:09","2:01:46","1306","1058","165","1425","1219","941","143","1310","1073","166","1306","1058","165","21061","2455","717","10214","369","7306"
"501","Astrid Grønningen","Female","HAUGESUND","NO-11","NO","F55-59","FIN","5:51:04","0:44:46","0:06:16","2:54:56","0:03:53","2:01:14","1307","249","11","2716","1586","405","23","1383","263","16","1307","249","11","21064","2686","376","10496","233","7274"
"2418","Jonas Petersen","Male","Dragør","84","DK","M40-44","FIN","5:51:05","0:38:17","0:09:19","3:04:24","0:05:30","1:53:35","1308","1059","91","1841","906","707","57","1527","1215","103","1308","1059","91","21065","2297","559","11064","330","6815"
"928","Espen Bergstrøm","Male","Norway","NO-01","NO","M55-59","FIN","5:51:07","0:41:22","0:06:49","2:40:02","0:05:25","2:17:30","1309","1060","53","2086","1267","976","54","871","741","36","1309","1060","53","21067","2482","409","9602","325","8250"
"2419","Sebastiam Jørgensen","Male","Copenhagen","","DK","M30-34","FIN","5:51:13","0:52:20","0:08:41","2:37:02","0:05:46","2:07:25","1310","1061","166","1422","1956","1407","222","1171","975","149","1310","1061","166","21073","3140","521","9422","346","7645"
"1577","Daniel Vorre","Male","Sunds","Region Midtjylland","DK","M18-24","FIN","5:51:14","0:56:23","0:08:41","2:44:44","0:03:17","1:58:09","1311","1062","170","1692","2020","1444","207","1471","1178","186","1311","1062","170","21074","3383","521","9884","197","7089"
"1547","Love Borgius","Male","Lund","SE-M","SE","M18-24","FIN","5:51:15","0:38:59","0:06:30","2:58:27","0:04:15","2:03:05","1312","1063","171","1692","998","779","125","1336","1085","174","1312","1063","171","21075","2339","390","10707","255","7385"
"1298","Lorenzo Fraschetti","Male","Frederiksberg","DK-84","DK","M25-29","FIN","5:51:19","0:45:48","0:09:56","2:49:39","0:06:37","1:59:19","1313","1064","248","1534","1662","1233","291","1373","1113","257","1313","1064","248","21079","2748","596","10179","397","7159"
"2027","Lasse Lykkebak Fransen","Male","Risskov","Central Jutland","DK","M30-34","FIN","5:51:27","0:41:08","0:09:45","2:50:38","0:07:48","2:02:08","1314","1065","167","1418","1244","960","147","1268","1044","162","1314","1065","167","21087","2468","585","10238","468","7328"
"2164","Hossein kazemi","Male","Kokkedal","Nordsjælland","IR","M30-34","FIN","5:51:31","0:49:31","0:07:15","3:05:25","0:03:26","1:45:54","1315","1066","168","1416","1867","1351","211","1720","1316","208","1315","1066","168","21091","2971","435","11125","206","6354"
"2081","Edvin Rejdvik","Male","Trelleborg","SE-M","SE","M18-24","FIN","5:51:41","0:43:47","0:07:28","2:57:44","0:03:47","1:58:55","1316","1067","172","1684","1501","1138","176","1461","1173","185","1316","1067","172","21101","2627","448","10664","227","7135"
"2100","Maria Hauberg Hansen","Female","Regstrup","","DK","F45-49","FIN","5:51:47","0:51:46","0:09:46","2:47:32","0:04:55","1:57:48","1317","250","17","2441","1938","544","43","1462","289","21","1317","250","17","21107","3106","586","10052","295","7068"
"232","Sofia Uttley","Female","London","England","DE","F25-29","FIN","5:51:48","0:42:45","0:06:40","2:52:33","0:05:13","2:04:38","1318","251","90","2011","1392","327","104","1279","230","79","1318","251","90","21108","2565","400","10353","313","7478"
"1275","Emily Larsen Cosgriff","Female","Oslo","NO-03","NO","F25-29","FIN","5:51:49","0:45:47","0:06:45","3:00:41","0:04:40","1:53:56","1319","252","91","2011","1659","429","142","1554","329","113","1319","252","91","21109","2747","405","10841","280","6836"
"354","Katrine Nørholm Jensen","Female","København","DK-84","DK","F30-34","FIN","5:52:01","0:40:11","0:08:22","2:59:20","0:06:09","1:57:59","1320","253","38","2054","1129","250","39","1429","278","43","1320","253","38","21121","2411","502","10760","369","7079"
"754","Milla Suez-Panama","Female","København","Copenhagen","DK","F18-24","FIN","5:52:03","0:35:40","0:06:18","2:54:07","0:03:54","2:12:04","1321","254","27","2046","585","126","15","1108","180","21","1321","254","27","21123","2140","378","10447","234","7924"
"1879","Adam Ekdahl","Male","Falun","SE-W","SE","M18-24","FIN","5:52:11","0:46:00","0:10:20","2:57:01","0:06:40","1:52:11","1322","1068","173","1675","1681","1245","187","1558","1226","190","1322","1068","173","21131","2760","620","10621","400","6731"
"405","Jimmy Johansson","Male","HELSINGBORG","SE-M","SE","M40-44","FIN","5:52:13","0:40:03","0:07:40","2:55:56","0:04:43","2:03:51","1323","1069","92","1820","1118","871","73","1328","1082","91","1323","1069","92","21133","2403","460","10556","283","7431"
"1575","Eva Hallen","Female","Aarhus","DK-82","DK","F18-24","FIN","5:52:15","0:38:43","0:06:55","2:47:21","0:05:43","2:13:32","1324","255","28","2042","950","207","25","1012","157","16","1324","255","28","21135","2323","415","10041","343","8012"
"304","Laurie Chan Lam","Female","København","DK-84","FR","F35-39","FIN","5:52:15","0:36:01","0:07:02","3:06:22","0:03:31","1:59:19","1325","256","23","2267","628","133","8","1466","291","28","1325","256","23","21135","2161","422","11182","211","7159"
"2284","Mads Otto Sigersted","Male","Nakskov","DK","DK","M35-39","FIN","5:52:29","0:47:37","0:06:38","2:44:19","0:04:18","2:09:36","1326","1070","132","1600","1778","1304","142","1192","994","117","1326","1070","132","21149","2857","398","9859","258","7776"
"1870","Hanna Kovacevic","Female","Lund","SE-M","SE","F25-29","FIN","5:52:33","0:33:57","0:08:08","2:47:59","0:05:26","2:17:03","1327","257","92","1998","425","98","26","934","144","45","1327","257","92","21153","2037","488","10079","326","8223"
"1558","Louie Shepherd","Male","London","England","GB","M25-29","FIN","5:52:39","0:43:02","0:07:05","2:55:03","0:07:55","1:59:33","1328","1071","249","1510","1424","1086","256","1367","1107","254","1328","1071","249","21159","2582","425","10503","475","7173"
"802","Dimitri Brink","Male","Maarssen","UTRECHT","NL","M50-54","FIN","5:52:40","0:35:15","0:10:15","2:52:57","0:05:06","2:09:08","1329","1072","55","1989","543","425","17","1187","991","46","1329","1072","55","21160","2115","615","10377","306","7748"
"2360","Johan Husum","Male","Grenaa","DK-82","DK","M30-34","FIN","5:52:41","0:44:18","0:10:19","2:53:28","0:06:36","1:58:01","1330","1073","169","1395","1542","1160","179","1439","1156","183","1330","1073","169","21161","2658","619","10408","396","7081"
"1718","Piotr Dworzynski","Male","Kastrup","","PL","M35-39","FIN","5:52:45","0:43:59","0:12:18","3:01:51","0:05:45","1:48:53","1331","1074","133","1595","1519","1146","128","1645","1276","146","1331","1074","133","21165","2639","738","10911","345","6533"
"1494","Mike Højte Rasmussen","Male","Odense Sø","SYDDANMARK","DK","M18-24","FIN","5:52:46","0:47:36","0:06:54","2:42:52","0:04:40","2:10:44","1332","1075","174","1664","1774","1300","195","1143","955","158","1332","1075","174","21166","2856","414","9772","280","7844"
"2387","Simon Vestergaard","Male","Vanløse","HOVEDSTADEN","DK","M18-24","FIN","5:52:48","0:39:54","0:09:17","3:07:53","0:07:44","1:48:00","1333","1076","175","1664","1101","857","136","1633","1268","193","1333","1076","175","21168","2394","557","11273","464","6480"
"1943","Alex Olsen","Male","Rønne","DK-84","DK","M40-44","FIN","5:52:50","0:31:12","0:08:54","2:55:24","0:05:33","2:11:47","1334","1077","93","1809","215","162","17","1093","919","77","1334","1077","93","21170","1872","534","10524","333","7907"
"1004","Peter Haahr","Male","Frederiksberg
Frederiksberg","","DK","M50-54","FIN","5:52:55","0:41:29","0:08:05","3:00:11","0:04:05","1:59:06","1335","1078","56","1985","1283","989","51","1470","1177","63","1335","1078","56","21175","2489","485","10811","245","7146"
"1213","Renaud Manceron","Male","Helsingør","","FR","M55-59","FIN","5:53:01","0:35:09","0:08:18","3:01:46","0:05:34","2:02:14","1336","1079","54","2051","534","417","21","1370","1110","61","1336","1079","54","21181","2109","498","10906","334","7334"
"1676","Augustin Schmidt De la Brelie","Male","København","Copenhagen","FR","M18-24","FIN","5:53:05","0:42:00","0:08:11","2:57:02","0:04:36","2:01:15","1337","1080","176","1659","1335","1027","159","1411","1140","178","1337","1080","176","21185","2520","491","10622","276","7275"
"1761","Oskar Jensen","Male","Helsingør","DK-84","DK","M25-29","FIN","5:53:07","0:51:06","0:11:09","2:53:51","0:05:45","1:51:17","1338","1081","250","1502","1917","1382","320","1609","1259","296","1338","1081","250","21187","3066","669","10431","345","6677"
"885","Martha Friis","Female","København","Copenhagen","DK","F25-29","FIN","5:53:14","0:40:03","0:08:28","2:53:10","0:04:18","2:07:14","1339","258","93","1985","1117","247","81","1273","228","77","1339","258","93","21194","2403","508","10390","258","7634"
"1443","Olivier Baldan","Male","Oslo","NO-03","BE","M40-44","FIN","5:53:26","0:37:52","0:07:05","2:59:48","0:04:57","2:03:44","1340","1082","94","1798","846","660","53","1354","1099","95","1340","1082","94","21206","2272","425","10788","297","7424"
"999","Oda Bø Norland","Female","Kongens Lyngby","Copenhagen","NO","F25-29","FIN","5:53:29","0:50:53","0:07:46","2:58:17","0:03:09","1:53:24","1341","259","94","1981","1911","533","173","1628","363","122","1341","259","94","21209","3053","466","10697","189","6804"
"1903","Ida Rask","Female","Værløse","Copenhagen","DK","F18-24","FIN","5:53:34","0:37:36","0:09:06","3:05:38","0:06:10","1:55:03","1342","260","29","2018","805","178","20","1539","321","34","1342","260","29","21214","2256","546","11138","370","6903"
"1013","Maria Bøgh","Female","
Kokkedal","","DK","F18-24","FIN","5:53:38","0:32:13","0:07:41","3:03:22","0:08:22","2:02:00","1343","261","30","2017","278","66","8","1317","241","26","1343","261","30","21218","1933","461","11002","502","7320"
"779","Mathias Albrechtsen","Male","Aalborg","DK-81","DK","M25-29","FIN","5:53:46","0:41:59","0:07:32","2:57:32","0:04:49","2:01:54","1344","1083","251","1490","1333","1025","239","1406","1136","267","1344","1083","251","21226","2519","452","10652","289","7314"
"577","Øivind Finne Kielland","Male","Snarøya","NO-02","NO","M45-49","FIN","5:53:46","0:42:40","0:07:03","2:56:58","0:05:00","2:02:05","1345","1084","79","1812","1383","1059","80","1401","1133","86","1345","1084","79","21226","2560","423","10618","300","7325"
"1907","Nathan Dean","Male","East Grinstead","GB-ENG","GB","M30-34","FIN","5:53:48","0:30:22","0:06:39","3:07:33","0:04:04","2:05:10","1346","1085","170","1375","161","123","12","1350","1095","170","1346","1085","170","21228","1822","399","11253","244","7510"
"1401","Kamilla Søndergaard","Female","Haarby","SYDDANMARK","DK","F18-24","FIN","5:53:49","0:46:55","0:07:17","3:05:52","0:03:53","1:49:53","1347","262","31","2014","1739","459","56","1689","390","43","1347","262","31","21229","2815","437","11152","233","6593"
"1129","Pascal De Vries","Male","Oldemarkt","Overijssel","NL","M25-29","FIN","5:53:55","0:35:46","0:06:44","2:50:41","0:03:56","2:16:49","1348","1086","252","1487","602","472","98","1019","861","199","1348","1086","252","21235","2146","404","10241","236","8209"
"869","Franziska Render","Female","Bad Homburg","Hessen","DE","F30-34","FIN","5:53:56","0:40:39","0:05:18","2:55:21","0:03:44","2:08:53","1349","263","39","2020","1191","271","44","1262","221","34","1349","263","39","21236","2439","318","10521","224","7733"
"1321","Audun Grytdal","Male","Arnatveit","Vestland","NO","M30-34","FIN","5:53:58","0:40:44","0:07:51","2:52:16","0:05:18","2:07:49","1350","1087","171","1372","1198","925","141","1248","1030","158","1350","1087","171","21238","2444","471","10336","318","7669"
"1038","Storm Knud Halskov Luth","Male","Vejle Øst","Region Syddanmark","DK","M18-24","FIN","5:54:18","0:44:20","0:06:06","2:55:56","0:04:03","2:03:53","1351","1088","177","1637","1552","1165","180","1395","1129","177","1351","1088","177","21258","2660","366","10556","243","7433"
"1768","Claus Dansbo","Male","Odense C","Fyn","DK","M55-59","FIN","5:54:23","0:41:16","0:08:09","2:41:54","0:06:53","2:16:12","1352","1089","55","2027","1257","970","52","967","817","43","1352","1089","55","21263","2476","489","9714","413","8172"
"1452","Nicolas Donetti","Male","Syren","LETZEBUERG","LU","M18-24","FIN","5:54:24","0:43:00","0:06:30","2:59:20","0:04:42","2:00:51","1353","1090","178","1635","1417","1083","170","1455","1169","184","1353","1090","178","21264","2580","390","10760","282","7251"
"2047","Vincens Bryndum","Male","Allerød","DK-85","DK","M18-24","FIN","5:54:30","0:42:05","0:11:01","2:54:55","0:07:20","1:59:10","1354","1091","179","1633","1343","1033","161","1435","1154","181","1354","1091","179","21270","2525","661","10495","440","7150"
"1734","Mykyta Voitishyn","Male","Copenhagen","SJÆLLAND","UA","M18-24","FIN","5:54:31","0:40:52","0:07:57","2:53:38","0:05:14","2:06:50","1355","1092","180","1633","1212","935","146","1293","1061","172","1355","1092","180","21271","2452","477","10418","314","7610"
"275","Anja Kjøller","Female","Frederiksberg","DK-84","DK","F50-54","FIN","5:54:38","0:38:43","0:08:31","3:04:32","0:07:39","1:55:14","1356","264","10","1994","949","206","7","1521","309","18","1356","264","10","21278","2323","511","11072","459","6914"
"782","Nanna Them Hansen","Female","København N","Region Hovedstaden","DK","F18-24","FIN","5:54:46","0:44:25","0:07:47","2:55:39","0:06:54","2:00:01","1357","265","32","1997","1556","390","46","1427","276","29","1357","265","32","21286","2665","467","10539","414","7201"
"990","Thomas Jelle Christensen","Male","
Helsingør","","DK","M50-54","FIN","5:54:48","0:54:37","0:10:31","2:38:18","0:06:41","2:04:40","1358","1093","57","1951","1999","1432","85","1321","1077","56","1358","1093","57","21288","3277","631","9498","401","7480"
"455","Oliver Løye","Male","
Kogens Lyngby","","DK","M35-39","FIN","5:54:52","0:35:16","0:08:54","2:42:07","0:05:41","2:22:54","1359","1094","134","1557","546","428","54","809","694","84","1359","1094","134","21292","2116","534","9727","341","8574"
"1561","Ulrikke Lund Harboe","Female","Odense","Fyn","DK","F25-29","FIN","5:54:55","0:48:27","0:06:54","2:42:37","0:04:44","2:12:13","1360","266","95","1955","1819","494","162","1164","194","61","1360","266","95","21295","2907","414","9757","284","7933"
"1550","Rikke Gram Pedersen","Female","Esbjerg","DK-83","DK","F25-29","FIN","5:54:55","0:43:40","0:07:37","2:58:04","0:04:28","2:01:06","1361","267","96","1955","1487","361","119","1464","290","96","1361","267","96","21295","2620","457","10684","268","7266"
"748","Charlotta CHRONEER","Female","Västervik","SE-H","SE","F50-54","FIN","5:54:58","0:44:00","0:07:25","3:04:42","0:05:03","1:53:48","1362","268","11","1988","1524","375","25","1610","351","20","1362","268","11","21298","2640","445","11082","303","6828"
"420","Jonas Silveira","Male","Dubai","Minas Gerais","BR","M40-44","FIN","5:55:00","0:39:50","0:06:10","3:01:54","0:04:27","2:02:39","1363","1095","95","1770","1093","850","69","1430","1152","99","1363","1095","95","21300","2390","370","10914","267","7359"
"1741","Fredrik Hatlestad","Male","HAFRSFJORD","NO-11","NO","M40-44","FIN","5:55:02","0:50:52","0:07:33","2:49:15","0:05:23","2:01:59","1364","1096","96","1769","1910","1378","115","1424","1149","98","1364","1096","96","21302","3052","453","10155","323","7319"
"1325","Stine Anthonsen","Female","Herlev","","DK","F45-49","FIN","5:55:11","0:44:17","0:07:21","3:02:01","0:04:47","1:56:46","1365","269","18","2379","1540","382","28","1564","335","29","1365","269","18","21311","2657","441","10921","287","7006"
"1525","Anders Kold","Male","Charlottenlund","DK-Copenhagen","DK","M50-54","FIN","5:55:12","0:41:28","0:09:49","2:57:04","0:06:14","2:00:37","1366","1097","58","1944","1278","984","49","1443","1160","61","1366","1097","58","21312","2488","589","10624","374","7237"
"1011","Casper Kjærsgaard","Male","Farum","DK-84","DK","M45-49","FIN","5:55:12","0:50:00","0:08:48","2:52:46","0:04:10","1:59:27","1367","1098","80","1786","1884","1364","106","1518","1211","91","1367","1098","80","21312","3000","528","10366","250","7167"
"1395","Jonas Gulmann Schjerbeck","Male","
København Ø","","DK","M30-34","FIN","5:55:13","0:50:02","0:10:58","2:54:53","0:06:28","1:52:52","1368","1099","172","1350","1886","1366","217","1605","1257","202","1368","1099","172","21313","3002","658","10493","388","6772"
"373","Marie Bjerregaard","Female","
Helsingør","","DK","F35-39","FIN","5:55:26","0:40:14","0:05:14","2:58:21","0:03:26","2:08:10","1369","270","24","2209","1141","255","20","1332","249","23","1369","270","24","21326","2414","314","10701","206","7690"
"1765","Daniel Ørts Kinsella","Male","Roskilde","DK-85","DK","M25-29","FIN","5:55:28","0:42:05","0:07:51","2:48:05","0:03:44","2:13:41","1370","1100","253","1459","1344","1034","241","1170","974","226","1370","1100","253","21328","2525","471","10085","224","8021"
"1797","Hilma Kloekhorst","Female","Dortmund","NORDRHEIN-WESTFALEN","DE","F30-34","FIN","5:55:31","0:41:29","0:06:14","2:56:20","0:05:32","2:05:56","1371","271","40","1991","1285","295","46","1339","252","37","1371","271","40","21331","2489","374","10580","332","7556"
"2205","Michael Gamst","Male","Copenhagen ","HOVEDSTADEN","DK","M50-54","FIN","5:55:36","0:45:30","0:14:56","2:42:03","0:06:46","2:06:21","1372","1101","59","1937","1646","1222","69","1295","1062","55","1372","1101","59","21336","2730","896","9723","406","7581"
"740","Laura Thomsen","Female","København","DK-84","DK","F30-34","FIN","5:55:36","0:39:09","0:11:08","2:56:16","0:09:07","1:59:56","1373","272","41","1990","1019","224","37","1397","267","40","1373","272","41","21336","2349","668","10576","547","7196"
"853","Lars Kvamstø","Male","Bergen","Vestland","NO","M25-29","FIN","5:55:36","0:43:26","0:07:32","2:59:56","0:04:09","2:00:33","1374","1102","254","1457","1469","1116","267","1505","1202","282","1374","1102","254","21336","2606","452","10796","249","7233"
"709","Selma Lyhne","Female","København","Copenhagen","DK","F18-24","FIN","5:55:39","0:33:54","0:06:17","3:26:07","0:02:32","1:46:49","1375","273","33","1981","419","96","11","1776","430","51","1375","273","33","21339","2034","377","12367","152","6409"
"967","Wayne Hackett","Male","Melton Mowbray","GB-LEC","GB","M50-54","FIN","5:55:48","0:38:31","0:07:07","3:01:53","0:03:52","2:04:24","1376","1103","60","1933","928","726","34","1421","1147","59","1376","1103","60","21348","2311","427","10913","232","7464"
"2351","Pernille Klund Dalgaard","Female","Borgen","Akershus","NO","F25-29","FIN","5:55:58","0:48:09","0:08:25","2:55:46","0:06:23","1:57:16","1377","274","97","1936","1804","488","161","1537","319","109","1377","274","97","21358","2889","505","10546","383","7036"
"641","Hans Jørn Nissen","Male","Vejle","Sønderjylland","DK","M45-49","FIN","5:56:00","0:46:14","0:06:29","2:56:16","0:04:02","2:03:00","1378","1104","81","1772","1694","1254","97","1460","1172","89","1378","1104","81","21360","2774","389","10576","242","7380"
"1917","Christian Høding","Male","København","Copenhagen","DK","M30-34","FIN","5:56:07","0:48:53","0:07:09","2:51:28","0:03:20","2:05:16","1379","1105","173","1334","1836","1338","209","1420","1146","182","1379","1105","173","21367","2933","429","10288","200","7516"
"1076","Bo Rewers Nielsen","Male","København","DK-84","DK","M35-39","FIN","5:56:08","0:41:46","0:11:13","2:59:19","0:05:43","1:58:06","1380","1106","135","1534","1318","1015","118","1536","1218","141","1380","1106","135","21368","2506","673","10759","343","7086"
"504","Marius Gjerd","Male","Bergen","Flaktveit","NO","M25-29","FIN","5:56:16","0:47:17","0:05:24","3:02:42","0:04:01","1:56:52","1381","1107","255","1445","1757","1291","308","1592","1245","292","1381","1107","255","21376","2837","324","10962","241","7012"
"601","Duy Bo","Male","Valby","Copenhagen","DK","M30-34","FIN","5:56:21","0:47:40","0:10:16","2:48:19","0:07:35","2:02:31","1382","1108","174","1329","1780","1306","205","1392","1126","177","1382","1108","174","21381","2860","616","10099","455","7351"
"1835","Kristian Riis","Male","Frederiksberg","DK-84","DK","M18-24","FIN","5:56:24","0:41:49","0:09:20","2:47:21","0:06:37","2:11:17","1383","1109","181","1599","1324","1019","157","1189","992","166","1383","1109","181","21384","2509","560","10041","397","7877"
"1634","Tobias Klaris","Male","Slagelse","Zealand","DK","M25-29","FIN","5:56:25","0:44:51","0:09:04","3:04:36","0:04:36","1:53:18","1384","1110","256","1442","1589","1184","283","1660","1285","301","1384","1110","256","21385","2691","544","11076","276","6798"
"381","Carina Cornelia Heegaard","Female","
espergærde","","DK","F50-54","FIN","5:56:29","0:42:26","0:09:58","2:47:50","0:09:12","2:07:03","1385","275","12","1961","1370","320","18","1234","214","7","1385","275","12","21389","2546","598","10070","552","7623"
"315","Gosia Dekempe","Female","Frederiksberg C","DK-84","PL","F50-54","FIN","5:56:35","0:41:27","0:09:08","2:57:03","0:07:07","2:01:50","1386","276","13","1959","1273","294","14","1423","275","11","1386","276","13","21395","2487","548","10623","427","7310"
"1461","Rosa Maessen","Female","Copenhagen","DK-84","NL","F25-29","FIN","5:56:38","0:43:00","0:05:37","2:54:31","0:05:19","2:08:11","1387","277","98","1924","1416","334","106","1313","239","82","1387","277","98","21398","2580","337","10471","319","7691"
"1026","Andreas Birkeland","Male","Kongsvinger","Innlandet","NO","M25-29","FIN","5:56:38","0:40:15","0:05:52","3:08:12","0:03:54","1:58:25","1388","1111","257","1438","1144","889","205","1575","1235","289","1388","1111","257","21398","2415","352","11292","234","7105"
"602","Katarina Södgren","Female","Rydebäck","SE-M","SE","F45-49","FIN","5:56:39","0:39:38","0:08:01","3:24:13","0:00:00","","1389","278","19","2353","1075","237","20","1835","459","37","1389","278","19","21399","2378","481","12253","",""
"2025","Magnus Marklinder","Male","Alingsas","SE-O","SE","M55-59","FIN","5:56:41","0:45:25","0:09:01","2:44:14","0:08:26","2:09:34","1390","1112","56","1985","1633","1214","72","1194","996","56","1390","1112","56","21401","2725","541","9854","506","7774"
"757","Simon Rumle Parnowa","Male","Kgs. Lyngby","DK-84","DK","M25-29","FIN","5:56:46","0:41:06","0:06:37","2:52:31","0:05:29","2:11:03","1391","1113","258","1436","1237","955","225","1235","1021","237","1391","1113","258","21406","2466","397","10351","329","7863"
"1742","Lena Mangersnes","Female","Stavanger","NO-11","NO","F35-39","FIN","5:56:58","0:42:18","0:06:01","3:00:23","0:04:59","2:03:17","1392","279","25","2182","1358","314","28","1451","286","27","1392","279","25","21418","2538","361","10823","299","7397"
"449","Christoffer Stangegård","Male","København","DK-84","DK","M30-34","FIN","5:56:58","0:39:56","0:06:04","3:02:16","0:08:14","2:00:27","1393","1114","175","1318","1108","863","134","1440","1157","184","1393","1114","175","21418","2396","364","10936","494","7227"
"1002","Trym Johan Tangerud van der Hagen","Male","Jessheim","Akershus","NO","M25-29","FIN","5:56:59","0:55:14","0:06:16","2:54:13","0:04:19","1:56:56","1394","1115","259","1432","2008","1435","331","1601","1253","295","1394","1115","259","21419","3314","376","10453","259","7016"
"1190","Federico Mirandola","Male","Frederiksberg","Copenhagen","IT","M25-29","FIN","5:57:05","0:37:59","0:08:06","3:04:04","0:06:12","2:00:45","1395","1116","260","1430","864","674","157","1479","1185","278","1395","1116","260","21425","2279","486","11044","372","7245"
"1197","Nicoline Rasmussen","Female","
Ålsgårde","","DK","F35-39","FIN","5:57:07","0:38:05","0:07:09","3:08:04","0:09:10","1:54:39","1396","280","26","2179","876","193","17","1555","330","30","1396","280","26","21427","2285","429","11284","550","6879"
"1772","Søren Nygaard","Male","København Ø","DK-84","DK","M25-29","FIN","5:57:11","0:43:08","0:09:52","2:47:46","0:04:05","2:12:20","1397","1117","261","1428","1438","1096","259","1245","1028","239","1397","1117","261","21431","2588","592","10066","245","7940"
"913","Ida Aagaard","Female","Sandefjord","NO-07","NO","F50-54","FIN","5:57:13","0:45:28","0:06:31","2:56:31","0:04:01","2:04:42","1398","281","14","1948","1639","422","29","1445","284","13","1398","281","14","21433","2728","391","10591","241","7482"
"948","Eef Hollander","Female","Soest","NL-UT","NL","F30-34","FIN","5:57:15","0:29:01","0:05:39","3:02:46","0:04:29","2:15:20","1399","282","42","1960","111","27","3","1146","189","30","1399","282","42","21435","1741","339","10966","269","8120"
"1974","Rebekka Primdahl Klokkerholm","Female","Aarhus","DK-82","DK","F18-24","FIN","5:57:16","0:43:05","0:07:25","3:03:21","0:04:04","1:59:22","1400","283","34","1952","1432","342","39","1567","337","36","1400","283","34","21436","2585","445","11001","244","7162"
"2405","niklaz junker","Male","Frederiksberg C","DK-84","DK","M18-24","FIN","5:57:20","0:38:19","0:10:37","3:09:27","0:07:39","1:51:17","1401","1118","182","1582","909","710","115","1654","1281","194","1401","1118","182","21440","2299","637","11367","459","6677"
"1381","Goldmund Elias Bothmann","Male","Gütersloh","North Rhine-Westphalia","DE","M18-24","FIN","5:57:21","0:40:02","0:07:35","2:48:49","0:04:57","2:15:59","1402","1119","183","1582","1115","869","137","1119","938","152","1402","1119","183","21441","2402","455","10129","297","8159"
"1844","Zoe Østergaard","Female","København","Copenhagen","DK","F30-34","FIN","5:57:22","0:46:26","0:08:25","3:00:11","0:05:15","1:57:06","1403","284","43","1958","1712","446","62","1587","345","54","1403","284","43","21442","2786","505","10811","315","7026"
"992","Ida Ankerfelt","Female","København","Copenhagen","DK","F30-34","FIN","5:57:23","0:37:08","0:10:41","3:00:04","0:05:13","2:04:16","1404","285","44","1958","748","163","26","1431","279","44","1404","285","44","21443","2228","641","10804","313","7456"
"1971","Lucas Hoang","Male","Valby","HOVEDSTADEN","DK","M25-29","FIN","5:57:29","0:58:28","0:08:35","2:40:10","0:04:29","2:05:46","1405","1120","262","1423","2036","1454","333","1410","1139","269","1405","1120","262","21449","3508","515","9610","269","7546"
"1427","Thomas Kirstein Helfelt","Male","Værløse","DK-85","DK","M55-59","FIN","5:57:33","0:41:14","0:11:17","2:49:43","0:08:12","2:07:08","1406","1121","57","1970","1252","965","51","1285","1055","60","1406","1121","57","21453","2474","677","10183","492","7628"
"1603","Martin Hjalmarsson","Male","Kristianstad","","SE","M40-44","FIN","5:57:35","0:40:16","0:12:13","2:51:25","0:08:03","2:05:38","1407","1122","97","1724","1148","891","78","1335","1084","92","1407","1122","97","21455","2416","733","10285","483","7538"
"511","Kathrine Solgaard","Female","København Ø","DK-84","DK","F25-29","FIN","5:57:37","0:43:11","0:06:37","3:02:16","0:04:40","2:00:54","1408","286","99","1907","1444","344","112","1529","314","106","1408","286","99","21457","2591","397","10936","280","7254"
"1887","Tina Kiil Jensen","Female","Gudme","DK-83","DK","F55-59","FIN","5:57:51","0:47:55","0:08:03","3:00:35","0:05:09","1:56:10","1409","287","12","2594","1790","480","27","1619","357","19","1409","287","12","21471","2875","483","10835","309","6970"
"1404","Lasse Østerlund Gram","Male","Gjern","DK-82","DK","M45-49","FIN","5:58:01","0:41:28","0:09:40","3:06:19","0:03:41","1:56:53","1410","1123","82","1736","1277","983","73","1638","1272","95","1410","1123","82","21481","2488","580","11179","221","7013"
"946","Anne-Marie Mosbaek Ellegaard","Female","
Nørrebro","","DK","F25-29","FIN","5:58:07","0:43:28","0:06:05","2:57:40","0:03:56","2:06:58","1411","288","100","1898","1471","354","116","1409","271","93","1411","288","100","21487","2608","365","10660","236","7618"
"339","Trine Nicolajsen","Female","København","DK-84","DK","F30-34","FIN","5:58:12","0:43:19","0:06:42","2:58:40","0:05:16","2:04:16","1412","289","45","1943","1458","348","51","1448","285","46","1412","289","45","21492","2599","402","10720","316","7456"
"1021","Thomas Laursen","Male","København","København","DK","M25-29","FIN","5:58:12","0:49:22","0:06:46","2:53:50","0:04:35","2:03:39","1413","1124","263","1410","1862","1349","314","1473","1179","275","1413","1124","263","21492","2962","406","10430","275","7419"
"1796","Mikkel Dannevang","Male","København","HOVEDSTADEN","DK","M30-34","FIN","5:58:19","0:44:03","0:11:35","3:07:30","0:06:37","1:48:33","1414","1125","176","1294","1528","1151","177","1733","1323","209","1414","1125","176","21499","2643","695","11250","397","6513"
"284","Dikla Dayan","Female","København","København","DK","F45-49","FIN","5:58:20","0:32:46","0:07:40","3:01:52","0:04:26","2:11:35","1415","290","20","2323","315","74","4","1286","231","17","1415","290","20","21500","1966","460","10912","266","7895"
"365","Eddy Krage","Male","Helsingor","DK-84","DK","M55-59","FIN","5:58:21","0:31:24","0:06:36","2:52:42","0:06:15","2:21:23","1416","1126","58","1955","233","177","6","946","798","41","1416","1126","58","21501","1884","396","10362","375","8483"
"793","Silje Kier","Female","København","DK-84","DK","F18-24","FIN","5:58:26","0:41:54","0:06:39","3:06:45","0:04:04","1:59:05","1417","291","35","1931","1329","308","35","1591","347","37","1417","291","35","21506","2514","399","11205","244","7145"
"680","Aviv Ziberstain","Male","Hellerup","Copenhagen","DK","M45-49","FIN","5:58:31","0:38:38","0:06:08","2:49:07","0:04:16","2:20:22","1418","1127","83","1727","941","738","58","1041","878","69","1418","1127","83","21511","2318","368","10147","256","8422"
"1760","Christian Skjoldager","Male","Allerød","DK-84","DK","M55-59","FIN","5:58:31","0:42:55","0:12:42","2:59:57","0:05:05","1:57:53","1419","1128","59","1952","1409","1078","64","1596","1248","76","1419","1128","59","21511","2575","762","10797","305","7073"
"1048","Emilie Maria Bugge Bloch","Female","København","DK-84","DK","F25-29","FIN","5:58:33","0:43:04","0:07:30","3:03:51","0:04:44","1:59:24","1420","292","101","1890","1428","339","110","1576","341","115","1420","292","101","21513","2584","450","11031","284","7164"
"481","Kristian Schlütter","Male","København Ø","DK-84","DK","M30-34","FIN","5:58:38","0:42:01","0:11:02","2:43:31","0:05:40","2:16:24","1421","1129","177","1288","1336","1028","161","1121","939","144","1421","1129","177","21518","2521","662","9811","340","8184"
"466","Emmelie Demuth Nielsen","Female","København","HOVEDSTADEN","DK","F25-29","FIN","5:58:41","0:39:15","0:06:41","2:53:54","0:07:50","2:11:02","1422","293","102","1887","1035","228","74","1225","209","68","1422","293","102","21521","2355","401","10434","470","7862"
"1827","Christian Solhøj","Male","København","Copenhagen","DK","M30-34","FIN","5:58:46","0:43:09","0:07:23","2:46:54","0:06:04","2:15:15","1423","1130","178","1286","1442","1099","169","1147","958","146","1423","1130","178","21526","2589","443","10014","364","8115"
"1383","Wilco Kalkman","Male","Maarssen","Utrecht","NL","M35-39","FIN","5:58:49","0:45:07","0:10:29","2:54:47","0:06:19","2:02:06","1424","1131","136","1486","1607","1198","133","1483","1188","138","1424","1131","136","21529","2707","629","10487","379","7326"
"1825","Jonas Nielsen","Male","Odense","Fyn","DK","M30-34","FIN","5:58:49","0:41:43","0:07:58","2:43:44","0:06:46","2:18:37","1425","1132","179","1285","1312","1010","157","1028","866","133","1425","1132","179","21529","2503","478","9824","406","8317"
"1110","Viktors Stepovojs","Male","Bergen","Vestland","NO","M30-34","FIN","5:58:50","0:45:08","0:07:50","3:02:50","0:03:04","1:59:58","1426","1133","180","1285","1609","1200","185","1602","1254","201","1426","1133","180","21530","2708","470","10970","184","7198"
"2314","Simon Müller Hauboff","Male","Frederiksberg","Copenhagen","DK","M30-34","FIN","5:58:50","0:44:19","0:09:24","2:57:59","0:04:40","2:02:28","1427","1134","181","1285","1545","1161","180","1520","1212","191","1427","1134","181","21530","2659","564","10679","280","7348"
"1014","Clara Gosvig","Female","Aarhus","Central Jutland","DK","F18-24","FIN","5:58:54","0:46:10","0:09:08","3:05:09","0:03:12","1:55:15","1428","294","36","1922","1690","438","54","1696","395","45","1428","294","36","21534","2770","548","11109","192","6915"
"1645","Jessica Fransson","Female","Malmö","SKANE LAN [SE-12]","SE","F35-39","FIN","5:58:56","0:40:46","0:09:20","2:53:29","0:05:38","2:09:43","1429","295","27","2146","1201","274","23","1326","246","22","1429","295","27","21536","2446","560","10409","338","7783"
"527","Marco Censi","Male","Charlottenlund","Copenhagen","DK","M35-39","FIN","5:59:01","0:48:55","0:10:58","2:44:45","0:07:25","2:06:58","1430","1135","137","1482","1837","1339","150","1352","1097","131","1430","1135","137","21541","2935","658","9885","445","7618"
"888","Daniel O'Dor","Male","Züruch","Zürich","HU","M35-39","FIN","5:59:15","0:45:15","0:09:48","2:46:07","0:06:35","2:11:30","1431","1136","138","1478","1617","1205","134","1259","1039","122","1431","1136","138","21555","2715","588","9967","395","7890"
"867","Chantal Somer","Female","Utrecht","Nederland (+31)","NL","F55-59","FIN","5:59:19","0:40:20","0:10:37","3:04:08","0:06:57","1:57:17","1432","296","13","2567","1154","260","13","1590","346","18","1432","296","13","21559","2420","637","11048","417","7037"
"1092","Monika Magndal","Female","Slattum","NO-02","NO","F55-59","FIN","5:59:21","0:48:01","0:06:19","2:49:07","0:07:15","2:08:41","1433","297","14","2567","1795","484","28","1320","244","14","1433","297","14","21561","2881","379","10147","435","7721"
"1394","Anna Lovisa Mýri","Female","Klaksvík","","DK","F18-24","FIN","5:59:27","0:44:55","0:08:24","3:05:34","0:05:00","1:55:33","1434","298","37","1913","1594","408","51","1666","379","41","1434","298","37","21567","2695","504","11134","300","6933"
"1911","Maja Bressendorff","Female","Farum","DK-84","DK","F55-59","FIN","5:59:33","0:40:09","0:07:08","2:46:02","0:05:15","2:20:59","1435","299","15","2563","1127","249","12","1024","162","5","1435","299","15","21573","2409","428","9962","315","8459"
"1103","Isabel Martinussen","Female","Esbjerg","Southern Jutland","DK","F30-34","FIN","5:59:37","0:43:19","0:06:01","3:05:06","0:05:31","1:59:41","1436","300","46","1917","1459","349","52","1577","342","51","1436","300","46","21577","2599","361","11106","331","7181"
"1824","Jon Tolstrup Jensen","Male","Lyngby","","DK","M30-34","FIN","5:59:41","0:38:18","0:09:29","2:51:12","0:05:28","2:15:14","1437","1137","182","1269","907","708","108","1204","1003","152","1437","1137","182","21581","2298","569","10272","328","8114"
"1538","Håkon Arvesen","","Sandefjord","Vestfold","NO","M50-54","FIN","5:59:47","0:55:05","0:06:45","2:54:41","0:02:26","2:00:51","1438","1138","61","1861","2004","1433","86","1616","1261","71","1438","1138","61","21587","3305","405","10481","146","7251"
"2137","lasse mogensen","Male","otterup","nordfyn","DK","M25-29","FIN","5:59:50","0:45:04","0:08:20","3:02:12","0:06:18","1:57:57","1439","1139","264","1381","1603","1194","284","1597","1249","293","1439","1139","264","21590","2704","500","10932","378","7077"
"2031","Erik Lundahl","Male","Lund","Skåne","SE","M25-29","FIN","5:59:51","0:39:52","0:09:04","3:02:55","0:07:00","2:01:00","1440","1140","265","1380","1098","855","196","1524","1214","285","1440","1140","265","21591","2392","544","10975","420","7260"
"2227","Emil Krowicki","Male","Aarhus C","Central Jutland","DK","M25-29","FIN","5:59:51","0:58:52","0:15:05","2:48:24","0:09:44","1:47:46","1441","1141","266","1380","2041","1457","334","1721","1317","309","1441","1141","266","21591","3532","905","10104","584","6466"
"795","Kristin Tollevik","Female","Haugesund","NO-11","NO","F45-49","FIN","5:59:53","0:48:37","0:07:18","2:57:24","0:03:34","2:02:59","1442","301","21","2295","1827","496","40","1557","332","28","1442","301","21","21593","2917","438","10644","214","7379"
"1791","Samuel Tousgaard","Male","Nyborg","Fyn","DK","M40-44","FIN","5:59:56","0:39:05","0:07:25","2:51:42","0:04:14","2:17:31","1443","1142","98","1681","1011","789","64","1175","979","83","1443","1142","98","21596","2345","445","10302","254","8251"
"563","Nicklas Lagermann","Male","Stenløse","DK-84","DK","M25-29","FIN","6:00:02","0:34:07","0:08:06","3:08:35","0:05:43","2:03:31","1444","1143","267","1377","440","341","64","1499","1197","281","1444","1143","267","21602","2047","486","11315","343","7411"
"2373","Anna Maj Konge","Female","Lystrup ","Central Jutland","DK","F18-24","FIN","6:00:03","0:43:57","0:06:33","3:01:43","0:03:01","2:04:49","1445","302","38","1902","1518","373","43","1534","317","33","1445","302","38","21603","2637","393","10903","181","7489"
"1842","Knut Andreas Bostad","Male","Oslo","","NO","M55-59","FIN","6:00:03","0:45:26","0:07:13","2:48:20","0:05:08","2:13:58","1446","1144","60","1925","1634","1215","73","1253","1033","57","1446","1144","60","21603","2726","433","10100","308","8038"
"716","Krzysztof Kuczek","Male","Brzeg","PL-OP","PL","M45-49","FIN","6:00:05","0:43:37","0:06:39","2:53:44","0:04:58","2:11:07","1447","1145","84","1698","1484","1125","86","1337","1086","83","1447","1145","84","21605","2617","399","10424","298","7867"
"668","Alf Halvorsen","Male","Haugesund","Rogaland","NO","M60-64","FIN","6:00:12","0:48:07","0:08:03","2:54:43","0:05:29","2:03:51","1448","1146","25","2015","1799","1313","38","1503","1200","30","1448","1146","25","21612","2887","483","10483","329","7431"
"1016","Casper Alstrup","Male","Ikast","DK-82","DK","M30-34","FIN","6:00:16","0:40:50","0:05:40","2:56:43","0:04:29","2:12:33","1449","1147","183","1259","1208","933","142","1316","1076","168","1449","1147","183","21616","2450","340","10603","269","7953"
"1188","Wenche Merethe Høyland","Female","Haugesund","NO-11","NO","F45-49","FIN","6:00:17","0:43:29","0:05:29","3:03:03","0:05:10","2:03:06","1450","303","22","2288","1473","355","26","1528","313","25","1450","303","22","21617","2609","329","10983","310","7386"
"1755","Daniel Bamber","Male","Oldham","LAN","GB","M45-49","FIN","6:00:20","0:43:36","0:06:58","3:14:57","0:04:59","1:49:49","1451","1148","85","1694","1481","1123","85","1762","1342","101","1451","1148","85","21620","2616","418","11697","299","6589"
"1388","Mathias Freundlich Nygaard","Male","Vodskov","North Jütland","DK","M25-29","FIN","6:00:20","0:41:29","0:06:40","2:57:58","0:04:12","2:10:02","1452","1149","268","1372","1281","987","229","1387","1123","261","1452","1149","268","21620","2489","400","10678","252","7802"
"1510","Daniel Stephansen","Male","Værløse","HOVEDSTADEN","DK","M45-49","FIN","6:00:36","0:36:36","0:08:33","2:48:00","0:08:01","2:19:27","1453","1150","86","1689","687","537","41","1018","860","66","1453","1150","86","21636","2196","513","10080","481","8367"
"1947","Sophie Jonasson","Female","København Ø","Copenhagen","DK","F25-29","FIN","6:00:41","0:46:33","0:08:28","2:55:30","0:05:22","2:04:47","1454","304","103","1851","1724","453","148","1487","298","100","1454","304","103","21641","2793","508","10530","322","7487"
"568","Katie Bayles","Female","Berkhamsted","GB-ENG","GB","F25-29","FIN","6:00:47","0:43:51","0:06:25","3:03:52","0:04:14","2:02:25","1455","305","104","1850","1509","369","123","1573","340","114","1455","305","104","21647","2631","385","11032","254","7345"
"2074","Bertil Brøns","Male","Valby","DK-84","DK","M25-29","FIN","6:00:50","0:39:30","0:06:15","2:54:12","0:04:11","2:16:42","1456","1151","269","1363","1058","826","188","1229","1019","236","1456","1151","269","21650","2370","375","10452","251","8202"
"1590","Valdemar Rasmussen","Male","Vedbæk","HOVEDSTADEN","DK","M25-29","FIN","6:00:53","0:46:28","0:09:23","3:02:37","0:04:15","1:58:09","1457","1152","270","1362","1717","1269","300","1659","1284","300","1457","1152","270","21653","2788","563","10957","255","7089"
"1942","Sebastian Høj","Male","Vejen","Southern Jutland","DK","M30-34","FIN","6:01:02","0:48:08","0:08:37","2:58:53","0:04:13","2:01:12","1458","1153","184","1245","1802","1316","207","1599","1251","200","1458","1153","184","21662","2888","517","10733","253","7272"
"2148","Kasper Mendoza Nørholm Jense","Male","Odense S","DK-83","DK","M30-34","FIN","6:01:03","0:36:43","0:08:57","2:50:05","0:04:03","2:21:16","1459","1154","185","1245","697","545","86","1098","923","143","1459","1154","185","21663","2203","537","10205","243","8476"
"336","Julie Høst","Female","København NV","HOVEDSTADEN","DK","F25-29","FIN","6:01:04","0:46:11","0:07:28","3:02:42","0:04:32","2:00:12","1460","306","105","1844","1691","439","144","1613","354","119","1460","306","105","21664","2771","448","10962","272","7212"
"2206","Anne Vogn Henriksen","Female","Frederiksberg","Copenhagen","DK","F30-34","FIN","6:01:12","0:50:50","0:12:58","3:05:55","0:06:05","1:45:24","1461","307","47","1889","1908","531","71","1818","451","65","1461","307","47","21672","3050","778","11155","365","6324"
"1614","Øystein Moen","Male","Eiksmarka","","NO","M60-64","FIN","6:01:16","0:38:57","0:09:27","2:44:07","0:08:33","2:20:12","1462","1155","26","1996","991","773","17","999","844","21","1462","1155","26","21676","2337","567","9847","513","8412"
"1405","Amber Nossent","Female","Boston","MA","NL","F25-29","FIN","6:01:24","0:41:32","0:07:58","3:01:16","0:04:53","2:05:44","1463","308","106","1838","1293","298","95","1498","302","102","1463","308","106","21684","2492","478","10876","293","7544"
"666","Emil Fiksak Christensen","Male","Helsingør","Nordsjælland","DK","M25-29","FIN","6:01:29","0:45:28","0:09:51","2:56:53","0:06:05","2:03:12","1464","1156","271","1351","1640","1218","288","1533","1217","286","1464","1156","271","21689","2728","591","10613","365","7392"
"1856","Clara Mattsson","Female","Hjärnarp","SE-M","SE","F35-39","FIN","6:01:30","0:41:18","0:06:58","2:58:20","0:04:35","2:10:19","1465","309","28","2100","1261","290","26","1400","268","26","1465","309","28","21690","2478","418","10700","275","7819"
"564","Kristoffer Tjetland","Male","Stavanger","Rogaland","NO","M25-29","FIN","6:01:35","0:38:00","0:06:48","2:57:32","0:05:18","2:13:58","1466","1157","272","1349","868","677","158","1288","1057","246","1466","1157","272","21695","2280","408","10652","318","8038"
"2044","Savas Suner","Male","Frederiksberg","Copenhagen","DK","M18-24","FIN","6:01:39","0:48:38","0:09:18","2:55:34","0:04:17","2:03:52","1467","1158","184","1505","1828","1332","198","1561","1228","191","1467","1158","184","21699","2918","558","10534","257","7432"
"1643","Anna Mugelli","Female","limhamn","","SE","F40-44","FIN","6:01:42","0:44:37","0:07:44","2:59:50","0:05:52","2:03:39","1468","310","14","2213","1572","399","25","1531","315","16","1468","310","14","21702","2677","464","10790","352","7419"
"1804","Jakob Christensen","Male","København","84","DK","M25-29","FIN","6:01:45","0:44:38","0:07:55","2:56:48","0:06:29","2:05:55","1469","1159","273","1346","1573","1174","281","1465","1175","274","1469","1159","273","21705","2678","475","10608","389","7555"
"1977","Jesper Brorson Hansen","Male","Varde","DK-83","DK","M55-59","FIN","6:01:50","0:45:36","0:15:48","2:44:30","0:08:33","2:07:24","1470","1160","61","1893","1652","1227","74","1381","1119","63","1470","1160","61","21710","2736","948","9870","513","7644"
"1720","Rolf Christensen","Male","Risskov","DK-82","DK","M50-54","FIN","6:01:58","0:47:14","0:07:21","2:54:09","0:05:53","2:07:22","1471","1161","62","1822","1754","1289","74","1453","1167","62","1471","1161","62","21718","2834","441","10449","353","7642"
"1884","Emma Kjær Vilhelmsen","Female","Århus c","DK-82","DK","F30-34","FIN","6:01:58","0:34:55","0:08:06","3:16:51","0:05:59","1:56:07","1472","311","48","1875","507","114","19","1685","388","58","1472","311","48","21718","2095","486","11811","359","6967"
"2032","Jacob Tang Severinsen","Male","Aarhus","East Jütland","DK","M18-24","FIN","6:02:03","0:46:06","0:09:06","2:53:36","0:06:57","2:06:18","1473","1162","185","1497","1689","1252","191","1454","1168","183","1473","1162","185","21723","2766","546","10416","417","7578"
"1482","Allan Holm","Male","Hvidovre","DK-84","DK","M55-59","FIN","6:02:15","0:42:46","0:10:40","2:52:30","0:09:17","2:07:02","1474","1163","62","1885","1393","1066","63","1382","1120","64","1474","1163","62","21735","2566","640","10350","557","7622"
"1932","Roland Jarlgaard","Male","Hellerup","Copenhagen","DK","M55-59","FIN","6:02:37","0:48:36","0:07:45","2:49:26","0:05:19","2:11:31","1475","1164","63","1879","1826","1331","81","1379","1117","62","1475","1164","63","21757","2916","465","10166","319","7891"
"1277","Carl Johan Astrup","Male","Copenhagen","Copenhagen","DK","M25-29","FIN","6:02:44","0:41:12","0:10:49","2:53:31","0:07:11","2:10:01","1476","1165","274","1328","1248","963","226","1374","1114","258","1476","1165","274","21764","2472","649","10411","431","7801"
"1346","Trung Nguyen","Male","Hjørring","DK-84","DK","M30-34","FIN","6:02:58","0:45:06","0:07:38","2:52:23","0:05:06","2:12:44","1477","1166","186","1210","1605","1196","184","1363","1104","173","1477","1166","186","21778","2706","458","10343","306","7964"
"2287","Jacob Øllgaard","Male","Aarhus V","Central Jutland","DK","M25-29","FIN","6:02:58","0:39:51","0:13:12","2:53:11","0:07:34","2:09:10","1478","1167","275","1324","1097","854","195","1391","1125","262","1478","1167","275","21778","2391","792","10391","454","7750"
"2294","Frida Kirkebjerg","Female","Frederikssund","foreigner","DK","F18-24","FIN","6:03:03","0:38:49","0:08:29","3:03:02","0:05:28","2:07:14","1479","312","39","1848","967","210","26","1481","295","31","1479","312","39","21783","2329","509","10982","328","7634"
"613","Christian Larsen","Male","Dragør","DK-84","DK","M40-44","FIN","6:03:09","0:44:56","0:10:47","2:49:28","0:04:38","2:13:20","1480","1168","99","1623","1595","1187","98","1368","1108","96","1480","1168","99","21789","2696","647","10168","278","8000"
"1049","Lars Kindem","Male","Drobak","AKERSHUS","NO","M55-59","FIN","6:03:15","0:39:11","0:08:08","2:44:28","0:05:58","2:25:30","1481","1169","64","1867","1026","801","36","985","831","45","1481","1169","64","21795","2351","488","9868","358","8730"
"2292","Marietta Andersen","Female","FarumFarum","","DK","F45-49","FIN","6:03:15","0:36:07","0:07:36","2:39:48","0:06:02","2:33:43","1482","313","23","2234","639","137","9","722","102","8","1482","313","23","21795","2167","456","9588","362","9223"
"1805","Johannes Kronstad","Male","Sandefjord","","NO","M45-49","FIN","6:03:24","0:47:53","0:12:16","2:53:03","0:05:33","2:04:40","1483","1170","87","1639","1789","1310","102","1552","1225","92","1483","1170","87","21804","2873","736","10383","333","7480"
"2052","Therese Ennemark","Female","København","","DK","F30-34","FIN","6:03:33","0:38:50","0:07:54","3:00:40","0:04:50","2:11:19","1484","314","49","1847","974","212","31","1418","274","42","1484","314","49","21813","2330","474","10840","290","7879"
"1003","Benjamin Bøhling","Male","Frederiksberg C","DK-84","DK","M50-54","FIN","6:03:39","0:41:28","0:06:30","2:48:17","0:05:40","2:21:45","1485","1171","63","1792","1280","986","50","1112","932","41","1485","1171","63","21819","2488","390","10097","340","8505"
"419","Jacob Thomasen","Male","Copenhagen NV","DK-84","DK","M45-49","FIN","6:03:40","0:47:35","0:11:16","2:41:58","0:06:11","2:16:41","1486","1172","88","1634","1771","1297","101","1246","1029","79","1486","1172","88","21820","2855","676","9718","371","8201"
"855","Kristian Pettersson","Male","Lejre","DK-85","DK","M25-29","FIN","6:03:40","0:37:54","0:09:37","2:41:52","0:05:55","2:28:22","1487","1173","276","1312","850","663","154","909","773","171","1487","1173","276","21820","2274","577","9712","355","8902"
"1149","Dominique Kooij","Female","Maarssen","","NL","F40-44","FIN","6:03:49","0:35:19","0:08:02","3:10:31","0:05:24","2:04:33","1488","315","15","2174","551","119","10","1570","339","19","1488","315","15","21829","2119","482","11431","324","7473"
"959","Joshua Wandsø","Male","København Ø","DK-84","DK","M18-24","FIN","6:03:53","0:50:26","0:08:11","3:02:19","0:03:18","1:59:39","1489","1174","186","1464","1896","1369","203","1703","1306","196","1489","1174","186","21833","3026","491","10939","198","7179"
"1818","Preben Martinussen","Male","Kerteminde","DK-83","DK","M55-59","FIN","6:03:55","0:46:15","0:07:35","2:54:31","0:06:25","2:09:09","1490","1175","65","1855","1697","1256","76","1442","1159","65","1490","1175","65","21835","2775","455","10471","385","7749"
"807","Felice Biancardi","Male","Milano","Lombardy","IT","M30-34","FIN","6:04:00","0:44:19","0:07:35","3:11:49","0:06:07","1:54:10","1491","1176","187","1192","1546","1162","181","1743","1330","210","1491","1176","187","21840","2659","455","11509","367","6850"
"414","Nadia Sophia Norup Melander","Female","Greve","DK-85","DK","F35-39","FIN","6:04:05","0:41:13","0:05:46","3:02:32","0:05:26","2:09:08","1492","316","29","2054","1250","286","25","1467","292","29","1492","316","29","21845","2473","346","10952","326","7748"
"813","Janela Hansen","Female","Aarhus","DK-82","DK","F25-29","FIN","6:04:14","0:47:58","0:06:14","3:06:23","0:03:46","1:59:53","1493","317","107","1787","1793","482","158","1699","397","135","1493","317","107","21854","2878","374","11183","226","7193"
"1589","Lars Ackermann","Male","Dassendorf","DE-SH","DE","M45-49","FIN","6:04:15","0:35:47","0:08:15","2:51:16","0:05:01","2:23:57","1494","1177","89","1623","606","476","36","1088","914","71","1494","1177","89","21855","2147","495","10276","301","8637"
"1046","Ludvik Sandvær","Male","Moss","Østfold","NO","M25-29","FIN","6:04:18","0:41:29","0:06:16","2:54:21","0:04:54","2:17:19","1495","1178","277","1300","1282","988","230","1283","1053","245","1495","1178","277","21858","2489","376","10461","294","8239"
"1969","Hjalte Højgaard","Male","Nyborg","DK-83","DM","M18-24","FIN","6:04:21","0:41:56","0:12:05","2:45:11","0:07:59","2:17:09","1496","1179","187","1456","1332","1024","158","1208","1006","168","1496","1179","187","21861","2516","725","9911","479","8229"
"1946","Janne Ekstrøm Larsen","Female","Solrød Strand","DK-85","DK","F55-59","FIN","6:04:31","0:38:44","0:08:03","2:55:42","0:04:30","2:17:31","1497","318","16","2474","956","208","7","1294","233","11","1497","318","16","21871","2324","483","10542","270","8251"
"1019","Elisabeth Gundersen","Female","Jessheim","NO-02","NO","F50-54","FIN","6:04:34","0:34:35","0:08:00","3:07:58","0:05:59","2:08:02","1498","319","15","1815","474","107","3","1488","299","14","1498","319","15","21874","2075","480","11278","359","7682"
"2332","Jonas Beirholm","Male","Aalborg","NORDJYLLAND","DK","M30-34","FIN","6:04:35","0:45:48","0:09:12","3:00:33","0:07:10","2:01:52","1499","1180","188","1181","1663","1234","192","1595","1247","199","1499","1180","188","21875","2748","552","10833","430","7312"
"1050","Celina Kolze","Female","Herlufmagle","Zealand","DK","F18-24","FIN","6:04:37","0:41:49","0:06:48","2:50:06","0:04:25","2:21:29","1500","320","40","1820","1325","306","33","1196","199","24","1500","320","40","21877","2509","408","10206","265","8489"
"2212","Cléa Kunz","Female","Lausanne","BE","CH","F25-29","FIN","6:04:51","0:34:54","0:07:08","3:01:42","0:06:49","2:14:18","1501","321","108","1776","505","112","30","1329","247","85","1501","321","108","21891","2094","428","10902","409","8058"
"1569","Maja Balogh","Female","Copenhagen","DK-DK-84","HU","F25-29","FIN","6:05:00","0:34:33","0:11:21","3:10:16","0:06:59","2:01:51","1502","322","109","1774","471","106","28","1611","352","118","1502","322","109","21900","2073","681","11416","419","7311"
"399","Mark Krabbe","Male","Helsingør","HOVEDSTADEN","DK","M30-34","FIN","6:05:11","0:46:41","0:06:27","2:32:47","0:06:01","2:33:16","1503","1181","189","1170","1727","1273","201","800","686","107","1503","1181","189","21911","2801","387","9167","361","9196"
"1713","Nicolaj Nagel Hansen","Male","Slagelse","DK-85","DK","M30-34","FIN","6:05:12","0:47:37","0:08:04","2:54:00","0:05:48","2:09:42","1504","1182","190","1170","1775","1301","204","1468","1176","186","1504","1182","190","21912","2857","484","10440","348","7782"
"2399","Sara Elfving","Female","Ronneby","SE-K","SE","F55-59","FIN","6:05:17","0:39:11","0:10:44","2:53:54","0:07:08","2:14:19","1505","323","17","2460","1027","226","8","1331","248","15","1505","323","17","21917","2351","644","10434","428","8059"
"2079","Henriette Henriksen","Female","Næstved","","DK","F45-49","FIN","6:05:32","0:38:53","0:07:00","3:02:10","0:08:34","2:08:54","1506","324","24","2193","981","215","17","1438","283","20","1506","324","24","21932","2333","420","10930","514","7734"
"1869","Rowan Steyn","Male","
København","HOVEDSTADEN","ZA","M30-34","FIN","6:05:35","0:38:07","0:11:15","3:09:18","0:06:57","1:59:59","1507","1183","191","1163","881","687","104","1662","1286","203","1507","1183","191","21935","2287","675","11358","417","7199"
"525","Sander Rossing","Male","Frederiksberg","","DK","M25-29","FIN","6:05:35","0:44:26","0:10:01","2:56:44","0:05:15","2:09:09","1508","1184","278","1277","1560","1168","277","1509","1205","283","1508","1184","278","21935","2666","601","10604","315","7749"
"2238","Lukas Röttgers","Male","Kiel","Schleswig-Holstein","DE","M30-34","FIN","6:05:50","0:51:38","0:07:16","2:47:16","0:03:08","2:16:32","1509","1185","192","1159","1931","1391","219","1388","1124","176","1509","1185","192","21950","3098","436","10036","188","8192"
"647","Sarah Bauer","Female","München","Bayern","DE","F25-29","FIN","6:05:54","0:39:41","0:06:12","3:04:33","0:05:21","2:10:07","1510","325","110","1757","1084","239","77","1484","296","98","1510","325","110","21954","2381","372","11073","321","7807"
"1620","Rikke Sigrid Sigrid","Female","Nakskov","DK-85","DK","F50-54","FIN","6:05:58","0:43:08","0:08:40","3:04:46","0:06:27","2:02:57","1511","326","16","1790","1439","343","22","1620","358","22","1511","326","16","21958","2588","520","11086","387","7377"
"1390","Sophia Nygaard Christensen","Female","København S","","DK","F30-34","FIN","6:06:02","0:40:16","0:06:31","2:58:08","0:05:03","2:16:04","1512","327","50","1802","1149","258","41","1358","257","38","1512","327","50","21962","2416","391","10688","303","8164"
"1267","Dan Petre","Male","Ostratu","RO-IF","RO","M45-49","FIN","6:06:05","0:43:43","0:11:46","2:55:26","0:07:39","2:07:32","1513","1186","90","1590","1493","1130","87","1506","1203","90","1513","1186","90","21965","2623","706","10526","459","7652"
"156","Dean Macaulay","Male","Kgs. Lyngby","DK-84","CA","M55-59","FIN","6:06:12","0:39:27","0:08:44","2:53:49","0:06:27","2:17:44","1514","1187","66","1814","1055","824","39","1280","1050","59","1514","1187","66","21972","2367","524","10429","387","8264"
"982","Caroline Bentsen","Female","København S","Copenhagen","DK","F25-29","FIN","6:06:20","0:37:56","0:07:22","2:58:33","0:04:30","2:17:58","1515","328","111","1750","860","189","60","1334","251","87","1515","328","111","21980","2276","442","10713","270","8278"
"941","Peter Berg","Male","Stockholm","SE-AB","US","M45-49","FIN","6:06:26","0:37:18","0:06:42","2:58:21","0:04:04","2:20:00","1516","1188","91","1584","764","598","48","1289","1058","81","1516","1188","91","21986","2238","402","10701","244","8400"
"915","Imma Tobine Dalby","Female","Sandefjord","NO-07","NO","F25-29","FIN","6:06:30","0:36:28","0:05:20","3:14:54","0:04:15","2:05:33","1517","329","112","1747","671","146","44","1621","359","121","1517","329","112","21990","2188","320","11694","255","7533"
"2192","Andreas Hallenberg","Male","København","Copenhagen","DK","M18-24","FIN","6:06:39","0:43:27","0:11:10","3:03:47","0:07:32","2:00:43","1518","1189","188","1415","1470","1117","173","1655","1282","195","1518","1189","188","21999","2607","670","11027","452","7243"
"1341","Lene Rønnevik","Female","Haugesund","NO-11","NO","F45-49","FIN","6:06:50","0:40:48","0:06:56","3:03:50","0:03:23","2:11:53","1519","330","25","2170","1204","275","21","1519","308","24","1519","330","25","22010","2448","416","11030","203","7913"
"1904","Daniel Tidemann","Male","København NV","DK-85","DK","M25-29","FIN","6:06:57","0:52:01","0:10:57","3:00:07","0:07:13","1:56:40","1520","1190","279","1253","1946","1399","324","1731","1322","313","1520","1190","279","22017","3121","657","10807","433","7000"
"733","Vilma Meskinyte","Female","København","Copenhagen","LT","F30-34","FIN","6:07:02","0:54:01","0:07:05","3:12:42","0:05:16","1:47:59","1521","331","51","1784","1988","563","75","1859","470","66","1521","331","51","22022","3241","425","11562","316","6479"
"2371","Christian SALOWSKI","Male","København","DK-84","DK","M45-49","FIN","6:07:04","0:44:26","0:13:49","3:02:23","0:06:29","1:59:57","1522","1191","92","1573","1559","1167","91","1700","1303","97","1522","1191","92","22024","2666","829","10943","389","7197"
"1861","Pilunnguaq Benjaminsen","Female","Odense V","DK-83","GL","F35-39","FIN","6:07:08","0:39:22","0:07:55","2:45:58","0:06:55","2:26:58","1523","332","30","1999","1048","230","19","1023","161","14","1523","332","30","22028","2362","475","9958","415","8818"
"1165","Cecilie Ahrentsen","Female","Ringe ","Fyn","DK","F25-29","FIN","6:07:13","0:30:48","0:05:46","2:52:29","0:03:29","2:34:40","1524","333","113","1734","185","45","10","901","136","42","1524","333","113","22033","1848","346","10349","209","9280"
"1700","Mette Svarrer","Female","Skårup","DK-83","DK","F50-54","FIN","6:07:13","0:43:56","0:06:45","2:56:35","0:05:24","2:14:34","1525","334","17","1768","1514","371","24","1413","272","10","1525","334","17","22033","2636","405","10595","324","8074"
"1154","Jana Stüttgen","Female","Hamburg","DE","DE","F50-54","FIN","6:07:15","0:40:16","0:10:09","3:03:27","0:03:36","2:09:47","1526","335","18","1767","1147","257","11","1569","338","19","1526","335","18","22035","2416","609","11007","216","7787"
"2005","Jarand Berg","Male","Rena","Innlandet","NO","M25-29","FIN","6:07:17","0:48:33","0:07:41","2:54:23","0:05:37","2:11:03","1527","1192","280","1247","1824","1330","312","1490","1191","279","1527","1192","280","22037","2913","461","10463","337","7863"
"753","Nora Johanne Førde Skivik","Female","København","København","NO","F25-29","FIN","6:07:24","0:45:16","0:07:30","3:09:13","0:03:34","2:01:51","1528","336","114","1730","1618","413","137","1717","404","138","1528","336","114","22044","2716","450","11353","214","7311"
"835","Peter Rodgers","Male","Spring Valley","CA","US","M35-39","FIN","6:07:31","0:37:04","0:09:22","3:11:40","0:05:22","2:04:04","1529","1193","139","1329","736","577","72","1644","1275","145","1529","1193","139","22051","2224","562","11500","322","7444"
"2120","Jonas Hartwig","Male","Odense","Funen","DK","M30-34","FIN","6:07:45","0:46:04","0:07:28","3:11:26","0:06:04","1:56:43","1530","1194","193","1124","1686","1249","197","1757","1338","212","1530","1194","193","22065","2764","448","11486","364","7003"
"1407","Paul Waterhouse","Male","Grasscroft","LAN","GB","M55-59","FIN","6:07:46","0:40:54","0:09:15","2:43:57","0:08:12","2:25:27","1531","1195","67","1786","1218","940","47","1051","886","53","1531","1195","67","22066","2454","555","9837","492","8727"
"368","Xenia Kjær","Female","Helsingør","DK-85","DK","F50-54","FIN","6:07:49","0:49:05","0:08:42","3:05:04","0:07:25","1:57:33","1532","337","19","1757","1847","504","39","1727","407","23","1532","337","19","22069","2945","522","11104","445","7053"
"2198","Karoline Zara Rasmussen","Female","Frederiksberg","Copenhagen","DK","F25-29","FIN","6:07:49","0:44:08","0:08:18","2:55:27","0:05:51","2:14:06","1533","338","115","1723","1532","379","126","1428","277","94","1533","338","115","22069","2648","498","10527","351","8046"
"651","Carina Laukaitis","Female","Bainbridge Island","WA","US","F25-29","FIN","6:08:00","0:29:44","0:06:31","3:15:57","0:05:39","2:10:09","1534","339","116","1720","132","33","5","1532","316","107","1534","339","116","22080","1784","391","11757","339","7809"
"1301","Euan Cortes","Male","Frederiksberg","DK-84","GB","M25-29","FIN","6:08:07","0:42:25","0:08:08","2:58:03","0:05:29","2:14:02","1535","1196","281","1232","1369","1050","244","1447","1163","273","1535","1196","281","22087","2545","488","10683","329","8042"
"1642","Rasmus Sønderbjerg","Male","København K","","DK","M30-34","FIN","6:08:19","0:43:56","0:09:47","2:48:39","0:06:17","2:19:39","1536","1197","194","1114","1515","1144","176","1291","1060","163","1536","1197","194","22099","2636","587","10119","377","8379"
"2271","Mikkel Kikkenborg Nielsen","Male","Esbjerg","Southern Jutland","DK","M25-29","FIN","6:08:19","0:46:17","0:07:14","2:57:56","0:03:51","2:13:01","1537","1198","282","1228","1702","1261","295","1514","1209","284","1537","1198","282","22099","2777","434","10676","231","7981"
"2245","Sanne GRUNDVAD BOELT","Female","København S","DK-84","DK","F40-44","FIN","6:08:20","0:45:25","0:10:02","2:53:27","0:07:56","2:11:30","1538","340","16","2093","1631","418","26","1457","288","15","1538","340","16","22100","2725","602","10407","476","7890"
"1158","Paul Kremendahl","Male","Hamburg","Hamburg","DE","M30-34","FIN","6:08:24","0:43:46","0:08:18","3:07:45","0:06:47","2:01:47","1539","1199","195","1112","1498","1135","174","1683","1296","205","1539","1199","195","22104","2626","498","11265","407","7307"
"811","Caroline Couri","Female","København","DK-84","DK","F30-34","FIN","6:08:25","0:47:06","0:09:58","2:55:30","0:07:59","2:07:52","1540","341","52","1759","1746","462","64","1541","322","48","1540","341","52","22105","2826","598","10530","479","7672"
"1222","Charlotte Nissen","Female","Næstved","DK-85","DK","F45-49","FIN","6:08:35","0:44:28","0:07:27","3:00:57","0:05:46","2:09:57","1541","342","26","2138","1563","394","31","1548","325","27","1541","342","26","22115","2668","447","10857","346","7797"
"1830","Joachim Glenthøj","Male","København Ø","DK-84","DK","M25-29","FIN","6:08:36","0:47:00","0:10:32","2:59:00","0:05:01","2:07:03","1542","1200","283","1223","1740","1281","306","1618","1262","298","1542","1200","283","22116","2820","632","10740","301","7623"
"734","Tove Karlsson","Female","Solna","SE-AB","SE","F18-24","FIN","6:08:39","0:48:10","0:07:22","3:07:29","0:04:00","2:01:37","1543","343","41","1747","1806","489","60","1730","409","48","1543","343","41","22119","2890","442","11249","240","7297"
"1307","Jacob Elkjaer","Male","
Copenhagen","","DK","M55-59","FIN","6:08:41","0:42:36","0:08:59","2:41:09","0:10:20","2:25:36","1544","1201","68","1769","1382","1058","62","1005","849","48","1544","1201","68","22121","2556","539","9669","620","8736"
"2178","Benedicte Christina Tryde","Female","Hellerup","HOVEDSTADEN","DK","F25-29","FIN","6:08:43","0:56:34","0:07:37","3:07:31","0:04:19","1:52:42","1545","344","117","1707","2022","577","186","1833","458","153","1545","344","117","22123","3394","457","11251","259","6762"
"717","Kaj-Erik Heimvik","Male","Arnatveit ","Vestland","NO","M25-29","FIN","6:08:45","0:36:49","0:06:26","2:49:22","0:03:13","2:32:55","1546","1202","284","1220","705","551","119","1000","845","197","1546","1202","284","22125","2209","386","10162","193","9175"
"1885","Tonja Uldbæk Brink","Female","Brøndby","SJÆLLAND","DK","F25-29","FIN","6:08:45","0:53:18","0:07:44","2:57:50","0:06:10","2:03:43","1547","345","118","1706","1972","559","182","1665","378","128","1547","345","118","22125","3198","464","10670","370","7423"
"2056","Robert Ellis","Male","Stockholm","Stockholm","SE","M30-34","FIN","6:08:50","0:39:14","0:08:52","3:35:28","0:05:07","1:40:09","1548","1203","196","1105","1033","806","127","1954","1430","225","1548","1203","196","22130","2354","532","12928","307","6009"
"1093","Carolina Hermansen","Female","Stenløse","DK-84","DK","F55-59","FIN","6:08:50","0:32:13","0:06:22","2:51:31","0:05:17","2:33:28","1549","346","18","2396","279","67","1","936","146","3","1549","346","18","22130","1933","382","10291","317","9208"
"283","Maria de Matos","Female","Nordhavn","DK-84","PT","F40-44","FIN","6:08:51","0:39:44","0:08:17","3:09:56","0:06:12","2:04:42","1550","347","17","2084","1088","242","17","1643","369","22","1550","347","17","22131","2384","497","11396","372","7482"
"293","Louise Tran Le","Female","Vanløse","","DK","F25-29","FIN","6:08:57","0:52:19","0:09:04","2:58:11","0:04:03","2:05:19","1551","348","119","1703","1955","549","179","1678","386","133","1551","348","119","22137","3139","544","10691","243","7519"
"1309","Jakob Pettersson","Male","Helsingborg","SE-M","SE","M25-29","FIN","6:09:01","0:52:44","0:08:43","2:53:33","0:05:07","2:08:53","1552","1204","285","1215","1964","1411","325","1586","1242","291","1552","1204","285","22141","3164","523","10413","307","7733"
"2036","Peter Skovgaard","Male","Nykøbing Falster","Lolland-Falster","DK","M55-59","FIN","6:09:07","0:39:55","0:13:00","3:13:48","0:07:14","1:55:11","1553","1205","69","1762","1106","861","40","1779","1348","84","1553","1205","69","22147","2395","780","11628","434","6911"
"1948","lisette Henriksen","Female","Slangerup","Nordsjælland","DK","F30-34","FIN","6:09:09","0:45:51","0:07:46","3:15:48","0:06:55","1:52:49","1554","349","53","1746","1666","431","59","1816","450","64","1554","349","53","22149","2751","466","11748","415","6769"
"363","Kim Schultz","Male","
Helsingør","","DK","M50-54","FIN","6:09:10","0:35:09","0:08:09","2:58:28","0:06:03","2:21:20","1555","1206","64","1692","533","416","16","1275","1046","54","1555","1206","64","22150","2109","489","10708","363","8480"
"1102","Line Carstens","Female","Esbjerg","","DK","F18-24","FIN","6:09:14","0:44:54","0:05:35","2:58:22","0:03:35","2:16:48","1556","350","42","1736","1592","407","50","1456","287","30","1556","350","42","22154","2694","335","10702","215","8208"
"515","Luis Miguel Ferreira Gonçalves","Male","Gentofte","DK-84","PT","M18-24","FIN","6:09:15","0:35:45","0:09:27","3:02:03","0:07:01","2:14:59","1557","1207","189","1368","594","466","75","1412","1141","179","1557","1207","189","22155","2145","567","10923","421","8099"
"1131","Richard Marquez","Male","Søborg","","DK","M40-44","FIN","6:09:16","0:52:41","0:08:30","3:08:36","0:04:29","1:55:00","1558","1208","100","1513","1961","1410","118","1819","1368","113","1558","1208","100","22156","3161","510","11316","269","6900"
"1463","Katelyn Balent","Female","Fort Walton Beach","US-FL","US","F25-29","FIN","6:09:23","0:30:44","0:05:59","3:22:50","0:04:35","2:05:14","1559","351","120","1695","181","44","9","1677","385","132","1559","351","120","22163","1844","359","12170","275","7514"
"2305","Rune Ejg Lyngbak","Male","Harlev","Central Jutland","DK","M25-29","FIN","6:09:27","0:49:38","0:05:47","3:06:22","0:05:04","2:02:36","1560","1209","286","1208","1870","1354","316","1713","1312","308","1560","1209","286","22167","2978","347","11182","304","7356"
"2082","Anders Jul Pfeiffer","Male","København","DK-84","DK","M18-24","FIN","6:09:30","0:40:12","0:09:23","2:54:40","0:05:52","2:19:24","1561","1210","190","1363","1135","884","139","1344","1090","175","1561","1210","190","22170","2412","563","10480","352","8364"
"1299","Hannah Robinson","Female","København","AU-NSW","AU","F25-29","FIN","6:09:30","0:38:26","0:07:10","3:12:40","0:05:15","2:05:59","1562","352","121","1693","920","201","66","1651","373","126","1562","352","121","22170","2306","430","11560","315","7559"
"1572","Camilla Frosch","Female","esbjerg","DK-SYDDANMARK","DK","F40-44","FIN","6:09:33","0:41:44","0:08:55","3:03:08","0:06:02","2:09:44","1563","353","18","2071","1313","303","20","1566","336","18","1563","353","18","22173","2504","535","10988","362","7784"
"667","Mark Ibsen","Male","Esbjerg","DK-83","DK","M50-54","FIN","6:09:38","0:45:27","0:07:29","2:59:47","0:05:38","2:11:17","1564","1211","65","1684","1637","1216","68","1545","1222","66","1564","1211","65","22178","2727","449","10787","338","7877"
"276","Anne Streefkerk","Female","København Ø","Copenhagen","DK","F25-29","FIN","6:09:38","0:57:31","0:06:37","2:53:44","0:05:26","2:06:20","1565","354","122","1690","2029","580","187","1642","368","125","1565","354","122","22178","3451","397","10424","326","7580"
"746","Yurii Venzhyk","Male","Kharkiv","Kherson Oblast","UA","M30-34","FIN","6:09:40","0:41:40","0:06:25","2:55:28","0:05:44","2:20:22","1566","1212","197","1090","1306","1004","155","1325","1080","169","1566","1212","197","22180","2500","385","10528","344","8422"
"1080","Lucas Schneider","Male","Frederiksberg C","HOVEDSTADEN","DK","M25-29","FIN","6:09:41","0:42:46","0:07:56","2:55:08","0:06:45","2:17:05","1567","1213","287","1203","1395","1068","251","1380","1118","260","1567","1213","287","22181","2566","476","10508","405","8225"
"1994","Ignasi Casals","Male","Barcelona","Barcelona","ES","M25-29","FIN","6:10:00","0:40:27","0:09:33","2:50:38","0:07:18","2:22:05","1568","1214","288","1198","1168","905","208","1242","1026","238","1568","1214","288","22200","2427","573","10238","438","8525"
"288","Grant Morrison","Male","Copenhagen","DK-84","GB","M40-44","FIN","6:10:03","0:42:12","0:09:58","2:46:02","0:10:08","2:21:42","1569","1215","101","1499","1353","1041","90","1177","981","84","1569","1215","101","22203","2532","598","9962","608","8502"
"1996","Pol Casals Castellón","Male","BARCELONA","","ES","M30-34","FIN","6:10:04","0:40:33","0:09:34","2:50:36","0:07:19","2:22:03","1570","1216","198","1082","1179","913","140","1244","1027","157","1570","1216","198","22204","2433","574","10236","439","8523"
"1264","Celine Weber Nicholsen","Female","Copenhagen S","DK-84","DK","F30-34","FIN","6:10:11","0:47:41","0:06:43","2:58:50","0:05:08","2:11:49","1571","355","54","1727","1784","477","65","1553","328","49","1571","355","54","22211","2861","403","10730","308","7909"
"2319","Frank Lausten","Male","Rødovre","DK-84","DK","M55-59","FIN","6:10:13","0:41:44","0:09:41","2:59:17","0:07:58","2:11:34","1572","1217","70","1742","1315","1012","57","1492","1193","69","1572","1217","70","22213","2504","581","10757","478","7894"
"2233","Sebastian Møller Rasmussen","Male","København v","DK-84","DK","M30-34","FIN","6:10:14","0:52:10","0:09:18","2:50:41","0:04:13","2:13:52","1573","1218","199","1079","1948","1401","220","1530","1216","192","1573","1218","199","22214","3130","558","10241","253","8032"
"1464","Lou McLaughlin","Female","Monaghan","Monaghan, Cavan","IE","F45-49","FIN","6:10:15","0:44:25","0:07:46","3:28:46","0:04:54","1:44:25","1574","356","27","2108","1557","391","30","1934","511","42","1574","356","27","22215","2665","466","12526","294","6265"
"2060","Brian Lehman","Male","Virum","","DK","M45-49","FIN","6:10:23","0:46:30","0:06:02","","0:00:00","2:25:36","1575","1219","93","1513","1720","1270","99","99999","99999","99999","1575","1219","93","22223","2790","362","","","8736"
"633","Jan Peters","Male","Albertslund","DK-84","DK","M50-54","FIN","6:10:53","0:38:54","0:07:21","3:04:07","0:02:55","2:17:37","1576","1220","66","1661","984","767","37","1482","1187","64","1576","1220","66","22253","2334","441","11047","175","8257"
"1468","Michal Licko","Male","Prague","CZ-104","CZ","M30-34","FIN","6:11:06","0:41:43","0:10:07","2:59:01","0:05:41","2:14:34","1577","1221","200","1064","1311","1009","156","1500","1198","190","1577","1221","200","22266","2503","607","10741","341","8074"
"1490","Anders Latif","Male","Copenhagen","DK-85","DK","M35-39","FIN","6:11:09","0:45:07","0:07:53","2:52:59","0:07:20","2:17:51","1578","1222","140","1264","1606","1197","132","1385","1121","134","1578","1222","140","22269","2707","473","10379","440","8271"
"1723","Mimmi OKSMAN","Female","Copenhagen","","FI","F40-44","FIN","6:11:10","0:51:49","0:08:26","2:56:41","0:05:05","2:09:09","1579","357","19","2042","1940","545","40","1627","362","21","1579","357","19","22270","3109","506","10601","305","7749"
"1333","Stefan Tarp","Male","Frederiksberg","DK-84","DK","M55-59","FIN","6:11:26","0:46:00","0:10:13","2:58:25","0:04:58","2:11:49","1580","1223","71","1720","1682","1246","75","1579","1237","74","1580","1223","71","22286","2760","613","10705","298","7909"
"2042","Alfred Lyng","Male","København","Copenhagen","DM","M25-29","FIN","6:11:32","0:46:16","0:11:05","2:50:22","0:04:08","2:19:41","1581","1224","289","1170","1701","1260","294","1425","1150","271","1581","1224","289","22292","2776","665","10222","248","8381"
"539","Christina Lüthi","Female","Herlev","DK-84","DK","F50-54","FIN","6:11:33","0:37:59","0:06:20","3:03:41","0:05:46","2:17:47","1582","358","20","1690","865","191","6","1434","281","12","1582","358","20","22293","2279","380","11021","346","8267"
"1524","Andreas Buch Nielsen","Male","Aarhus","Central Jutland","DK","M30-34","FIN","6:11:41","0:45:53","0:08:01","2:56:40","0:02:46","2:18:21","1583","1225","201","1053","1672","1238","194","1489","1190","189","1583","1225","201","22301","2753","481","10600","166","8301"
"2291","Linda Ripa","Female","Glumslöv","SE-M","SE","F45-49","FIN","6:11:44","0:46:50","0:06:55","2:58:51","0:06:29","2:12:39","1584","359","28","2081","1737","458","37","1542","323","26","1584","359","28","22304","2810","415","10731","389","7959"
"1518","Camilla Thomsen","Female","København S","Copenhagen","DK","F30-34","FIN","6:11:50","0:43:05","0:07:46","3:05:52","0:04:14","2:10:53","1585","360","55","1697","1431","341","50","1622","360","55","1585","360","55","22310","2585","466","11152","254","7853"
"1707","Anders Algrøy","Male","Ågotnes","NO-Vestland","NO","M25-29","FIN","6:12:11","0:40:32","0:06:52","2:54:27","0:04:57","2:25:23","1586","1226","290","1158","1177","912","210","1278","1049","243","1586","1226","290","22331","2432","412","10467","297","8723"
"1039","Kjetil Nordstrøm","Male","Haugesund","NO-11","NO","M55-59","FIN","6:12:24","0:42:13","0:08:29","3:10:51","0:03:29","2:07:22","1587","1227","72","1703","1354","1042","60","1707","1309","79","1587","1227","72","22344","2533","509","11451","209","7642"
"2369","Galina Bramslev","Female","Oslo","NO-03","NO","F25-29","FIN","6:12:28","0:45:45","0:07:19","2:59:47","0:05:16","2:14:21","1588","361","123","1639","1657","427","141","1547","324","111","1588","361","123","22348","2745","439","10787","316","8061"
"943","Mads Voxen","Male","København Ø","DK-84","DK","M25-29","FIN","6:12:34","0:46:44","0:07:06","2:56:16","0:04:53","2:17:35","1589","1228","291","1151","1731","1277","304","1476","1182","276","1589","1228","291","22354","2804","426","10576","293","8255"
"1486","Jesper Thomsen","Male","Smoerum","DK-84","DK","M55-59","FIN","6:12:44","0:39:02","0:08:37","3:10:31","0:07:22","2:07:12","1590","1229","73","1697","1006","785","35","1646","1277","77","1590","1229","73","22364","2342","517","11431","442","7632"
"586","Camilla Rasmussen","Female","Rødovre","DK-84","DK","F18-24","FIN","6:12:50","0:46:20","0:10:23","3:11:14","0:08:03","1:56:49","1591","362","43","1672","1704","442","55","1793","439","55","1591","362","43","22370","2780","623","11474","483","7009"
"230","Emil Skarnvad","Male","Frederiksberg","DK-84","DK","M18-24","FIN","6:12:53","0:37:06","0:13:39","2:41:59","0:11:42","2:28:27","1592","1230","191","1302","744","583","93","1004","848","136","1592","1230","191","22373","2226","819","9719","702","8907"
"1963","Anna Read","Female","Bristol","England","GB","F25-29","FIN","6:12:53","0:39:28","0:07:04","2:56:34","0:04:51","2:24:57","1593","363","124","1632","1057","232","76","1311","238","81","1593","363","124","22373","2368","424","10594","291","8697"
"1455","Harry Pim","Male","Hoisdorf","Schleswig-Holstein","GB","M45-49","FIN","6:12:54","0:37:55","0:09:19","3:01:42","0:05:59","2:18:00","1594","1231","94","1468","855","668","54","1458","1170","88","1594","1231","94","22374","2275","559","10902","359","8280"
"2336","Frederikke Krebs-Emborg","Female","København N","Copenhagen","DK","F25-29","FIN","6:13:06","0:45:58","0:08:24","3:23:11","0:04:12","1:51:21","1595","364","125","1628","1678","436","143","1905","492","165","1595","364","125","22386","2758","504","12191","252","6681"
"1308","Ulla Munk Holm","Female","Årslev","SYDDANMARK","DK","F50-54","FIN","6:13:08","0:44:04","0:09:04","2:58:23","0:06:16","2:15:21","1596","365","21","1661","1529","378","26","1515","306","17","1596","365","21","22388","2644","544","10703","376","8121"
"1062","Rikke Fog","Female","Roskilde","Zealand","DM","F30-34","FIN","6:13:08","0:45:17","0:07:28","3:06:34","0:03:58","2:09:51","1597","366","56","1674","1621","415","57","1674","383","57","1597","366","56","22388","2717","448","11194","238","7791"
"485","Jonas Hørby","Male","Helsingør","DK-84","DK","M30-34","FIN","6:13:10","0:44:57","0:08:04","2:59:40","0:04:30","2:15:59","1598","1232","202","1027","1597","1189","182","1544","1221","193","1598","1232","202","22390","2697","484","10780","270","8159"
"763","Lucas Abildgaard","Male","Odense","Fyn","DK","M18-24","FIN","6:13:11","0:42:59","0:09:12","3:01:25","0:05:14","2:14:22","1599","1233","192","1297","1414","1081","169","1563","1229","192","1599","1233","192","22391","2579","552","10885","314","8062"
"1588","Aimée Lovers","Female","Amsterdam","North Holland","NL","F30-34","FIN","6:13:15","0:52:40","0:11:34","2:59:49","0:04:56","2:04:17","1600","367","57","1672","1960","551","73","1747","415","61","1600","367","57","22395","3160","694","10789","296","7457"
"2038","Sebastian Andersson","Male","Helsingborg","SKANE LAN [SE-12]","SE","M40-44","FIN","6:13:15","0:38:49","0:08:34","3:08:26","0:04:41","2:12:45","1601","1234","102","1442","971","760","60","1603","1255","105","1601","1234","102","22395","2329","514","11306","281","7965"
"997","Oliver Dahl Christiansen","Male","København n","DK-84","DK","M25-29","FIN","6:13:19","0:46:21","0:09:41","2:54:06","0:03:00","2:20:12","1602","1235","292","1138","1707","1265","298","1477","1183","277","1602","1235","292","22399","2781","581","10446","180","8412"
"2159","Victor Hansen","Male","KØBENHAVN S","Hovedstaden","DK","M25-29","FIN","6:13:23","0:37:54","0:08:05","2:48:11","0:05:27","2:33:45","1603","1236","293","1137","853","666","155","1054","889","202","1603","1236","293","22403","2274","485","10091","327","9225"
"1672","Thomas Hansen Daabeck","Male","Aarhus C","Central Jutland","DK","M25-29","FIN","6:13:37","0:46:50","0:10:33","2:59:03","0:07:46","2:09:25","1604","1237","294","1133","1738","1280","305","1614","1260","297","1604","1237","294","22417","2810","633","10743","466","7765"
"1084","Kell Oeberg","Male","Frederiksberg ","HOVEDSTADEN","DK","M55-59","FIN","6:13:44","1:08:46","0:09:11","2:48:22","0:04:15","2:03:11","1605","1238","74","1679","2060","1471","94","1775","1346","83","1605","1238","74","22424","4126","551","10102","255","7391"
"2392","Mikkel Ohlsen","Male","Holstebro","DK-82","DK","M18-24","FIN","6:13:45","0:56:32","0:10:40","3:01:50","0:03:24","2:01:18","1606","1239","193","1287","2021","1445","208","1812","1366","202","1606","1239","193","22425","3392","640","10910","204","7278"
"1295","Asbjoern Bakken","Male","Tveit","Agder","NO","M75-79","FIN","6:13:47","0:41:52","0:11:31","2:50:05","0:06:40","2:23:39","1607","1240","1","3500","1328","1021","1","1322","1078","1","1607","1240","1","22427","2512","691","10205","400","8619"
"1599","Tobias Sand Short","Male","Aarhus C","MIDTJYLLAND","DK","M18-24","FIN","6:13:57","0:39:41","0:08:17","2:40:48","0:07:06","2:38:04","1608","1241","194","1283","1082","844","134","892","760","122","1608","1241","194","22437","2381","497","9648","426","9484"
"1361","Michael Kragballe","Male","Storvorde","North Jütland","DK","M25-29","FIN","6:14:05","0:46:20","0:07:15","2:57:04","0:04:59","2:18:26","1609","1242","295","1124","1705","1263","296","1491","1192","280","1609","1242","295","22445","2780","435","10624","299","8306"
"626","Steffen Rettig","Male","Leipzig","DE-SN","DE","M55-59","FIN","6:14:09","0:40:42","0:10:21","2:59:40","0:07:18","2:16:09","1610","1243","75","1671","1195","924","45","1494","1194","70","1610","1243","75","22449","2442","621","10780","438","8169"
"1360","Klara Højsted Kristensen","Female","Aalborg","North Jütland","DK","F18-24","FIN","6:14:09","0:49:06","0:07:34","3:03:37","0:05:52","2:08:00","1611","368","44","1648","1849","506","64","1692","392","44","1611","368","44","22449","2946","454","11017","352","7680"
"789","Michael Norup","Male","
Faxe","SJÆLLAND","DK","M45-49","FIN","6:14:12","0:40:11","0:07:55","3:05:44","0:04:53","2:15:28","1612","1244","95","1444","1132","881","67","1568","1231","94","1612","1244","95","22452","2411","475","11144","293","8128"
"1000","Kristina Gosvig","Female","Odense","Fyn","DK","F30-34","FIN","6:14:25","0:37:35","0:06:33","3:03:47","0:06:42","2:19:49","1613","369","58","1651","801","175","28","1432","280","45","1613","369","58","22465","2255","393","11027","402","8389"
"343","Armin Hermes","Male","København Ø","Denmark","DK","M35-39","FIN","6:14:46","0:40:30","0:07:25","2:57:00","0:07:10","2:22:42","1614","1245","141","1199","1172","908","111","1357","1101","132","1614","1245","141","22486","2430","445","10620","430","8562"
"724","Victoria Marie Sørsdal Eilertsen","Female","Høvik","AKERSHUS","NO","F25-29","FIN","6:14:46","0:47:41","0:06:47","3:03:22","0:06:00","2:10:56","1615","370","126","1598","1782","476","156","1641","367","124","1615","370","126","22486","2861","407","11002","360","7856"
"1702","Jonas Korsgaard","Male","Odense C","Fyn","DK","M30-34","FIN","6:14:47","0:43:17","0:08:09","2:53:23","0:05:03","2:24:54","1616","1246","203","998","1457","1110","171","1355","1100","171","1616","1246","203","22487","2597","489","10403","303","8694"
"1327","Jacob Elton Dam","Male","
Herlev","","DK","M45-49","FIN","6:14:47","0:39:41","0:08:24","3:05:34","0:06:00","2:15:07","1617","1247","96","1434","1083","845","66","1565","1230","93","1617","1247","96","22487","2381","504","11134","360","8107"
"1998","Andreas Lund","Male","Aarhus","DK-82","DK","M45-49","FIN","6:14:57","0:35:45","0:07:06","2:51:02","0:06:49","2:34:15","1618","1248","97","1431","595","467","33","1040","877","68","1618","1248","97","22497","2145","426","10262","409","9255"
"2335","Milad Safi","Male","København","","DK","M25-29","FIN","6:15:11","0:46:42","0:07:51","2:46:48","0:04:48","2:29:01","1619","1249","296","1104","1729","1275","302","1264","1042","242","1619","1249","296","22511","2802","471","10008","288","8941"
"2429","Louise Drengsgaard Jørgensen","Female","Skanderborg","Central Jutland","DK","F40-44","FIN","6:15:23","0:52:56","0:15:11","2:55:08","0:06:49","2:05:20","1620","371","20","1966","1967","555","41","1734","411","27","1620","371","20","22523","3176","911","10508","409","7520"
"1099","Sabrina Tigges","Female","Sundern","NW","DE","F45-49","FIN","6:15:25","0:47:31","0:08:00","3:01:27","0:05:05","2:13:22","1621","372","29","2015","1768","473","38","1629","364","31","1621","372","29","22525","2851","480","10887","305","8002"
"1987","Julie Brændgaard Sørensen","Female","Hjørring","DK-81","DK","F18-24","FIN","6:15:25","0:54:06","0:05:28","3:09:02","0:02:29","2:04:21","1622","373","45","1625","1990","564","73","1803","443","56","1622","373","45","22525","3246","328","11342","149","7461"
"2077","PetruS LEJON","Male","Sturefors","SE-E","SE","M25-29","FIN","6:15:26","0:49:33","0:08:17","3:11:10","0:04:47","2:01:40","1623","1250","297","1100","1868","1352","315","1810","1364","321","1623","1250","297","22526","2973","497","11470","287","7300"
"259","Emmelie Hansen","Female","København","DK-84","DK","F25-29","FIN","6:15:29","0:40:43","0:08:34","3:12:26","0:07:12","2:06:34","1624","374","127","1585","1197","273","87","1711","400","137","1624","374","127","22529","2443","514","11546","432","7594"
"2409","Sara Olesen","Female","København","Copenhagen","DK","F25-29","FIN","6:15:35","0:38:13","0:11:28","3:09:29","0:05:50","2:10:35","1625","375","128","1583","898","197","65","1672","382","130","1625","375","128","22535","2293","688","11369","350","7835"
"640","Massimiliano Pison","Male","Trieste","Friuli-Venezia Giulia","IT","M55-59","FIN","6:15:51","0:51:39","0:09:07","3:02:40","0:04:45","2:07:40","1626","1251","76","1640","1933","1393","86","1738","1326","81","1626","1251","76","22551","3099","547","10960","285","7660"
"1493","Sofie Gravers Jacobsen","Female","Frederiksberg","DK-84","DK","F40-44","FIN","6:15:55","0:49:20","0:07:13","3:05:09","0:04:15","2:09:58","1627","376","21","1957","1861","513","36","1709","399","26","1627","376","21","22555","2960","433","11109","255","7798"
"977","Johannes Andreasen","Male","Århus","Midtjylland","DK","M18-24","FIN","6:15:55","0:37:47","0:11:50","2:45:50","0:07:12","2:33:17","1628","1252","195","1248","837","652","101","1092","918","147","1628","1252","195","22555","2267","710","9950","432","9197"
"2085","Magnus Schumacher","Male","MALMÖ","","SE","M60-64","FIN","6:16:00","0:53:23","0:11:00","3:08:43","0:05:13","1:57:42","1629","1253","27","1730","1974","1415","48","1852","1387","44","1629","1253","27","22560","3203","660","11323","313","7062"
"1503","Mikael Nielsen","Male","Smørum","DK-84","DK","M65-69","FIN","6:16:07","0:48:29","0:06:41","3:03:16","0:05:06","2:12:34","1630","1254","7","2105","1821","1327","10","1657","1283","9","1630","1254","7","22567","2909","401","10996","306","7954"
"2055","Michael Petersen","Male","Næstved","Zealand","DK","M50-54","FIN","6:16:17","0:43:43","0:08:42","3:03:35","0:06:14","2:14:03","1631","1255","67","1564","1494","1131","60","1607","1258","70","1631","1255","67","22577","2623","522","11015","374","8043"
"549","Sven Glasse","Male","Berlin","DE-BE","DE","M40-44","FIN","6:16:25","0:39:33","0:09:55","3:07:21","0:07:20","2:12:15","1632","1256","103","1385","1066","830","68","1625","1265","106","1632","1256","103","22585","2373","595","11241","440","7935"
"1418","Martin BØGESKOV","Male","Odense","DK-83","DK","M35-39","FIN","6:16:42","0:48:41","0:08:16","3:10:11","0:05:23","2:04:12","1633","1257","142","1164","1829","1333","148","1785","1350","152","1633","1257","142","22602","2921","496","11411","323","7452"
"452","Jacob Malm Carlsen","Male","Vordingborg","DK-85","DK","M45-49","FIN","6:16:47","0:45:29","0:08:57","2:52:48","0:09:21","2:20:13","1634","1258","98","1398","1641","1219","95","1408","1138","87","1634","1258","98","22607","2729","537","10368","561","8413"
"2123","Sven Carstensen","Male","Potsdam","Brandenburg","DE","M50-54","FIN","6:16:51","0:47:55","0:09:55","3:02:56","0:04:16","2:11:48","1635","1259","68","1554","1791","1311","78","1702","1305","77","1635","1259","68","22611","2875","595","10976","256","7908"
"1821","Gian Maria Giacomo Micheli","Male","København","Copenhagen","IT","M25-29","FIN","6:16:59","0:43:50","0:11:21","3:13:41","0:07:20","2:00:47","1636","1260","298","1072","1506","1139","271","1808","1363","320","1636","1260","298","22619","2630","681","11621","440","7247"
"2162","Jens Groenbaek Pedersen","Male","København N","DK-84","DK","M30-34","FIN","6:17:14","0:35:56","0:09:43","2:50:01","0:04:28","2:37:06","1637","1261","204","953","622","490","75","1096","921","141","1637","1261","204","22634","2156","583","10201","268","9426"
"2423","Morten Leonard André Tollefsen","Male","DRAMMEN","","NO","M40-44","FIN","6:17:20","0:45:15","0:10:28","3:12:21","0:06:16","2:03:00","1638","1262","104","1368","1616","1204","100","1795","1355","112","1638","1262","104","22640","2715","628","11541","376","7380"
"2257","Marlo Frings","Male","Köln","North Rhine-Westphalia","DE","M25-29","FIN","6:17:27","0:46:05","0:11:49","3:05:04","0:07:31","2:06:58","1639","1263","299","1064","1687","1250","293","1729","1321","312","1639","1263","299","22647","2765","709","11104","451","7618"
"1176","Hilde Vikse","Female","Haugesund","","NO","F45-49","FIN","6:17:28","0:45:19","0:06:33","3:10:57","0:03:56","2:10:43","1640","377","30","1978","1624","416","32","1725","405","34","1640","377","30","22648","2719","393","11457","236","7843"
"522","Adam Pekala","Male","Copenhagen","Region Hovedstaden","PL","M35-39","FIN","6:17:29","0:57:37","0:08:47","2:58:43","0:07:13","2:05:08","1641","1264","143","1150","2031","1450","161","1759","1340","151","1641","1264","143","22649","3457","527","10723","433","7508"
"1866","Thomas Holst-Hansen","Male","Oslo","","NO","M50-54","FIN","6:17:43","1:02:04","0:07:09","2:58:53","0:03:53","2:05:44","1642","1265","69","1538","2053","1467","88","1796","1356","81","1642","1265","69","22663","3724","429","10733","233","7544"
"1809","Markus Zaar","Male","Allerum","SKANE LAN [SE-12]","SE","M40-44","FIN","6:17:46","0:55:10","0:08:08","3:09:43","0:04:20","2:00:26","1643","1266","105","1360","2006","1434","122","1849","1386","116","1643","1266","105","22666","3310","488","11383","260","7226"
"1882","Karoline Jacoby","Female","København","Copenhagen","DK","F25-29","FIN","6:17:52","0:47:19","0:08:52","3:16:52","0:06:10","1:58:39","1644","378","129","1542","1759","468","152","1850","464","155","1644","378","129","22672","2839","532","11812","370","7119"
"1763","Clara Guldbrandt Schioldan","Female","Aarhus","MIDTJYLLAND","DK","F18-24","FIN","6:17:53","0:48:22","0:08:05","3:01:46","0:05:47","2:13:53","1645","379","46","1581","1815","491","61","1648","371","40","1645","379","46","22673","2902","485","10906","347","8033"
"655","Jacob Dieckmann","Male","Aarhus","DK-82","DK","M30-34","FIN","6:17:53","0:52:17","0:07:07","2:50:40","0:05:21","2:22:30","1646","1267","205","942","1952","1404","221","1474","1180","187","1646","1267","205","22673","3137","427","10240","321","8550"
"2139","Gundo Weiler","Male","Frederiksberg","HOVEDSTADEN","DE","M55-59","FIN","6:18:05","0:46:50","0:09:05","2:54:59","0:03:15","2:23:56","1647","1268","77","1600","1736","1279","77","1504","1201","71","1647","1268","77","22685","2810","545","10499","195","8636"
"245","Giulia Orlando","Female","Copenhagen","Copenhagen","IT","F30-34","FIN","6:18:05","0:38:53","0:10:03","3:11:25","0:08:57","2:08:47","1648","380","59","1585","982","216","33","1694","393","60","1648","380","59","22685","2333","603","11485","537","7727"
"890","Charles Sørensen","Male","Holbæk","SJÆLLAND","DK","M55-59","FIN","6:18:09","0:49:23","0:08:08","2:51:10","0:05:07","2:24:21","1649","1269","78","1599","1863","1350","83","1449","1164","66","1649","1269","78","22689","2963","488","10270","307","8661"
"1487","Magnus Jensen","Male","Suldrup","North Jütland","DK","M25-29","FIN","6:18:12","0:45:28","0:09:33","3:07:36","0:07:33","2:08:03","1650","1270","300","1050","1638","1217","287","1723","1319","311","1650","1270","300","22692","2728","573","11256","453","7683"
"2095","Emma Bonnet","Female","Copenhagen","SJÆLLAND","FR","F25-29","FIN","6:18:13","0:47:33","0:10:00","3:14:46","0:06:00","1:59:53","1651","381","130","1536","1769","474","154","1841","461","154","1651","381","130","22693","2853","600","11686","360","7193"
"764","Nichlas Hjorth","Male","Aalborg","DK-81","DK","M25-29","FIN","6:18:14","0:41:28","0:07:21","2:58:24","0:01:26","2:29:35","1652","1271","301","1049","1279","985","228","1407","1137","268","1652","1271","301","22694","2488","441","10704","86","8975"
"2151","Stefan Eklof","Male","Helsinki","NYLAND","FI","M35-39","FIN","6:18:17","0:47:41","0:12:23","3:15:37","0:09:29","1:53:07","1653","1272","144","1135","1783","1307","143","1888","1405","156","1653","1272","144","22697","2861","743","11737","569","6787"
"578","Jesse Cramer","Male","KIEL","DE-SH","DE","M25-29","FIN","6:18:17","0:40:23","0:08:18","3:10:27","0:06:42","2:12:27","1654","1273","302","1049","1160","899","207","1671","1290","303","1654","1273","302","22697","2423","498","11427","402","7947"
"500","Cornelia ADOLFSSON","Female","Falun","SE-W","SE","F18-24","FIN","6:18:19","0:36:47","0:06:33","3:22:38","0:05:34","2:06:49","1655","382","47","1573","704","154","17","1770","426","50","1655","382","47","22699","2207","393","12158","334","7609"
"291","Finn Abildgaard","Male","Greve","DK-85","DK","M60-64","FIN","6:18:20","0:51:11","0:12:23","2:58:37","0:06:14","2:09:57","1656","1274","28","1688","1919","1383","44","1718","1314","36","1656","1274","28","22700","3071","743","10717","374","7797"
"1384","Gitte Severs","Female","Kongens Lyngby","DK-85","DK","F50-54","FIN","6:18:27","0:55:45","0:07:58","3:04:32","0:04:19","2:05:53","1657","383","22","1565","2015","575","47","1800","441","31","1657","383","22","22707","3345","478","11072","259","7553"
"310","Ana Paula Rodriguez del Moral","Female","København","Capital Region of Denmark","MX","F25-29","FIN","6:18:33","0:42:35","0:08:05","3:15:25","0:04:28","2:08:00","1658","384","131","1530","1379","323","101","1772","427","143","1658","384","131","22713","2555","485","11725","268","7680"
"1495","Louise Vang Nielsen","Female","København S","DK-84","DK","F18-24","FIN","6:18:36","0:43:12","0:07:14","3:22:27","0:05:13","2:00:30","1659","385","48","1568","1445","345","40","1848","463","60","1659","385","48","22716","2592","434","12147","313","7230"
"909","Michelle Jarsholm","Female","København","København","DK","F35-39","FIN","6:18:41","0:48:06","0:07:06","3:11:37","0:02:50","2:09:01","1660","386","31","1791","1797","485","37","1781","433","33","1660","386","31","22721","2886","426","11497","170","7741"
"520","Jo Mia Fray","Female","Kalundborg","SJÆLLAND","DK","F50-54","FIN","6:18:49","0:41:19","0:08:12","3:06:56","0:05:49","2:16:32","1661","387","23","1559","1263","291","13","1615","355","21","1661","387","23","22729","2479","492","11216","349","8192"
"1133","Marius Pein","Male","Hamburg","DE-HH","DE","M40-44","FIN","6:18:52","0:43:16","0:08:03","2:57:22","0:03:24","2:26:47","1662","1275","106","1340","1453","1107","94","1450","1165","100","1662","1275","106","22732","2596","483","10642","204","8807"
"2152","Frederik Habekost Jensen","Male","Aarhus","Central Jutland","DK","M25-29","FIN","6:19:16","0:43:12","0:09:44","3:00:56","0:05:00","2:20:23","1663","1276","303","1031","1447","1102","261","1571","1232","288","1663","1276","303","22756","2592","584","10856","300","8423"
"1540","Laura Gaarde Andersen","Female","Copenhagen","DK-HOVEDSTADEN","DK","F25-29","FIN","6:19:19","0:42:42","0:07:36","3:11:10","0:04:29","2:13:21","1664","388","132","1516","1388","325","103","1706","398","136","1664","388","132","22759","2562","456","11470","269","8001"
"377","Maj-Britt Heramb","Female","Snekkersten","DK-84","DK","F50-54","FIN","6:19:20","0:42:59","0:07:05","3:00:57","0:05:31","2:22:48","1665","389","24","1550","1413","333","21","1507","304","16","1665","389","24","22760","2579","425","10857","331","8568"
"2075","Kristina Aagaard Hansen","Female","København","Copenhagen","DK","F25-29","FIN","6:19:24","0:41:14","0:07:24","3:03:10","0:07:02","2:20:35","1666","390","133","1514","1251","287","92","1522","310","104","1666","390","133","22764","2474","444","10990","422","8435"
"1986","Vlad Sapinskyi","Male","Copenhagen","HOVEDSTADEN","UA","M40-44","FIN","6:19:35","0:48:16","0:14:28","3:07:03","0:08:39","2:01:08","1667","1277","107","1328","1810","1321","109","1820","1369","114","1667","1277","107","22775","2896","868","11223","519","7268"
"1458","Freja Stuhr Hansen","Female","Valby","Copenhagen","DK","F25-29","FIN","6:19:40","0:44:23","0:06:30","3:17:55","0:05:27","2:05:26","1668","391","134","1510","1555","389","131","1807","445","149","1668","391","134","22780","2663","390","11875","327","7526"
"1992","Jan Olsen","Male","Humlebæk","DK-84","DK","M55-59","FIN","6:19:45","0:45:24","0:13:02","2:54:24","0:10:37","2:16:18","1669","1278","79","1570","1630","1213","71","1546","1223","73","1669","1278","79","22785","2724","782","10464","637","8178"
"1356","Rikke Gaard","Female","København S","DK-84","DK","F55-59","FIN","6:19:56","0:45:26","0:07:59","2:59:54","0:04:09","2:22:29","1670","392","19","2196","1635","420","24","1556","331","17","1670","392","19","22796","2726","479","10794","249","8549"
"2061","Berit Sneftrup Knudsen","Female","Virum","","DK","F40-44","FIN","6:20:07","0:46:30","0:07:26","3:04:49","0:03:18","2:18:03","1671","393","22","1881","1721","451","30","1663","377","25","1671","393","22","22807","2790","446","11089","198","8283"
"1413","Thomas Tørnqvist","Male","Valby","Copenhagen","DK","M35-39","FIN","6:20:12","0:49:19","0:08:22","2:53:54","0:06:13","2:22:24","1672","1279","145","1101","1860","1348","153","1517","1210","140","1672","1279","145","22812","2959","502","10434","373","8544"
"2080","Anja Pelle","Female","Slagelse","DK-85","DK","F40-44","FIN","6:20:26","0:40:51","0:08:10","3:09:14","0:05:06","2:17:05","1673","394","23","1875","1210","276","19","1649","372","23","1673","394","23","22826","2451","490","11354","306","8225"
"935","Adam Bryan","Male","London","GB-ENG","GB","M35-39","FIN","6:20:30","0:42:04","0:11:01","3:01:31","0:07:00","2:18:55","1674","1280","146","1095","1339","1031","119","1578","1236","142","1674","1280","146","22830","2524","661","10891","420","8335"
"299","Jean-Marc Ferran","Male","Copenhagen","DK-84","FR","M45-49","FIN","6:20:35","0:45:36","0:11:59","3:01:40","0:08:29","2:12:50","1675","1281","99","1329","1653","1228","96","1673","1291","96","1675","1281","99","22835","2736","719","10900","509","7970"
"1604","Line Skrydstrup Kristensen","Female","Aarhus C","Central Jutland","DK","F30-34","FIN","6:20:48","0:42:49","0:08:21","3:09:03","0:04:32","2:16:03","1676","395","60","1536","1398","328","48","1691","391","59","1676","395","60","22848","2569","501","11343","272","8163"
"552","Sara Jensen","Female","Helsingør","DK-85","DK","F18-24","FIN","6:20:48","0:43:32","0:08:09","3:04:37","0:06:40","2:17:50","1677","396","49","1528","1476","357","42","1612","353","38","1677","396","49","22848","2612","489","11077","400","8270"
"971","Joachim Christensen","Male","Hellebæk","Nordsjælland","DK","M25-29","FIN","6:20:50","0:51:46","0:12:08","3:03:21","0:08:32","2:05:02","1678","1282","304","1003","1939","1395","322","1788","1351","318","1678","1282","304","22850","3106","728","11001","512","7502"
"1079","Karina Andersen","Female","Hirtshals","DK-81","DK","F30-34","FIN","6:20:52","0:45:56","0:07:20","2:52:30","0:05:12","2:29:54","1679","397","61","1535","1676","435","60","1378","262","39","1679","397","61","22852","2756","440","10350","312","8994"
"369","Steen Skaarup","Male","Fredensborg","","DK","M60-64","FIN","6:20:54","0:43:51","0:08:13","2:56:15","0:07:21","2:25:13","1680","1283","29","1642","1507","1140","32","1441","1158","27","1680","1283","29","22854","2631","493","10575","441","8713"
"337","Line Darré","Female","København","Copenhagen","DK","F25-29","FIN","6:20:55","0:43:02","0:09:26","2:59:50","0:12:21","2:16:16","1681","398","135","1487","1423","338","109","1535","318","108","1681","398","135","22855","2582","566","10790","741","8176"
"2230","Lærke Lindgreen Lauritsen","Female","Kongens Lyngby","HOVEDSTADEN","DK","F25-29","FIN","6:21:17","0:33:33","0:08:06","3:11:29","0:06:40","2:21:30","1682","399","136","1481","384","87","21","1551","327","112","1682","399","136","22877","2013","486","11489","400","8490"
"1456","Maria Byskov","Female","Aarhus C","MIDTJYLLAND","DK","F18-24","FIN","6:21:30","0:53:15","0:07:32","3:06:45","0:10:12","2:03:45","1683","400","50","1516","1969","556","72","1791","438","54","1683","400","50","22890","3195","452","11205","612","7425"
"1269","Matthias Viemann","Male","Oldenburg","NI","DE","M60-64","FIN","6:21:32","0:43:37","0:08:59","2:54:13","0:06:29","2:28:14","1684","1284","30","1631","1483","1124","31","1403","1135","26","1684","1284","30","22892","2617","539","10453","389","8894"
"2187","Lykke Koch","Female","Lerum","Västra Götaland","SE","F30-34","FIN","6:21:39","0:31:21","0:11:00","3:12:28","0:10:01","2:16:50","1685","401","62","1521","227","56","9","1581","343","52","1685","401","62","22899","1881","660","11548","601","8210"
"1862","Christoffer Ewers","Male","København S","DK-84","DK","M50-54","FIN","6:21:48","0:40:04","0:08:44","3:23:09","0:05:59","2:03:51","1686","1285","70","1465","1121","874","46","1836","1377","84","1686","1285","70","22908","2404","524","12189","359","7431"
"1105","Mikael Malmgren Marod","Male","Søborg","","DK","M50-54","FIN","6:22:08","0:43:10","0:08:39","3:06:32","0:06:41","2:17:06","1687","1286","71","1459","1443","1100","57","1652","1279","75","1687","1286","71","22928","2590","519","11192","401","8226"
"1109","Bilal Ahmad","Male","Oslo","Oslo","NO","M30-34","FIN","6:22:13","0:53:56","0:09:38","3:10:59","0:05:34","2:02:06","1688","1287","206","864","1987","1425","223","1868","1396","220","1688","1287","206","22933","3236","578","11459","334","7326"
"2382","Heidi Maj Hansen","Female","Haderslev","","DK","F40-44","FIN","6:22:24","0:42:43","0:08:33","3:01:45","0:05:59","2:23:24","1689","402","24","1840","1389","326","21","1550","326","17","1689","402","24","22944","2563","513","10905","359","8604"
"545","Bjørn Gjertsen","Male","Oslo","OSLO","NO","M30-34","FIN","6:22:32","0:43:47","0:06:09","2:53:14","0:04:02","2:35:20","1690","1288","207","858","1500","1137","175","1315","1075","167","1690","1288","207","22952","2627","369","10394","242","9320"
"1659","Tobias Grönberg","Male","Helsingborg","","SE","M50-54","FIN","6:22:35","0:50:37","0:08:34","2:58:00","0:06:30","2:18:54","1691","1289","72","1451","1905","1376","81","1634","1269","73","1691","1289","72","22955","3037","514","10680","390","8334"
"618","Camilla Gutteridge","Female","Dubai","AE-DU","ZA","F40-44","FIN","6:22:50","0:49:02","0:07:37","3:08:59","0:07:32","2:09:41","1692","403","25","1832","1841","500","34","1764","421","29","1692","403","25","22970","2942","457","11339","452","7781"
"1897","Veronica Lundström","Female","Malmö","SE-M","SE","F35-39","FIN","6:23:00","0:36:06","0:08:41","2:59:23","0:05:46","2:33:04","1693","404","32","1713","636","135","9","1343","254","24","1693","404","32","22980","2166","521","10763","346","9184"
"1228","Mikkel Gerhardt-Pedersen","Male","Kastrup","HOVEDSTADEN","DK","M40-44","FIN","6:23:01","0:45:48","0:08:08","3:23:58","0:06:48","1:58:19","1694","1290","108","1266","1661","1232","101","1909","1414","119","1694","1290","108","22981","2748","488","12238","408","7099"
"1148","Akos Rappant","Male","Solna","SE-AB","SE","M40-44","FIN","6:23:13","0:44:08","0:07:46","3:06:21","0:04:29","2:20:29","1695","1291","109","1262","1533","1154","96","1650","1278","108","1695","1291","109","22993","2648","466","11181","269","8429"
"2223","Pia Larsen","Female","Kalundborg","SJÆLLAND","DK","F55-59","FIN","6:23:25","0:50:04","0:11:45","3:12:53","0:04:20","2:04:23","1696","405","20","2134","1888","522","29","1872","476","25","1696","405","20","23005","3004","705","11573","260","7463"
"472","Ivonne Verheul","Female","Maarssen","NL-UT","NL","F45-49","FIN","6:23:26","0:38:58","0:07:55","3:04:30","0:07:01","2:25:02","1697","406","31","1871","996","219","18","1513","305","23","1697","406","31","23006","2338","475","11070","421","8702"
"1586","Anika Fogt","Female","Odense","SYDDANMARK","DK","F18-24","FIN","6:23:43","0:36:45","0:11:10","3:14:01","0:07:11","2:14:37","1698","407","51","1476","699","153","16","1716","403","47","1698","407","51","23023","2205","670","11641","431","8077"
"851","Adrian Hauptmann","Male","Bad Heilbrunn","Bayern","DE","M40-44","FIN","6:23:48","0:40:50","0:09:48","3:00:40","0:05:24","2:27:06","1699","1292","110","1252","1209","934","85","1511","1207","102","1699","1292","110","23028","2450","588","10840","324","8826"
"2093","Maria Krog Gejl Kjær","Female","Vallensbæk","DK-84","DK","F40-44","FIN","6:23:51","0:33:02","0:07:06","2:59:35","0:06:37","2:37:30","1700","408","26","1814","343","79","6","1222","208","13","1700","408","26","23031","1982","426","10775","397","9450"
"2302","Niels Nymand","Male","Vanløse","Copenhagen","DK","M30-34","FIN","6:24:02","0:45:30","0:13:54","3:04:49","0:07:55","2:11:54","1701","1293","208","831","1645","1221","189","1749","1334","211","1701","1293","208","23042","2730","834","11089","475","7914"
"417","Kenny Vibolt Hansen","Male","
Greve","","DK","M40-44","FIN","6:24:09","0:41:21","0:08:40","2:48:49","0:05:20","2:39:59","1702","1294","111","1245","1265","974","89","1200","1000","87","1702","1294","111","23049","2481","520","10129","320","9599"
"1282","Thea Klitgaard Saugbjerg","Female","Aalborg","Nordjylland","DK","F18-24","FIN","6:24:11","0:47:01","0:08:29","3:20:43","0:06:47","2:01:10","1703","409","52","1467","1742","460","57","1897","490","63","1703","409","52","23051","2821","509","12043","407","7270"
"1714","Jonas Munkejord","Male","Oslo","","NO","M50-54","FIN","6:24:15","0:43:52","0:07:41","3:12:34","0:02:47","2:17:20","1704","1295","73","1421","1511","1141","61","1748","1333","79","1704","1295","73","23055","2632","461","11554","167","8240"
"2275","Morten Widding","Male","Holbæk","","DK","M30-34","FIN","6:24:18","0:55:15","0:10:32","3:05:19","0:06:53","2:06:19","1705","1296","209","826","2009","1436","224","1826","1372","215","1705","1296","209","23058","3315","632","11119","413","7579"
"2357","Frederik Herforth Sommer","Male","København K","HOVEDSTADEN","DK","M25-29","FIN","6:24:31","0:51:05","0:09:58","2:43:06","0:06:14","2:34:08","1706","1297","305","936","1916","1381","319","1342","1089","253","1706","1297","305","23071","3065","598","9786","374","9248"
"2280","Cecilie Cargnelli","Female","Rødovre","DK-84","DK","F25-29","FIN","6:24:35","0:51:25","0:08:57","3:02:31","0:05:34","2:16:09","1707","410","137","1421","1925","538","175","1728","408","140","1707","410","137","23075","3085","537","10951","334","8169"
"969","Jakob Bjørnager","Male","Holte","DK-84","DK","M55-59","FIN","6:24:37","0:55:34","0:10:33","2:52:49","0:05:10","2:20:30","1708","1298","80","1483","2012","1438","89","1667","1288","78","1708","1298","80","23077","3334","633","10369","310","8430"
"247","luca reenberg","Male","Ringsted","DK-85","DK","M18-24","FIN","6:24:38","1:00:53","0:10:07","2:59:20","0:04:00","2:10:18","1709","1299","196","1091","2050","1464","210","1823","1370","203","1709","1299","196","23078","3653","607","10760","240","7818"
"825","Nicklas Pedersen","Male","Nyborg","Fyn","DK","M18-24","FIN","6:24:49","0:36:14","0:06:15","2:27:45","0:03:07","3:11:28","1710","1300","197","1088","651","512","81","377","335","47","1710","1300","197","23089","2174","375","8865","187","11488"
"696","Vegard Wahl","Male","Oslo","","NO","M30-34","FIN","6:24:54","0:41:49","0:08:17","3:10:03","0:07:12","2:17:33","1711","1301","210","815","1323","1018","159","1690","1300","206","1711","1301","210","23094","2509","497","11403","432","8253"
"1241","Gustav Magnusson","Male","næstved","Zealand","DK","M30-34","FIN","6:24:55","0:45:12","0:09:04","3:05:06","0:05:09","2:20:25","1712","1302","211","815","1610","1201","186","1675","1292","204","1712","1302","211","23095","2712","544","11106","309","8425"
"2361","Alice Jungerup","Female","Skövde","","SE","F25-29","FIN","6:24:59","0:44:51","0:09:32","3:04:03","0:06:44","2:19:48","1713","411","138","1414","1590","406","134","1656","374","127","1713","411","138","23099","2691","572","11043","404","8388"
"608","Tom Fokkens-Ancery","Male","Zeewolde","","NL","M35-39","FIN","6:25:05","0:30:09","0:05:54","3:06:37","0:04:05","2:38:19","1714","1303","147","1013","148","112","11","1301","1067","127","1714","1303","147","23105","1809","354","11197","245","9499"
"1263","Emma Sharratt","Female","Tayport","GB-SCT","GB","F25-29","FIN","6:25:10","0:34:55","0:07:18","3:08:33","0:05:33","2:28:51","1715","412","139","1411","506","113","31","1497","301","101","1715","412","139","23110","2095","438","11313","333","8931"
"1193","Emma Lakjer","Female","København","København","DK","F25-29","FIN","6:25:12","0:48:36","0:07:54","3:12:10","0:06:29","2:10:03","1716","413","140","1410","1825","495","163","1804","444","148","1716","413","140","23112","2916","474","11530","389","7803"
"1135","Frida Vesten","Female","Oslo","OSLO","NO","F25-29","FIN","6:25:13","0:50:08","0:06:17","3:10:36","0:03:23","2:14:49","1717","414","141","1410","1891","524","170","1784","435","146","1717","414","141","23113","3008","377","11436","203","8089"
"2390","Thomas Bos","Male","Dordrecht","NL-ZH","NL","M25-29","FIN","6:25:15","0:42:02","0:13:03","3:04:57","0:09:02","2:16:10","1718","1304","306","923","1337","1029","240","1688","1299","305","1718","1304","306","23115","2522","783","11097","542","8170"
"894","Bente Maarup Pedersen","Female","Ålsgårde","DK-84","DK","F45-49","FIN","6:25:15","0:37:07","0:06:11","2:58:13","0:04:09","2:39:35","1719","415","32","1838","745","162","12","1269","225","16","1719","415","32","23115","2227","371","10693","249","9575"
"2125","Christina Fasterholdt Povlsen","Female","Silkeborg","Central Jutland","DK","F30-34","FIN","6:25:22","0:44:33","0:08:19","3:13:50","0:02:00","2:16:40","1720","416","63","1454","1570","397","54","1778","431","62","1720","416","63","23122","2673","499","11630","120","8200"
"1854","Andrea Lundgren","Female","
København","HOVEDSTADEN","DK","F25-29","FIN","6:25:30","0:37:56","0:10:22","3:10:43","0:06:50","2:19:39","1721","417","142","1405","859","188","59","1668","380","129","1721","417","142","23130","2276","622","11443","410","8379"
"1849","Vik Boon","Male","Merchtem","","BE","M25-29","FIN","6:25:38","0:42:21","0:07:37","3:07:03","0:02:18","2:26:19","1722","1305","307","916","1364","1048","243","1631","1267","299","1722","1305","307","23138","2541","457","11223","138","8779"
"1960","Jacob Marott","Male","Copenhagen","Copenhagen","DK","M25-29","FIN","6:25:50","0:44:03","0:13:32","3:03:29","0:09:48","2:14:57","1723","1306","308","913","1526","1150","274","1704","1307","307","1723","1306","308","23150","2643","812","11009","588","8097"
"1664","Per Haaheim","Male","Billingstad","AKERSHUS","NO","M30-34","FIN","6:25:56","0:47:00","0:07:54","3:20:46","0:03:39","2:06:37","1724","1307","212","797","1741","1282","202","1887","1404","222","1724","1307","212","23156","2820","474","12046","219","7597"
"2002","Mads Arffmann","Male","Roslev","Central Jutland","DK","M18-24","FIN","6:26:07","0:48:02","0:14:17","3:03:27","0:07:08","2:13:13","1725","1308","198","1064","1796","1312","196","1768","1344","200","1725","1308","198","23167","2882","857","11007","428","7993"
"268","Katrine Vitting","Female","København S","DK-84","DK","F25-29","FIN","6:26:12","0:42:36","0:10:07","3:16:37","0:03:50","2:13:03","1726","418","143","1392","1381","324","102","1815","449","151","1726","418","143","23172","2556","607","11797","230","7983"
"925","Magnus Leach","Male","jyderup","DK-85","DK","M18-24","FIN","6:26:20","0:45:55","0:08:04","2:48:03","0:06:31","2:37:47","1727","1309","199","1060","1674","1240","186","1281","1051","170","1727","1309","199","23180","2755","484","10083","391","9467"
"1355","Karin Olén","Female","
København","HOVEDSTADEN","SE","F45-49","FIN","6:26:23","0:41:29","0:10:15","3:10:00","0:07:39","2:16:59","1728","419","33","1818","1287","297","23","1712","401","33","1728","419","33","23183","2489","615","11400","459","8219"
"225","Marie Slettaløkken","Female","Oslo","Oslo","NO","F25-29","FIN","6:26:27","0:44:18","0:07:12","3:16:32","0:04:18","2:14:08","1729","420","144","1388","1543","383","128","1794","440","147","1729","420","144","23187","2658","432","11792","258","8048"
"904","Julie Dahle","Female","Fredensborg","NO-03","NO","F25-29","FIN","6:26:28","0:49:50","0:08:44","2:58:27","0:03:23","2:26:03","1730","421","145","1387","1878","518","168","1632","365","123","1730","421","145","23188","2990","524","10707","203","8763"
"1115","Anna Rod Nyland","Female","Haugesund","NO-11","NO","F50-54","FIN","6:26:35","0:49:13","0:10:02","3:05:17","0:05:52","2:16:11","1731","422","25","1419","1854","509","40","1754","418","27","1731","422","25","23195","2953","602","11117","352","8171"
"896","Malthe Olsen","Male","Svinninge","Sjælland","DK","M18-24","FIN","6:26:42","0:41:05","0:13:05","3:09:31","0:09:01","2:14:01","1732","1310","200","1054","1236","954","147","1742","1329","198","1732","1310","200","23202","2465","785","11371","541","8041"
"486","Bernhard Mcdowell","Male","Wien","AT-9","AT","M50-54","FIN","6:26:54","0:44:38","0:07:48","3:02:36","0:03:28","2:28:24","1733","1311","74","1373","1574","1175","66","1588","1243","67","1733","1311","74","23214","2678","468","10956","208","8904"
"1636","Emma Hartmann","Female","Allerød","DK-84","DK","F18-24","FIN","6:27:09","0:55:02","0:06:33","3:03:10","0:03:17","2:19:07","1734","423","53","1414","2002","570","74","1756","419","49","1734","423","53","23229","3302","393","10990","197","8347"
"1826","Mathias Brask","Male","
Brønshøj","","DK","M30-34","FIN","6:27:13","0:50:13","0:08:30","2:55:17","0:07:32","2:25:41","1735","1312","213","774","1893","1368","218","1572","1233","196","1735","1312","213","23233","3013","510","10517","452","8741"
"2086","Jacob Ede","Male","Lund","Skåne","SE","M35-39","FIN","6:27:22","0:50:00","0:11:35","2:56:46","0:10:30","2:18:31","1736","1313","148","972","1882","1362","154","1653","1280","147","1736","1313","148","23242","3000","695","10606","630","8311"
"1908","Mikki Olesen","Male","Valby","HOVEDSTADEN","DK","M30-34","FIN","6:27:41","0:55:50","0:14:51","2:56:45","0:06:20","2:13:55","1737","1314","214","765","2016","1441","226","1789","1352","214","1737","1314","214","23261","3350","891","10605","380","8035"
"965","Thomas Andersson","Male","Helsingborg","SE-M","SE","M60-64","FIN","6:27:46","0:44:27","0:07:56","3:03:07","0:05:50","2:26:27","1738","1315","31","1519","1561","1169","33","1594","1246","32","1738","1315","31","23266","2667","476","10987","350","8787"
"2427","Bertil Staal","Male","Kongens Lyngby","DK-84","DK","M18-24","FIN","6:27:50","0:51:16","0:18:15","3:09:53","0:08:04","2:00:23","1739","1316","201","1033","1921","1385","205","1924","1419","205","1739","1316","201","23270","3076","1095","11393","484","7223"
"1788","Anne Marie Mitchell","Female","Jyderup","DK-85","DK","F40-44","FIN","6:27:53","0:57:19","0:09:43","3:04:24","0:11:03","2:05:24","1740","424","27","1741","2026","579","43","1828","456","30","1740","424","27","23273","3439","583","11064","663","7524"
"1798","Lars Petersen","Male","Gadstrup","DK-Zealand","DK","M40-44","FIN","6:27:56","0:53:29","0:13:36","3:09:09","0:06:18","2:05:24","1741","1317","112","1177","1978","1418","119","1896","1407","118","1741","1317","112","23276","3209","816","11349","378","7524"
"1350","Niels Brynnum","Male","Copenhagen","","DK","M55-59","FIN","6:28:00","0:47:52","0:10:52","3:03:07","0:04:00","2:22:09","1742","1318","81","1422","1788","1309","79","1714","1313","80","1742","1318","81","23280","2872","652","10987","240","8529"
"1621","Clara Roejkjaer","Female","Hillerød","Nordsjælland","DK","F25-29","FIN","6:28:01","0:36:56","0:11:10","3:11:19","0:06:44","2:21:52","1743","425","146","1359","717","157","47","1676","384","131","1743","425","146","23281","2216","670","11479","404","8512"
"1348","Frederikke Brynnum","Female","Ebeltoft","Central Jutland","DK","F18-24","FIN","6:28:04","0:44:39","0:14:08","3:03:09","0:04:43","2:21:25","1744","426","54","1397","1576","401","48","1715","402","46","1744","426","54","23284","2679","848","10989","283","8485"
"1794","Karen Marie Curran","Female","Oslo","Oslo","NO","F25-29","FIN","6:28:23","0:44:43","0:06:51","3:14:03","0:02:35","2:20:10","1745","427","147","1353","1580","403","133","1765","422","141","1745","427","147","23303","2683","411","11643","155","8410"
"1478","Sille Røjen","Female","Bjerringbro","Central Jutland","DK","F25-29","FIN","6:28:32","0:49:31","0:08:16","3:16:16","0:04:48","2:09:41","1746","428","148","1350","1866","516","166","1862","471","158","1746","428","148","23312","2971","496","11776","288","7781"
"1594","Michael Sønderskov","Male","Gonderange","LU-LU","DK","M60-64","FIN","6:28:38","0:52:50","0:14:17","3:06:00","0:08:36","2:06:55","1747","1319","32","1503","1966","1412","47","1853","1388","45","1747","1319","32","23318","3170","857","11160","516","7615"
"446","Michelle Schnejder","Female","Roskilde","Zealand","DK","F30-34","FIN","6:28:41","0:43:02","0:08:01","3:07:08","0:02:33","2:27:58","1748","429","64","1394","1421","336","49","1647","370","56","1748","429","64","23321","2582","481","11228","153","8878"
"774","Werner Arns","Male","Haltern am See","DE-NW","DE","M45-49","FIN","6:28:48","0:46:27","0:11:04","3:04:10","0:06:02","2:21:04","1749","1320","100","1181","1714","1268","98","1708","1310","99","1749","1320","100","23328","2787","664","11050","362","8464"
"929","Marcus Fremstad","Male","Raufoss","Innlandet","NO","M25-29","FIN","6:28:55","0:39:54","0:06:54","3:21:28","0:05:54","2:14:46","1750","1321","309","857","1100","856","197","1799","1359","319","1750","1321","309","23335","2394","414","12088","354","8086"
"1587","Kristoffer Berg","Male","København","Copenhagen","LU","M25-29","FIN","6:28:57","0:54:27","0:07:10","","0:00:00","2:25:24","1751","1322","310","857","1995","1429","329","99999","99999","99999","1751","1322","310","23337","3267","430","","","8724"
"714","Jaroslaw Huziuk","Male","Warszawa","PL-MZ","PL","M45-49","FIN","6:29:17","0:44:41","0:08:34","3:10:15","0:03:37","2:22:10","1752","1323","101","1173","1577","1176","92","1740","1327","100","1752","1323","101","23357","2681","514","11415","217","8530"
"1913","Sidse Lønborg","Female","Hjørring","DK-81","DK","F25-29","FIN","6:29:20","0:47:23","0:08:13","3:18:11","0:05:43","2:09:50","1753","430","149","1336","1764","471","153","1858","469","157","1753","430","149","23360","2843","493","11891","343","7790"
"2208","Tobias Staugaard Jensen","Male","Nyborg","Fyn","DK","M25-29","FIN","6:29:21","0:51:51","0:12:02","2:56:28","0:13:12","2:15:47","1754","1324","311","849","1941","1396","323","1693","1301","306","1754","1324","311","23361","3111","722","10588","792","8147"
"469","Jana Sibbern","Female","Svinninge","DK-85","DK","F40-44","FIN","6:29:30","0:47:56","0:10:11","3:05:50","0:08:00","2:17:34","1755","431","28","1712","1792","481","33","1746","414","28","1755","431","28","23370","2876","611","11150","480","8254"
"244","Álvaro Villanueva","Male","Santiago y Zaraíche","Region of Murcia","ES","M25-29","FIN","6:29:31","0:39:37","0:09:40","3:06:20","0:07:35","2:26:20","1756","1325","312","846","1073","837","191","1598","1250","294","1756","1325","312","23371","2377","580","11180","455","8780"
"674","Eduard Steven Macías Uriña","Male","Copenhagen","DK-84","EC","M30-34","FIN","6:29:34","0:58:30","0:08:56","3:09:55","0:03:39","2:08:34","1757","1326","215","731","2038","1455","229","1903","1412","224","1757","1326","215","23374","3510","536","11395","219","7714"
"364","Sys Havgaard","Female","Helsingør","DK-84","DK","F45-49","FIN","6:29:44","0:37:30","0:06:21","3:13:02","0:06:21","2:26:30","1758","432","34","1757","791","174","14","1626","361","30","1758","432","34","23384","2250","381","11582","381","8790"
"2253","Henrik Hansborg-Sørensen","Male","Munkebo
Munkebo","","DK","M25-29","FIN","6:29:45","0:56:18","0:09:04","3:00:40","0:03:10","2:20:33","1759","1327","313","842","2019","1443","332","1771","1345","316","1759","1327","313","23385","3378","544","10840","190","8433"
"752","Sisse Lillevang Knudsen","Female","København","DK-84","DK","F35-39","FIN","6:29:45","0:45:49","0:08:50","3:26:31","0:07:42","2:00:53","1760","433","33","1592","1664","430","33","1935","512","36","1760","433","33","23385","2749","530","12391","462","7253"
"1185","Claus Jensen","Male","Allerød","DK-85","DK","M50-54","FIN","6:29:58","0:58:54","0:10:05","2:47:45","0:06:41","2:26:34","1761","1328","75","1318","2042","1458","87","1623","1263","72","1761","1328","75","23398","3534","605","10065","401","8794"
"1544","Julie Meyer","Female","København","DK-84","DK","F25-29","FIN","6:30:02","0:45:16","0:06:33","3:22:49","0:06:11","2:09:13","1762","434","150","1323","1619","414","138","1871","475","159","1762","434","150","23402","2716","393","12169","371","7753"
"1536","Mika Lumpp","Male","Elmshorn","Schleswig-Holstein","DE","M18-24","FIN","6:30:21","0:39:10","0:08:11","3:17:10","0:11:33","2:14:18","1763","1329","202","988","1022","798","128","1753","1336","199","1763","1329","202","23421","2350","491","11830","693","8058"
"1531","Jeppe Gregersen","Male","Blandford Forum","GB-DOR","DK","M50-54","FIN","6:30:25","0:35:42","0:09:56","2:49:22","0:06:34","2:48:51","1764","1330","76","1310","589","462","19","1080","908","39","1764","1330","76","23425","2142","596","10162","394","10131"
"834","Sara Willum Bro","Female","Roskilde","DK-85","DK","F30-34","FIN","6:30:28","0:43:50","0:07:03","3:02:42","0:06:48","2:30:05","1765","435","65","1362","1504","366","53","1562","334","50","1765","435","65","23428","2630","423","10962","408","9005"
"978","Luiz Otavio Carvalhal","Male","Lyckeby","SE-K","BR","M60-64","FIN","6:30:30","0:45:03","0:09:01","3:02:54","0:07:26","2:26:06","1766","1331","33","1469","1601","1192","35","1630","1266","33","1766","1331","33","23430","2703","541","10974","446","8766"
"1292","James Sunemeier","Male","Jyllinge","DK-85","DK","M55-59","FIN","6:30:47","0:49:02","0:09:36","3:10:03","0:07:36","2:14:29","1767","1332","82","1372","1843","1343","82","1805","1361","85","1767","1332","82","23447","2942","576","11403","456","8069"
"880","Jan Knudsen","Male","Kongens Lyngby","HOVEDSTADEN","DK","M60-64","FIN","6:30:52","0:44:52","0:10:31","3:12:47","0:07:12","2:15:30","1768","1333","34","1463","1591","1185","34","1798","1358","41","1768","1333","34","23452","2692","631","11567","432","8130"
"954","Nicklas Nordestgaard","Male","Ringkøbing","DK-82","DK","M25-29","FIN","6:30:57","0:45:30","0:09:23","2:51:53","0:08:10","2:36:02","1769","1334","314","821","1642","1220","289","1402","1134","266","1769","1334","314","23457","2730","563","10313","490","9362"
"1392","Thomas Aru","Male","Charlottenlund","","DK","M60-64","FIN","6:31:03","0:43:28","0:06:55","2:49:28","0:06:16","2:44:55","1770","1335","35","1460","1472","1118","30","1226","1017","23","1770","1335","35","23463","2608","415","10168","376","9895"
"1354","Anja Jørgensen","Female","København S
København S","","DK","F35-39","FIN","6:31:04","0:47:31","0:07:16","3:20:12","0:06:10","2:09:55","1771","436","34","1568","1767","472","35","1878","478","34","1771","436","34","23464","2851","436","12012","370","7795"
"1408","Alison Blackshaw","Female","Ashton","Lancs","GB","F60-64","FIN","6:31:10","0:41:16","0:09:05","3:28:14","0:05:48","2:06:46","1772","437","3","2678","1258","288","2","1917","500","5","1772","437","3","23470","2476","545","12494","348","7606"
"1053","Valerio Fallucca","Male","Milano","IT-MI","IT","M55-59","FIN","6:31:11","0:48:26","0:10:01","3:05:52","0:06:48","2:20:03","1773","1336","83","1364","1818","1325","80","1750","1335","82","1773","1336","83","23471","2906","601","11152","408","8403"
"374","Jesper Løwert","Male","Fredensborg","DK-84","DK","M60-64","FIN","6:31:18","0:52:32","0:10:55","2:58:44","0:01:29","2:27:38","1774","1337","36","1455","1957","1408","46","1719","1315","37","1774","1337","36","23478","3152","655","10724","89","8858"
"2049","Iryna Yarmolenko","Female","København","","UA","F25-29","FIN","6:31:29","0:59:52","0:08:35","3:02:48","0:06:42","2:13:32","1775","438","151","1297","2046","586","189","1827","455","152","1775","438","151","23489","3592","515","10968","402","8012"
"646","Nikki Bonfiglio","Female","København","København","US","F25-29","FIN","6:31:40","0:42:34","0:09:44","3:14:27","0:08:04","2:16:51","1776","439","152","1294","1378","322","100","1780","432","145","1776","439","152","23500","2554","584","11667","484","8211"
"1732","Søren Rømer","Male","Herlev","","DK","M60-64","FIN","6:32:03","0:53:36","0:09:27","3:03:57","0:04:24","2:20:39","1777","1338","37","1442","1981","1421","49","1783","1349","39","1777","1338","37","23523","3216","567","11037","264","8439"
"2391","Kasper Hjuler","Male","Gentofte","","DK","M30-34","FIN","6:32:05","0:41:27","0:08:49","2:52:48","0:07:12","2:41:50","1778","1339","216","700","1274","980","152","1309","1072","165","1778","1339","216","23525","2487","529","10368","432","9710"
"297","Simon Møller","Male","Ulfborg","DK-82","DK","M25-29","FIN","6:32:06","0:48:44","0:10:58","3:29:44","0:07:06","1:55:36","1779","1340","315","800","1831","1334","313","1986","1442","331","1779","1340","315","23526","2924","658","12584","426","6936"
"1095","Monica Neesgaard","Female","Holte","DK-84","DK","F60-64","FIN","6:32:12","0:44:22","0:06:11","3:09:49","0:02:44","2:29:05","1780","440","4","2660","1554","388","6","1695","394","4","1780","440","4","23532","2662","371","11389","164","8945"
"547","Helene Schmidt","Female","Frederiksberg","Copenhagen","DK","F25-29","FIN","6:32:23","0:43:21","0:07:28","3:24:22","0:07:44","2:09:28","1781","441","153","1281","1464","351","114","1882","480","161","1781","441","153","23543","2601","448","12262","464","7768"
"2282","Henrik Blom","Male","Stockholm","Stockholm","SE","M30-34","FIN","6:32:39","0:50:00","0:08:14","3:16:51","0:06:19","2:11:15","1782","1341","217","700","1883","1363","216","1879","1401","221","1782","1341","217","23559","3000","494","11811","379","7875"
"440","Natasha Henker","Female","Roskilde","DK-85","DK","F25-29","FIN","6:32:51","0:40:58","0:07:20","3:12:12","0:05:03","2:27:18","1783","442","154","1272","1227","280","89","1698","396","134","1783","442","154","23571","2458","440","11532","303","8838"
"1935","Casper Zier","Male","Horslunde ","SJÆLLAND","DK","M50-54","FIN","6:33:10","0:49:39","0:10:34","2:55:38","0:04:21","2:32:58","1784","1342","77","1260","1872","1356","80","1604","1256","69","1784","1342","77","23590","2979","634","10538","261","9178"
"1737","Lou Lillelund","Male","
Solrød","","DK","M25-29","FIN","6:33:11","0:42:11","0:09:44","3:07:41","0:06:36","2:26:59","1785","1343","316","780","1351","1039","242","1679","1293","304","1785","1343","316","23591","2531","584","11261","396","8819"
"1919","James Mcdiarmid","Male","Callington","GB-CON","GB","M60-64","FIN","6:33:18","0:49:59","0:09:57","2:50:57","0:09:00","2:33:25","1786","1344","38","1419","1880","1361","41","1501","1199","29","1786","1344","38","23598","2999","597","10257","540","9205"
"598","Asger Espersen","Male","Herlev","DK-84","DK","M40-44","FIN","6:33:21","0:47:11","0:11:59","3:00:43","0:04:22","2:29:06","1787","1345","113","1080","1751","1287","105","1686","1298","110","1787","1345","113","23601","2831","719","10843","262","8946"
"2255","Ronny Sloht Andersen","Male","Aalborg SV","","DK","M60-64","FIN","6:33:21","0:55:41","0:08:57","3:15:18","0:08:04","2:05:21","1788","1346","39","1418","2014","1440","50","1930","1423","50","1788","1346","39","23601","3341","537","11718","484","7521"
"1679","Vladislav Kandrat","Male","København S","DK-84","","M35-39","FIN","6:33:22","0:48:46","0:08:41","3:11:34","0:05:09","2:19:12","1789","1347","149","864","1833","1335","149","1811","1365","153","1789","1347","149","23602","2926","521","11494","309","8352"
"1343","Erik Nistad Nesse","Male","Haugesund","NO-11","NO","M50-54","FIN","6:33:27","0:43:43","0:07:58","2:59:04","0:04:35","2:38:08","1790","1348","78","1255","1492","1129","59","1496","1196","65","1790","1348","78","23607","2623","478","10744","275","9488"
"2365","Julie Dagmar K. Bressendorf","Female","Odense V","Bolbro","DK","F25-29","FIN","6:33:37","0:40:27","0:07:57","3:03:57","0:11:37","2:29:39","1791","443","155","1259","1170","264","85","1538","320","110","1791","443","155","23617","2427","477","11037","697","8979"
"2173","Christina Keis","Female","Odense c","Fyn","DK","F25-29","FIN","6:33:51","0:45:12","0:07:03","3:03:40","0:08:04","2:29:52","1792","444","156","1254","1611","410","135","1606","349","117","1792","444","156","23631","2712","423","11020","484","8992"
"830","Carola Schieblich","Female","Vedbæk","DK-84","DK","F45-49","FIN","6:33:51","0:42:21","0:10:45","3:05:55","0:06:03","2:28:46","1793","445","35","1683","1365","317","24","1669","381","32","1793","445","35","23631","2541","645","11155","363","8926"
"1007","Lærke Kastrup Vestergaard","Female","Galten","MIDTJYLLAND","DK","F18-24","FIN","6:34:15","0:49:09","0:07:23","3:32:31","0:07:28","1:57:44","1794","446","55","1286","1852","508","65","1984","543","71","1794","446","55","23655","2949","443","12751","448","7064"
"2130","Johanna Karlsson","Female","Onsala","SE-N","SE","F55-59","FIN","6:34:34","0:43:47","0:07:47","3:22:03","0:04:21","2:16:36","1795","447","21","1933","1503","365","19","1857","468","23","1795","447","21","23674","2627","467","12123","261","8196"
"1293","Brian Lobo Festirstein","Male","Eiði","","FO","M40-44","FIN","6:34:39","0:53:45","0:07:56","3:03:02","0:05:43","2:24:13","1796","1349","114","1056","1984","1423","121","1755","1337","111","1796","1349","114","23679","3225","476","10982","343","8653"
"1533","Marie Bjergbakke","Female","Skive","Central Jutland","DK","F18-24","FIN","6:34:39","0:47:09","0:08:25","3:15:09","0:07:07","2:16:48","1797","448","56","1279","1749","463","58","1824","454","59","1797","448","56","23679","2829","505","11709","427","8208"
"2203","Frederik Gulmark","Male","Odense C","DK-83","DK","M30-34","FIN","6:34:48","0:44:14","0:08:56","3:38:10","0:04:10","1:59:17","1798","1350","218","700","1535","1156","178","1996","1446","227","1798","1350","218","23688","2654","536","13090","250","7157"
"542","Martina Uhrakova","Female","Copenhagen","DK-84","SK","F25-29","FIN","6:35:05","0:33:46","0:08:24","3:20:40","0:05:47","2:26:28","1799","449","157","1232","407","92","23","1726","406","139","1799","449","157","23705","2026","504","12040","347","8788"
"1721","Viktor Lyngsø Kjær Damgaard","Male","Kongens Lyngby","","DK","M30-34","FIN","6:35:10","0:34:31","0:06:44","2:35:20","0:04:46","3:13:49","1800","1351","219","700","465","360","51","554","488","73","1800","1351","219","23710","2071","404","9320","286","11629"
"2009","Dimitar Nikolov","Male","København SV","HOVEDSTADEN","BG","M35-39","FIN","6:35:16","0:52:18","0:10:03","3:14:39","0:08:03","2:10:13","1801","1352","150","830","1953","1405","156","1901","1410","158","1801","1352","150","23716","3138","603","11679","483","7813"
"624","Mirjam Natascha Kuntz","Female","Silkeborg","Central Jutland","DK","F35-39","FIN","6:35:16","0:49:16","0:07:37","3:07:29","0:05:06","2:25:48","1802","450","35","1492","1856","511","41","1751","416","32","1802","450","35","23716","2956","457","11249","306","8748"
"636","Christine Di Gregorio","Female","Wetzlar","Hesse","DE","F40-44","FIN","6:35:45","0:47:19","0:06:39","3:19:39","0:04:13","2:17:55","1803","451","29","1600","1760","469","32","1856","467","32","1803","451","29","23745","2839","399","11979","253","8275"
"1978","Fredrik Dahlin","Male","Kalmar","","SE","M50-54","FIN","6:35:46","0:46:16","0:08:19","3:01:06","0:05:17","2:34:49","1804","1353","79","1214","1698","1257","71","1600","1252","68","1804","1353","79","23746","2776","499","10866","317","9289"
"681","Madeline Kvist-Krogh","Female","Hillerød","DK-84","DK","F30-34","FIN","6:35:51","0:45:12","0:07:31","3:16:10","0:05:12","2:21:46","1805","452","66","1265","1612","411","56","1809","446","63","1805","452","66","23751","2712","451","11770","312","8506"
"2342","Lars Moth Baun-Nielsen","Male","Fredericia","","DK","M55-59","FIN","6:35:56","0:43:15","0:10:16","3:01:31","0:07:18","2:33:36","1806","1354","84","1279","1451","1105","66","1589","1244","75","1806","1354","84","23756","2595","616","10891","438","9216"
"947","Martin Rosenbeck","Male","Virum","Copenhagen","DK","M25-29","FIN","6:35:59","0:46:24","0:09:25","2:48:13","0:09:23","2:42:35","1807","1355","317","730","1711","1266","299","1338","1087","251","1807","1355","317","23759","2784","565","10093","563","9755"
"231","Moya-Anne Mcgough","Female","London","GB-LND","GB","F40-44","FIN","6:36:04","0:40:33","0:08:37","3:22:27","0:08:58","2:15:29","1808","453","30","1594","1178","266","18","1829","457","31","1808","453","30","23764","2433","517","12147","538","8129"
"1170","Antonio Alexandru Bobe","Male","Frederiksberg ","Copenhagen","DK","M25-29","FIN","6:36:05","0:53:34","0:10:04","3:09:03","0:08:30","2:14:53","1809","1356","318","728","1980","1420","327","1847","1385","324","1809","1356","318","23765","3214","604","11343","510","8093"
"612","Rikke Anker","Female","
Kirke Hyllinge","","DK","F18-24","FIN","6:36:07","0:51:20","0:08:42","3:20:36","0:02:13","2:13:16","1810","454","57","1253","1922","537","68","1932","509","65","1810","454","57","23767","3080","522","12036","133","7996"
"2389","Ole Sandbæk Jørgensen","Male","Vanløse","HOVEDSTADEN","DK","M45-49","FIN","6:36:18","0:53:32","0:10:52","3:04:03","0:06:15","2:21:36","1811","1357","102","1046","1979","1419","113","1802","1360","102","1811","1357","102","23778","3212","652","11043","375","8496"
"876","Mari Laurell","Female","Kalkkinen","FI-16","FI","F50-54","FIN","6:36:22","0:47:23","0:08:31","3:07:35","0:06:50","2:26:03","1812","455","26","1243","1763","470","36","1739","413","25","1812","455","26","23782","2843","511","11255","410","8763"
"1501","Jannis Terrahe","Male","Schwerin","Mecklenburg-Vorpommern","DE","M25-29","FIN","6:36:39","0:46:41","0:10:23","3:14:59","0:02:09","2:22:26","1813","1358","319","718","1728","1274","301","1839","1379","322","1813","1358","319","23799","2801","623","11699","129","8546"
"642","Danielle Preszcator","Female","Herlev","DK-84","CA","F25-29","FIN","6:36:43","0:44:20","0:07:20","3:26:43","0:05:46","2:12:34","1814","456","158","1203","1550","387","130","1915","498","167","1814","456","158","23803","2660","440","12403","346","7954"
"2101","Sebastian Boye Mikkelsen","Male","Slagelse","Zealand","DK","M18-24","FIN","6:36:55","0:52:19","0:21:46","3:11:50","0:06:56","2:04:04","1815","1359","203","870","1954","1406","206","1964","1435","208","1815","1359","203","23815","3139","1306","11510","416","7444"
"659","Frida Johannesson","Female","Karlskrona","SE-K","SE","F45-49","FIN","6:37:01","0:51:37","0:08:31","3:14:15","0:06:52","2:15:46","1816","457","36","1626","1928","539","42","1867","472","40","1816","457","36","23821","3097","511","11655","412","8146"
"1389","Troels Jørgensen","Male","Ølstykke","","DK","M25-29","FIN","6:37:02","0:42:33","0:10:20","3:10:25","0:02:56","2:30:48","1817","1360","320","711","1377","1056","248","1735","1324","314","1817","1360","320","23822","2553","620","11425","176","9048"
"1481","Mads Filtenborg","Male","Bjerringbro","DK-82","DK","M25-29","FIN","6:37:03","0:47:12","0:08:43","3:10:41","0:00:39","2:29:48","1818","1361","321","711","1752","1288","307","1777","1347","317","1818","1361","321","23823","2832","523","11441","39","8988"
"2356","Katharina Stitzl","Female","Frederiksberg","Copenhagen","DE","F25-29","FIN","6:37:14","0:37:20","0:09:04","3:29:37","0:04:39","2:16:35","1819","458","159","1193","769","168","50","1893","487","162","1819","458","159","23834","2240","544","12577","279","8195"
"1312","Henning Madsen","Male","Ringe","DK-83","DK","M50-54","FIN","6:37:18","0:44:31","0:10:03","3:05:55","0:06:27","2:30:21","1820","1362","80","1186","1567","1173","65","1697","1302","76","1820","1362","80","23838","2671","603","11155","387","9021"
"815","Stefan Andersson","Male","Uppsala","SE-C","SE","M35-39","FIN","6:37:43","0:49:17","0:09:17","3:27:32","0:06:59","2:04:38","1821","1363","151","785","1857","1346","152","1965","1436","161","1821","1363","151","23863","2957","557","12452","419","7478"
"1012","Lucas Olsen","Male","Frederiksberg","DK-84","DK","M30-34","FIN","6:37:59","0:55:37","0:14:04","3:14:09","0:10:12","2:03:57","1822","1364","220","700","2013","1439","225","1956","1431","226","1822","1364","220","23879","3337","844","11649","612","7437"
"831","Natalia Torres Tulande","Female","Arrecife","Canary Islands","CO","F25-29","FIN","6:38:37","0:47:58","0:10:05","3:29:33","0:04:01","2:07:00","1823","459","160","1169","1794","483","159","1976","538","174","1823","459","160","23917","2878","605","12573","241","7620"
"1462","Frederik de Maré","Male","Fredericia","Sønderjylland","DK","M18-24","FIN","6:38:51","0:46:03","0:08:13","3:17:22","0:05:07","2:22:07","1824","1365","204","835","1685","1248","189","1830","1373","204","1824","1365","204","23931","2763","493","11842","307","8527"
"1214","Trine Lamers","Female","Herlev","","DK","F50-54","FIN","6:38:53","0:39:33","0:08:13","3:16:36","0:05:39","2:28:52","1825","460","27","1198","1065","236","9","1752","417","26","1825","460","27","23933","2373","493","11796","339","8932"
"1949","Lasse Wetendorf","Male","Klagshamn","SKANE LAN [SE-12]","SE","M25-29","FIN","6:39:03","0:39:40","0:06:29","3:08:42","0:04:31","2:39:41","1826","1366","322","700","1079","841","192","1582","1239","290","1826","1366","322","23943","2380","389","11322","271","9581"
"1106","Jim Hvid Rasmussen","Male","smoerum","DK-85","DK","M60-64","FIN","6:39:05","1:00:16","0:11:20","3:00:30","0:07:30","2:19:29","1827","1367","40","1315","2048","1462","53","1840","1380","43","1827","1367","40","23945","3616","680","10830","450","8369"
"957","Sammi Stærfeldt","Male","Stenløse","","DK","M50-54","FIN","6:39:06","0:52:08","0:11:02","3:04:16","0:05:59","2:25:40","1828","1368","81","1154","1947","1400","84","1790","1353","80","1828","1368","81","23946","3128","662","11056","359","8740"
"239","Charlie Frejd","Male","Höllviken","Skåne","SE","M45-49","FIN","6:39:14","0:49:19","0:09:15","3:16:31","0:06:14","2:17:55","1829","1369","103","994","1859","1347","105","1881","1402","105","1829","1369","103","23954","2959","555","11791","374","8275"
"1752","Jarl Gustav FALKENBORN","Male","Oslo","NO-03","SE","M35-39","FIN","6:39:19","0:54:02","0:08:10","3:14:49","0:07:53","2:14:25","1830","1370","152","757","1989","1426","160","1902","1411","159","1830","1370","152","23959","3242","490","11689","473","8065"
"652","Mariann Tonder","Female","Bainbridge Island","WA","US","F55-59","FIN","6:39:22","0:40:31","0:10:06","3:23:58","0:04:35","2:20:11","1831","461","22","1847","1175","265","15","1869","473","24","1831","461","22","23962","2431","606","12238","275","8411"
"290","Nathalie Breysse","Female","Greve","DK-85","FR","F50-54","FIN","6:39:24","0:42:06","0:11:42","3:21:17","0:06:49","2:17:30","1832","462","28","1188","1346","311","16","1880","479","33","1832","462","28","23964","2526","702","12077","409","8250"
"1863","Line Christensen","Female","sorø","SJÆLLAND","DK","F18-24","FIN","6:39:26","0:50:58","0:09:14","3:28:37","0:11:27","1:59:10","1833","463","58","1193","1915","535","67","1981","541","70","1833","463","58","23966","3058","554","12517","687","7150"
"2109","Annika Tamenang","Female","Hamburg","Hamburg","DE","F25-29","FIN","6:39:34","0:50:09","0:06:41","3:19:13","0:05:44","2:17:48","1834","464","161","1151","1892","525","171","1895","489","163","1834","464","161","23974","3009","401","11953","344","8268"
"1441","Fergal Coughlan","Male","Helsinge","DK-Nordsjælland","IE","M25-29","FIN","6:39:44","0:43:54","0:08:48","3:09:54","0:06:29","2:30:39","1835","1371","323","700","1512","1142","272","1722","1318","310","1835","1371","323","23984","2634","528","11394","389","9039"
"1710","Valdemar Mejlhede","Male","Risskov","Region Midtjylland","DK","M18-24","FIN","6:39:53","0:43:34","0:07:38","3:16:27","0:04:18","2:27:56","1836","1372","205","816","1477","1120","174","1792","1354","201","1836","1372","205","23993","2614","458","11787","258","8876"
"1633","Kathrine Sørensen","Female","Vejle Øst","Southern Jutland","DK","F18-24","FIN","6:39:55","0:50:36","0:08:51","3:00:35","0:06:21","2:33:32","1837","465","59","1184","1904","529","66","1687","389","42","1837","465","59","23995","3036","531","10835","381","9212"
"1280","Bo Weber","Male","Limhamn","SE-M","SE","M60-64","FIN","6:39:58","0:52:13","0:10:53","3:12:19","0:07:58","2:16:36","1838","1373","41","1299","1950","1402","45","1885","1403","47","1838","1373","41","23998","3133","653","11539","478","8196"
"1646","Matilde Hansen","Female","Aalborg","DK-81","DK","F25-29","FIN","6:40:01","0:46:23","0:11:37","3:11:17","0:07:17","2:23:27","1839","466","162","1143","1710","445","147","1814","448","150","1839","466","162","24001","2783","697","11477","437","8607"
"1743","Ann-Katrine Håkansson","Female","København V","Copenhagen","DK","F25-29","FIN","6:40:15","0:45:25","0:14:05","3:18:21","0:07:35","2:14:49","1840","467","163","1139","1632","419","139","1908","495","166","1840","467","163","24015","2725","845","11901","455","8089"
"1591","Linn øysæd Gyland","Female","Kvinesdal","NO-10","NO","F40-44","FIN","6:40:17","0:46:29","0:09:18","3:23:33","0:06:01","2:14:56","1841","468","31","1518","1718","449","29","1922","504","35","1841","468","31","24017","2789","558","12213","361","8096"
"1988","Simone Madsen","Female","København","Copenhagen","DK","F25-29","FIN","6:40:24","0:51:41","0:07:39","3:20:01","0:07:40","2:13:24","1842","469","164","1136","1935","541","176","1923","505","168","1842","469","164","24024","3101","459","12001","460","8004"
"1430","Louise Riistoft Schwarting","Female","Karlslunde","DK-85","DK","F25-29","FIN","6:40:32","0:47:42","0:12:59","3:14:09","0:07:32","2:18:10","1843","470","165","1134","1785","478","157","1873","477","160","1843","470","165","24032","2862","779","11649","452","8290"
"1426","Katrine Macdonald","Female","Vanløse","DK-84","DK","F30-34","FIN","6:40:34","0:55:11","0:07:34","3:15:28","0:05:33","2:16:48","1844","471","67","1180","2007","573","76","1912","497","69","1844","471","67","24034","3311","454","11728","333","8208"
"1955","Anders Christensen","Male","Middelfart","SYDDANMARK","DK","M40-44","FIN","6:40:42","0:57:43","0:09:20","3:07:51","0:07:35","2:18:13","1845","1374","115","947","2032","1451","123","1875","1398","117","1845","1374","115","24042","3463","560","11271","455","8293"
"989","Sarah Kreiberg Aamand","Female","Odense","SYDDANMARK","DK","F18-24","FIN","6:40:43","0:45:51","0:09:34","3:20:36","0:03:37","2:21:05","1846","472","60","1170","1667","432","53","1894","488","62","1846","472","60","24043","2751","574","12036","217","8465"
"1681","Arturo de la Garza Vera","Male","Århus","DK-82","MX","M30-34","FIN","6:40:50","0:45:56","0:08:12","3:19:59","0:05:34","2:21:09","1847","1375","221","700","1675","1241","195","1863","1392","218","1847","1375","221","24050","2756","492","11999","334","8469"
"2218","Mathias Svendsen","Male","København S","DK-84","DK","M25-29","FIN","6:40:51","0:43:07","0:11:04","3:11:22","0:07:21","2:27:57","1848","1376","324","700","1436","1094","257","1763","1343","315","1848","1376","324","24051","2587","664","11482","441","8877"
"2268","Nadia Hansen","Female","københavn ss","DK-84","DK","F25-29","FIN","6:40:54","0:43:01","0:11:14","3:11:23","0:08:13","2:27:03","1849","473","166","1127","1420","335","107","1766","423","142","1849","473","166","24054","2581","674","11483","493","8823"
"2143","Jonas Eklöf","Male","Helsinki","Helsinki","FI","M35-39","FIN","6:41:23","0:45:33","0:18:34","3:18:04","0:12:18","2:06:55","1850","1377","153","719","1649","1225","137","1943","1428","160","1850","1377","153","24083","2733","1114","11884","738","7615"
"912","Line Eirfeldt","Female","Greve","DK-84","DK","F45-49","FIN","6:41:47","0:38:08","0:07:46","2:58:13","0:06:57","2:50:42","1851","474","37","1541","884","195","15","1341","253","18","1851","474","37","24107","2288","466","10693","417","10242"
"1694","Andreas Kalsås","Male","Ågotnes","NO-12","NO","M25-29","FIN","6:41:49","0:54:31","0:09:42","3:15:17","0:06:55","2:15:24","1852","1378","325","700","1996","1430","330","1926","1420","329","1852","1378","325","24109","3271","582","11717","415","8124"
"679","Steffen Cunitz","Male","Lübow","DE-MV","DE","M40-44","FIN","6:42:03","0:47:08","0:11:34","3:00:59","0:07:50","2:34:32","1853","1379","116","923","1748","1286","104","1680","1294","109","1853","1379","116","24123","2828","694","10859","470","9272"
"745","Vigdís Pálmadóttir","Female","Copenhagen ","Copenhagen","IS","F18-24","FIN","6:42:05","0:49:03","0:10:41","3:07:28","0:00:27","2:34:26","1854","475","61","1145","1845","502","63","1786","436","53","1854","475","61","24125","2943","641","11248","27","9266"
"2142","Asger Olsen","Male","Munkebo","","DK","M60-64","FIN","6:42:15","0:56:18","0:09:59","3:01:52","0:04:55","2:29:12","1855","1380","42","1258","2018","1442","51","1797","1357","40","1855","1380","42","24135","3378","599","10912","295","8952"
"2308","Michael Bram","Male","Frederiksberg","Copenhagen","DK","M35-39","FIN","6:42:20","0:45:49","0:11:08","3:00:26","0:08:01","2:36:56","1856","1381","154","702","1665","1235","139","1637","1271","143","1856","1381","154","24140","2749","668","10826","481","9416"
"576","Daniel Von Bartenwerffer","Male","Bonn","DE-NW","DE","M40-44","FIN","6:42:40","0:37:20","0:08:37","3:05:06","0:06:16","2:45:20","1857","1382","117","912","770","602","49","1508","1204","101","1857","1382","117","24160","2240","517","11106","376","9920"
"658","Eva Wickholm","Female","Karlskrona","SE-K","SE","F45-49","FIN","6:42:40","0:44:19","0:09:33","3:11:59","0:07:28","2:29:21","1858","476","38","1525","1547","385","29","1769","425","35","1858","476","38","24160","2659","573","11519","448","8961"
"628","Veikko Niinikoski","Male","Espoo","FI-18","FI","M45-49","FIN","6:42:46","0:51:39","0:08:16","3:01:28","0:05:33","2:35:50","1859","1383","104","930","1934","1394","110","1705","1308","98","1859","1383","104","24166","3099","496","10888","333","9350"
"2412","Tonny Knudsen","Male","Skjern","DK-82","DK","M25-29","FIN","6:43:08","1:07:35","0:23:31","2:41:28","0:06:43","2:23:51","1860","1384","326","700","2057","1470","335","1845","1383","323","1860","1384","326","24188","4055","1411","9688","403","8631"
"2063","Magnus Johansen","Male","København","DK-84","DK","M25-29","FIN","6:43:12","0:42:48","0:14:13","3:01:45","0:08:17","2:36:10","1861","1385","327","700","1397","1070","253","1664","1287","302","1861","1385","327","24192","2568","853","10905","497","9370"
"849","Mikkel Fisker","Male","
Ølstykke","HOVEDSTADEN","DK","M45-49","FIN","6:43:17","0:54:31","0:08:28","3:15:17","0:03:59","2:21:02","1862","1386","105","921","1997","1431","115","1913","1416","107","1862","1386","105","24197","3271","508","11717","239","8462"
"1728","Camilla Christensen","Female","København","Copenhagen","DK","F30-34","FIN","6:43:32","0:50:51","0:09:51","3:17:20","0:08:06","2:17:24","1863","477","68","1127","1909","532","72","1910","496","68","1863","477","68","24212","3051","591","11840","486","8244"
"372","Lars Bramsløw","Male","Nivå","DK-84","DK","M65-69","FIN","6:43:46","0:50:35","0:11:57","3:00:49","0:05:59","2:34:26","1864","1387","8","1608","1903","1375","11","1737","1325","10","1864","1387","8","24226","3035","717","10849","359","9266"
"1820","Siff Amalie Torp Øhlenschlæger","Female","Taastrup","Copenhagen","DK","F18-24","FIN","6:44:02","0:39:32","0:06:58","3:20:21","0:06:20","2:30:50","1865","478","62","1110","1064","235","27","1782","434","52","1865","478","62","24242","2372","418","12021","380","9050"
"528","Anya Tara Stoffregen","Female","København","","DK","F30-34","FIN","6:44:05","0:42:05","0:10:23","3:32:25","0:08:26","2:10:45","1866","479","69","1117","1342","310","47","1960","528","72","1866","479","69","24245","2525","623","12745","506","7845"
"498","Dvir Leabovich","Male","Givat shemuel","HAMERKAZ","IL","M45-49","FIN","6:44:15","0:44:16","0:09:20","3:22:24","0:04:02","2:24:14","1867","1388","106","903","1537","1157","89","1892","1406","106","1867","1388","106","24255","2656","560","12144","242","8654"
"1137","Jan Anker","Male","Billund","Southern Jutland","DK","M60-64","FIN","6:44:17","0:41:36","0:10:27","2:58:02","0:08:31","2:45:42","1868","1389","43","1221","1303","1001","26","1475","1181","28","1868","1389","43","24257","2496","627","10682","511","9942"
"897","Lene Iwersen","Female","hvidovre","DK-84","DK","F50-54","FIN","6:44:43","0:57:33","0:09:22","3:22:32","0:07:45","2:07:32","1869","480","29","1093","2030","581","48","1987","545","44","1869","480","29","24283","3453","562","12152","465","7652"
"1232","Dan Ahrensberg","Male","Taastrup","DK-84","DK","M60-64","FIN","6:44:43","0:38:58","0:08:32","3:16:21","0:05:37","2:35:16","1870","1390","44","1214","993","775","18","1745","1332","38","1870","1390","44","24283","2338","512","11781","337","9316"
"1224","Hanne Ringen","Female","Nyborg","Fyn","NO","F55-59","FIN","6:45:07","0:39:30","0:09:03","3:29:05","0:09:28","2:18:00","1871","481","23","1743","1059","233","9","1907","494","26","1871","481","23","24307","2370","543","12545","568","8280"
"1344","Caroline Glerup","Female","Frederiksberg","DK-85","DK","F25-29","FIN","6:45:24","0:43:13","0:07:50","3:36:28","0:05:10","2:12:43","1872","482","167","1046","1448","346","113","1974","537","173","1872","482","167","24324","2593","470","12988","310","7963"
"1601","Åsa Gunnarsson","Female","Förlöv","Skåne","SE","F50-54","FIN","6:45:28","0:50:46","0:15:22","3:21:11","0:11:25","2:06:44","1873","483","30","1079","1906","530","42","1972","535","43","1873","483","30","24328","3046","922","12071","685","7604"
"1944","Per Kjersgaard Rasmusen","Male","Roskilde","DK-85","DK","M65-69","FIN","6:45:32","0:41:05","0:10:09","3:03:25","0:13:31","2:37:22","1874","1391","9","1576","1235","953","5","1580","1238","7","1874","1391","9","24332","2465","609","11005","811","9442"
"1581","Gitte Dalin","Female","Hjørring","NORDJYLLAND","DM","F55-59","FIN","6:45:33","0:43:31","0:09:11","3:13:00","0:02:39","2:37:12","1875","484","24","1735","1474","356","18","1767","424","21","1875","484","24","24333","2611","551","11580","159","9432"
"1953","Lotte Thagesen","Female","Roskilde","","DK","F60-64","FIN","6:45:37","0:41:32","0:09:42","3:08:30","0:08:30","2:37:22","1876","485","5","2418","1295","300","3","1681","387","3","1876","485","5","24337","2492","582","11310","510","9442"
"895","Peter Weisz Knudsen","Male","Kokkedal","DK-Nordsjælland","DK","M55-59","FIN","6:45:46","0:41:24","0:08:57","3:00:54","0:07:49","2:46:41","1877","1392","85","1102","1271","979","56","1510","1206","72","1877","1392","85","24346","2484","537","10854","469","10001"
"1087","Emilie Lucca Wennerberg Meulengracht","Female","København Ø","DK-84","DK","F18-24","FIN","6:45:50","0:42:20","0:07:40","3:07:18","0:05:00","2:43:32","1878","486","63","1078","1362","316","38","1636","366","39","1878","486","63","24350","2540","460","11238","300","9812"
"1956","Isabella Andersen","Female","København","København","DK","F25-29","FIN","6:45:50","0:47:04","0:09:08","3:28:26","0:06:11","2:15:02","1879","487","168","1039","1745","461","150","1958","527","171","1879","487","168","24350","2824","548","12506","371","8102"
"1945","Louise Henriksen","Female","Lyngby","DK-84","DK","F30-34","FIN","6:45:56","0:46:01","0:09:28","3:26:04","0:04:00","2:20:23","1880","488","70","1084","1684","437","61","1937","513","70","1880","488","70","24356","2761","568","12364","240","8423"
"2050","Pauline Hogg","Female","Harrogate","N Yorkshire","GB","F50-54","FIN","6:46:10","0:42:54","0:08:58","3:14:18","0:07:25","2:32:35","1881","489","31","1067","1406","331","20","1773","428","29","1881","489","31","24370","2574","538","11658","445","9155"
"1027","Frederik Birk","Male","København","DK-84","DK","M30-34","FIN","6:46:48","0:45:03","0:10:58","","0:00:00","2:48:13","1882","1393","222","700","1602","1193","183","99999","99999","99999","1882","1393","222","24408","2703","658","","","10093"
"2260","Mathias Krogsgaard","Male","Aabybro","NORDJYLLAND","DK","M18-24","FIN","6:46:55","1:01:35","0:14:46","3:06:36","0:09:10","2:14:48","1883","1394","206","700","2052","1466","211","1950","1429","207","1883","1394","206","24415","3695","886","11196","550","8088"
"1982","Emma Falkenstrøm","Female","København","København","DK","F25-29","FIN","6:47:24","0:44:37","0:07:50","3:24:21","0:05:02","2:25:34","1884","490","169","1010","1571","398","132","1900","491","164","1884","490","169","24444","2677","470","12261","302","8734"
"1803","Frode Glint Pettersen","Male","OSLO","NO-03","NO","M45-49","FIN","6:47:30","0:47:08","0:11:43","3:19:26","0:08:38","2:20:36","1885","1395","107","845","1747","1285","100","1914","1417","108","1885","1395","107","24450","2828","703","11966","518","8436"
"773","Friederike Arns-Rütter","Female","Haltern am See","DE-NW","DE","F45-49","FIN","6:47:51","0:46:22","0:09:10","3:22:55","0:08:25","2:20:59","1886","491","39","1431","1709","444","35","1916","499","41","1886","491","39","24471","2782","550","12175","505","8459"
"2406","Per Killiner","Male","Vallentuna","","SE","M60-64","FIN","6:48:21","1:01:14","0:14:45","3:09:50","0:08:01","2:14:31","1887","1396","45","1148","2051","1465","54","1963","1434","51","1887","1396","45","24501","3674","885","11390","481","8071"
"833","Sofía Aguayo Posada","Female","Caleta de Famara","CANARIAS","ES","F35-39","FIN","6:49:06","0:42:23","0:09:45","3:31:29","0:06:07","2:19:22","1888","492","36","1243","1367","318","29","1955","525","38","1888","492","36","24546","2543","585","12689","367","8362"
"1811","Terhi HAAPSAARI","Female","Turku","FI-19","FI","F40-44","FIN","6:49:12","0:46:32","0:07:51","3:01:41","0:04:39","2:48:29","1889","493","32","1358","1723","452","31","1608","350","20","1889","493","32","24552","2792","471","10901","279","10109"
"1812","Fred Wennerblom","Male","Mörarp","Skåne","SE","M35-39","FIN","6:49:28","0:45:59","0:07:43","3:04:06","0:02:56","2:48:45","1890","1397","155","700","1680","1244","140","1640","1274","144","1890","1397","155","24568","2759","463","11046","176","10125"
"228","Nina Alaranta","Female","Lahti","FI-16","FI","F50-54","FIN","6:50:00","0:55:30","0:10:03","3:17:14","0:07:00","2:20:13","1891","494","32","998","2011","574","46","1949","521","39","1891","494","32","24600","3330","603","11834","420","8413"
"1420","Ida Kroer","Female","Aalborg","DK-81","DK","F25-29","FIN","6:50:01","0:42:33","0:09:14","3:21:26","0:07:14","2:29:34","1892","495","170","963","1375","321","99","1854","466","156","1892","495","170","24601","2553","554","12086","434","8974"
"886","Barbara Mariann Kovács","Female","Horsens","MIDTJYLLAND","HU","F25-29","FIN","6:50:14","0:46:21","0:12:14","3:24:10","0:07:46","2:19:43","1893","496","171","959","1708","443","146","1948","520","170","1893","496","171","24614","2781","734","12250","466","8383"
"1130","Patrizia Scarfone","Female","ROZZANO","IT-25","IT","F50-54","FIN","6:50:19","0:47:18","0:07:36","3:23:43","0:04:39","2:27:04","1894","497","33","992","1758","467","35","1918","501","37","1894","497","33","24619","2838","456","12223","279","8824"
"1020","Bassim Ghoneim","Male","Lystrup","MIDTJYLLAND","DK","M45-49","FIN","6:50:40","0:59:45","0:08:59","3:18:25","0:06:09","2:17:22","1895","1398","108","788","2045","1460","117","1971","1437","112","1895","1398","108","24640","3585","539","11905","369","8242"
"1139","Martin Japsen","Male","Skævinge","DK-85","DK","M35-39","FIN","6:50:56","0:48:07","0:13:38","3:12:13","0:08:18","2:28:40","1896","1399","156","700","1800","1314","144","1861","1391","155","1896","1399","156","24656","2887","818","11533","498","8920"
"2316","Klaudia Stasiak","Female","Frederiksberg","Copenhagen","PL","F25-29","FIN","6:51:15","0:50:21","0:07:27","3:39:38","0:05:07","2:08:42","1897","498","172","941","1895","527","172","2011","559","182","1897","498","172","24675","3021","447","13178","307","7722"
"2023","Simon Buk-Mortensen","Male","ODENSE C","","DK","M25-29","FIN","6:51:41","0:39:50","0:06:16","","0:00:00","2:43:35","1898","1400","328","700","1095","852","194","99999","99999","99999","1898","1400","328","24701","2390","376","","","9815"
"1218","Michael Donimierski","Male","Pulheim","NW","DE","M45-49","FIN","6:52:35","0:48:14","0:14:02","3:11:18","0:04:31","2:34:30","1899","1401","109","753","1809","1320","104","1855","1389","104","1899","1401","109","24755","2894","842","11478","271","9270"
"1223","Dóra Remenyik","Female","Nyborg","Fyn","DK","F50-54","FIN","6:52:37","0:42:54","0:08:51","3:31:24","0:08:13","2:21:15","1900","499","34","950","1404","330","19","1952","523","40","1900","499","34","24757","2574","531","12684","493","8475"
"738","Christopher Findalen Bickersteth","Male","Frederikssund","Nordsjælland","DK","M45-49","FIN","6:52:43","0:48:13","0:09:18","3:27:21","0:08:15","2:19:36","1901","1402","110","751","1808","1319","103","1959","1432","111","1901","1402","110","24763","2893","558","12441","495","8376"
"1627","Bente Stegemoen","Female","Feda","NO-10","NO","F50-54","FIN","6:52:48","0:48:44","0:11:36","3:24:01","0:07:11","2:21:15","1902","500","35","947","1832","498","38","1957","526","41","1902","500","35","24768","2924","696","12241","431","8475"
"814","Natalie Federspiel","Female","København N","Copenhagen","DK","F18-24","FIN","6:52:55","0:41:50","0:07:53","3:19:22","0:04:17","2:39:33","1903","501","64","950","1327","307","34","1813","447","57","1903","501","64","24775","2510","473","11962","257","9573"
"2379","Ida Lunddorf","Female","Bjerringbro","DK-82","DK","F18-24","FIN","6:53:03","0:47:15","0:08:38","3:31:01","0:04:48","2:21:21","1904","502","65","948","1755","466","59","1970","534","68","1904","502","65","24783","2835","518","12661","288","8481"
"1064","Josephine Winther","Female","Musicon
4000","SJÆLLAND","DK","F25-29","FIN","6:53:06","0:48:08","0:07:12","3:10:52","0:04:14","2:42:40","1905","503","173","908","1803","487","160","1774","429","144","1905","503","173","24786","2888","432","11452","254","9760"
"1195","Cian Murphy","Male","Copenhagen","DK-85","GB","M25-29","FIN","6:53:16","0:43:19","0:08:25","3:23:10","0:02:41","2:35:41","1906","1403","329","700","1460","1111","263","1876","1399","326","1906","1403","329","24796","2599","505","12190","161","9341"
"1335","Peter Moll","Male","Heikendorf","DE-SH","DE","M50-54","FIN","6:53:39","0:39:45","0:07:16","3:21:46","0:07:09","2:37:43","1907","1404","82","892","1090","847","45","1806","1362","82","1907","1404","82","24819","2385","436","12106","429","9463"
"616","Krzysztof Borowiak","Male","Fyllingsdalen","NO-12","NO","M35-39","FIN","6:53:47","0:53:19","0:09:50","3:09:21","0:02:27","2:38:49","1908","1405","157","700","1973","1414","157","1844","1382","154","1908","1405","157","24827","3199","590","11361","147","9529"
"1571","Helle Møller Sørensen","Female","Sunds","MIDTJYLLAND","DK","F50-54","FIN","6:53:51","0:46:28","0:08:35","3:16:54","0:06:59","2:34:54","1909","504","36","928","1716","448","33","1838","460","32","1909","504","36","24831","2788","515","11814","419","9294"
"2035","Alexandra Carlström","Female","Lund","Skåne","SE","F25-29","FIN","6:53:52","0:52:45","0:08:42","3:25:20","0:05:20","2:21:44","1910","505","174","894","1965","554","180","1969","533","172","1910","505","174","24832","3165","522","12320","320","8504"
"2066","Vicky Heede","Female","Slangerup","DK-85","DK","F45-49","FIN","6:53:53","0:43:38","0:08:21","3:18:07","0:05:15","2:38:32","1911","506","40","1323","1486","360","27","1822","453","36","1911","506","40","24833","2618","501","11887","315","9512"
"1272","Josefine Bromerholm","Female","Aalborg","Nordjylland","DK","F18-24","FIN","6:54:15","0:40:58","0:11:07","3:29:52","0:12:08","2:20:11","1912","507","66","926","1223","279","30","1940","514","66","1912","507","66","24855","2458","667","12592","728","8411"
"878","Erin Reed","Female","London","England","GB","F25-29","FIN","6:54:49","0:47:10","0:11:34","3:46:17","0:08:36","2:01:13","1913","508","175","877","1750","464","151","2029","572","188","1913","508","175","24889","2830","694","13577","516","7273"
"459","Helle Drewsen","Female","Borup","DK-85","DK","F65-69","FIN","6:55:01","0:55:02","0:07:38","3:11:55","0:05:27","2:34:59","1914","509","1","3500","2003","571","1","1870","474","1","1914","509","1","24901","3302","458","11515","327","9299"
"1192","Kenneth Fyrst","Male","Frederikssund","DK-84","DK","M40-44","FIN","6:55:08","0:51:14","0:11:17","2:55:12","0:02:48","2:54:37","1915","1406","118","700","1920","1384","116","1639","1273","107","1915","1406","118","24908","3074","677","10512","168","10477"
"583","Josephine Grinde Larsen","Female","Kvalsund","Finnmark","NO","F35-39","FIN","6:55:08","0:49:00","0:06:40","3:25:06","0:06:27","2:27:55","1916","510","37","1135","1840","499","40","1933","510","35","1916","510","37","24908","2940","400","12306","387","8875"
"803","Pernille Bruun Lorenzen","Female","Vejle","DK-83","DK","F55-59","FIN","6:55:15","0:51:08","0:07:49","3:09:30","0:03:40","2:43:09","1917","511","25","1561","1918","536","30","1801","442","22","1917","511","25","24915","3068","469","11370","220","9789"
"1008","Annemette Andersen","Female","København","København","DK","F55-59","FIN","6:55:41","0:44:20","0:12:36","3:21:41","0:07:17","2:29:47","1918","512","26","1553","1549","386","21","1919","502","27","1918","512","26","24941","2660","756","12101","437","8987"
"1926","Henrik Ole Bartholomæussen","Male","Ølstykke","Nordsjælland","DK","M60-64","FIN","6:55:50","0:56:48","0:11:32","3:11:33","0:08:31","2:27:26","1919","1407","46","1013","2025","1447","52","1929","1422","49","1919","1407","46","24950","3408","692","11493","511","8846"
"1801","Stine Hjerpbakk","Female","Oslo","NO-03","NO","F40-44","FIN","6:55:50","0:51:37","0:12:25","3:20:53","0:08:39","2:22:16","1920","513","33","1238","1930","540","38","1961","529","38","1920","513","33","24950","3097","745","12053","519","8536"
"1423","Jonathan France","Male","Glossop ","England","GB","M65-69","FIN","6:56:29","0:41:36","0:09:11","3:06:01","0:08:40","2:51:00","1921","1408","10","1379","1302","1000","6","1624","1264","8","1921","1408","10","24989","2496","551","11161","520","10260"
"1436","William Goedhart","Male","Helsingør","DK-85","DK","M18-24","FIN","6:56:31","0:40:27","0:22:09","3:25:56","0:09:15","2:18:45","1922","1409","207","700","1167","904","143","1979","1439","209","1922","1409","207","24991","2427","1329","12356","555","8325"
"2244","andrea jandric","Female","Kalundborg ","SJÆLLAND","DK","F25-29","FIN","6:56:41","0:51:53","0:12:50","3:33:58","0:11:01","2:07:00","1923","514","176","843","1943","547","177","2017","563","183","1923","514","176","25001","3113","770","12838","661","7620"
"2366","Andreas Jungerup","Male","Landskrona","SKANE LAN [SE-12]","SE","M45-49","FIN","6:56:47","0:54:09","0:08:27","3:18:56","0:04:06","2:31:09","1924","1410","111","700","1991","1427","114","1936","1424","109","1924","1410","111","25007","3249","507","11936","246","9069"
"1088","Vilma Nevermann","Female","Helsingør","Nordsjælland","DK","F18-24","FIN","6:57:01","0:51:45","0:06:25","3:11:45","0:03:25","2:43:41","1925","515","67","876","1937","543","69","1821","452","58","1925","515","67","25021","3105","385","11505","205","9821"
"255","Victor Würtz-Jensen","Male","Aalborg ","NORDJYLLAND","DK","M18-24","FIN","6:57:16","0:45:21","0:08:45","3:42:51","0:05:12","2:15:07","1926","1411","208","700","1626","1210","184","2008","1450","210","1926","1411","208","25036","2721","525","13371","312","8107"
"2161","Pachito Marco Calabrese","Male","Copenahgen","DK-85","IT","M40-44","FIN","6:57:22","0:48:17","0:13:28","3:27:14","0:04:27","2:23:57","1927","1412","119","700","1811","1322","110","1983","1441","120","1927","1412","119","25042","2897","808","12434","267","8637"
"1952","Jonathan Kristensen","Male","Järfälla","SE-AB","DK","M30-34","FIN","6:57:35","0:47:48","0:12:54","3:15:38","0:05:50","2:35:25","1928","1413","223","700","1787","1308","206","1898","1408","223","1928","1413","223","25055","2868","774","11738","350","9325"
"2278","Kasper Engel Hedegaard","Male","Herning","Central Jutland","DK","M40-44","FIN","6:57:40","0:42:54","0:09:14","4:08:48","0:07:20","1:49:22","1929","1414","120","700","1407","1076","92","2050","1463","124","1929","1414","120","25060","2574","554","14928","440","6562"
"2289","Åsa Stening","Female","Alingsås","","SE","F50-54","FIN","6:57:56","0:35:38","0:08:45","3:22:51","0:11:45","2:38:57","1930","516","37","855","580","124","5","1787","437","30","1930","516","37","25076","2138","525","12171","705","9537"
"2240","Alexiev Péter","Male","Szolnok","HU-SK","HU","M60-64","FIN","6:58:13","0:36:30","0:10:30","3:13:40","0:08:59","2:48:33","1931","1415","47","971","675","529","8","1701","1304","35","1931","1415","47","25093","2190","630","11620","539","10113"
"842","Irene Rojas Arjona","Female","Tinajo","Las Palmas","ES","F40-44","FIN","6:58:19","0:30:25","0:08:49","3:36:33","0:08:45","2:33:46","1932","517","34","1193","164","39","1","1890","485","34","1932","517","34","25099","1825","529","12993","525","9226"
"2019","Daniel Olsson","Male","Kristianstad","SKANE LAN [SE-12]","SE","M30-34","FIN","6:58:31","0:47:20","0:12:01","3:13:06","0:09:29","2:36:35","1933","1416","224","700","1761","1292","203","1843","1381","217","1933","1416","224","25111","2840","721","11586","569","9395"
"1930","Henrik Mütze","Male","Ølstykke","SJÆLLAND","DK","M50-54","FIN","6:58:38","0:39:25","0:10:09","2:55:39","0:07:21","3:06:04","1934","1417","83","802","1053","823","41","1369","1109","58","1934","1417","83","25118","2365","609","10539","441","11164"
"2078","Christoffer Molina Larsen","Male","Ølgod","SYDDANMARK","DK","M18-24","FIN","6:58:47","0:44:43","0:12:30","3:22:25","0:08:00","2:31:09","1935","1418","209","700","1583","1180","181","1927","1421","206","1935","1418","209","25127","2683","750","12145","480","9069"
"2396","Jimmy Johansson","Male","Färjestaden","SE-H","SE","M45-49","FIN","6:59:01","0:51:25","0:13:25","3:22:41","0:09:05","2:22:25","1936","1419","112","700","1924","1387","109","1975","1438","113","1936","1419","112","25141","3085","805","12161","545","8545"
"1940","Louise Ramstrup","Female","Rønne","DK-84","DK","F45-49","FIN","6:59:07","0:49:51","0:07:10","3:15:26","0:08:09","2:38:32","1937","518","41","1229","1879","519","41","1842","462","38","1937","518","41","25147","2991","430","11726","489","9512"
"874","Tina Skousgaard","Female","Tølløse","","DK","F50-54","FIN","6:59:55","0:52:42","0:08:38","3:04:08","0:08:59","2:45:28","1938","519","38","819","1963","553","43","1761","420","28","1938","519","38","25195","3162","518","11048","539","9928"
"1654","Line Irene Clausen","Female","Ålborg","Nordjylland","DK","F18-24","FIN","7:00:00","0:48:25","0:09:50","3:36:45","0:06:15","2:18:45","1939","520","68","823","1817","493","62","2002","555","72","1939","520","68","25200","2905","590","13005","375","8325"
"844","Steven De Vet","Male","Lichtenvoorde","NL-GE","NL","M35-39","FIN","7:00:37","0:38:48","0:11:52","3:12:54","0:04:27","2:52:35","1940","1420","158","700","965","756","94","1741","1328","150","1940","1420","158","25237","2328","712","11574","267","10355"
"2133","Britte Briers","Female","Antwerpen","BE-Flemish Region","BE","F25-29","FIN","7:00:39","0:47:40","0:08:00","3:34:31","0:05:24","2:25:04","1941","521","177","772","1781","475","155","1992","548","176","1941","521","177","25239","2860","480","12871","324","8704"
"242","Eva Maria Orthuber","Female","Neunkirchen","AT-3","AT","F55-59","FIN","7:00:46","0:45:33","0:09:50","3:07:43","0:06:36","2:51:04","1942","522","27","1461","1650","425","25","1732","410","20","1942","522","27","25246","2733","590","11263","396","10264"
"1316","Jennifer Walker","Female","Pottsville ","PENNSYLVANIA","US","F40-44","FIN","7:00:51","0:43:17","0:08:27","3:34:51","0:05:12","2:29:04","1943","523","35","1148","1456","347","22","1968","532","39","1943","523","35","25251","2597","507","12891","312","8944"
"2048","Maja Brouw Pedersen","Female","Holstebro","DK-82","DK","F30-34","FIN","7:01:26","0:49:59","0:08:49","3:16:23","0:08:58","2:37:17","1944","524","71","805","1881","520","69","1884","482","67","1944","524","71","25286","2999","529","11783","538","9437"
"1631","Maria Hess","Female","Køge","","DK","F40-44","FIN","7:01:47","0:35:37","0:09:45","3:13:13","0:09:12","2:54:00","1945","525","36","1131","577","123","11","1661","376","24","1945","525","36","25307","2137","585","11593","552","10440"
"1315","Yanqi Li","Female","Herlev","","DK","F40-44","FIN","7:01:51","0:50:07","0:10:35","3:21:45","0:07:56","2:31:28","1946","526","37","1130","1890","523","37","1944","516","37","1946","526","37","25311","3007","635","12105","476","9088"
"973","Alaa Hijazi","Male","Copenhagen","NORDJYLLAND","PS","M35-39","FIN","7:02:08","0:49:07","0:13:58","3:13:15","0:08:42","2:37:06","1947","1421","159","700","1850","1344","151","1899","1409","157","1947","1421","159","25328","2947","838","11595","522","9426"
"1852","Frederik De Boer","Male","
Hørsholm","HOVEDSTADEN","DK","M30-34","FIN","7:02:29","0:45:23","0:08:05","3:11:49","0:00:33","2:56:39","1948","1422","225","700","1629","1212","188","1760","1341","213","1948","1422","225","25349","2723","485","11509","33","10599"
"2105","Rose Marie Ulsøe Hansen","Female","Aalborg","DK-81","DK","F18-24","FIN","7:02:55","0:52:33","0:08:19","3:18:13","0:07:03","2:36:47","1949","527","69","770","1958","550","71","1921","503","64","1949","527","69","25375","3153","499","11893","423","9407"
"1416","Chris Blackshaw","Male","Ashton under lyne","Lancs","GB","M60-64","FIN","7:03:21","","0:00:00","4:38:43","0:06:10","2:13:28","1950","1423","48","878","99999","99999","99999","2025","1456","55","1950","1423","48","25401","","","16723","370","8008"
"1199","Nina Clemmensen","Female","Skanderborg","","DK","F45-49","FIN","7:03:29","0:48:22","0:10:18","3:14:22","0:05:54","2:44:31","1951","528","42","1150","1816","492","39","1851","465","39","1951","528","42","25409","2902","618","11662","354","9871"
"555","Claire Renshaw","Female","Anderton, Chorley","LAN","GB","F50-54","FIN","7:04:04","0:45:51","0:11:18","3:23:02","0:25:07","2:18:46","1952","529","39","744","1668","433","30","1931","508","38","1952","529","39","25444","2751","678","12182","1507","8326"
"1101","Christopher Cullen","Male","kobenhavn","DK-84","GB","M30-34","FIN","7:04:44","0:45:58","0:10:11","3:18:09","0:05:28","2:44:58","1953","1424","226","700","1679","1243","196","1865","1394","219","1953","1424","226","25484","2758","611","11889","328","9898"
"1564","Anne Skjødt Møller","Female","København S","HOVEDSTADEN","DK","F40-44","FIN","7:05:16","0:49:03","0:09:13","3:21:13","0:07:23","2:38:25","1954","530","38","1068","1844","501","35","1925","506","36","1954","530","38","25516","2943","553","12073","443","9505"
"2191","Anette Bang","Female","Værløse","DK-84","DK","F60-64","FIN","7:05:54","0:53:16","0:10:21","3:18:57","0:07:50","2:35:29","1955","531","6","2053","1971","558","7","1945","517","6","1955","531","6","25554","3196","621","11937","470","9329"
"953","Louise Viborg","Female","Vanløse","DK-84","DK","F35-39","FIN","7:06:08","0:54:34","0:10:26","3:18:04","0:05:43","2:37:21","1956","532","38","937","1998","567","45","1951","522","37","1956","532","38","25568","3274","626","11884","343","9441"
"1665","Sofie Brandt","Female","Holstebro","DK-82","DK","F18-24","FIN","7:06:14","0:41:08","0:06:55","4:04:22","0:06:24","2:07:25","1957","533","70","710","1243","284","31","2044","582","75","1957","533","70","25574","2468","415","14662","384","7645"
"1385","Michella Sibbern","Female","Søborg","DK-84","DK","F25-29","FIN","7:06:51","0:55:05","0:11:02","3:25:52","0:06:57","2:27:55","1958","534","178","700","2005","572","185","1998","552","178","1958","534","178","25611","3305","662","12352","417","8875"
"282","Marge Reinap","Female","Tallinn","EE-37","EE","F50-54","FIN","7:06:52","0:41:10","0:08:35","3:25:27","0:06:24","2:45:17","1959","535","40","700","1245","285","12","1883","481","34","1959","535","40","25612","2470","515","12327","384","9917"
"2153","Barry Boylan","Male","Virginia","Cavan","IE","M35-39","FIN","7:07:00","1:00:46","0:15:40","3:28:54","0:06:39","2:15:01","1960","1425","160","700","2049","1463","162","2030","1458","162","1960","1425","160","25620","3646","940","12534","399","8101"
"2258","Mikkel Kofod","Male","Næstved","DK-85","DK","M25-29","FIN","7:07:12","0:44:30","0:11:50","3:34:30","0:06:55","2:29:27","1961","1426","330","700","1566","1172","280","1993","1445","333","1961","1426","330","25632","2670","710","12870","415","8967"
"1006","Jasja Tukker","Female","Loenersloot","Utrecht","NL","F50-54","FIN","7:07:39","0:42:16","0:13:34","3:34:11","0:09:08","2:28:30","1962","536","41","700","1356","313","17","1990","547","46","1962","536","41","25659","2536","814","12851","548","8910"
"2169","Göran Bergqvist","Male","Karlshamn","","SE","M60-64","FIN","7:08:35","0:41:21","0:10:25","3:08:05","0:05:28","3:03:15","1963","1427","49","784","1266","975","25","1684","1297","34","1963","1427","49","25715","2481","625","11285","328","10995"
"1387","Isabella Wøldike","Female","København","Copenhagen","DK","F25-29","FIN","7:08:42","0:44:03","0:12:04","3:35:23","0:07:44","2:29:28","1964","537","179","700","1527","377","125","1997","551","177","1964","537","179","25722","2643","724","12923","464","8968"
"345","Beo Aagaard","Female","København","DK-84","DK","F25-29","FIN","7:08:42","1:07:35","0:06:25","3:29:00","0:05:30","2:20:11","1965","538","180","700","2058","588","190","2022","567","184","1965","538","180","25722","4055","385","12540","330","8411"
"1647","Lars Wermskog","Male","Baerum","NO-02","NO","M60-64","FIN","7:09:38","0:50:27","0:10:43","3:09:40","0:06:20","2:52:27","1966","1428","50","765","1898","1370","42","1825","1371","42","1966","1428","50","25778","3027","643","11380","380","10347"
"2398","Carina Nilsson","Female","Färjestaden","SE-H","SE","F50-54","FIN","7:09:53","0:46:49","0:08:34","3:22:12","0:07:01","2:45:16","1967","539","42","700","1735","457","34","1906","493","36","1967","539","42","25793","2809","514","12132","421","9916"
"1515","Anders Christian Enkebølle","Male","Skælskør","DK-85","DK","M18-24","FIN","7:10:14","0:38:40","0:08:19","3:15:42","0:01:58","3:05:35","1968","1429","210","700","947","743","120","1724","1320","197","1968","1429","210","25814","2320","499","11742","118","11135"
"548","Caroline Schmidt","Female","København K","DK-84","DK","F18-24","FIN","7:10:51","0:43:21","0:08:47","3:35:12","0:07:50","2:35:41","1969","540","71","700","1463","350","41","1973","536","69","1969","540","71","25851","2601","527","12912","470","9341"
"1439","Camilla Holt Jensen","Female","Sønderborg","SYDDANMARK","DK","F30-34","FIN","7:11:16","0:40:43","0:09:06","3:37:58","0:05:50","2:37:39","1970","541","72","700","1196","272","45","1977","539","73","1970","541","72","25876","2443","546","13078","350","9459"
"2170","Anders Wiklander","Male","Asarum","SE-K","SE","M55-59","FIN","7:11:19","0:58:11","0:12:05","3:04:41","0:08:33","2:47:49","1971","1430","86","700","2035","1453","91","1877","1400","89","1971","1430","86","25879","3491","725","11081","513","10069"
"241","Fanny Brøvig Marksten","Female","Hvalstad","Akershus","NO","F25-29","FIN","7:11:53","0:49:48","0:08:32","3:37:21","0:07:58","2:28:14","1972","542","181","700","1877","517","167","2003","556","181","1972","542","181","25913","2988","512","13041","478","8894"
"2298","Ugne Veisaite","Female","Aarhus","DK-82","DK","F30-34","FIN","7:12:15","1:08:07","0:12:27","3:40:13","0:08:11","2:03:17","1973","543","73","700","2059","589","77","2049","587","77","1973","543","73","25935","4087","747","13213","491","7397"
"1508","Johanna Quehenberger","Female","ABTENAU","SALZBURG","AT","F40-44","FIN","7:12:19","0:46:27","0:14:04","3:30:32","0:08:36","2:32:39","1974","544","39","941","1715","447","28","1994","549","40","1974","544","39","25939","2787","844","12632","516","9159"
"2349","Diana Andersen","Female","København","Copenhagen","DK","F18-24","FIN","7:12:22","1:03:17","0:08:53","3:37:37","0:04:34","2:18:02","1975","545","72","700","2054","587","77","2040","578","74","1975","545","72","25942","3797","533","13057","274","8282"
"1892","Ane Kristine Drengsgaard Jørgensen","Female","Aarhus C","Central Jutland","DK","F35-39","FIN","7:12:39","0:48:21","0:14:31","3:35:27","0:07:36","2:26:44","1976","546","39","819","1814","490","38","2015","561","42","1976","546","39","25959","2901","871","12927","456","8804"
"2000","Jacob Smith","Male","Norton Canes","STAFFORDSHIRE","GB","M30-34","FIN","7:12:56","0:41:47","0:10:36","3:09:19","0:01:36","3:09:39","1977","1431","227","700","1319","1016","158","1710","1311","207","1977","1431","227","25976","2507","636","11359","96","11379"
"2383","Christopher Månsson","Male","75320","Uppsala Län","SE","M45-49","FIN","7:13:36","0:52:13","0:12:09","3:17:34","0:11:34","2:40:06","1978","1432","113","700","1951","1403","111","1941","1427","110","1978","1432","113","26016","3133","729","11854","694","9606"
"570","Malla Holden","Female","Haugesund","","NO","F50-54","FIN","7:14:03","0:49:28","0:11:51","3:01:59","0:04:35","3:06:09","1979","547","43","700","1865","515","41","1736","412","24","1979","547","43","26043","2968","711","10919","275","11169"
"871","Jan Knudsen","Male","
Smørum","","DK","M60-64","FIN","7:14:14","0:42:05","0:10:20","3:22:25","0:09:55","2:49:28","1980","1433","51","700","1341","1032","27","1874","1397","46","1980","1433","51","26054","2525","620","12145","595","10168"
"1657","Juan Martinez","Male","Stockholm","SE-AB","BR","M50-54","FIN","7:14:32","0:42:19","0:10:38","3:18:42","0:07:51","2:55:02","1981","1434","84","700","1360","1045","54","1831","1374","83","1981","1434","84","26072","2539","638","11922","471","10502"
"571","Espen Gabrielsen","Male","Stavanger ","Rogaland","NO","M50-54","FIN","7:14:36","0:46:16","0:15:27","3:02:00","0:07:35","3:03:17","1982","1435","85","700","1700","1259","72","1744","1331","78","1982","1435","85","26076","2776","927","10920","455","10997"
"2119","Martin Broe Trap","Male","Nørre Alslev","Lolland-Falster","DK","M50-54","FIN","7:14:50","0:47:16","0:10:52","3:16:08","0:10:00","2:50:34","1983","1436","86","700","1756","1290","75","1864","1393","85","1983","1436","86","26090","2836","652","11768","600","10234"
"411","Graham Pitt","Male","Helsinge","DK-84","GB","M35-39","FIN","7:15:05","0:42:51","0:07:36","3:09:19","0:07:38","3:07:41","1984","1437","161","700","1402","1073","123","1682","1295","149","1984","1437","161","26105","2571","456","11359","458","11261"
"2232","Mie Schelde Ebsen","Female","Odense C","DK-83","DK","F18-24","FIN","7:15:06","0:51:52","0:15:44","3:47:40","0:15:06","2:04:45","1985","548","73","700","1942","546","70","2045","583","76","1985","548","73","26106","3112","944","13660","906","7485"
"1780","Hanne Fischer Sørensen","Female","Frederiksberg C","","DK","F60-64","FIN","7:15:44","0:41:47","0:13:38","3:27:12","0:12:49","2:40:18","1986","549","7","1876","1321","305","4","1946","518","7","1986","549","7","26144","2507","818","12432","769","9618"
"1747","Denis Santos","Male","Svedala","SKANE LAN [SE-12]","BR","M40-44","FIN","7:16:23","0:48:31","0:11:33","3:37:07","0:08:52","2:30:20","1987","1438","121","700","1822","1328","112","2009","1451","121","1987","1438","121","26183","2911","693","13027","532","9020"
"1534","Daniel Aasberg","Male","Herlufmagle","SJÆLLAND","DK","M30-34","FIN","7:16:44","0:43:04","0:11:30","3:17:11","0:07:37","2:57:22","1988","1439","228","700","1426","1088","166","1834","1376","216","1988","1439","228","26204","2584","690","11831","457","10642"
"348","Poul Erik Tofte","Male","København","DK-84","DK","M70-74","FIN","7:16:52","0:51:36","0:18:24","3:35:55","0:09:47","2:21:11","1989","1440","2","1724","1927","1389","2","2033","1460","2","1989","1440","2","26212","3096","1104","12955","587","8471"
"1513","Mats Olson","Male","Lund","SKANE LAN [SE-12]","SE","M65-69","FIN","7:16:55","0:43:09","0:12:29","3:34:30","0:07:12","2:39:35","1990","1441","11","1011","1440","1097","7","1991","1444","11","1990","1441","11","26215","2589","749","12870","432","9575"
"1648","Lindsey Williams","Female","Fleet","England","GB","F40-44","FIN","7:17:28","0:45:45","0:13:29","3:42:47","0:08:18","2:27:09","1991","550","40","849","1658","428","27","2019","564","41","1991","550","40","26248","2745","809","13367","498","8829"
"1107","Thorbjørn Mikkelsen","Male","Bagsværd","DK-84","DK","M40-44","FIN","7:17:31","0:48:18","0:15:09","3:08:31","0:00:21","3:05:13","1992","1442","122","700","1812","1323","111","1837","1378","115","1992","1442","122","26251","2898","909","11311","21","11113"
"1542","Ebba Thornander","Female","Helsingborg","SE-M","SE","F25-29","FIN","7:18:08","0:46:49","0:09:35","3:31:47","0:04:59","2:44:58","1993","551","182","700","1734","456","149","1978","540","175","1993","551","182","26288","2809","575","12707","299","9898"
"1314","Andreas Erup Larsen","Male","København S","DK-84","DK","M25-29","FIN","7:18:26","0:47:36","0:13:28","3:17:40","0:07:23","2:52:20","1994","1443","331","700","1773","1299","310","1920","1418","328","1994","1443","331","26306","2856","808","11860","443","10340"
"1968","Rasmus Carlsen","Male","Aarhus","MIDTJYLLAND","DK","M25-29","FIN","7:18:39","0:50:32","0:11:48","3:15:49","0:08:32","2:51:58","1995","1444","332","700","1900","1372","318","1911","1415","327","1995","1444","332","26319","3032","708","11749","512","10318"
"829","Natasha Erika Tryk Møller","Female","Fårvang","Central Jutland","DK","F30-34","FIN","7:19:49","0:49:08","0:07:18","3:26:18","0:04:39","2:52:26","1996","552","74","700","1851","507","67","1947","519","71","1996","552","74","26389","2948","438","12378","279","10346"
"1767","Jasmine Themsen","Female","Aarhus C","Central Jutland","DK","F18-24","FIN","7:20:25","0:44:45","0:08:35","3:42:27","0:07:19","2:37:20","1997","553","74","700","1584","404","49","2004","557","73","1997","553","74","26425","2685","515","13347","439","9440"
"1181","Kenneth Evers","Male","Albertslund","HOVEDSTADEN","DK","M40-44","FIN","7:20:35","0:53:40","0:14:55","3:38:59","0:11:22","2:21:38","1998","1445","123","700","1983","1422","120","2037","1461","123","1998","1445","123","26435","3220","895","13139","682","8498"
"2279","Stefan Cargnelli","Male","Fredericia","DK-83","DK","M55-59","FIN","7:21:00","0:55:29","0:10:45","3:15:22","0:08:19","2:51:05","1999","1446","87","700","2010","1437","88","1938","1425","90","1999","1446","87","26460","3329","645","11722","499","10265"
"223","Sabrina Ridley","Female","Campbell River","British Columbia","CA","F40-44","FIN","7:22:19","0:32:14","0:16:12","3:27:15","0:08:03","2:58:34","2000","554","41","761","282","68","4","1889","484","33","2000","554","41","26539","1934","972","12435","483","10714"
"429","George Melancon-Talboys","Male","Reading","GB-ENG","GB","M35-39","FIN","7:22:30","0:43:15","0:06:54","3:08:55","0:01:51","3:21:35","2001","1447","162","700","1449","1103","125","1670","1289","148","2001","1447","162","26550","2595","414","11335","111","12095"
"490","Thomas Bjørnestad Platz","Male","København","DK-84","DK","M50-54","FIN","7:22:37","0:51:37","0:13:30","3:31:00","0:10:27","2:36:03","2002","1448","87","700","1929","1390","82","2007","1449","86","2002","1448","87","26557","3097","810","12660","627","9363"
"560","Fiana Kummer","Female","København","DK-84","DE","F25-29","FIN","7:22:50","0:54:18","0:09:56","3:27:55","0:10:48","2:39:52","2003","555","183","700","1993","566","183","1999","553","179","2003","555","183","26570","3258","596","12475","648","9592"
"1287","Mariana Flores Gutierrez","Female","Oslo","NO-03","MX","F25-29","FIN","7:23:13","0:49:06","0:10:19","3:51:30","0:07:07","2:25:12","2004","556","184","700","1848","505","164","2041","579","190","2004","556","184","26593","2946","619","13890","427","8712"
"222","Fredrik Gustafsson","Male","Rydebäck","SKANE LAN [SE-12]","SE","M45-49","FIN","7:23:35","0:43:07","0:14:50","3:41:29","0:04:39","2:39:30","2005","1449","114","700","1434","1092","81","2018","1455","114","2005","1449","114","26615","2587","890","13289","279","9570"
"1806","Aliihsan Bagci","Male","Nærum","DK-85","DK","M25-29","FIN","7:23:52","0:37:34","0:13:42","3:22:36","0:11:28","2:58:32","2006","1450","333","700","800","626","139","1860","1390","325","2006","1450","333","26632","2254","822","12156","688","10712"
"588","Anida Johannesen","Female","Argir","Argir","FO","F65-69","FIN","7:24:07","0:59:02","0:11:25","3:32:59","0:08:12","2:32:29","2007","557","2","2976","2043","585","2","2023","568","2","2007","557","2","26647","3542","685","12779","492","9149"
"914","Pernille Døvle Molteberg","Female","Larvik","Vestfold","NO","F25-29","FIN","7:24:30","0:54:50","0:08:10","3:30:21","0:03:55","2:47:15","2008","558","185","700","2000","568","184","2001","554","180","2008","558","185","26670","3290","490","12621","235","10035"
"2067","Monique Heede Sørensen","Female","Roskilde","DK-85","DK","F25-29","FIN","7:24:35","0:58:28","0:08:05","3:15:26","0:06:04","2:56:31","2009","559","186","700","2037","583","188","1942","515","169","2009","559","186","26675","3508","485","11726","364","10591"
"2094","Lotte Egsgaard","Female","Vallensbæk Strand","DK-85","DK","F55-59","FIN","7:25:38","0:46:46","0:13:34","3:28:35","0:06:37","2:50:07","2010","560","28","1014","1732","455","26","1982","542","29","2010","560","28","26738","2806","814","12515","397","10207"
"313","Martin Tusgaard Christensen","Male","Allerød","DK-85","DK","M55-59","FIN","7:25:42","0:41:23","0:10:00","3:20:17","0:06:37","3:07:25","2011","1451","88","700","1270","978","55","1832","1375","87","2011","1451","88","26742","2483","600","12017","397","11245"
"1906","Maija Ellerbæk","Female","Esbjerg","SYDDANMARK","DK","F35-39","FIN","7:26:04","0:53:26","0:13:41","3:19:05","0:08:00","2:51:52","2012","561","40","700","1977","560","44","1966","530","39","2012","561","40","26764","3206","821","11945","480","10312"
"2057","Nete Yom Knudsen","Female","Nørre Nebel","","DK","F45-49","FIN","7:26:28","0:52:42","0:13:32","3:40:33","0:10:42","2:29:00","2013","562","43","736","1962","552","44","2035","575","44","2013","562","43","26788","3162","812","13233","642","8940"
"2422","Malene Ehrenskjold","Female","Rungsted Kyst","Nordsjælland","DK","F55-59","FIN","7:26:30","0:41:16","0:11:41","3:26:42","0:08:20","2:58:31","2014","563","29","998","1260","289","17","1928","507","28","2014","563","29","26790","2476","701","12402","500","10711"
"596","Georg Matscheko","Male","Kalmar","","SE","M80-84","FIN","7:26:32","0:37:42","0:10:44","3:16:34","0:13:28","3:08:03","2015","1452","1","3500","824","642","1","1758","1339","1","2015","1452","1","26792","2262","644","11794","808","11283"
"1386","Rabie Rahal","Male","Brøndby Strand","HOVEDSTADEN","DK","M45-49","FIN","7:26:48","0:57:29","0:11:11","4:01:49","0:07:15","2:09:04","2016","1453","115","700","2027","1448","116","2055","1467","116","2016","1453","115","26808","3449","671","14509","435","7744"
"1883","Kim Mücke","Male","København Ø","DK-84","DK","M60-64","FIN","7:27:16","0:48:50","0:09:17","3:30:39","0:06:47","2:51:44","2017","1454","52","700","1835","1337","39","1980","1440","52","2017","1454","52","26836","2930","557","12639","407","10304"
"412","Katja Jääskeläinen","Female","Helsinki","FI-18","FI","F50-54","FIN","7:27:19","0:46:14","0:19:44","3:23:38","0:14:06","2:43:37","2018","564","44","700","1695","441","32","1989","546","45","2018","564","44","26839","2774","1184","12218","846","9817"
"1156","Thomas Kremendahl","Male","Hamburg","Hamburg","DE","M60-64","FIN","7:27:27","0:40:31","0:14:11","3:22:47","0:07:33","3:02:24","2019","1455","53","700","1173","909","23","1904","1413","48","2019","1455","53","26847","2431","851","12167","453","10944"
"1374","Amalie Nissov-Johannsen","Female","København","Copenhagen","DK","F18-24","FIN","7:27:33","0:44:17","0:07:29","3:24:03","0:01:38","3:10:07","2020","565","75","700","1539","381","45","1891","486","61","2020","565","75","26853","2657","449","12243","98","11407"
"1808","Jasmin Hounsell","Female","Carlisle","Cumbria","GB","F30-34","FIN","7:27:44","0:53:37","0:13:54","3:44:35","0:04:29","2:31:09","2021","566","75","700","1982","561","74","2043","581","75","2021","566","75","26864","3217","834","13475","269","9069"
"1622","Sonny Petersen","Male","Ølsted","Nordsjælland","DK","M55-59","FIN","7:27:55","0:51:24","0:09:29","3:08:45","0:06:31","3:11:45","2022","1456","89","700","1923","1386","85","1817","1367","86","2022","1456","89","26875","3084","569","11325","391","11505"
"2397","Ola Hasselbom","Male","Färjestaden","SE-H","SE","M50-54","FIN","7:28:31","0:51:38","0:14:47","3:38:28","0:11:02","2:32:36","2023","1457","88","700","1932","1392","83","2028","1457","87","2023","1457","88","26911","3098","887","13108","662","9156"
"1342","Katrine Marie Haga Nesse","Female","Haugesund","NO-11","NO","F50-54","FIN","7:30:00","0:45:51","0:08:59","3:31:27","0:06:17","2:57:25","2024","567","45","700","1669","434","31","1967","531","42","2024","567","45","27000","2751","539","12687","377","10645"
"1888","Erik Brown","Male","MEDINA","MN","US","M45-49","FIN","7:30:06","0:50:57","0:09:10","3:12:29","0:02:04","3:15:25","2025","1458","116","700","1913","1380","108","1846","1384","103","2025","1458","116","27006","3057","550","11549","124","11725"
"1089","Simone Tanderup","Female","København Ø","HOVEDSTADEN","DK","F18-24","FIN","7:31:05","0:56:11","0:08:23","3:18:44","0:08:48","2:59:00","2026","568","76","700","2017","576","75","1953","524","67","2026","568","76","27065","3371","503","11924","528","10740"
"1519","Hanna Ershytt","Female","Höör","Skåne","SE","F50-54","FIN","7:31:18","0:53:47","0:09:46","3:38:29","0:11:10","2:38:06","2027","569","46","700","1985","562","44","2020","565","47","2027","569","46","27078","3227","586","13109","670","9486"
"1411","Nicki Bahn","Male","Silkeborg","Central Jutland","DK","M18-24","FIN","7:31:36","1:06:32","0:08:29","3:33:43","0:04:22","2:38:31","2028","1459","211","700","2056","1469","212","2038","1462","212","2028","1459","211","27096","3992","509","12823","262","9511"
"229","Jørgen Emerslund","Male","Oslo","OSLO","NO","M40-44","FIN","7:32:01","1:05:12","0:13:10","3:18:56","0:10:58","2:43:46","2029","1460","124","700","2055","1468","124","2010","1452","122","2029","1460","124","27121","3912","790","11936","658","9826"
"648","Enrica Tsui","Female","København","København","AU","F25-29","FIN","7:32:02","0:50:57","0:13:15","3:42:51","0:09:02","2:35:56","2030","570","187","700","1914","534","174","2036","576","189","2030","570","187","27122","3057","795","13371","542","9356"
"1066","Daniel Dalsgaard","Male","København S","DK-84","DK","M25-29","FIN","7:33:30","0:50:06","0:15:45","3:23:36","0:06:46","2:57:17","2031","1461","334","700","1889","1367","317","1988","1443","332","2031","1461","334","27210","3006","945","12216","406","10637"
"424","Ann Shapcott","Female","Portland","US-OR","US","F55-59","FIN","7:34:33","0:40:23","0:12:34","3:45:26","0:05:51","2:50:19","2032","571","30","853","1161","262","14","2016","562","30","2032","571","30","27273","2423","754","13526","351","10219"
"1916","Francesca McDiarmid","Female","Callington","GB-CON","GB","F35-39","FIN","7:34:43","0:50:13","0:08:43","3:30:22","0:03:39","3:01:45","2033","572","41","700","1894","526","43","1985","544","40","2033","572","41","27283","3013","523","12622","219","10905"
"1340","Gro Cecilie Hansen","Female","Haugesund","NO-11","NO","F45-49","FIN","7:34:51","0:56:41","0:08:54","3:46:17","0:07:57","2:35:01","2034","573","44","700","2024","578","45","2042","580","45","2034","573","44","27291","3401","534","13577","477","9301"
"1896","Amanda Falk","Female","Kalmar","","SE","F35-39","FIN","7:35:25","0:47:48","0:10:47","3:43:42","0:10:48","2:42:21","2035","574","42","700","1786","479","36","2021","566","43","2035","574","42","27325","2868","647","13422","648","9741"
"669","Magnus Svensson","Male","Bergkvara","SE-H","SE","M55-59","FIN","7:35:35","0:51:56","0:09:47","3:12:38","0:03:09","3:18:04","2036","1462","90","700","1944","1397","87","1866","1395","88","2036","1462","90","27335","3116","587","11558","189","11884"
"750","Signe Sigtenbjerggaard","Female","Birkerød","","DK","F40-44","FIN","7:36:56","0:51:45","0:10:58","3:43:30","0:07:40","2:43:03","2037","575","42","700","1936","542","39","2034","574","42","2037","575","42","27416","3105","658","13410","460","9783"
"2304","Ellen HOLMBERG","Female","Malmö","SE-M","SE","F25-29","FIN","7:38:30","0:50:03","0:08:00","3:46:40","0:06:27","2:47:19","2038","576","188","700","1887","521","169","2027","571","187","2038","576","188","27510","3003","480","13600","387","10039"
"1311","Anne-Sofie Hagemann Pedersen","Female","København S","DK-84","DK","F30-34","FIN","7:39:22","0:49:04","0:09:15","3:39:26","0:06:15","2:55:22","2039","577","76","700","1846","503","66","2014","560","74","2039","577","76","27562","2944","555","13166","375","10522"
"761","Niall Guerin","Male","Galway","Galway","IE","M45-49","FIN","7:39:33","0:50:57","0:10:31","4:01:16","0:12:08","2:24:41","2040","1463","117","700","1912","1379","107","2053","1465","115","2040","1463","117","27573","3057","631","14476","728","8681"
"1444","Fredrik Goa","Male","Trelleborg","SE-M","SE","M60-64","FIN","7:40:11","0:47:02","0:10:20","3:38:27","0:07:29","2:56:53","2041","1464","54","700","1744","1284","37","2005","1448","53","2041","1464","54","27611","2822","620","13107","449","10613"
"1438","Nicolai Sloth Møller","Male","Børkop","SYDDANMARK","DK","M18-24","FIN","7:43:52","0:59:19","0:15:07","3:31:12","0:09:15","2:49:01","2042","1465","212","700","2044","1459","209","2032","1459","211","2042","1465","212","27832","3559","907","12672","555","10141"
"875","Jonna Johansson","Female","Simlångsdalen","Halland","SE","F40-44","FIN","7:44:52","0:54:15","0:12:29","3:42:00","0:10:53","2:45:15","2043","578","43","700","1992","565","42","2039","577","43","2043","578","43","27892","3255","749","13320","653","9915"
"1509","Lars Gustafsson","Male","Værløse","Copenhagen","DK","M55-59","FIN","7:45:28","0:59:58","0:17:50","3:43:13","0:07:55","2:36:32","2044","1466","91","700","2047","1461","93","2051","1464","94","2044","1466","91","27928","3598","1070","13393","475","9392"
"796","Bente Kolbeinsvik","Female","Sveio","Vestland","NO","F50-54","FIN","7:46:30","0:48:07","0:10:37","3:16:44","0:02:38","3:28:25","2045","579","47","700","1798","486","37","1886","483","35","2045","579","47","27990","2887","637","11804","158","12505"
"806","Jory Brink-Meyer","Female","Maarssen","UTRECHT","NL","F45-49","FIN","7:46:54","0:46:34","0:10:54","3:38:39","0:08:27","3:02:21","2046","580","45","700","1726","454","36","2006","558","43","2046","580","45","28014","2794","654","13119","507","10941"
"901","Stephanie Skog","Female","Valby","DK-85","DK","F35-39","FIN","7:47:25","0:49:24","0:09:45","3:32:10","0:08:51","3:07:16","2047","581","43","700","1864","514","42","1995","550","41","2047","581","43","28045","2964","585","12730","531","11236"
"972","Annet Van Doremalen","Female","MAARSSEN","UTRECHT","NL","F50-54","FIN","7:47:57","0:54:58","0:12:39","3:37:51","0:07:07","2:55:21","2048","582","48","700","2001","569","45","2031","573","48","2048","582","48","28077","3298","759","13071","427","10521"
"1291","Ingrid Haugen Selliken","Female","Drøbak","Akershus","NO","F18-24","FIN","7:48:10","0:57:53","0:08:17","3:50:37","0:07:37","2:43:48","2049","583","77","700","2033","582","76","2047","585","77","2049","583","77","28090","3473","497","13837","457","9828"
"781","Rebecca Gerding","Female","Dianalund","Zealand","DK","F25-29","FIN","7:50:06","0:52:11","0:11:57","3:40:02","0:06:42","2:59:13","2050","584","189","700","1949","548","178","2026","570","186","2050","584","189","28206","3131","717","13202","402","10753"
"1242","Bo Sonerell Ahrensberg","Male","Frederiksberg C","DK-84","DK","M60-64","FIN","7:51:57","0:49:46","0:10:03","3:37:55","0:01:44","3:12:29","2051","1467","55","700","1875","1359","40","2013","1454","54","2051","1467","55","28317","2986","603","13075","104","11549"
"2252","Camilla Daugaard","Female","Kongens Lyngby","DK-84","DK","F25-29","FIN","7:51:58","0:53:16","0:11:56","3:38:29","0:13:53","2:54:25","2052","585","190","700","1970","557","181","2024","569","185","2052","585","190","28318","3196","716","13109","833","10465"
"682","Merten Oldenziel","Male","Rotterdam","South Holland","NL","M25-29","FIN","7:57:30","0:54:23","0:09:27","3:18:04","0:09:41","3:25:54","2053","1468","335","700","1994","1428","328","1939","1426","330","2053","1468","335","28650","3263","567","11884","581","12354"
"1483","Peter Forsgård","Male","Solna","SE-AB","FI","M55-59","FIN","7:58:22","0:45:18","0:15:33","3:24:56","0:15:10","3:17:25","2054","1469","92","700","1622","1207","70","1962","1433","91","2054","1469","92","28702","2718","933","12296","910","11845"
"2068","Despina Flondell Sité","Female","Hjärup","SE-M","GR","F55-59","FIN","7:59:04","0:58:35","0:10:10","3:52:48","0:08:12","2:49:19","2055","586","31","700","2040","584","31","2052","588","31","2055","586","31","28744","3515","610","13968","492","10159"
"660","Stefan Elmtoft","Male","Lyckeby","SE-K","SE","M55-59","FIN","8:01:48","0:56:40","0:10:55","3:25:06","0:09:06","3:20:01","2056","1470","93","700","2023","1446","90","2000","1447","92","2056","1470","93","28908","3400","655","12306","546","12001"
"2188","Lars Haupt-Hansen","Male","Birkerød","DK-84","DK","M55-59","FIN","8:01:56","0:50:47","0:13:43","3:33:06","0:07:10","3:17:10","2057","1471","94","700","1907","1377","84","2012","1453","93","2057","1471","94","28916","3047","823","12786","430","11830"
"857","Marco Lok Fung Cheng","Male","Hong Kong","Hong Kong","HK","M30-34","FIN","8:07:21","0:48:21","0:14:45","3:59:52","0:11:47","2:52:37","2058","1472","229","700","1813","1324","208","2054","1466","228","2058","1472","229","29241","2901","885","14392","707","10357"
"2186","Jennifer Nordbrandt","Female","Hisings Backa ","Västra Götaland","SE","F30-34","FIN","8:12:34","0:49:18","0:15:47","3:55:05","0:08:35","3:03:49","2059","587","77","700","1858","512","68","2048","586","76","2059","587","77","29554","2958","947","14105","515","11029"
"998","Lisa Gundestrup","Female","Odense c","SYDDANMARK","DK","F35-39","FIN","8:23:06","0:48:41","0:13:36","3:53:18","0:08:38","3:18:53","2060","588","44","700","1830","497","39","2046","584","44","2060","588","44","30186","2921","816","13998","518","11933"
"1067","Aga Debowska","Female","Copenhagen","DK-84","PL","F35-39","FIN","8:25:29","0:47:13","0:12:36","4:13:19","0:05:45","3:06:36","2061","589","45","700","1753","465","34","2056","589","45","2061","589","45","30329","2833","756","15199","345","11196"
"1194","Maja Marie Burgos Strømmen","Female","Søborg","DK-84","DK","F45-49","FIN","","","0:00:00","","0:00:00","","99999","99999","99999","","99999","99999","99999","99999","99999","99999","99999","99999","99999","","","","","",""
"1305","Jonatan Ingelström","Male","26491","SE-M","SE","M40-44","DNF","","0:38:05","0:05:23","2:18:07","0:02:53","","99999","99999","99999","","99999","99999","99999","99999","99999","99999","99999","99999","99999","","2285","323","8287","173",""
"557","Judit Danko","Female","Charlottenlund","Copenhagen","HU","F45-49","FIN","","","0:00:00","","0:00:00","","99999","99999","99999","","99999","99999","99999","99999","99999","99999","99999","99999","99999","","","","","",""
"2226","Egil Verhees","Male","Frederiksberg","Copenhagen","NL","M25-29","DNF","","1:10:10","0:09:54","3:38:55","0:11:36","","99999","99999","99999","","99999","99999","99999","99999","99999","99999","99999","99999","99999","","4210","594","13135","696",""
"2347","Ben Sayell","Male","Färjestaden","SE-H","SE","M40-44","DNF","","0:50:16","0:17:35","3:27:04","0:00:00","","99999","99999","99999","","99999","99999","99999","99999","99999","99999","99999","99999","99999","","3016","1055","12424","",""
"747","Dean Soby","Male","St Saviours","SOM","JE","M50-54","FIN","","","0:00:00","","0:00:00","","99999","99999","99999","","99999","99999","99999","99999","99999","99999","99999","99999","99999","","","","","",""
"1256","Martin Lunau","Male","Jyderup","","DK","M55-59","DNF","","0:48:58","0:07:47","3:01:30","0:07:05","","99999","99999","99999","","99999","99999","99999","99999","99999","99999","99999","99999","99999","","2938","467","10890","425",""
"1234","Daniel Krogsfeldt","Male","Brøndby","Copenhagen","DK","M18-24","DNF","","","0:00:00","","0:00:00","","99999","99999","99999","","99999","99999","99999","99999","99999","99999","99999","99999","99999","","","","","",""
"678","Jacob Agerbak","Male","København","DK-84","DK","M25-29","DNF","","0:44:12","0:07:18","","0:00:00","","99999","99999","99999","","99999","99999","99999","99999","99999","99999","99999","99999","99999","","2652","438","","",""
"1598","Daria Kotelnikova","Female","Paralimni","Ammochostos","CY","F40-44","DNF","","0:57:09","0:15:50","4:06:12","0:00:00","","99999","99999","99999","","99999","99999","99999","99999","99999","99999","99999","99999","99999","","3429","950","14772","",""
"1191","Mikkel Ditlev Stange Jacobsen","Male","Gadstrup","SJÆLLAND","DK","M25-29","FIN","","","0:00:00","","0:00:00","","99999","99999","99999","","99999","99999","99999","99999","99999","99999","99999","99999","99999","","","","","",""
"579","Maria Nissen","Female","Valby","DK-84","DK","F35-39","DNF","","0:39:28","0:05:33","2:27:35","0:00:00","","99999","99999","99999","","99999","99999","99999","99999","99999","99999","99999","99999","99999","","2368","333","8855","",""
"1578","Helle Bertelsen","Female","Aalborg","North Jütland","DK","F25-29","FIN","8:05:57","1:11:14","0:09:40","3:41:22","0:10:26","2:53:14","99999","99999","99999","","99999","99999","99999","99999","99999","99999","99999","99999","99999","29157","4274","580","13282","626","10394"
"236","Henrik Mathiesen","Male","Espergaerde","DK-85","DK","M60-64","FIN","","","0:00:00","","0:00:00","","99999","99999","99999","","99999","99999","99999","99999","99999","99999","99999","99999","99999","","","","","",""
"882","Mathias Christiansen","Male","Fredensborg","DK-84","DK","M25-29","DNF","","0:34:23","0:09:16","2:46:30","0:08:12","","99999","99999","99999","","99999","99999","99999","99999","99999","99999","99999","99999","99999","","2063","556","9990","492",""
"1127","Mona Maria","Female","Skovlunde","","DK","F40-44","DNF","","0:43:23","0:08:16","3:14:34","0:00:00","","99999","99999","99999","","99999","99999","99999","99999","99999","99999","99999","99999","99999","","2603","496","11674","",""
"1286","Linda Palmberg","Female","drammen","NO-06","NO","F45-49","FIN","","","0:00:00","","0:00:00","","99999","99999","99999","","99999","99999","99999","99999","99999","99999","99999","99999","99999","","","","","",""
"2310","Honas Kader","Male","København","HOVEDSTADEN","DK","M25-29","DNF","","","0:00:00","","0:00:00","","99999","99999","99999","","99999","99999","99999","99999","99999","99999","99999","99999","99999","","","","","",""
"384","René Jensen","Male","Helsingør","DK-85","DK","M60-64","FIN","","","0:00:00","","0:00:00","","99999","99999","99999","","99999","99999","99999","99999","99999","99999","99999","99999","99999","","","","","",""
"44","Florin Parfuss","Male","St. Gallen","","CH","MPRO","DNF","","0:23:22","0:03:23","","0:00:00","","99999","99999","99999","","99999","99999","99999","99999","99999","99999","99999","99999","99999","","1402","203","","",""
"198","Wouter De Vet","Male","Dubai","AE-DU","NL","M35-39","DNF","","0:35:46","0:07:33","2:31:05","0:04:49","","99999","99999","99999","","99999","99999","99999","99999","99999","99999","99999","99999","99999","","2146","453","9065","289",""
"879","Stephanie Korsgaard","Female","
Køge","SJÆLLAND","DK","F35-39","DNF","","","0:00:00","","0:00:00","","99999","99999","99999","","99999","99999","99999","99999","99999","99999","99999","99999","99999","","","","","",""
"2340","Asbjørn Frederik Viuf Christiansen","Male","Aarhus C","DK-82","DK","M25-29","FIN","","","0:00:00","","0:00:00","","99999","99999","99999","","99999","99999","99999","99999","99999","99999","99999","99999","99999","","","","","",""
"1212","Stein Gundersen","Male","Jessheim","foreigner","NO","M60-64","FIN","","","0:00:00","","0:00:00","","99999","99999","99999","","99999","99999","99999","99999","99999","99999","99999","99999","99999","","","","","",""
"240","Daniela Hvistendahl","Female","Oslo","Oslo","NO","F30-34","FIN","","","0:00:00","","0:00:00","","99999","99999","99999","","99999","99999","99999","99999","99999","99999","99999","99999","99999","","","","","",""
"1201","Morten Falch","Male","GentofteGentofte","DK-84","DK","M50-54","DNF","","0:45:12","0:08:16","2:38:05","0:03:46","","99999","99999","99999","","99999","99999","99999","99999","99999","99999","99999","99999","99999","","2712","496","9485","226",""
"5025","Nicole Pelin","Female","Varberg","","SE","FPRO","FIN","","","0:00:00","","0:00:00","","99999","99999","99999","","99999","99999","99999","99999","99999","99999","99999","99999","99999","","","","","",""
"841","Paulin-Sophie Conrad","Female","Rathenow OT Semlin","DE-BB","DE","F18-24","FIN","","","0:00:00","","0:00:00","","99999","99999","99999","","99999","99999","99999","99999","99999","99999","99999","99999","99999","","","","","",""
"1562","Sigbjørn Netland","Male","Kvinesdal","NO-10","NO","M50-54","DNF","","","0:00:00","","0:00:00","","99999","99999","99999","","99999","99999","99999","99999","99999","99999","99999","99999","99999","","","","","",""
"828","Christina Tryk Møller","Female","Fårvang","","DK","F30-34","DNF","","0:47:48","0:08:16","","0:00:00","","99999","99999","99999","","99999","99999","99999","99999","99999","99999","99999","99999","99999","","2868","496","","",""
"2124","Frederikke Lett","Female","København Ø","DK-84","DK","F50-54","DNF","7:33:35","0:54:36","0:11:31","3:31:14","0:12:35","2:43:40","99999","99999","99999","","99999","99999","99999","99999","99999","99999","99999","99999","99999","27215","3276","691","12674","755","9820"
"600","Martin Karup","Male","Holbæk","Sjælland","DK","M50-54","FIN","","","0:00:00","","0:00:00","","99999","99999","99999","","99999","99999","99999","99999","99999","99999","99999","99999","99999","","","","","",""
"1894","Frank Miao","Male","København","DK-84","DK","M40-44","DNF","","0:51:46","0:10:32","3:09:25","0:00:00","","99999","99999","99999","","99999","99999","99999","99999","99999","99999","99999","99999","99999","","3106","632","11365","",""
"52","Joona Lehtonen","Male","Tampere","","FI","MPRO","DNF","","0:26:24","0:03:18","2:22:23","0:02:47","","99999","99999","99999","","99999","99999","99999","99999","99999","99999","99999","99999","99999","","1584","198","8543","167",""
"2254","Henrik Hansborg-Sørensen","Male","Munkebo
Munkebo","","DK","M50-54","DNF","","","0:00:00","","0:00:00","","99999","99999","99999","","99999","99999","99999","99999","99999","99999","99999","99999","99999","","","","","",""
"1074","Simon Elvstrøm","Male","Aarhus","MIDTJYLLAND","DK","M18-24","DNF","","0:37:11","0:06:09","","0:00:00","","99999","99999","99999","","99999","99999","99999","99999","99999","99999","99999","99999","99999","","2231","369","","",""
"234","Liam Hills","Male","Stafford ","STS","GB","M40-44","FIN","","","0:00:00","","0:00:00","","99999","99999","99999","","99999","99999","99999","99999","99999","99999","99999","99999","99999","","","","","",""
"821","Jacob Bisgaard knudsen","Male","Oslo","NO-03","NO","M50-54","DNF","","0:36:32","0:04:33","2:30:20","0:03:23","","99999","99999","99999","","99999","99999","99999","99999","99999","99999","99999","99999","99999","","2192","273","9020","203",""
"47","Lukas Stahl","Male","Horgau","foreigner","DE","MPRO","FIN","","","0:00:00","","0:00:00","","99999","99999","99999","","99999","99999","99999","99999","99999","99999","99999","99999","99999","","","","","",""
"1489","Mikkel Mejsler","Male","3000","DK-84","DK","M40-44","FIN","","","0:00:00","","0:00:00","","99999","99999","99999","","99999","99999","99999","99999","99999","99999","99999","99999","99999","","","","","",""
"1353","Rikke Bjørnstad","Female","
Vallensbæk Strand","HOVEDSTADEN","DK","F30-34","DNF","","0:47:33","0:06:35","3:22:07","1:10:20","","99999","99999","99999","","99999","99999","99999","99999","99999","99999","99999","99999","99999","","2853","395","12127","4220",""
"29","Almog Elazary","Male","Beer Yakkov","TEL AVIV","IL","MPRO","FIN","","","0:00:00","","0:00:00","","99999","99999","99999","","99999","99999","99999","99999","99999","99999","99999","99999","99999","","","","","",""
"5012","Jeanne Collonge","Female","Saint-Étienne","","FR","FPRO","FIN","","","0:00:00","","0:00:00","","99999","99999","99999","","99999","99999","99999","99999","99999","99999","99999","99999","99999","","","","","",""
"1651","Lizette Seaward","Female","Glasgow","LAN","GB","F60-64","DNF","","1:20:34","0:00:00","","0:00:00","","99999","99999","99999","","99999","99999","99999","99999","99999","99999","99999","99999","99999","","4834","","","",""
"1159","Andreas Traberg","Male","København","DK-84","DK","M25-29","DNF","","0:28:56","0:05:22","2:24:48","0:04:21","","99999","99999","99999","","99999","99999","99999","99999","99999","99999","99999","99999","99999","","1736","322","8688","261",""
"1730","Johan Torle","Male","Odder","DK-82","SE","M35-39","FIN","","","0:00:00","","0:00:00","","99999","99999","99999","","99999","99999","99999","99999","99999","99999","99999","99999","99999","","","","","",""
"1881","Johan Mattsson","Male","Falun","Dalarna","SE","M50-54","FIN","","","0:00:00","","0:00:00","","99999","99999","99999","","99999","99999","99999","99999","99999","99999","99999","99999","99999","","","","","",""
"2018","Bjarne Buur","Male","København NV","Copenhagen","DK","M50-54","DNF","","","0:00:00","","0:00:00","","99999","99999","99999","","99999","99999","99999","99999","99999","99999","99999","99999","99999","","","","","",""
"1748","Andreas Faerk","Male","Hellerup","","DK","M40-44","DNF","","0:33:04","0:05:32","","0:00:00","","99999","99999","99999","","99999","99999","99999","99999","99999","99999","99999","99999","99999","","1984","332","","",""
"61","Hampus Månsson","Male","Upplands Väsby","STOCKHOLMS LAN [SE-01]","SE","MPRO","FIN","","","0:00:00","","0:00:00","","99999","99999","99999","","99999","99999","99999","99999","99999","99999","99999","99999","99999","","","","","",""
"1876","Nikolaj Kristensen","Male","Aarhus","DK-82","DK","M25-29","DNF","","0:38:26","0:08:43","4:39:36","0:00:00","","99999","99999","99999","","99999","99999","99999","99999","99999","99999","99999","99999","99999","","2306","523","16776","",""
"2424","Christian Strange","Male","Copenhagen","DK-84","DK","M35-39","FIN","","","0:00:00","","0:00:00","","99999","99999","99999","","99999","99999","99999","99999","99999","99999","99999","99999","99999","","","","","",""
"1625","Søren Lystbæk","Male","Lemvig","Central Jutland","DK","M40-44","FIN","6:22:55","1:16:41","0:09:27","2:42:05","0:02:42","2:12:00","99999","99999","99999","","99999","99999","99999","99999","99999","99999","99999","99999","99999","22975","4601","567","9725","162","7920"
"1334","Anders Christopher Nielsen","Male","
Fredensborg","","DK","M55-59","DNF","","0:41:48","0:08:56","1:37:14","0:00:00","","99999","99999","99999","","99999","99999","99999","99999","99999","99999","99999","99999","99999","","2508","536","5834","",""
"36","Bastian Peitersen","Male","Søborg","foreigner","DK","MPRO","FIN","","","0:00:00","","0:00:00","","99999","99999","99999","","99999","99999","99999","99999","99999","99999","99999","99999","99999","","","","","",""
"2196","Claire Heskin","Female","Galway ","Galway, Clare, Mayo","IE","F35-39","FIN","","","0:00:00","","0:00:00","","99999","99999","99999","","99999","99999","99999","99999","99999","99999","99999","99999","99999","","","","","",""
"2024","Morten Solgaard","Female","Svedala","SE-M","SE","M50-54","DNF","","0:47:43","0:08:54","","0:00:00","","99999","99999","99999","","99999","99999","99999","99999","99999","99999","99999","99999","99999","","2863","534","","",""
"1434","Monica Heggli","Female","Copenhagen","DK-84","NO","F50-54","FIN","","","0:00:00","","0:00:00","","99999","99999","99999","","99999","99999","99999","99999","99999","99999","99999","99999","99999","","","","","",""
"464","Victor Boesen Gandløse","Male","København","DK-84","DK","M18-24","FIN","","","0:00:00","","0:00:00","","99999","99999","99999","","99999","99999","99999","99999","99999","99999","99999","99999","99999","","","","","",""
"2246","Dian Petersen","Male","Dragør","DK-84","DK","M45-49","DNF","","0:56:13","0:07:09","3:25:26","0:00:00","","99999","99999","99999","","99999","99999","99999","99999","99999","99999","99999","99999","99999","","3373","429","12326","",""
"2372","Klara Eigtved","Female","
København S","","DK","F25-29","DNF","","0:42:15","0:05:31","2:34:10","0:02:53","","99999","99999","99999","","99999","99999","99999","99999","99999","99999","99999","99999","99999","","2535","331","9250","173",""
"19","Johannes Vogel","Male","Saarbrücken","SL","DE","MPRO","FIN","","","0:00:00","","0:00:00","","99999","99999","99999","","99999","99999","99999","99999","99999","99999","99999","99999","99999","","","","","",""
"1226","Pernille Thorsgaard","Female","Kolding","DK-83","DK","F25-29","DNF","","0:55:27","0:08:48","3:27:33","0:00:00","","99999","99999","99999","","99999","99999","99999","99999","99999","99999","99999","99999","99999","","3327","528","12453","",""
"427","Benjamin Glies","Male","Glostrup","Copenhagen","DK","M30-34","DNF","","","0:00:00","","0:00:00","","99999","99999","99999","","99999","99999","99999","99999","99999","99999","99999","99999","99999","","","","","",""
"371","Mathias Persson Bisgaard","Male","Helsingør","DK-85","DK","M30-34","FIN","","","0:00:00","","0:00:00","","99999","99999","99999","","99999","99999","99999","99999","99999","99999","99999","99999","99999","","","","","",""
"1229","William Myrberg","Male","Halmstad","SE-Halland","SE","M25-29","DNF","","","0:00:00","","0:00:00","","99999","99999","99999","","99999","99999","99999","99999","99999","99999","99999","99999","99999","","","","","",""
"294","Karolina Tamminen","Female","København S","DK-84","FI","F35-39","FIN","","","0:00:00","","0:00:00","","99999","99999","99999","","99999","99999","99999","99999","99999","99999","99999","99999","99999","","","","","",""
"2249","oscar Illerup Liebst","Male","Solrød strand","DK-85","DK","M18-24","DQ","","","0:00:00","","0:00:00","","99999","99999","99999","","99999","99999","99999","99999","99999","99999","99999","99999","99999","","","","","",""
"226","Neome Jähn","Female","hagen","Schleswig-Holstein","DE","F18-24","FIN","","","0:00:00","","0:00:00","","99999","99999","99999","","99999","99999","99999","99999","99999","99999","99999","99999","99999","","","","","",""
"309","Kohulan Thevachandran","Male","Frederiksberg","","DK","M35-39","FIN","","","0:00:00","","0:00:00","","99999","99999","99999","","99999","99999","99999","99999","99999","99999","99999","99999","99999","","","","","",""
"725","Magnus Natvig","Male","Kristiansand","","NO","M25-29","FIN","","","0:00:00","","0:00:00","","99999","99999","99999","","99999","99999","99999","99999","99999","99999","99999","99999","99999","","","","","",""
"1754","Howard Bamber","Male","Manchester","LAN","GB","M70-74","DNF","","0:57:13","0:10:57","3:26:45","0:05:56","","99999","99999","99999","","99999","99999","99999","99999","99999","99999","99999","99999","99999","","3433","657","12405","356",""
"1172","Christoffer Synnestvedt","Male","Oslo","NO-03","NO","M25-29","DNF","","0:37:24","0:09:41","","0:00:00","","99999","99999","99999","","99999","99999","99999","99999","99999","99999","99999","99999","99999","","2244","581","","",""
"531","Liselott Carlsson","Female","Kumla","","SE","F55-59","DNF","","0:52:14","0:10:21","4:09:12","0:00:00","","99999","99999","99999","","99999","99999","99999","99999","99999","99999","99999","99999","99999","","3134","621","14952","",""
"573","Vigdis A. Espenes","Female","Haugesund","NO-11","NO","F55-59","DNF","","0:38:10","0:07:46","1:39:08","0:11:55","","99999","99999","99999","","99999","99999","99999","99999","99999","99999","99999","99999","99999","","2290","466","5948","715",""
"1715","Nicolaj Nagel Hansen","Male","Slagelse","DK-85","DK","M30-34","FIN","","","0:00:00","","0:00:00","","99999","99999","99999","","99999","99999","99999","99999","99999","99999","99999","99999","99999","","","","","",""
"13","Cameron Wurf","Male","Mas de Ribafeta","","AU","MPRO","FIN","","","0:00:00","","0:00:00","","99999","99999","99999","","99999","99999","99999","99999","99999","99999","99999","99999","99999","","","","","",""
"984","Ammentorp Kjeld","Male","Frederiksberg ","","DM","M50-54","FIN","","","0:00:00","","0:00:00","","99999","99999","99999","","99999","99999","99999","99999","99999","99999","99999","99999","99999","","","","","",""
"1602","Gustav Fønss Schrøder","Male","Copenhagen","","DK","M30-34","DNF","","0:41:43","0:08:56","","0:00:00","","99999","99999","99999","","99999","99999","99999","99999","99999","99999","99999","99999","99999","","2503","536","","",""
"1999","Maria Rosendahl Christensen","Female","København Nv","Copenhagen","DK","F25-29","DNF","","","0:00:00","","0:00:00","","99999","99999","99999","","99999","99999","99999","99999","99999","99999","99999","99999","99999","","","","","",""
"370","Timm Stenholt Lindby","Male","HillerødHillerød","DK-84","DK","M35-39","FIN","","","0:00:00","","0:00:00","","99999","99999","99999","","99999","99999","99999","99999","99999","99999","99999","99999","99999","","","","","",""
"1324","Oyuntuya Munkhdelger","Female","Copenhagen ","Copenhagen","MN","F45-49","FIN","","","0:00:00","","0:00:00","","99999","99999","99999","","99999","99999","99999","99999","99999","99999","99999","99999","99999","","","","","",""
"2118","Mathilde Simling","Female","Frederiksberg","Copenhagen","DK","F30-34","DNF","","0:57:22","0:15:28","3:30:07","0:11:49","","99999","99999","99999","","99999","99999","99999","99999","99999","99999","99999","99999","99999","","3442","928","12607","709",""
"787","Martin Pramheden","Male","LUND","","SE","M55-59","DNF","","","0:00:00","","0:00:00","","99999","99999","99999","","99999","99999","99999","99999","99999","99999","99999","99999","99999","","","","","",""
"1497","Frederikke Gram","Female","
Lyngby","","DK","F30-34","DNF","","0:33:34","0:05:02","","0:00:00","","99999","99999","99999","","99999","99999","99999","99999","99999","99999","99999","99999","99999","","2014","302","","",""
"16","Emil Holm","Male","STORE HEDDINGE
STORE HEDDINGE","","DK","MPRO","DNF","","0:23:01","0:02:37","2:03:14","0:01:53","","99999","99999","99999","","99999","99999","99999","99999","99999","99999","99999","99999","99999","","1381","157","7394","113",""
"1677","Frederik Smollerup","Male","Copenhagen","DK-84","DK","M30-34","DNF","","0:38:12","0:05:29","2:22:46","0:04:03","","99999","99999","99999","","99999","99999","99999","99999","99999","99999","99999","99999","99999","","2292","329","8566","243",""
"812","Jonas Skuthälla","Male","Vasa","POHJANMAA","FI","M55-59","FIN","7:28:29","1:29:37","0:09:01","3:10:14","0:08:15","2:31:22","99999","99999","99999","","99999","99999","99999","99999","99999","99999","99999","99999","99999","26909","5377","541","11414","495","9082"
"1184","Chloe Watterston","Female","Addlestone","BRK","GB","F25-29","FIN","","","0:00:00","","0:00:00","","99999","99999","99999","","99999","99999","99999","99999","99999","99999","99999","99999","99999","","","","","",""
"152","Rasmus Kirkegaard Mortensen","Male","København SV","DK-84","DK","M45-49","DNF","","0:32:51","0:04:58","4:02:00","0:00:00","","99999","99999","99999","","99999","99999","99999","99999","99999","99999","99999","99999","99999","","1971","298","14520","",""
"14","Leon Chevalier","Male","Bradford on Avon","WIL","FR","MPRO","FIN","","","0:00:00","","0:00:00","","99999","99999","99999","","99999","99999","99999","99999","99999","99999","99999","99999","99999","","","","","",""
"1838","Stefan Lindqvist","Male","Motala","SE-E","SE","M40-44","DNF","","0:38:16","0:08:38","2:40:15","0:07:16","","99999","99999","99999","","99999","99999","99999","99999","99999","99999","99999","99999","99999","","2296","518","9615","436",""
"848","Oliver Arnits","Male","Copenhagen","Main","HU","M30-34","FIN","","","0:00:00","","0:00:00","","99999","99999","99999","","99999","99999","99999","99999","99999","99999","99999","99999","99999","","","","","",""
"1789","Caroline Jensen","Female","Åbyhøj","DK-82","DK","F18-24","DNF","","1:10:06","0:10:18","","0:00:00","","99999","99999","99999","","99999","99999","99999","99999","99999","99999","99999","99999","99999","","4206","618","","",""
"2344","Susanne Sayell","Female","Mörbylånga","SE-H","SE","F45-49","DNF","","0:56:46","0:11:13","3:27:16","2:12:38","","99999","99999","99999","","99999","99999","99999","99999","99999","99999","99999","99999","99999","","3406","673","12436","7958",""
"2181","Niels Nyborg","Male","Herlev","DK-84","DM","M35-39","DNF","","","0:00:00","","0:00:00","","99999","99999","99999","","99999","99999","99999","99999","99999","99999","99999","99999","99999","","","","","",""
"1964","Kasper Sander Hansen","Male","
Valby","","DK","M25-29","DQ","","","0:00:00","","0:00:00","","99999","99999","99999","","99999","99999","99999","99999","99999","99999","99999","99999","99999","","","","","",""
"1120","Mads Schmidt Rasmussen","Male","Charlottenlund","DK-84","DK","M25-29","DNF","","0:39:56","0:09:14","3:11:23","0:07:55","","99999","99999","99999","","99999","99999","99999","99999","99999","99999","99999","99999","99999","","2396","554","11483","475",""
"50","Finn Arentz","Male","Tenby","GB-WLS","GB","MPRO","FIN","","","0:00:00","","0:00:00","","99999","99999","99999","","99999","99999","99999","99999","99999","99999","99999","99999","99999","","","","","",""
"175","René Frølund","Male","Helsingør","DK-84","DK","M55-59","DNF","","","0:00:00","","0:00:00","","99999","99999","99999","","99999","99999","99999","99999","99999","99999","99999","99999","99999","","","","","",""
"846","Rozemarijn De Vet","Female","Apeldoorn","NL-GE","NL","F30-34","FIN","8:40:40","0:46:02","0:11:54","3:51:27","0:10:27","3:40:50","99999","99999","99999","","99999","99999","99999","99999","99999","99999","99999","99999","99999","31240","2762","714","13887","627","13250"
"34","Lars Lomholt","Male","Herning","","DK","MPRO","FIN","","","0:00:00","","0:00:00","","99999","99999","99999","","99999","99999","99999","99999","99999","99999","99999","99999","99999","","","","","",""
"1959","Stine Juhl Højgaard","Female","Århus","Central Jutland","DK","F25-29","DNF","6:47:20","1:10:00","0:20:18","2:49:02","0:10:00","2:18:00","99999","99999","99999","","99999","99999","99999","99999","99999","99999","99999","99999","99999","24440","4200","1218","10142","600","8280"
"727","Rebecca Duffy","Female","Dromahair","LEITRIM","IE","F30-34","FIN","","","0:00:00","","0:00:00","","99999","99999","99999","","99999","99999","99999","99999","99999","99999","99999","99999","99999","","","","","",""
"108","Mads Enevoldsen","Male","Roskilde","DK-85","DK","M25-29","DNF","","0:29:52","0:04:04","2:10:26","0:02:44","","99999","99999","99999","","99999","99999","99999","99999","99999","99999","99999","99999","99999","","1792","244","7826","164",""
"1005","Connie Olesen","Female","Kastrup","DK-85","DK","F50-54","DNF","","0:41:19","0:18:06","","0:00:00","","99999","99999","99999","","99999","99999","99999","99999","99999","99999","99999","99999","99999","","2479","1086","","",""
"1206","Bente Fallesen","Female","
Mårslet","","DK","F60-64","DNF","","0:41:57","0:00:00","","0:00:00","","99999","99999","99999","","99999","99999","99999","99999","99999","99999","99999","99999","99999","","2517","","","",""
"2407","Lasse Skjødt","Male","København Ø","","DK","M25-29","FIN","","","0:00:00","","0:00:00","","99999","99999","99999","","99999","99999","99999","99999","99999","99999","99999","99999","99999","","","","","",""
"346","Mathias Hvid","Male","København NV","DK-84","DK","M30-34","DNF","","0:28:42","0:09:03","2:55:14","0:07:52","","99999","99999","99999","","99999","99999","99999","99999","99999","99999","99999","99999","99999","","1722","543","10514","472",""
"1893","Semen Krotkykh","Male","Greve","DK-85","DK","M40-44","FIN","","","0:00:00","","0:00:00","","99999","99999","99999","","99999","99999","99999","99999","99999","99999","99999","99999","99999","","","","","",""
"251","Victoria Louw","Female","Dubai","AE-DU","ZA","F40-44","FIN","8:35:22","1:32:57","0:15:55","3:45:08","0:08:28","2:52:54","99999","99999","99999","","99999","99999","99999","99999","99999","99999","99999","99999","99999","30922","5577","955","13508","508","10374"
"3","Kyle Smith","Male","Taupo ","WAIKATO","NZ","MPRO","DNF","","0:22:40","0:02:47","2:03:25","0:01:51","","99999","99999","99999","","99999","99999","99999","99999","99999","99999","99999","99999","99999","","1360","167","7405","111",""
"1738","Anton Frandsen","Male","København","Copenhagen","DK","M18-24","DNF","","","0:00:00","","0:00:00","","99999","99999","99999","","99999","99999","99999","99999","99999","99999","99999","99999","99999","","","","","",""
"281","Jacob Olsen","Male","København","","DK","M35-39","FIN","","","0:00:00","","0:00:00","","99999","99999","99999","","99999","99999","99999","99999","99999","99999","99999","99999","99999","","","","","",""
"2374","Jørgen Andre Thorsen","Male","BERGEN","Vestland","NO","M30-34","FIN","","","0:00:00","","0:00:00","","99999","99999","99999","","99999","99999","99999","99999","99999","99999","99999","99999","99999","","","","","",""
"1125","Olav Jørgensen","Male","Tofte","NO-02","NO","M45-49","FIN","","","0:00:00","","0:00:00","","99999","99999","99999","","99999","99999","99999","99999","99999","99999","99999","99999","99999","","","","","",""
"1128","Patrik Søgart","Male","Copenhagen","DK-84","DK","M40-44","FIN","","","0:00:00","","0:00:00","","99999","99999","99999","","99999","99999","99999","99999","99999","99999","99999","99999","99999","","","","","",""
"2197","August Nielsen","Male","København K","Copenhagen","DK","M25-29","DNF","","1:13:42","0:00:00","","0:00:00","","99999","99999","99999","","99999","99999","99999","99999","99999","99999","99999","99999","99999","","4422","","","",""
"380","Line Pommer","Female","Helsingør","DK-85","DK","F45-49","FIN","","","0:00:00","","0:00:00","","99999","99999","99999","","99999","99999","99999","99999","99999","99999","99999","99999","99999","","","","","",""
"2417","Haldor Sondergaard","Male","København Ø","DK-84","DK","M18-24","DNF","","0:36:44","0:05:01","2:13:11","0:04:45","","99999","99999","99999","","99999","99999","99999","99999","99999","99999","99999","99999","99999","","2204","301","7991","285",""
"269","Marek Kolasniewski","Male","Poznan","PL-WP","PL","M50-54","FIN","","","0:00:00","","0:00:00","","99999","99999","99999","","99999","99999","99999","99999","99999","99999","99999","99999","99999","","","","","",""
"2400","Girish Premchandran","Male","Hørning","Midtjylland","DK","M50-54","DNF","8:05:22","1:08:46","0:17:58","3:28:45","0:08:54","3:00:59","99999","99999","99999","","99999","99999","99999","99999","99999","99999","99999","99999","99999","29122","4126","1078","12525","534","10859"
"265","Dennis Thrane Wachmann","Male","3000
Helsingor","","DK","M45-49","DNF","","0:33:59","0:06:09","2:21:27","0:03:49","","99999","99999","99999","","99999","99999","99999","99999","99999","99999","99999","99999","99999","","2039","369","8487","229",""
"1912","David Lønborg","Male","Bjergby","DK-81","DK","M30-34","DNF","","","0:00:00","","0:00:00","","99999","99999","99999","","99999","99999","99999","99999","99999","99999","99999","99999","99999","","","","","",""
"5011","Sara Svensk","Female","Mölnlycke","","SE","FPRO","FIN","","","0:00:00","","0:00:00","","99999","99999","99999","","99999","99999","99999","99999","99999","99999","99999","99999","99999","","","","","",""
"104","Amalie Sophie Hansen","Female","Roskilde","DK-85","DK","F25-29","DNF","","0:41:48","0:05:13","","0:00:00","","99999","99999","99999","","99999","99999","99999","99999","99999","99999","99999","99999","99999","","2508","313","","",""
"499","Johan BENGTSSON","Male","Råå","SE-M","SE","M45-49","DNF","","0:53:23","0:12:19","3:43:57","0:00:00","","99999","99999","99999","","99999","99999","99999","99999","99999","99999","99999","99999","99999","","3203","739","13437","",""
"1750","Tor Erik Dahl","Male","Gjettum","NO-02","NO","M50-54","DNF","","0:35:36","0:05:41","","0:00:00","","99999","99999","99999","","99999","99999","99999","99999","99999","99999","99999","99999","99999","","2136","341","","",""
"224","Shweta Sastri","Female","Bangalore","IN-KA","IN","F40-44","DNF","","","0:00:00","","0:00:00","","99999","99999","99999","","99999","99999","99999","99999","99999","99999","99999","99999","99999","","","","","",""
"263","Nicolaj Jensen","Male","Kongens Lyngby","Copenhagen","DK","M25-29","FIN","","","0:00:00","","0:00:00","","99999","99999","99999","","99999","99999","99999","99999","99999","99999","99999","99999","99999","","","","","",""
"289","Julie Gjettermann Bergelin","Female","Hellerup","DK-84","DK","F40-44","FIN","","","0:00:00","","0:00:00","","99999","99999","99999","","99999","99999","99999","99999","99999","99999","99999","99999","99999","","","","","",""
"1650","Hester Van Wyk","Female","Glasgow","GB-SCT","GB","F60-64","DNF","","0:45:01","0:00:00","","0:00:00","","99999","99999","99999","","99999","99999","99999","99999","99999","99999","99999","99999","99999","","2701","","","",""
"340","Iben Nymand","Female","Copenhagen N","DK-84","DK","F35-39","FIN","","","0:00:00","","0:00:00","","99999","99999","99999","","99999","99999","99999","99999","99999","99999","99999","99999","99999","","","","","",""