Bib Number,Athlete Name,Gender,City,State,Country,Division,Status,Finish Time,Swim Time,T1 Time,Bike Time,T2 Time,Run Time,Overall Rank,Gender Rank,Division Rank,AWA Points,Swim Rank (Overall),Swim Rank (Gender),Swim Rank (Division),Bike Rank (Overall),Bike Rank (Gender),Bike Rank (Division),Run Rank (Overall),Run Rank (Gender),Run Rank (Division),Finish (Seconds),Swim (Seconds),T1 (Seconds),Bike (Seconds),T2 (Seconds),Run (Seconds)
"1","Florian Angert","Male","Brackenheim","Baden-Württemberg","DE","MPRO","FIN","3:38:52","0:21:54","0:02:38","1:58:02","0:01:39","1:14:39","1","1","1","3500","2","2","1","2","2","2","1","1","1","13132","1314","158","7082","99","4479"
"13","Emmanuel Lejeune","Male","Quievrain","BE-WHT","BE","MPRO","FIN","3:41:48","0:22:03","0:02:40","2:03:49","0:01:48","1:11:29","2","2","2","3447","8","8","7","9","9","9","2","2","2","13308","1323","160","7429","108","4289"
"16","Ondrej Kubo","Male","Piešťany","Trnavský kraj","SK","MPRO","FIN","3:42:13","0:23:59","0:02:48","1:58:48","0:01:38","1:15:00","3","3","3","3439","18","17","12","3","3","3","3","3","3","13333","1439","168","7128","98","4500"
"25","Dorian Horsten","Male","'s-Hertogenbosch","North Brabant","NL","MPRO","FIN","3:43:04","0:22:02","0:02:37","1:56:36","0:01:54","1:19:54","4","4","4","3424","7","7","6","1","1","1","4","4","4","13384","1322","157","6996","114","4794"
"20","Vincent Größer","Male","Fernwald","foreigner","DE","MPRO","FIN","3:43:56","0:23:38","0:02:44","1:59:13","0:01:38","1:16:43","5","5","5","3408","15","14","11","4","4","4","5","5","5","13436","1418","164","7153","98","4603"
"26","Rostyslav Pevtsov","Male","Toledo","","UA","MPRO","FIN","3:45:13","0:22:01","0:02:40","2:01:21","0:01:52","1:17:19","6","6","6","3385","6","6","5","8","8","8","6","6","6","13513","1321","160","7281","112","4639"
"8","Pavel Wohl","Male","Praha","foreigner","CZ","MPRO","FIN","3:46:02","0:23:25","0:02:46","1:59:36","0:01:48","1:18:27","7","7","7","3371","13","12","9","6","6","6","7","7","7","13562","1405","166","7176","108","4707"
"15","Malachi Cashmore","Male","Malvern","WMD","GB","MPRO","FIN","3:46:44","0:22:00","0:02:29","2:01:11","0:01:46","1:19:17","8","8","8","3358","5","5","4","5","5","5","8","8","8","13604","1320","149","7271","106","4757"
"18","Mateo Reddy","Male","Geneva","GENEVE","CH","MPRO","FIN","3:49:43","0:25:17","0:02:56","2:00:44","0:01:49","1:18:58","9","9","9","3304","23","22","15","11","11","11","9","9","9","13783","1517","176","7244","109","4738"
"14","Jan Poplawski","Male","Ostrowiec Św.","świętokrzyskie","PL","MPRO","FIN","3:50:41","0:23:35","0:03:09","2:02:06","0:01:59","1:19:52","10","10","10","3287","14","13","10","10","10","10","10","10","10","13841","1415","189","7326","119","4792"
"5","Denis Chevrot","Male","Sorbiers","","FR","MPRO","FIN","3:53:23","0:22:04","0:02:50","2:11:55","0:01:48","1:14:46","11","11","11","3238","9","9","8","15","15","14","11","11","11","14003","1324","170","7915","108","4486"
"3","Kurt McDonald","Male","Camperdown","AU-VIC","AU","MPRO","FIN","3:53:25","0:21:59","0:02:34","2:01:19","0:01:40","1:25:52","12","12","12","3238","4","4","3","7","7","7","12","12","12","14005","1319","154","7279","100","5152"
"7","Jan Volár","Male","Hradec Králové","Hradec Králové Region","CZ","MPRO","FIN","3:53:31","0:21:57","0:02:51","2:06:54","0:02:12","1:19:37","13","13","13","3236","3","3","2","12","12","12","13","13","13","14011","1317","171","7614","132","4777"
"22","Lorenzo Delco","Male","Mendrisio","","CH","MPRO","FIN","4:02:23","0:27:42","0:03:13","2:08:01","0:02:31","1:20:55","14","14","14","3076","65","55","18","17","17","15","14","14","14","14543","1662","193","7681","151","4855"
"1489","Leopold Karl","Male","Vienna","AT-9","AT","M18-24","FIN","4:02:59","0:27:16","0:03:11","2:10:22","0:02:12","1:19:57","15","15","1","3500","52","44","12","20","20","2","15","15","1","14579","1636","191","7822","132","4797"
"17","Jan Kepinski","Male","Warsaw","mazowieckie","PL","MPRO","FIN","4:04:02","0:25:32","0:03:02","2:06:30","0:02:21","1:26:37","16","16","15","3047","29","27","17","13","13","13","16","16","15","14642","1532","182","7590","141","5197"
"12","Thomas Williams","Male","Wellington","","NZ","MPRO","FIN","4:05:00","0:24:21","0:03:21","2:12:32","0:01:51","1:22:54","17","17","16","3029","19","18","13","19","19","16","17","17","16","14700","1461","201","7952","111","4974"
"19","Xabier Tijero","Male","Barakaldo","BIZKAIA","ES","MPRO","FIN","4:07:00","0:25:30","0:03:03","2:14:07","0:02:29","1:21:52","18","18","17","2993","27","25","16","23","23","17","18","18","17","14820","1530","183","8047","149","4912"
"416","Sebastian König","Male","Kemberg","DE-ST","DE","M35-39","FIN","4:07:07","0:30:28","0:03:49","2:11:12","0:02:26","1:19:12","19","19","1","3500","155","127","15","29","27","1","19","19","1","14827","1828","229","7872","146","4752"
"1388","Elian Gaborit","Male","St Gilles Croix de Vie","","FR","M18-24","FIN","4:08:29","0:25:30","0:03:38","2:11:01","0:02:09","1:26:11","20","20","2","3401","28","26","6","18","18","1","20","20","2","14909","1530","218","7861","129","5171"
"119","Adam Provaznik","Male","Teplice","CZ-426","CZ","M25-29","FIN","4:10:50","0:27:28","0:03:44","2:14:26","0:01:59","1:23:13","21","21","1","3500","58","50","5","30","28","5","21","21","1","15050","1648","224","8066","119","4993"
"5006","Sarah Schönfelder","Female","Nürnberg","DE-BY","DE","FPRO","FIN","4:11:21","0:28:24","0:03:13","2:11:03","0:02:23","1:26:19","22","1","1","3500","80","14","9","24","1","1","22","1","1","15081","1704","193","7863","143","5179"
"5002","Diede Diederiks","Female","Maastricht","foreigner","NL","FPRO","FIN","4:11:57","0:27:05","0:03:10","2:14:38","0:01:59","1:25:03","23","2","2","3489","47","6","4","27","2","2","23","2","2","15117","1625","190","8078","119","5103"
"1406","Adrian Roweck","Male","Hannoversch Münden","foreigner","DE","M25-29","FIN","4:12:14","0:23:50","0:03:55","2:09:39","0:02:21","1:32:30","24","22","2","3474","16","15","2","16","16","2","24","22","2","15134","1430","235","7779","141","5550"
"1215","Kristo Prangel","Male","Tartu","Tartumaa","EE","M25-29","FIN","4:13:26","0:27:35","0:03:24","2:12:49","0:03:00","1:26:39","25","23","3","3453","60","52","7","25","24","3","25","23","3","15206","1655","204","7969","180","5199"
"5005","Sandra Huon","Female","Girona","ES-GI","FR","FPRO","FIN","4:13:44","0:27:11","0:03:09","2:16:01","0:01:47","1:25:36","26","3","3","3457","49","7","5","33","4","4","26","3","3","15224","1631","189","8161","107","5136"
"1380","Filip Gabriel","Male","Praha","Prague","CZ","M18-24","FIN","4:15:13","0:27:39","0:04:23","2:15:17","0:03:02","1:24:52","27","24","3","3279","64","54","14","36","32","5","27","24","3","15313","1659","263","8117","182","5092"
"112","Adam Darebník","Male","Nové Město nad Metují","CZ-52","CZ","M30-34","FIN","4:17:03","0:30:41","0:03:53","2:06:27","0:03:59","1:32:03","28","25","1","3500","165","137","16","21","21","1","28","25","1","15423","1841","233","7587","239","5523"
"5013","Francesca Smith","Female","London","SRY","GB","FPRO","FIN","4:17:07","0:25:47","0:03:08","2:18:33","0:01:54","1:27:45","29","4","4","3396","33","3","2","37","5","5","29","4","4","15427","1547","188","8313","114","5265"
"5003","Petra Kurikova","Female","Jablonec nad Nisou","","CZ","FPRO","FIN","4:17:08","0:23:08","0:03:02","2:22:23","0:02:11","1:26:24","30","5","5","3395","11","1","1","39","6","6","30","5","5","15428","1388","182","8543","131","5184"
"1140","Jan Kužel","Male","Jevany","","CZ","M18-24","FIN","4:17:31","0:29:24","0:04:25","2:12:18","0:02:05","1:29:20","31","26","4","3238","109","92","20","31","29","4","31","26","4","15451","1764","265","7938","125","5360"
"1466","Konstantinos Chatzigeorgiou","Male","Volos","foreigner","GR","M25-29","FIN","4:17:41","0:21:40","0:04:15","2:10:22","0:02:46","1:38:37","32","27","4","3376","1","1","1","14","14","1","32","27","4","15461","1300","255","7822","166","5917"
"114","Jiri Kaplan","Male","STARE HRADISTE","CZ-Pardubice Region","CZ","M45-49","FIN","4:18:16","0:28:19","0:04:16","2:09:22","0:03:09","1:33:11","33","28","1","3500","75","63","2","22","22","1","33","28","1","15496","1699","256","7762","189","5591"
"909","Robin Opletal","Male","Ricany","Central Bohemian Region","CZ","M25-29","FIN","4:18:54","0:27:38","0:04:05","2:12:55","0:02:31","1:31:46","34","29","5","3354","61","53","8","26","25","4","34","29","5","15534","1658","245","7975","151","5506"
"21","Robert Schönberger","Male","Frankfurt am Main","HESSEN","DE","MPRO","FIN","4:18:55","0:25:07","0:03:05","2:19:53","0:02:25","1:28:25","35","30","18","2779","21","20","14","38","33","18","35","30","18","15535","1507","185","8393","145","5305"
"742","Stepan Moravec","Male","vratkov","Central Bohemian Region","CZ","M18-24","FIN","4:19:29","0:25:40","0:03:29","2:16:20","0:02:39","1:31:21","36","31","5","3203","31","29","7","28","26","3","36","31","5","15569","1540","209","8180","159","5481"
"1528","Ondrej Pleskot","Male","Pardubice","PARDUBICE","CZ","M40-44","FIN","4:19:45","0:30:05","0:04:15","2:14:16","0:04:24","1:26:45","37","32","1","3500","136","112","10","40","34","1","37","32","1","15585","1805","255","8056","264","5205"
"199","Christopher Hentschel","Male","Lippstadt","NW","DE","M30-34","FIN","4:20:07","0:30:37","0:03:45","2:19:43","0:02:22","1:23:40","38","33","2","3444","161","133","14","56","48","4","38","33","2","15607","1837","225","8383","142","5020"
"765","Krystof Kudrhalt","Male","Prague","Prague","CZ","M30-34","FIN","4:20:59","0:29:14","0:05:03","2:17:27","0:02:45","1:26:31","39","34","3","3429","101","84","8","46","40","2","39","34","3","15659","1754","303","8247","165","5191"
"704","Josef Pešl","Male","Nová Paka","Hradec Králové Region","CZ","M40-44","FIN","4:22:44","0:27:20","0:04:05","2:19:17","0:02:07","1:29:55","40","35","2","3446","55","47","5","44","38","2","40","35","2","15764","1640","245","8357","127","5395"
"5001","Henrike Güber","Female","Hamburg","foreigner","DE","FPRO","FIN","4:22:53","0:27:43","0:03:04","2:15:32","0:02:04","1:34:31","41","6","6","3292","66","11","7","32","3","3","41","6","6","15773","1663","184","8132","124","5671"
"166","Jan Kundrát","Male","Valašské Meziříčí","CZ-80","CZ","M35-39","FIN","4:23:10","0:33:40","0:04:06","2:19:52","0:02:43","1:22:49","42","36","2","3211","362","305","51","67","58","8","42","36","2","15790","2020","246","8392","163","4969"
"133","Marcin Chojnacki","Male","Koluszki","PL-LD","PL","M50-54","FIN","4:23:40","0:29:47","0:04:02","2:15:36","0:02:44","1:31:32","43","37","1","3500","123","103","9","42","36","4","43","37","1","15820","1787","242","8136","164","5492"
"932","Jan Moravecek","Male","Zeleneč","Central Bohemian Region","CZ","M25-29","FIN","4:24:28","0:27:19","0:04:29","2:23:57","0:02:47","1:25:56","44","38","6","3254","54","46","4","59","51","7","44","38","6","15868","1639","269","8637","167","5156"
"105","Martin Leirer","Male","Wiener Neustadt","AT-NIEDEROSTERREICH","AT","M50-54","FIN","4:26:03","0:28:50","0:03:49","2:16:02","0:02:07","1:35:15","45","39","2","3457","89","73","7","41","35","3","45","39","2","15963","1730","229","8162","127","5715"
"1326","Tomáš Blažej","Male","Háj ve Slezsku","CZ-805","CZ","M30-34","FIN","4:26:18","0:28:46","0:05:01","2:19:56","0:03:03","1:29:33","46","40","4","3333","88","72","6","54","46","3","46","40","4","15978","1726","301","8396","183","5373"
"1255","Marek Kindl","Male","Beroun","Central Bohemian Region","CZ","M18-24","FIN","4:27:40","0:25:49","0:03:00","2:23:52","0:03:49","1:31:11","47","41","6","3055","34","31","9","50","43","6","47","41","6","16060","1549","180","8632","229","5471"
"122","Keith Murray","Male","Darlington","GB-DAL","GB","M50-54","FIN","4:28:16","0:28:42","0:03:49","2:14:07","0:04:35","1:37:03","48","42","3","3417","86","70","6","34","30","1","48","42","3","16096","1722","229","8047","275","5823"
"5010","Tiina Pohjalainen","Female","Espoo","","FI","FPRO","FIN","4:28:49","0:27:38","0:03:10","2:25:18","0:02:02","1:30:40","49","7","7","3185","63","10","6","62","9","9","49","7","7","16129","1658","190","8718","122","5440"
"173","Petr Suchánek Ml.","Male","Kolín","Středočeský","CZ","M25-29","FIN","4:29:21","0:28:42","0:04:03","2:23:09","0:03:08","1:30:20","50","43","7","3166","85","69","9","60","52","8","50","43","7","16161","1722","243","8589","188","5420"
"1121","Steven Paul","Male","Belfast","GB-Prague","GB","M35-39","FIN","4:31:14","0:32:11","0:05:14","2:19:46","0:02:59","1:31:04","51","44","3","3065","247","205","30","65","56","6","51","44","3","16274","1931","314","8386","179","5464"
"1273","Jan Franěk","Male","","Central Bohemian Region","CZ","M25-29","FIN","4:31:23","0:27:30","0:04:07","2:17:52","0:02:35","1:39:19","52","45","8","3130","59","51","6","43","37","6","52","45","8","16283","1650","247","8272","155","5959"
"1293","Tomáš Klapuch","Male","Hájek","Karlovy Vary Region","CZ","M25-29","FIN","4:31:32","0:29:11","0:04:22","2:25:36","0:02:57","1:29:26","53","46","9","3127","100","83","12","77","67","9","53","46","9","16292","1751","262","8736","177","5366"
"5007","Barbora Besperat","Female","Praha 22","Prague","CZ","FPRO","FIN","4:31:34","0:29:59","0:03:33","2:18:20","0:02:06","1:37:36","54","8","8","3136","131","22","10","47","7","7","54","8","8","16294","1799","213","8300","126","5856"
"734","Jiri Janecek","Male","Usti nad Labem","CZ-427","CZ","M25-29","FIN","4:31:36","0:31:53","0:06:00","2:27:45","0:03:55","1:22:03","55","47","10","3126","232","192","26","116","104","11","55","47","10","16296","1913","360","8865","235","4923"
"5017","Aoibh Clarke","Female","Malvern ","WOR","IE","FPRO","FIN","4:31:47","0:26:01","0:03:17","2:23:51","0:02:50","1:35:48","56","9","9","3132","35","4","3","52","8","8","56","9","9","16307","1561","197","8631","170","5748"
"607","Vojtech Dedek","Male","Brno","South Moravia","CZ","M35-39","FIN","4:33:19","0:25:23","0:03:10","2:23:07","0:02:51","1:38:48","57","48","4","3028","24","23","1","45","39","2","57","48","4","16399","1523","190","8587","171","5928"
"135","Petr Vabrousek","Male","Zlin 4","CZ-724","CZ","M50-54","FIN","4:33:46","0:27:59","0:04:18","2:14:33","0:02:56","1:44:00","58","49","4","3318","69","58","4","35","31","2","58","49","4","16426","1679","258","8073","176","6240"
"303","Ludek Holub","Male","Líně","CZ-South Bohemian Region","CZ","M35-39","FIN","4:34:09","0:30:08","0:03:59","2:20:53","0:02:25","1:36:45","59","50","5","3013","138","114","13","58","50","4","59","50","5","16449","1808","239","8453","145","5805"
"1354","Andy Haigh","Male","London","GB-GBN","GB","M40-44","FIN","4:34:36","0:33:25","0:05:23","2:21:09","0:02:28","1:32:11","60","51","3","3232","339","285","31","81","70","6","60","51","3","16476","2005","323","8469","148","5531"
"137","Vojtech Joza","Male","Vitin","CZ-311","CZ","M40-44","FIN","4:34:41","0:29:20","0:04:37","2:24:46","0:02:07","1:33:51","61","52","4","3231","106","89","7","74","64","4","61","52","4","16481","1760","277","8686","127","5631"
"967","Swen Sundberg","Male","Herzogenaurach","foreigner","DE","M50-54","FIN","4:34:44","0:26:22","0:04:35","2:23:06","0:03:02","1:37:40","62","53","5","3300","41","37","2","55","47","5","62","53","5","16484","1582","275","8586","182","5860"
"1807","Paul VARELA","Male","Prague","CZ-110","FR","M35-39","FIN","4:34:53","0:36:45","0:04:49","2:19:55","0:03:19","1:30:05","63","54","6","3000","643","543","102","87","76","13","63","54","6","16493","2205","289","8395","199","5405"
"101","Tomáš Fiedler","Male","Jilemnice","CZ-Liberec Region","CZ","M40-44","FIN","4:35:12","0:29:54","0:04:03","2:24:47","0:03:10","1:33:18","64","55","5","3221","126","106","9","75","65","5","64","55","5","16512","1794","243","8687","190","5598"
"107","Jiri Pospisil","Male","Prague","CZ-undefined-PRAHA 1","CZ","M45-49","FIN","4:35:54","0:29:31","0:04:15","2:18:39","0:03:33","1:39:56","65","56","2","3182","112","94","8","49","42","3","65","56","2","16554","1771","255","8319","213","5996"
"5008","Denise Hiemann","Female","Michelau in Oberfranken","foreigner","DE","FPRO","FIN","4:35:58","0:28:22","0:03:18","2:26:52","0:02:47","1:34:39","66","10","10","3056","79","13","8","73","10","10","66","10","10","16558","1702","198","8812","167","5679"
"1032","Tomáš Salaj","Male","Praha","Prague","CZ","M35-39","FIN","4:36:23","0:28:14","0:04:42","2:24:10","0:03:13","1:36:03","67","57","7","2973","73","62","4","64","55","5","67","57","7","16583","1694","282","8650","193","5763"
"402","Vojtěch Holeček","Male","Prague","Prague","CZ","M18-24","FIN","4:37:02","0:33:50","0:05:11","2:29:05","0:02:26","1:26:31","68","58","7","2887","374","316","49","150","135","16","68","58","7","16622","2030","311","8945","146","5191"
"215","Matyáš Procházka","Male","Nebovidy 132","CZ-204","CZ","M18-24","FIN","4:37:38","0:23:22","0:04:57","2:24:59","0:02:55","1:41:25","69","59","8","2876","12","11","2","53","45","7","69","59","8","16658","1402","297","8699","175","6085"
"856","Andreas Hecht","Male","Schorndorf","DE-BY","DE","M30-34","FIN","4:37:52","0:33:26","0:05:11","2:28:56","0:02:11","1:28:08","70","60","5","3125","340","286","34","141","126","16","70","60","5","16672","2006","311","8936","131","5288"
"1691","Patryk Kafel","Male","Kowary","dolnośląskie","PL","M35-39","FIN","4:37:57","0:35:29","0:04:01","2:23:05","0:03:30","1:31:53","71","61","8","2945","526","448","78","97","86","14","71","61","8","16677","2129","241","8585","210","5513"
"1475","Lukas Range","Male","Munich","foreigner","DE","M25-29","FIN","4:38:24","0:32:35","0:04:35","2:28:56","0:02:53","1:29:25","72","62","11","3003","281","234","31","123","110","12","72","62","11","16704","1955","275","8936","173","5365"
"1064","Radek Sušír","Male","Milovice","CZ-208","CZ","M45-49","FIN","4:38:27","0:29:56","0:04:03","2:20:50","0:02:51","1:40:48","73","63","3","3136","128","108","13","57","49","4","73","63","3","16707","1796","243","8450","171","6048"
"1157","Kristián Kudrhalt","Male","Děčín","Ústí nad Labem Region","CZ","M18-24","FIN","4:38:37","0:30:53","0:04:46","2:22:44","0:02:31","1:37:43","74","64","9","2858","176","148","28","71","62","9","74","64","9","16717","1853","286","8564","151","5863"
"103","Andreas Brand","Male","Burglengenfeld","DE-BY","DE","M40-44","FIN","4:38:38","0:38:29","0:06:11","2:19:20","0:04:07","1:30:30","75","65","6","3160","815","675","75","103","92","11","75","65","6","16718","2309","371","8360","247","5430"
"493","Kryštof Bittman","Male","Říčany","Prague","CZ","M18-24","FIN","4:38:38","0:28:53","0:04:18","2:26:20","0:02:41","1:36:26","76","66","10","2858","91","75","18","78","68","10","76","66","10","16718","1733","258","8780","161","5786"
"180","Tomas Herman","Male","Bílovice nad Svitavou","South Moravian Region","CZ","M50-54","FIN","4:38:54","0:26:10","0:04:48","2:25:02","0:02:51","1:40:03","77","67","6","3225","38","34","1","61","53","6","77","67","6","16734","1570","288","8702","171","6003"
"589","Dominik Cermak","Male","Duchcov","CZ-426","CZ","M35-39","FIN","4:38:55","0:35:06","0:04:03","2:21:59","0:03:24","1:34:23","78","68","9","2927","488","416","75","86","75","12","78","68","9","16735","2106","243","8519","204","5663"
"108","Tomás Horák","Male","Praha","CZ-110","CZ","M45-49","FIN","4:39:24","0:32:25","0:04:59","2:25:27","0:02:56","1:33:38","79","69","4","3119","261","218","27","98","87","8","79","69","4","16764","1945","299","8727","176","5618"
"153","Lívia Mihokova","Female","Bratislava","foreigner","SK","F25-29","FIN","4:39:43","0:30:02","0:03:53","2:33:19","0:02:56","1:29:32","80","11","1","3500","132","23","5","138","15","2","80","11","1","16783","1802","233","9199","176","5372"
"559","Martin Rozmajzl","Male","Příbram","Central Bohemian Region","CZ","M40-44","FIN","4:39:48","0:33:47","0:06:24","2:22:15","0:02:55","1:34:27","81","70","7","3139","369","312","38","94","83","9","81","70","7","16788","2027","384","8535","175","5667"
"656","Radek Kupka","Male","Tabor","CZ-317","CZ","M45-49","FIN","4:40:21","0:29:35","0:05:21","2:23:10","0:03:40","1:38:36","82","71","5","3102","116","97","10","69","60","5","82","71","5","16821","1775","321","8590","220","5916"
"769","David Marihart","Male","Perchtoldsdorf","foreigner","AT","M18-24","FIN","4:40:23","0:27:43","0:04:20","2:24:05","0:02:51","1:41:23","83","72","11","2826","67","56","15","63","54","8","83","72","11","16823","1663","260","8645","171","6083"
"1765","Jan Söder","Male","München","BY","DE","M25-29","FIN","4:40:41","0:31:52","0:05:43","2:22:40","0:02:51","1:37:35","84","73","12","2962","227","189","24","82","71","10","84","73","12","16841","1912","343","8560","171","5855"
"658","Martin Kott","Male","Kunin","CZ-804","CZ","M40-44","FIN","4:41:16","0:26:08","0:06:09","2:25:22","0:03:25","1:40:12","85","74","8","3112","37","33","2","68","59","3","85","74","8","16876","1568","369","8722","205","6012"
"1392","Michal Smetana","Male","Beroun","Central Bohemian Region","CZ","M18-24","FIN","4:41:21","0:35:39","0:05:00","2:32:41","0:04:16","1:23:46","86","75","12","2809","546","464","66","236","216","31","86","75","12","16881","2139","300","9161","256","5026"
"5011","Kyra Meulenberg","Female","Utrecht","","NL","FPRO","FIN","4:41:39","0:31:18","0:03:26","2:37:48","0:03:34","1:25:31","87","12","11","2954","196","31","11","222","19","11","87","12","11","16899","1878","206","9468","214","5131"
"1531","Micheál Costello","Male","Maidenhead","GB-WNM","IE","M30-34","FIN","4:41:43","0:33:48","0:05:12","2:27:41","0:03:47","1:31:15","88","76","6","3056","372","314","36","131","118","14","88","76","6","16903","2028","312","8861","227","5475"
"265","Patrik Strejcius","Male","Hradec Králové ","Hradec Králové","CZ","M18-24","FIN","4:42:15","0:32:36","0:04:17","2:25:35","0:02:20","1:37:28","89","77","13","2793","282","235","39","96","85","12","89","77","13","16935","1956","257","8735","140","5848"
"1240","Martin Fic","Male","Dobříš","","CZ","M50-54","FIN","4:42:21","0:35:21","0:05:02","2:29:08","0:02:48","1:30:01","90","78","7","3163","520","442","40","172","157","16","90","78","7","16941","2121","302","8948","168","5401"
"1761","Annika Oettinger","Female","Hamburg","DE-DE-HH","DE","F35-39","FIN","4:42:35","0:31:12","0:03:51","2:37:50","0:01:55","1:27:47","91","13","1","3500","190","29","4","228","20","2","91","13","1","16955","1872","231","9470","115","5267"
"158","Lukas Drozd","Male","Stary Plzenec","CZ-323","CZ","M45-49","FIN","4:42:41","0:28:21","0:05:07","2:31:14","0:02:52","1:35:08","92","79","6","3060","78","66","3","108","96","10","92","79","6","16961","1701","307","9074","172","5708"
"546","Adam Krenek","Male","Neslovice","South Moravian Region","CZ","M35-39","FIN","4:42:42","0:30:46","0:05:08","2:25:04","0:03:09","1:38:35","93","80","10","2859","168","140","19","85","74","11","93","80","10","16962","1846","308","8704","189","5915"
"184","Anette Zukker","Female","Tartu","Tartu maakond","EE","F30-34","FIN","4:42:53","0:28:15","0:03:47","2:27:52","0:02:44","1:40:16","94","14","1","3500","74","12","1","80","11","1","94","14","1","16973","1695","227","8872","164","6016"
"1536","Reinhard Winter","Male","Kirchberg am Walde","AT-AT-3","AT","M50-54","FIN","4:43:35","0:30:07","0:04:42","2:24:07","0:03:02","1:41:38","95","81","8","3141","137","113","11","76","66","8","95","81","8","17015","1807","282","8647","182","6098"
"619","Tomas Korab","Male","Novy Bydzov","Hradec Králové Region","CZ","M40-44","FIN","4:43:36","0:30:37","0:04:10","2:25:46","0:03:00","1:40:02","96","82","9","3070","162","134","13","83","72","7","96","82","9","17016","1837","250","8746","180","6002"
"104","Michal Hanzl","Male","Velen","Central Bohemian Region","CZ","M50-54","FIN","4:43:38","0:30:39","0:04:08","2:23:44","0:03:07","1:41:59","97","83","9","3140","164","136","13","72","63","7","97","83","9","17018","1839","248","8624","187","6119"
"1841","Adam Kypr","Male","Dašice","South Moravian Region","CZ","M30-34","FIN","4:43:52","0:33:23","0:04:32","2:25:12","0:02:34","1:38:12","98","84","7","3017","337","283","33","100","89","9","98","84","7","17032","2003","272","8712","154","5892"
"195","Anirudh Ravichandran","Male","Bangalore","Karnataka","IN","M30-34","FIN","4:43:59","0:33:16","0:04:55","2:27:36","0:03:24","1:34:47","99","85","8","3015","327","275","30","119","107","12","99","85","8","17039","1996","295","8856","204","5687"
"553","Adam Tuma","Male","Prague","CZ-107","CZ","M25-29","FIN","4:44:03","0:39:08","0:05:32","2:24:21","0:02:53","1:32:09","100","86","13","2902","878","728","108","164","149","18","100","86","13","17043","2348","332","8661","173","5529"
"194","Michele Bortoletto","Male","Veverska Bytiska","CZ-foreigner","CZ","M35-39","FIN","4:44:03","0:33:47","0:04:56","2:26:22","0:02:52","1:36:07","101","87","11","2835","370","313","53","112","100","15","101","87","11","17043","2027","296","8782","172","5767"
"1377","Jiří Koptík","Male","Borovany, Jílovice, Mladošovice, Ledenice","Jihočeský kraj","CZ","M18-24","FIN","4:44:12","0:26:20","0:04:34","2:34:42","0:03:04","1:35:31","102","88","14","2758","40","36","10","115","103","13","102","88","14","17052","1580","274","9282","184","5731"
"501","Václav Procházka","Male","NOVÁ PAKA","CZ-522","CZ","M25-29","FIN","4:44:59","0:30:57","0:05:27","2:38:00","0:02:30","1:28:06","103","89","14","2885","177","149","18","260","239","29","103","89","14","17099","1857","327","9480","150","5286"
"599","Lukáš Plocek","Male","Prag","Prague","CZ","M35-39","FIN","4:45:03","0:28:54","0:04:46","2:24:30","0:02:40","1:44:12","104","90","12","2817","92","76","8","70","61","9","104","90","12","17103","1734","286","8670","160","6252"
"110","Krzysztof Godlewski","Male","Żarów","dolnośląskie","PL","M45-49","FIN","4:45:06","0:32:09","0:04:00","2:15:56","0:02:51","1:50:10","105","91","7","3017","243","201","26","48","41","2","105","91","7","17106","1929","240","8156","171","6610"
"768","Matěj Stejskal","Male","Hradec Králové","Hradec Králové Region","CZ","M30-34","FIN","4:45:33","0:38:00","0:04:47","2:29:10","0:02:59","1:30:37","106","92","9","2987","771","640","88","210","193","23","106","92","9","17133","2280","287","8950","179","5437"
"164","Gerald Gapmann","Male","Wimpassing an der Leitha","AT-BURGENLAND","AT","M35-39","FIN","4:45:48","0:33:01","0:04:45","2:27:26","0:03:40","1:36:56","107","93","13","2803","308","259","43","113","101","16","107","93","13","17148","1981","285","8846","220","5816"
"1340","Christian Mund","Male","Regensburg","DE-BY","DE","M30-34","FIN","4:45:52","0:35:44","0:07:12","2:17:48","0:04:37","1:40:31","108","94","10","2981","552","469","63","84","73","5","108","94","10","17152","2144","432","8268","277","6031"
"172","Aleš Zlámal","Male","Trutnov","","CZ","M35-39","FIN","4:45:58","0:29:36","0:04:20","2:39:46","0:02:55","1:29:22","109","95","14","2800","117","98","11","243","223","45","109","95","14","17158","1776","260","9586","175","5362"
"382","Petr Lelek","Male","Hronov","CZ-Hradec Králové Region","CZ","M30-34","FIN","4:45:59","0:33:23","0:05:28","2:22:41","0:02:39","1:41:49","110","96","11","2979","336","282","32","88","77","6","110","96","11","17159","2003","328","8561","159","6109"
"1787","Michaela Treglerová","Female","Prague","CZ-104","CZ","F25-29","FIN","4:46:14","0:27:12","0:03:31","2:35:58","0:02:16","1:37:18","111","15","2","3382","51","8","1","132","14","1","111","15","2","17174","1632","211","9358","136","5838"
"1693","Tobias Winkler","Male","Fürstenfeldbruck","DE-BY","DE","M25-29","FIN","4:46:27","0:32:11","0:05:20","2:28:39","0:02:43","1:37:33","112","97","15","2858","246","204","27","126","113","14","112","97","15","17187","1931","320","8919","163","5853"
"782","Jakub Stejskal","Male","Kadaň","Česká Republika","CZ","M40-44","FIN","4:46:39","0:39:18","0:04:37","2:28:32","0:03:06","1:31:07","113","98","10","3015","893","739","81","220","203","21","113","98","10","17199","2358","277","8912","186","5467"
"1378","Jiří Koptík","Male","Borovany, Jílovice, Mladošovice, Ledenice","Jihočeský kraj","CZ","M40-44","FIN","4:47:43","0:31:54","0:04:19","2:36:51","0:03:16","1:31:22","114","99","11","2996","233","193","21","231","211","23","114","99","11","17263","1914","259","9411","196","5482"
"1539","Maciej Zabski","Male","Bytom","","PL","M30-34","FIN","4:47:46","0:33:07","0:04:56","2:30:27","0:03:19","1:35:58","115","100","12","2947","317","268","29","155","140","17","115","100","12","17266","1987","296","9027","199","5758"
"130","Philip Pasch","Male","Schwabach","DE-BY","DE","M35-39","FIN","4:47:48","0:30:04","0:04:12","2:36:54","0:02:47","1:33:51","116","101","15","2767","133","110","12","198","183","37","116","101","15","17268","1804","252","9414","167","5631"
"1838","Dusan Cizek","Male","Lanov","CZ-525","CZ","M55-59","FIN","4:47:49","0:30:51","0:04:21","2:28:48","0:03:54","1:39:55","117","102","1","3500","174","146","4","104","93","2","117","102","1","17269","1851","261","8928","234","5995"
"125","Zora Kohoutkova","Female","Waalre","NL-NB","SK","F35-39","FIN","4:48:03","0:29:57","0:05:23","2:28:43","0:03:12","1:40:47","118","16","2","3401","130","21","2","105","12","1","118","16","2","17283","1797","323","8923","192","6047"
"1291","Jan Šváb","Male","Nová Paka","Hradec Králové Region","CZ","M35-39","FIN","4:48:11","0:32:21","0:04:17","2:20:59","0:04:35","1:45:58","119","103","16","2760","257","215","34","66","57","7","119","103","16","17291","1941","257","8459","275","6358"
"120","Adam Erdélyi","Male","Stupava","foreigner","SK","M30-34","FIN","4:48:18","0:34:39","0:05:30","2:26:36","0:04:18","1:37:15","120","104","13","2937","442","377","53","133","119","15","120","104","13","17298","2079","330","8796","258","5835"
"837","Rudolf Cogan","Male","Nová Paka","Hradec Králové Region","CZ","M55-59","FIN","4:48:53","0:30:23","0:03:57","2:27:54","0:02:28","1:44:12","121","105","2","3480","147","121","2","92","81","1","121","105","2","17333","1823","237","8874","148","6252"
"301","Lukas Drbohlav","Male","Prague","CZ-107","CZ","M45-49","FIN","4:49:09","0:30:05","0:04:45","2:31:48","0:03:11","1:39:19","122","106","8","2944","135","111","14","130","117","13","122","106","8","17349","1805","285","9108","191","5959"
"169","Filip Hatlak","Male","Ostrožská Nová Ves","UHERSKE HRADISTE","CZ","M30-34","FIN","4:49:09","0:34:00","0:04:48","2:31:25","0:03:01","1:35:56","123","107","14","2922","385","326","40","184","169","21","123","107","14","17349","2040","288","9085","181","5756"
"922","Radek Vychopen","Male","Hradec Králové","Hradec Králové Region","CZ","M30-34","FIN","4:49:18","0:34:09","0:04:42","2:31:50","0:03:28","1:35:08","124","108","15","2919","393","331","42","190","175","22","124","108","15","17358","2049","282","9110","208","5708"
"191","Sergei Baranovski","Male","Loo","Harju","EE","M40-44","FIN","4:49:22","0:33:47","0:04:36","2:28:43","0:02:26","1:39:50","125","109","12","2966","368","311","37","136","122","13","125","109","12","17362","2027","276","8923","146","5990"
"1229","Bohumil Sladký","Male","Klučov","Central Bohemian Region","CZ","M25-29","FIN","4:49:29","0:31:27","0:04:25","2:30:31","0:05:24","1:37:42","126","110","16","2804","202","169","21","128","115","15","126","110","16","17369","1887","265","9031","324","5862"
"1795","Jiří Herman","Male","Olomouc","Olomouc Region","CZ","M25-29","FIN","4:49:44","0:35:10","0:05:24","2:34:38","0:02:27","1:32:04","127","111","17","2799","496","424","62","274","252","32","127","111","17","17384","2110","324","9278","147","5524"
"1394","Peter Pirožek","Male","Poprad","SK-PV","SK","M35-39","FIN","4:49:53","0:33:14","0:05:52","2:28:49","0:05:00","1:36:58","128","112","17","2730","323","271","46","148","133","23","128","112","17","17393","1994","352","8929","300","5818"
"165","Wolfgang Ofenboeck","Male","Wiener Neustadt","AT-3","AT","M50-54","FIN","4:49:58","0:32:32","0:04:22","2:27:55","0:02:26","1:42:43","129","113","10","3026","274","228","21","109","97","11","129","113","10","17398","1952","262","8875","146","6163"
"1439","Neil Conlon","Male","Belfast","GB-BFS","GB","M40-44","FIN","4:50:19","0:39:48","0:05:26","2:26:19","0:03:13","1:35:34","130","114","13","2949","931","772","87","205","188","19","130","114","13","17419","2388","326","8779","193","5734"
"160","Marcel Staviany","Male","Nehvizdy","","CZ","M35-39","FIN","4:50:23","0:34:50","0:04:58","2:35:07","0:02:32","1:32:57","131","115","18","2721","454","384","63","269","248","50","131","115","18","17423","2090","298","9307","152","5577"
"269","Lukas Balak","Male","Třebenice","Ústí nad Labem Region","CZ","M30-34","FIN","4:50:28","0:28:19","0:04:57","2:33:15","0:03:46","1:40:11","132","116","16","2898","76","64","5","129","116","13","132","116","16","17428","1699","297","9195","226","6011"
"157","Francisco Giacosa","Male","Warsaw","mazowieckie","AR","M35-39","FIN","4:50:40","0:32:59","0:04:49","2:30:33","0:03:02","1:39:16","133","117","19","2716","302","254","40","154","139","24","133","117","19","17440","1979","289","9033","182","5956"
"134","David Sladecek","Male","Zeleneč","CZ-CZ-Central Bohemian Region","CZ","M45-49","FIN","4:50:43","0:30:50","0:04:26","2:29:42","0:03:09","1:42:36","134","118","9","2915","172","144","18","111","99","11","134","118","9","17443","1850","266","8982","189","6156"
"1031","Jiří Moravík","Male","Česká Lípa","Liberec Region","CZ","M18-24","FIN","4:50:48","0:35:58","0:05:44","2:28:35","0:02:47","1:37:43","135","119","15","2639","568","484","69","186","171","23","135","119","15","17448","2158","344","8915","167","5863"
"523","Marek Beňa","Male","Opava","Moravian-Silesian Region","CZ","M50-54","FIN","4:50:52","0:29:49","0:05:46","2:32:30","0:02:47","1:39:59","136","120","11","3010","124","104","10","151","136","14","136","120","11","17452","1789","346","9150","167","5999"
"682","Ondrej Kralik","Male","Rødovre","DK-84","DK","M35-39","FIN","4:51:30","0:31:21","0:05:50","2:35:09","0:03:25","1:35:44","137","121","20","2701","199","167","21","217","200","40","137","121","20","17490","1881","350","9309","205","5744"
"1720","Petr Vanek","Male","Praha","Prague","CZ","M35-39","FIN","4:51:33","0:33:14","0:06:01","2:26:51","0:02:55","1:42:32","138","122","21","2700","324","272","47","122","109","17","138","122","21","17493","1994","361","8811","175","6152"
"1589","Lenka Šatavová","Female","Tábor","CZ-317","CZ","F40-44","FIN","4:51:55","0:32:33","0:04:51","2:36:43","0:03:30","1:34:18","139","17","1","3500","277","47","6","252","21","2","139","17","1","17515","1953","291","9403","210","5658"
"1591","Ondřej Přeček","Male","Havířov","CZ-803","CZ","M35-39","FIN","4:52:14","0:35:34","0:06:44","2:27:01","0:04:51","1:38:03","140","123","22","2687","534","456","82","169","154","29","140","123","22","17534","2134","404","8821","291","5883"
"102","Juraj Kis","Male","Prague","CZ-109","SK","M35-39","FIN","4:52:23","0:32:34","0:04:38","2:33:45","0:03:14","1:38:12","141","124","23","2685","280","233","38","193","178","34","141","124","23","17543","1954","278","9225","194","5892"
"201","Klaus Reichel","Male","Hollfeld","DE-BY","DE","M50-54","FIN","4:52:30","0:32:48","0:03:55","2:33:19","0:04:35","1:37:53","142","125","12","2981","294","246","25","179","164","17","142","125","12","17550","1968","235","9199","275","5873"
"946","Andreas Troppmann","Male","Hemau","DE-BAYERN","DE","M30-34","FIN","4:52:30","0:30:24","0:04:31","2:28:10","0:02:14","1:47:11","143","126","17","2861","149","123","10","99","88","8","143","126","17","17550","1824","271","8890","134","6431"
"586","Dan Sedlacek","Male","Prague","CZ-104","CZ","M25-29","FIN","4:52:36","0:29:19","0:03:32","2:39:32","0:02:38","1:37:35","144","127","18","2748","103","86","13","219","202","25","144","127","18","17556","1759","212","9572","158","5855"
"129","Łukasz Górniak","Male","Styrzyniec","PL-LU","PL","M45-49","FIN","4:52:59","0:32:33","0:06:12","2:30:27","0:02:41","1:41:06","145","128","10","2875","279","232","29","165","150","16","145","128","10","17579","1953","372","9027","161","6066"
"1656","Lubomir Polewaczyk","Male","Straubing","foreigner","PL","M35-39","FIN","4:53:06","0:34:46","0:05:05","2:31:53","0:03:26","1:37:56","146","129","24","2672","448","381","62","208","191","38","146","129","24","17586","2086","305","9113","206","5876"
"1445","Markus Bockelt","Male","Munich","foreigner","DE","M35-39","FIN","4:53:17","0:40:33","0:06:01","2:20:39","0:04:06","1:41:57","147","130","25","2669","1001","823","145","137","123","19","147","130","25","17597","2433","361","8439","246","6117"
"1608","Michal Šik","Male","Praha 4","Prague","CZ","M45-49","FIN","4:53:18","0:31:44","0:06:14","2:32:16","0:03:28","1:39:37","148","131","11","2869","217","181","25","185","170","19","148","131","11","17598","1904","374","9136","208","5977"
"214","Harald Sembacher","Male","Oberwaltersdorf","AT-3","AT","M45-49","FIN","4:53:27","0:30:19","0:03:53","2:28:13","0:03:07","1:47:54","149","132","12","2866","145","119","16","95","84","7","149","132","12","17607","1819","233","8893","187","6474"
"306","Ondrej Boura","Male","Nový Bydžov","Hradec Králové Region","CZ","M30-34","FIN","4:53:30","0:42:07","0:05:33","2:26:18","0:03:12","1:36:20","150","133","18","2843","1131","923","134","249","229","28","150","133","18","17610","2527","333","8778","192","5780"
"1799","Petr Kramosil","Male","Pruhonice","STREDOCESKY KRAJ","CZ","M45-49","FIN","4:53:47","0:27:19","0:04:42","2:29:58","0:02:46","1:49:02","151","134","13","2860","53","45","1","90","79","6","151","134","13","17627","1639","282","8998","166","6542"
"387","Marek Vidim","Male","Roztoky","Central Bohemian Region","CZ","M25-29","FIN","4:53:58","0:34:58","0:05:47","2:29:05","0:02:53","1:41:15","152","135","19","2723","467","396","56","176","161","19","152","135","19","17638","2098","347","8945","173","6075"
"722","Tomáš Bernard","Male","Brandýs nad Labem-Stará Boleslav","CZ-209","CZ","M40-44","FIN","4:54:00","0:36:26","0:05:48","2:27:04","0:03:09","1:41:34","153","136","14","2883","601","506","58","167","152","16","153","136","14","17640","2186","348","8824","189","6094"
"1801","Kamil Dusejovsky","Male","Las Vegas","US-NV","US","M30-34","FIN","4:54:15","0:36:04","0:05:34","2:27:11","0:02:41","1:42:46","154","137","19","2830","574","489","67","158","143","18","154","137","19","17655","2164","334","8831","161","6166"
"1502","Jan Dannehl","Male","Hamburg","DE-HH","DE","M55-59","FIN","4:54:23","0:40:19","0:04:48","2:30:24","0:03:19","1:35:33","155","138","3","3381","978","807","30","279","257","7","155","138","3","17663","2419","288","9024","199","5733"
"213","Alexander Peleska","Male","Oberwaltersdorf","AT-3","AT","M50-54","FIN","4:54:26","0:29:07","0:05:28","2:31:45","0:03:36","1:44:29","156","139","13","2946","98","81","8","127","114","12","156","139","13","17666","1747","328","9105","216","6269"
"155","Martin Šimek","Male","Klatovy","Pilsen","CZ","M35-39","FIN","4:54:28","0:31:07","0:04:59","2:31:44","0:02:08","1:44:30","157","140","26","2647","184","156","20","147","132","22","157","140","26","17668","1867","299","9104","128","6270"
"1115","Zeman Daniel","Male","Hoděšovice","Pardubice Region","CZ","M40-44","FIN","4:54:35","0:30:24","0:05:36","2:31:24","0:03:07","1:44:04","158","141","15","2873","148","122","12","140","125","14","158","141","15","17675","1824","336","9084","187","6244"
"1389","Jan Kameník","Male","Svatý Jan pod Skalou","Central Bohemian Region","CZ","M18-24","FIN","4:54:54","0:30:51","0:06:40","2:31:18","0:03:06","1:42:58","159","142","16","2565","173","145","27","159","144","17","159","142","16","17694","1851","400","9078","186","6178"
"321","Vojtěch Pavlíček","Male","Velká Buková","Central Bohemian Region","CZ","M25-29","FIN","4:54:57","0:29:04","0:04:23","2:34:32","0:03:08","1:43:50","160","143","20","2705","96","79","11","149","134","16","160","143","20","17697","1744","263","9272","188","6230"
"1507","Jakub Tihon","Male","Strážovice, Stavěšice","South Moravian Region","CZ","M35-39","FIN","4:54:59","0:35:34","0:05:52","2:31:46","0:03:22","1:38:24","161","144","27","2638","533","455","81","234","214","43","161","144","27","17699","2134","352","9106","202","5904"
"1148","Sjoerd Murk","Male","Nijmegen","foreigner","NL","M30-34","FIN","4:55:07","0:27:25","0:05:08","2:43:36","0:03:18","1:35:40","162","145","20","2814","57","49","4","287","264","34","162","145","20","17707","1645","308","9816","198","5740"
"197","Michal Chovanec","Male","Horní Měcholupy","Prague","CZ","M55-59","FIN","4:55:19","0:30:12","0:05:03","2:32:33","0:05:06","1:42:25","163","146","4","3365","143","117","1","145","130","4","163","146","4","17719","1812","303","9153","306","6145"
"960","Martin Sobota","Male","Karlovy Vary","Karlovy Vary Region","CZ","M45-49","FIN","4:55:22","0:31:11","0:06:40","2:34:57","0:03:45","1:38:49","164","147","14","2832","189","161","22","224","205","21","164","147","14","17722","1871","400","9297","225","5929"
"970","Jan Klásek","Male","Rasošky","Hradec Králové Region","CZ","M18-24","FIN","4:55:27","0:24:37","0:04:58","2:40:16","0:03:23","1:42:12","165","148","17","2555","20","19","3","177","162","21","165","148","17","17727","1477","298","9616","203","6132"
"177","Leon Kopsch","Male","Lübbenau","DE-Central Bohemian Region","DE","M25-29","FIN","4:55:27","0:30:14","0:05:27","2:30:27","0:03:03","1:46:17","166","149","21","2696","144","118","15","124","111","13","166","149","21","17727","1814","327","9027","183","6377"
"465","Jan Fibikar","Male","Žichlínek","Pardubice Region","CZ","M35-39","FIN","4:55:43","0:35:02","0:04:51","2:28:58","0:04:57","1:41:55","167","150","28","2625","477","406","70","160","145","26","167","150","28","17743","2102","291","8938","297","6115"
"1190","Tomáš Malec","Male","Zábřeh","CZ-71","CZ","M30-34","FIN","4:55:47","0:34:15","0:04:10","2:23:37","0:02:41","1:51:04","168","151","21","2802","400","338","45","91","80","7","168","151","21","17747","2055","250","8617","161","6664"
"875","Petr Hasman","Male","Prague","Prague","CZ","M40-44","FIN","4:55:56","0:32:39","0:05:27","2:32:28","0:02:55","1:42:26","169","152","16","2848","287","240","27","188","173","17","169","152","16","17756","1959","327","9148","175","6146"
"915","Tereza Fišerová","Female","Ústí nad Orlicí","Pardubice Region","CZ","F30-34","FIN","4:55:58","0:33:08","0:05:11","2:38:04","0:02:53","1:36:42","170","18","2","3264","318","50","5","292","25","4","170","18","2","17758","1988","311","9484","173","5802"
"936","Martin Šámal","Male","Nymburk","Central Bohemian Region","CZ","M40-44","FIN","4:55:58","0:29:45","0:06:22","2:36:58","0:07:33","1:35:19","171","153","17","2848","121","101","8","232","212","24","171","153","17","17758","1785","382","9418","453","5719"
"829","Richard Gottschalk","Male","Regensburg","BAYERN","DE","M35-39","FIN","4:56:03","0:36:58","0:04:59","2:29:02","0:03:18","1:41:46","172","154","29","2619","666","563","109","194","179","35","172","154","29","17763","2218","299","8942","198","6106"
"310","Kvido Šimáček","Male","Kutná Hora","Central Bohemian Region","CZ","M18-24","FIN","4:56:07","0:33:34","0:05:00","2:39:43","0:02:42","1:35:08","173","155","18","2543","352","295","45","322","296","40","173","155","18","17767","2014","300","9583","162","5708"
"434","Adam Elcner","Male","Praha 13","Central Bohemian Region","CZ","M40-44","FIN","4:56:07","0:37:58","0:04:47","2:31:34","0:03:43","1:38:05","174","156","18","2845","769","639","73","257","236","27","174","156","18","17767","2278","287","9094","223","5885"
"1627","Marek Zrzavecký","Male","Ústí Nad Labem","Ústí nad Labem Region","CZ","M25-29","FIN","4:56:13","0:34:17","0:04:52","2:42:00","0:03:45","1:31:20","175","157","22","2683","403","341","47","381","345","51","175","157","22","17773","2057","292","9720","225","5480"
"971","Thomas Schreiner","Male","Weiden","BY","DE","M50-54","FIN","4:56:13","0:32:36","0:05:15","2:29:27","0:05:08","1:43:47","176","158","14","2914","283","236","23","139","124","13","176","158","14","17773","1956","315","8967","308","6227"
"1297","Jan Tichý","Male","Prague","Prague","CZ","M30-34","FIN","4:56:34","0:26:24","0:05:16","2:33:16","0:02:54","1:48:45","177","159","22","2788","42","38","3","110","98","10","177","159","22","17794","1584","316","9196","174","6525"
"419","Jedrzej Pacak","Male","Warszawa","mazowieckie","PL","M30-34","FIN","4:56:36","0:30:59","0:03:51","2:43:38","0:03:00","1:35:08","178","160","23","2788","178","150","18","328","301","40","178","160","23","17796","1859","231","9818","180","5708"
"712","Jirí Štefan","Male","Varnsdorf","Ústí nad Labem Region","CZ","M30-34","FIN","4:56:49","0:31:46","0:05:22","2:28:23","0:02:43","1:48:35","179","161","24","2784","219","183","23","114","102","11","179","161","24","17809","1906","322","8903","163","6515"
"1069","Martin Opletal","Male","Strančice","Central Bohemian Region","CZ","M35-39","FIN","4:57:19","0:32:32","0:06:35","2:35:13","0:02:59","1:39:59","180","162","30","2596","275","229","37","259","238","47","180","162","30","17839","1952","395","9313","179","5999"
"1245","Lucie Šálková","Female","Vysoká u Příbramě","Central Bohemian Region","CZ","F18-24","FIN","4:57:20","0:28:31","0:04:41","2:46:06","0:02:28","1:35:35","181","19","1","3500","83","16","1","348","31","2","181","19","1","17840","1711","281","9966","148","5735"
"507","Jan Blažek","Male","Popovice","Central Bohemian Region","CZ","M18-24","FIN","4:57:29","0:28:20","0:03:52","2:37:35","0:03:01","1:44:40","182","163","19","2519","77","65","17","175","160","20","182","163","19","17849","1700","232","9455","181","6280"
"1311","Adam Dluhoš","Male","Těškovice","CZ-805","CZ","M25-29","FIN","4:57:31","0:33:57","0:07:15","2:33:55","0:04:41","1:37:43","183","164","23","2659","383","324","43","273","251","31","183","164","23","17851","2037","435","9235","281","5863"
"1304","Jozef Taliga","Male","Bratislava","foreigner","SK","M35-39","FIN","4:57:40","0:31:50","0:05:18","2:37:26","0:03:28","1:39:38","184","165","31","2590","224","187","26","261","240","48","184","165","31","17860","1910","318","9446","208","5978"
"753","Vojtěch Höfner","Male","Kolín","Central Bohemian Region","CZ","M25-29","FIN","4:57:58","0:38:52","0:05:15","2:33:36","0:02:52","1:37:23","185","166","24","2651","853","708","104","310","284","38","185","166","24","17878","2332","315","9216","172","5843"
"696","Petr Klicpera","Male","Neratovice","Central Bohemian Region","CZ","M50-54","FIN","4:57:59","0:31:34","0:06:03","2:30:57","0:03:07","1:46:18","186","167","15","2882","208","175","16","156","141","15","186","167","15","17879","1894","363","9057","187","6378"
"331","Matěj Šulc","Male","Brada-Rybníček","Hradec Králové Region","CZ","M18-24","FIN","4:58:01","0:39:23","0:05:49","2:38:07","0:02:38","1:32:04","187","168","20","2509","899","744","113","426","386","48","187","168","20","17881","2363","349","9487","158","5524"
"1791","Martin Janeček","Male","Pardubice","Pardubice Region","CZ","M25-29","FIN","4:58:04","0:34:58","0:05:22","2:35:41","0:02:48","1:39:15","188","169","25","2649","468","397","57","284","261","34","188","169","25","17884","2098","322","9341","168","5955"
"598","Ondrej Pitthard","Male","Jičín","Hradec Králové Region","CZ","M30-34","FIN","4:58:17","0:31:40","0:04:27","2:35:56","0:02:27","1:43:47","189","170","25","2757","212","178","21","213","196","24","189","170","25","17897","1900","267","9356","147","6227"
"573","Martin Řehák","Male","Vysoký Újezd","Central Bohemian Region","CZ","M35-39","FIN","4:58:27","0:37:31","0:06:41","2:23:35","0:04:35","1:46:05","190","171","32","2576","724","607","116","143","128","20","190","171","32","17907","2251","401","8615","275","6365"
"109","Sandra Ofenboeck","Female","Wiener Neustadt","AT-3","AT","F45-49","FIN","4:58:32","0:34:27","0:04:38","2:36:28","0:02:26","1:40:33","191","20","1","3500","420","65","4","280","23","2","191","20","1","17912","2067","278","9388","146","6033"
"591","Walter Arnold","Male","Waldsassen","BY","DE","M50-54","FIN","4:58:50","0:33:18","0:04:41","2:26:30","0:02:54","1:51:26","192","172","16","2867","330","278","31","107","95","10","192","172","16","17930","1998","281","8790","174","6686"
"290","Ivo Nekvinda","Male","Pardubice","CZ-532","CZ","M18-24","FIN","4:58:53","0:36:11","0:05:39","2:32:57","0:03:47","1:40:18","193","173","21","2493","580","492","72","266","245","36","193","173","21","17933","2171","339","9177","227","6018"
"1650","Grzegorz Michalek","Male","Ulm","DE-BW","PL","M40-44","FIN","4:59:02","0:34:37","0:06:10","2:31:12","0:02:59","1:44:04","194","174","19","2792","435","370","44","212","195","20","194","174","19","17942","2077","370","9072","179","6244"
"882","Aleš Horák","Male","Libníkovice","Hradec Králové Region","CZ","M35-39","FIN","4:59:03","0:29:07","0:04:28","2:26:03","0:03:28","1:55:58","195","175","33","2565","97","80","9","79","69","10","195","175","33","17943","1747","268","8763","208","6958"
"1213","Günther Flois","Male","Pöllau","","AT","M40-44","FIN","4:59:07","0:32:19","0:06:45","2:28:45","0:03:34","1:47:43","196","176","20","2791","254","212","22","146","131","15","196","176","20","17947","1939","405","8925","214","6463"
"150","Alexander Wenzel","Male","Walderbach","DE-BY","DE","M50-54","FIN","4:59:09","0:40:58","0:06:36","2:22:37","0:03:58","1:44:59","197","177","17","2861","1028","843","78","183","168","18","197","177","17","17949","2458","396","8557","238","6299"
"1019","Matěj Koutný","Male","Hranice","Olomouc Region","CZ","M18-24","FIN","4:59:18","0:22:47","0:05:33","2:43:12","0:05:28","1:42:18","198","178","22","2486","10","10","1","204","187","26","198","178","22","17958","1367","333","9792","328","6138"
"556","Josef Havelka","Male","Varnsdorf","Ústí nad Labem Region","CZ","M40-44","FIN","4:59:26","0:36:33","0:06:58","2:31:32","0:05:10","1:39:13","199","179","21","2785","615","519","61","272","250","28","199","179","21","17966","2193","418","9092","310","5953"
"1798","Jakub Kovac","Male","Prague","Prague","CZ","M40-44","FIN","4:59:26","0:25:38","0:05:31","2:31:14","0:04:47","1:52:16","200","180","22","2785","30","28","1","93","82","8","200","180","22","17966","1538","331","9074","287","6736"
"1209","Jakub Šimek","Male","Olomouc","Olomouc Region","CZ","M25-29","FIN","4:59:35","0:42:46","0:07:11","2:37:27","0:04:56","1:27:15","201","181","26","2622","1183","965","149","503","455","66","201","181","26","17975","2566","431","9447","296","5235"
"1755","Petr Červinka","Male","Vojkovice","Brno-Venkov","CZ","M40-44","FIN","4:59:36","0:27:02","0:05:21","2:41:35","0:04:23","1:41:14","202","182","23","2782","46","41","4","250","230","26","202","182","23","17976","1622","321","9695","263","6074"
"587","Kamil Šelep","Male","PŘEŠTICE","CZ-PLZEN-JIH","CZ","M35-39","FIN","4:59:40","0:32:17","0:04:34","2:40:41","0:03:20","1:38:48","203","183","34","2554","250","208","32","305","279","56","203","183","34","17980","1937","274","9641","200","5928"
"616","Lukas Langenberger","Male","Prague","CZ-Prague","CZ","M40-44","FIN","4:59:40","0:33:41","0:05:01","2:34:49","0:03:14","1:42:56","204","184","24","2781","363","306","35","240","220","25","204","184","24","17980","2021","301","9289","194","6176"
"940","Tomas Pernicka","Male","Olomouc","Moravian-Silesian Region","CZ","M45-49","FIN","4:59:59","0:29:44","0:06:10","2:32:25","0:03:43","1:47:57","205","185","15","2749","119","99","11","153","138","15","205","185","15","17999","1784","370","9145","223","6477"
"911","Daniel Čech","Male","Prague","Prague","CZ","M25-29","FIN","5:00:04","0:31:16","0:05:28","2:33:26","0:03:36","1:46:18","206","186","27","2613","194","164","20","181","166","20","206","186","27","18004","1876","328","9206","216","6378"
"953","Marek Horák","Male","Mladé Buky","Hradec Králové Region","CZ","M18-24","FIN","5:00:07","0:36:11","0:06:38","2:38:08","0:03:25","1:35:45","207","187","23","2471","582","494","74","376","340","43","207","187","23","18007","2171","398","9488","205","5745"
"609","Jakub Štok","Male","Poděbrady","Central Bohemian Region","CZ","M30-34","FIN","5:00:08","0:34:42","0:06:02","2:28:33","0:03:53","1:46:59","208","188","26","2724","443","378","54","166","151","19","208","188","26","18008","2082","362","8913","233","6419"
"1815","Tomáš Němeček","Male","Hranice","CZ-71","CZ","M18-24","FIN","5:00:08","0:28:05","0:05:05","2:32:54","0:03:32","1:50:33","209","189","24","2471","71","60","16","121","108","15","209","189","24","18008","1685","305","9174","212","6633"
"1276","Jakub Plaucha","Male","Breznička","foreigner","SK","M30-34","FIN","5:00:09","0:38:55","0:05:32","2:34:42","0:05:04","1:35:55","210","190","27","2724","859","712","100","342","312","42","210","190","27","18009","2335","332","9282","304","5755"
"305","Kristýna Posltová","Female","Prague","Prague","CZ","F30-34","FIN","5:00:25","0:30:05","0:04:44","2:36:37","0:02:37","1:46:23","211","21","3","3184","134","24","2","203","17","2","211","21","3","18025","1805","284","9397","157","6383"
"836","Jakub Adámek","Male","Hradec Králové","Hradec Králové Region","CZ","M40-44","FIN","5:00:29","0:33:44","0:05:47","2:40:57","0:03:06","1:36:56","212","191","25","2766","366","309","36","370","335","39","212","191","25","18029","2024","347","9657","186","5816"
"124","Matthias Weingärtner","Male","Hornstein","AT-1","AT","M45-49","FIN","5:00:29","0:31:03","0:04:58","2:33:17","0:05:16","1:45:56","213","192","16","2740","181","153","19","168","153","17","213","192","16","18029","1863","298","9197","316","6356"
"1710","Chris Proßegger","Male","Berlin","DE-BE","DE","M25-29","FIN","5:00:48","0:31:31","0:05:28","2:34:39","0:03:12","1:45:58","214","193","28","2600","206","173","22","206","189","23","214","193","28","18048","1891","328","9279","192","6358"
"1849","Radek Zavadil","Male","Staré Hradište","CZ-532","CZ","M25-29","FIN","5:00:55","0:37:27","0:05:42","2:34:04","0:04:35","1:39:06","215","194","29","2598","716","600","87","303","277","36","215","194","29","18055","2247","342","9244","275","5946"
"1308","Michal Netolický","Male","Most","Ústí nad Labem Region","CZ","M45-49","FIN","5:01:08","0:33:20","0:04:56","2:31:10","0:02:55","1:48:47","216","195","17","2728","331","279","32","171","156","18","216","195","17","18068","2000","296","9070","175","6527"
"106","Barbara Kiener","Female","Krems","AT-3","AT","F45-49","FIN","5:01:44","0:38:07","0:04:08","2:39:18","0:02:40","1:37:29","217","22","2","3442","781","134","10","386","37","3","217","22","2","18104","2287","248","9558","160","5849"
"1688","Vojtěch Diviš","Male","Častolovice","Hradec Králové Region","CZ","M18-24","FIN","5:01:59","0:29:50","0:07:26","2:34:54","0:03:04","1:46:44","218","196","25","2438","125","105","23","216","199","28","218","196","25","18119","1790","446","9294","184","6404"
"367","Jan Chytil","Male","Prague","Prague","CZ","M25-29","FIN","5:02:06","0:34:35","0:07:38","2:40:15","0:03:33","1:36:05","219","197","30","2577","431","366","51","413","374","57","219","197","30","18126","2075","458","9615","213","5765"
"1579","Martina Krajhanzlová","Female","PRAHA 22","Prague","CZ","F35-39","FIN","5:02:11","0:33:32","0:04:49","2:40:33","0:03:17","1:40:00","220","23","3","3147","350","57","6","337","29","3","220","23","3","18131","2012","289","9633","197","6000"
"1653","Lukáš Imríšek","Male","Prague","Prague","CZ","M35-39","FIN","5:02:28","0:32:05","0:04:17","2:35:59","0:03:54","1:46:12","221","198","35","2503","242","200","28","218","201","41","221","198","35","18148","1925","257","9359","234","6372"
"1351","Daniela Tylšová","Female","Trutnov","Hradec Králové Region","CZ","F45-49","FIN","5:02:40","0:31:41","0:03:44","2:39:31","0:03:13","1:44:31","222","24","3","3425","214","36","1","271","22","1","222","24","3","18160","1901","224","9571","193","6271"
"1785","¬ubomír Sivák","Male","Udavské","Presov Region","SK","M18-24","FIN","5:02:41","0:34:35","0:05:09","2:34:08","0:03:11","1:45:39","223","199","26","2425","432","367","55","244","224","32","223","199","26","18161","2075","309","9248","191","6339"
"743","Samuel Dušek","Male","Brno","South Moravian Region","CZ","M30-34","FIN","5:02:43","0:31:44","0:05:29","2:36:08","0:03:11","1:46:11","224","200","28","2678","218","182","22","237","217","26","224","200","28","18163","1904","329","9368","191","6371"
"1044","Maciej Breznen","Male","Prague","Prague","CZ","M18-24","FIN","5:02:45","0:31:30","0:05:17","2:44:49","0:03:04","1:38:05","225","201","27","2424","204","171","30","388","351","44","225","201","27","18165","1890","317","9889","184","5885"
"1219","Karel Kvasnička","Male","Vnorovy","South Moravian Region","CZ","M25-29","FIN","5:02:56","0:35:36","0:07:37","2:34:57","0:03:02","1:41:44","226","202","31","2562","537","458","69","320","294","39","226","202","31","18176","2136","457","9297","182","6104"
"547","Jan Zitko","Male","Praha","Prague","CZ","M18-24","FIN","5:03:00","0:32:21","0:04:57","2:35:22","0:03:55","1:46:25","227","203","28","2419","258","216","37","223","204","29","227","203","28","18180","1941","297","9322","235","6385"
"246","Kryštof NOSEK","Male","Rychnov u Jablonce nad Nisou","","CZ","M25-29","FIN","5:03:04","0:26:16","0:04:37","2:48:44","0:02:59","1:40:28","228","204","32","2559","39","35","3","356","322","45","228","204","32","18184","1576","277","10124","179","6028"
"1083","Jindrich Václavek","Male","Hradec Králové","Hradec Králové Region","CZ","M35-39","FIN","5:03:08","0:35:23","0:04:50","2:35:10","0:03:05","1:44:40","229","205","36","2491","523","445","77","275","253","51","229","205","36","18188","2123","290","9310","185","6280"
"929","Jan Novotný","Male","Kolín","Central Bohemian Region","CZ","M25-29","FIN","5:03:19","0:37:04","0:05:59","2:27:58","0:03:26","1:48:52","230","206","33","2555","683","577","84","196","181","21","230","206","33","18199","2224","359","8878","206","6532"
"1726","Vit Gracik","Male","Žacléř","CZ-52","CZ","M25-29","FIN","5:03:30","0:34:57","0:06:00","2:36:38","0:03:02","1:42:53","231","207","34","2552","465","394","55","307","281","37","231","207","34","18210","2097","360","9398","182","6173"
"113","Libor Vanicek","Male","Prague","CZ-104","CZ","M55-59","FIN","5:03:47","0:35:05","0:06:17","2:34:38","0:04:26","1:43:22","232","208","5","3212","484","412","14","283","260","8","232","208","5","18227","2105","377","9278","266","6202"
"830","Robert Teske","Male","Bischberg","foreigner","DE","M45-49","FIN","5:03:47","0:29:28","0:05:41","2:36:31","0:03:25","1:48:43","233","209","18","2680","111","93","7","207","190","20","233","209","18","18227","1768","341","9391","205","6523"
"955","Michal Pandos","Male","Humenne","PRESOVSKY KRAJ","SK","M18-24","FIN","5:03:51","0:27:23","0:04:59","2:41:54","0:03:51","1:45:43","234","210","29","2404","56","48","13","256","235","35","234","210","29","18231","1643","299","9714","231","6343"
"1198","Stepan Velimsky","Male","Písek","","CZ","M30-34","FIN","5:04:08","0:37:48","0:06:20","2:30:12","0:03:52","1:45:56","235","211","29","2652","753","629","85","258","237","29","235","211","29","18248","2268","380","9012","232","6356"
"1702","Mathieu LAEMLE","Male","Toulouse","foreigner","FR","M45-49","FIN","5:04:18","0:29:33","0:05:14","2:30:53","0:05:42","1:52:56","236","212","19","2671","113","95","9","117","105","12","236","212","19","18258","1773","314","9053","342","6776"
"866","Jan Heinrich","Male","Praha","CZ-104","CZ","M35-39","FIN","5:04:21","0:33:03","0:05:09","2:30:46","0:03:32","1:51:52","237","213","37","2469","312","263","45","162","147","28","237","213","37","18261","1983","309","9046","212","6712"
"123","Gwenaël Marchand","Male","Ergue gaberic ","","FR","M45-49","FIN","5:04:28","0:35:09","0:04:38","2:36:50","0:02:57","1:44:54","238","214","20","2668","492","420","44","296","271","29","238","214","20","18268","2109","278","9410","177","6294"
"291","Jan Tříska","Male","Lišov","South Bohemian Region","CZ","M40-44","FIN","5:04:53","0:41:37","0:06:32","2:30:15","0:03:01","1:43:29","239","215","26","2687","1078","881","95","327","300","34","239","215","26","18293","2497","392","9015","181","6209"
"1212","Marek Bába","Male","Ústí nad Labem","Ústí Nad Labem Region","CZ","M25-29","FIN","5:04:58","0:43:27","0:05:21","2:37:07","0:03:42","1:35:21","240","216","35","2525","1232","1003","154","470","427","62","240","216","35","18298","2607","321","9427","222","5721"
"1421","Piotr Wasilewski","Male","Głosków","mazowieckie","PL","M45-49","FIN","5:05:05","0:30:47","0:04:47","2:37:48","0:04:59","1:46:44","241","217","21","2657","169","141","17","238","218","22","241","217","21","18305","1847","287","9468","299","6404"
"804","Enzo Sommer","Male","Mistelbach","AT-3","AT","M18-24","FIN","5:05:09","0:31:02","0:05:37","2:34:11","0:02:46","1:51:33","242","218","30","2381","180","152","29","191","176","24","242","218","30","18309","1862","337","9251","166","6693"
"1533","Anna Peterek","Female","Poznań","PL-WP","PL","F35-39","FIN","5:05:10","0:28:30","0:05:02","2:45:33","0:04:01","1:42:04","243","25","4","3093","81","15","1","341","30","4","243","25","4","18310","1710","302","9933","241","6124"
"1417","Luisa Levold","Female","Wien","AT-9","DE","F25-29","FIN","5:05:16","0:33:00","0:05:21","2:41:00","0:02:56","1:42:59","244","26","3","3040","304","49","9","350","32","4","244","26","3","18316","1980","321","9660","176","6179"
"746","Filip Vinš","Male","Kostelec nad Černými lesy","","CZ","M18-24","FIN","5:05:28","0:29:54","0:06:02","2:37:58","0:03:08","1:48:26","245","219","31","2375","127","107","24","245","225","33","245","219","31","18328","1794","362","9478","188","6506"
"538","Tomáš Vrátník","Male","Valašské Meziříčí ","Zlínský kraj","CZ","M40-44","FIN","5:05:34","0:34:33","0:05:21","2:33:05","0:03:36","1:48:59","246","220","27","2675","428","363","43","230","210","22","246","220","27","18334","2073","321","9185","216","6539"
"855","Michal Bureš","Male","Nové Město nad Metují","Hradec Králové Region","CZ","M35-39","FIN","5:05:35","0:36:57","0:04:31","2:28:25","0:03:00","1:52:43","247","221","38","2447","663","561","108","178","163","31","247","221","38","18335","2217","271","8905","180","6763"
"1184","Adrian Brecher","Male","Wiehl","foreigner","DE","M18-24","FIN","5:06:00","0:33:00","0:05:58","2:34:20","0:04:12","1:48:30","248","222","32","2365","306","257","42","235","215","30","248","222","32","18360","1980","358","9260","252","6510"
"1174","Jáchym Frič","Male","Roudnice nad Labem","Vysočina Region","CZ","M18-24","FIN","5:06:04","0:36:11","0:05:59","2:32:39","0:03:50","1:47:26","249","223","33","2364","581","493","73","267","246","37","249","223","33","18364","2171","359","9159","230","6446"
"1404","Florian Von Locquenghien","Male","Neu-Ulm","","GI","M40-44","FIN","5:06:10","0:27:56","0:04:13","2:34:00","0:03:16","1:56:44","250","224","28","2664","68","57","6","125","112","12","250","224","28","18370","1676","253","9240","196","7004"
"1836","Daniel Nuzík","Male","Olomouc","Olomouc Region","CZ","M30-34","FIN","5:06:18","0:37:02","0:05:55","2:30:27","0:03:48","1:49:06","251","225","30","2613","681","575","75","239","219","27","251","225","30","18378","2222","355","9027","228","6546"
"151","Michal Vostrel","Male","Karlovy Vary","CZ-41","CZ","M35-39","FIN","5:06:18","0:29:24","0:04:37","2:43:50","0:02:49","1:45:39","252","226","39","2434","108","91","10","313","287","58","252","226","39","18378","1764","277","9830","169","6339"
"1575","Marek Fordonski","Male","Warszawa","","PL","M50-54","FIN","5:06:19","0:35:34","0:05:29","2:37:27","0:03:32","1:44:17","253","227","18","2732","532","454","42","330","303","28","253","227","18","18379","2134","329","9447","212","6257"
"808","David Vondrak","Male","Všestary","Hradec Králové Region","CZ","M30-34","FIN","5:06:25","0:35:17","0:05:44","2:40:37","0:03:09","1:41:38","254","228","31","2611","514","437","59","391","354","46","254","228","31","18385","2117","344","9637","189","6098"
"1418","Sandra Kazikova","Female","Mnichovice","CZ-Central Bohemian Region","CZ","F50-54","FIN","5:06:26","0:25:25","0:04:58","2:35:29","0:04:44","1:55:50","255","27","1","3500","25","2","1","120","13","1","255","27","1","18386","1525","298","9329","284","6950"
"167","Olaf Dirker","Male","Emsdetten","DE-NW","DE","M55-59","FIN","5:06:30","0:31:08","0:06:14","2:35:49","0:03:54","1:49:25","256","229","6","3163","186","158","6","233","213","5","256","229","6","18390","1868","374","9349","234","6565"
"260","Lenka Táborská","Female","Jablonec nad Nisou","Liberec Region","CZ","F25-29","FIN","5:06:45","0:27:38","0:05:28","2:43:56","0:02:26","1:47:16","257","28","4","3013","62","9","2","301","26","3","257","28","4","18405","1658","328","9836","146","6436"
"800","Filip Rektořík","Male","Olomouc","Olomouc Region","CZ","M25-29","FIN","5:06:50","0:33:04","0:06:46","2:35:06","0:03:04","1:48:51","258","230","36","2492","313","264","34","270","249","30","258","230","36","18410","1984","406","9306","184","6531"
"780","Michal Hrabě","Male","Albrechtice nad Orlicí","Hradec Králové Region","CZ","M30-34","FIN","5:07:04","0:34:11","0:05:35","2:44:11","0:02:50","1:40:17","259","231","32","2599","397","335","43","439","399","53","259","231","32","18424","2051","335","9851","170","6017"
"1110","Dávid Šimurka","Male","Bratislava","Bratislava Region","SK","M35-39","FIN","5:07:06","0:32:21","0:06:08","2:31:51","0:04:35","1:52:11","260","232","40","2420","256","214","33","187","172","33","260","232","40","18426","1941","368","9111","275","6731"
"1624","David Kudrna","Male","Červené Pečky","CZ-Central Bohemian Region","CZ","M45-49","FIN","5:07:24","0:35:10","0:05:27","2:45:00","0:03:34","1:38:12","261","233","22","2615","494","422","45","465","423","42","261","233","22","18444","2110","327","9900","214","5892"
"391","Marek Garreis","Male","Benešov","Central Bohemian Region","CZ","M25-29","FIN","5:07:32","0:34:29","0:05:37","2:38:45","0:03:34","1:45:07","262","234","37","2479","424","359","50","334","306","42","262","234","37","18452","2069","337","9525","214","6307"
"466","Kryštof Garreis","Male","Skalsko, Velké Všelisy, Boreč, Kluky, Vrátno, Kovanec","Central Bohemian Region","CZ","M25-29","FIN","5:07:34","0:33:37","0:05:13","2:39:32","0:04:06","1:45:06","263","235","38","2478","358","301","41","325","298","40","263","235","38","18454","2017","313","9572","246","6306"
"1477","Krystof Kubicek","Male","Praha","Hlavní Město Praha","CZ","M18-24","FIN","5:07:40","0:27:11","0:04:39","2:37:32","0:03:53","1:54:24","264","236","34","2335","50","43","11","170","155","19","264","236","34","18460","1631","279","9452","233","6864"
"814","Oliver Peters","Male","Cadolzburg","foreigner","DE","M50-54","FIN","5:07:47","0:31:16","0:04:26","2:28:46","0:04:09","1:59:09","265","237","19","2705","193","163","15","106","94","9","265","237","19","18467","1876","266","8926","249","7149"
"1039","Jakub Curaj","Male","Svederník","foreigner","SK","M30-34","FIN","5:07:52","0:34:19","0:05:24","2:42:34","0:05:18","1:40:18","266","238","33","2585","410","348","48","406","368","50","266","238","33","18472","2059","324","9754","318","6018"
"767","Aleš Palkovic","Male","Praha 13","Prague","CZ","M30-34","FIN","5:07:56","0:31:30","0:05:20","2:41:11","0:03:03","1:46:52","267","239","34","2584","205","172","20","318","292","38","267","239","34","18476","1890","320","9671","183","6412"
"650","Ralf Dragon","Male","Coswig","DE-SN","DE","M35-39","FIN","5:07:58","0:33:00","0:06:22","2:29:21","0:03:05","1:56:08","268","240","41","2404","307","258","42","157","142","25","268","240","41","18478","1980","382","8961","185","6968"
"1235","Jan Krupa","Male","Snědovice","Ústí nad Labem Region","CZ","M18-24","FIN","5:07:58","0:28:57","0:04:45","2:40:15","0:03:47","1:50:13","269","241","35","2330","94","77","19","248","228","34","269","241","35","18478","1737","285","9615","227","6613"
"359","Lukáš Slábek","Male","Velká Buková","Central Bohemian Region","CZ","M25-29","FIN","5:08:01","0:31:01","0:05:00","2:38:09","0:02:32","1:51:20","270","242","39","2470","179","151","19","253","232","28","270","242","39","18481","1861","300","9489","152","6680"
"1821","Almaz Khannanov","Male","Praha 3","Prague","CZ","M35-39","FIN","5:08:06","0:34:51","0:05:19","2:38:40","0:03:32","1:45:44","271","243","42","2402","456","386","64","333","305","61","271","243","42","18486","2091","319","9520","212","6344"
"1299","Alexander Böhm","Male","Hassel","foreigner","DE","M25-29","FIN","5:08:13","0:33:28","0:05:25","2:41:50","0:03:24","1:44:05","272","244","40","2467","344","289","37","373","337","50","272","244","40","18493","2008","325","9710","204","6245"
"127","Thomas Buchmueller","Male","Burggen","DE-BY","DE","M55-59","FIN","5:08:24","0:36:07","0:05:26","2:26:13","0:04:17","1:56:21","273","245","7","3129","576","490","18","142","127","3","273","245","7","18504","2167","326","8773","257","6981"
"1071","Ondrej Kysela","Male","Praha","Prague","CZ","M35-39","FIN","5:08:39","0:32:14","0:05:00","2:44:40","0:03:43","1:43:02","274","246","43","2392","248","206","31","395","357","73","274","246","43","18519","1934","300","9880","223","6182"
"1116","Miloš Polák","Male","Hradec Králové","Hradec Králové Region","CZ","M45-49","FIN","5:08:42","0:29:09","0:04:23","2:41:13","0:03:20","1:50:36","275","247","23","2592","99","82","4","263","242","24","275","247","23","18522","1749","263","9673","200","6636"
"1506","Simon Batt","Male","Cassington","OXF","GB","M45-49","FIN","5:08:55","0:29:22","0:04:44","2:42:47","0:04:39","1:47:22","276","248","24","2588","107","90","6","300","275","30","276","248","24","18535","1762","284","9767","279","6442"
"340","David Raffay","Male","Kostelec nad Labem, Záryby","Prague","CZ","M25-29","FIN","5:08:58","0:35:01","0:06:11","2:47:07","0:03:06","1:37:34","277","249","41","2453","476","405","60","527","477","68","277","249","41","18538","2101","371","10027","186","5854"
"424","Maxim Obenrauch","Male","Ohradzany, Slovenská Volová, Sopkovce, Gruzovce","foreigner","SK","M18-24","FIN","5:09:05","0:32:38","0:04:57","2:24:05","0:03:15","2:04:10","278","250","36","2310","286","239","40","89","78","11","278","250","36","18545","1958","297","8645","195","7450"
"709","Marcin Wozniak","Male","Września","wielkopolskie","PL","M35-39","FIN","5:09:05","0:35:02","0:05:46","2:45:05","0:02:52","1:40:20","279","251","44","2384","478","407","71","469","426","84","279","251","44","18545","2102","346","9905","172","6020"
"898","Premysl Hašlar","Male","BŘEZNO","Central Bohemian Region","CZ","M50-54","FIN","5:09:10","0:28:05","0:04:18","2:40:30","0:03:52","1:52:26","280","252","20","2681","70","59","5","227","208","23","280","252","20","18550","1685","258","9630","232","6746"
"1368","Michal Bures","Male","Prague","CZ-Prague","CZ","M30-34","FIN","5:09:23","0:30:38","0:05:21","2:36:49","0:02:54","1:53:41","281","253","35","2558","163","135","15","225","206","25","281","253","35","18563","1838","321","9409","174","6821"
"1012","Juan Davila","Male","Ingelheim","foreigner","UY","M35-39","FIN","5:09:25","0:30:32","0:05:08","2:37:17","0:03:12","1:53:17","282","254","45","2378","158","130","17","229","209","42","282","254","45","18565","1832","308","9437","192","6797"
"1832","Daniel Heigl","Male","Theisseil","foreigner","DE","M40-44","FIN","5:09:29","0:33:00","0:05:55","2:47:31","0:03:57","1:39:06","283","255","29","2604","303","255","30","479","436","55","283","255","29","18569","1980","355","10051","237","5946"
"1164","Martin Mitterwald","Male","CZ Lety","Central Bohemia","CZ","M50-54","FIN","5:09:32","0:38:37","0:06:26","2:35:04","0:03:53","1:45:32","284","256","21","2674","832","690","64","362","327","30","284","256","21","18572","2317","386","9304","233","6332"
"1463","Eydokia Papanikolaou","Female","Volos","foreigner","GR","F30-34","FIN","5:09:38","0:32:00","0:04:38","2:41:53","0:03:11","1:47:56","285","29","4","3018","238","42","4","331","28","6","285","29","4","18578","1920","278","9713","191","6476"
"404","Martin Kryl","Male","Kyjov","South Moravian Region","CZ","M35-39","FIN","5:09:39","0:31:31","0:04:58","2:42:22","0:03:19","1:47:28","286","257","46","2374","207","174","22","335","307","62","286","257","46","18579","1891","298","9742","199","6448"
"1830","Pavel Mužík","Male","Pardubice","Pardubice Region","CZ","M50-54","FIN","5:09:41","0:36:39","0:06:24","2:28:11","0:03:54","1:54:33","287","258","22","2671","630","531","47","200","184","20","287","258","22","18581","2199","384","8891","234","6873"
"293","Jan Musil","Male","Kuřim","South Moravian Region","CZ","M25-29","FIN","5:09:41","0:34:04","0:04:46","2:41:04","0:02:56","1:46:51","288","259","42","2440","390","329","45","360","325","46","288","259","42","18581","2044","286","9664","176","6411"
"924","Ondrej Homolka","Male","Praha 4","CZ-Prague","CZ","M45-49","FIN","5:09:44","0:37:43","0:06:52","2:31:27","0:03:04","1:50:37","289","260","25","2573","742","621","59","285","262","26","289","260","25","18584","2263","412","9087","184","6637"
"294","Viktor Šlajer","Male","Holýšov","South Bohemian Region","CZ","M18-24","FIN","5:09:54","0:35:21","0:04:36","2:30:14","0:02:19","1:57:25","290","261","37","2295","518","440","63","182","167","22","290","261","37","18594","2121","276","9014","139","7045"
"920","Štepán Borovec","Male","Hradec Králové","CZ-521","CZ","M30-34","FIN","5:09:59","0:40:32","0:05:32","2:29:20","0:03:57","1:50:38","291","262","36","2547","997","819","120","277","255","33","291","262","36","18599","2432","332","8960","237","6638"
"1182","Mika Donner","Male","Bremen","foreigner","DE","M18-24","FIN","5:10:04","0:32:00","0:05:24","2:34:40","0:03:29","1:54:31","292","263","38","2292","239","197","34","214","197","27","292","263","38","18604","1920","324","9280","209","6871"
"1442","Ondrej Kratena","Male","Brno","CZ-642","CZ","M40-44","FIN","5:10:11","0:32:43","0:05:41","2:37:14","0:03:40","1:50:53","293","264","30","2592","288","241","28","281","258","29","293","264","30","18611","1963","341","9434","220","6653"
"189","Oleksandr Chmil","Male","Prilly","VAUD","UA","M35-39","FIN","5:10:14","0:32:10","0:04:43","2:34:07","0:02:25","1:56:49","294","265","47","2363","245","203","29","195","180","36","294","265","47","18614","1930","283","9247","145","7009"
"1072","Ondrej Dlask","Male","Praha","Prague","CZ","M30-34","FIN","5:10:16","0:35:15","0:06:14","2:36:21","0:03:23","1:49:03","295","266","37","2542","503","430","58","311","285","37","295","266","37","18616","2115","374","9381","203","6543"
"982","Anita Schoderbeck","Female","St. Pölten - Hart","AT-AT-3","AT","F40-44","FIN","5:10:21","0:26:52","0:05:47","2:38:34","0:05:45","1:53:23","296","30","2","3168","44","5","1","199","16","1","296","30","2","18621","1612","347","9514","345","6803"
"1522","Roman Špicák","Male","Olomouc","South Moravian Region","CZ","M30-34","FIN","5:10:32","0:33:29","0:05:32","2:43:08","0:07:51","1:40:32","297","267","38","2537","346","291","35","399","361","47","297","267","38","18632","2009","332","9788","471","6032"
"500","Lukas SEILER","Male","Prague","Prague, Central Bohemia","CZ","M35-39","FIN","5:10:35","0:37:50","0:06:39","2:50:28","0:04:02","1:31:35","298","268","48","2357","757","630","122","688","612","110","298","268","48","18635","2270","399","10228","242","5495"
"1112","Jan Teplý","Male","Pardubice","Pardubice Region","CZ","M18-24","FIN","5:10:57","0:25:26","0:05:47","2:48:02","0:04:07","1:47:34","299","269","39","2276","26","24","5","346","316","41","299","269","39","18657","1526","347","10082","247","6454"
"171","Petr Filip","Male","Stare Hradiste","Pardubice Region","CZ","M35-39","FIN","5:11:01","0:35:33","0:04:57","2:28:25","0:03:24","1:58:43","300","270","49","2349","529","451","80","161","146","27","300","270","49","18661","2133","297","8905","204","7123"
"763","Zbyšek Kotlas","Male","Okrouhlice","Vysočina Region","CZ","M45-49","FIN","5:11:04","0:34:37","0:05:09","2:41:55","0:03:04","1:46:19","301","271","26","2549","434","369","40","392","355","34","301","271","26","18664","2077","309","9715","184","6379"
"393","Petra Krcmarova","Female","Praha 7","CZ-Prague","CZ","F30-34","FIN","5:11:14","0:31:41","0:04:56","2:41:44","0:02:50","1:50:03","302","31","5","2989","213","35","3","324","27","5","302","31","5","18674","1901","296","9704","170","6603"
"693","Alexey Stepanov","Male","Prague 10","Prague","CZ","M45-49","FIN","5:11:26","0:30:09","0:04:50","2:32:00","0:02:32","2:01:56","303","272","27","2543","140","116","15","135","121","14","303","272","27","18686","1809","290","9120","152","7316"
"548","Daniel Grim","Male","Ohrobec","PRAHA-ZAPAD","CZ","M40-44","FIN","5:11:34","0:39:13","0:06:00","2:38:16","0:03:24","1:44:40","304","273","31","2567","887","734","79","432","392","50","304","273","31","18694","2353","360","9496","204","6280"
"1679","Stefan Windsperger","Male","Altheim","foreigner","AT","M50-54","FIN","5:11:40","0:40:06","0:06:05","2:24:30","0:05:21","1:55:38","305","274","23","2636","956","791","74","189","174","19","305","274","23","18700","2406","365","8670","321","6938"
"788","Lukáš Rybka","Male","Česká Třebová","CZ-Pardubice Region","CZ","M40-44","FIN","5:11:58","0:37:42","0:07:47","2:33:30","0:04:03","1:48:56","306","275","32","2560","741","620","72","339","310","35","306","275","32","18718","2262","467","9210","243","6536"
"229","Jan Neužil","Male","Praha","Prague","CZ","M35-39","FIN","5:12:15","0:38:39","0:04:59","2:39:51","0:02:44","1:46:02","307","276","50","2327","835","693","128","430","390","78","307","276","50","18735","2319","299","9591","164","6362"
"679","Lukáš Trapp","Male","Karlovy Vary","KARLOVY VARY","CZ","M35-39","FIN","5:12:23","0:28:40","0:04:06","2:35:02","0:02:27","2:02:08","308","277","51","2325","84","68","6","144","129","21","308","277","51","18743","1720","246","9302","147","7328"
"1637","Oliver Kocí","Male","Znojmo","South Moravian Region","CZ","M18-24","FIN","5:12:34","0:36:34","0:06:20","2:41:28","0:03:32","1:44:40","309","278","40","2247","621","523","77","447","406","51","309","278","40","18754","2194","380","9688","212","6280"
"867","Tomáš Voda","Male","Lično","Hradec Králové Region","CZ","M35-39","FIN","5:12:34","0:32:04","0:05:38","2:45:52","0:04:44","1:44:17","310","279","52","2321","240","198","27","435","395","79","310","279","52","18754","1924","338","9952","284","6257"
"1136","ŠTĚPÁN JEŽEK","Male","Libušín","Central Bohemian Region","CZ","M18-24","FIN","5:12:37","0:29:57","0:05:33","2:54:59","0:03:26","1:38:43","311","280","41","2246","129","109","25","581","523","72","311","280","41","18757","1797","333","10499","206","5923"
"426","Josef Minařík","Male","Kučeř","South Bohemian Region","CZ","M18-24","FIN","5:12:46","0:34:18","0:05:23","2:48:09","0:02:55","1:42:01","312","281","42","2243","407","345","52","518","469","62","312","281","42","18766","2058","323","10089","175","6121"
"1843","Radek Sventy","Male","Alcudia","Mallorca","CZ","M35-39","FIN","5:12:57","0:32:26","0:05:09","2:29:17","0:05:59","2:00:07","313","282","53","2315","262","219","35","134","120","18","313","282","53","18777","1946","309","8957","359","7207"
"334","Martin Lukáš","Male","Mikulůvka","CZ-72","CZ","M40-44","FIN","5:12:57","0:39:28","0:04:29","2:35:52","0:03:47","1:49:22","314","283","33","2542","908","752","82","358","323","37","314","283","33","18777","2368","269","9352","227","6562"
"295","Jan Balvín","Male","Kladno","Central Bohemian Region","CZ","M25-29","FIN","5:13:01","0:41:13","0:06:42","2:42:34","0:04:04","1:38:27","315","284","43","2380","1044","852","125","582","524","77","315","284","43","18781","2473","402","9754","244","5907"
"795","Kryštof Schovanec","Male","Odolena Voda","Central Bohemian Region","CZ","M18-24","FIN","5:13:01","0:34:58","0:05:49","2:47:49","0:03:22","1:41:03","316","285","43","2239","466","395","60","537","485","64","316","285","43","18781","2098","349","10069","202","6063"
"131","Oliver Seidl","Male","Theresienfeld","AT-3","AT","M40-44","FIN","5:13:03","0:31:47","0:04:37","2:27:35","0:03:03","2:06:02","317","286","34","2540","221","185","20","102","91","10","317","286","34","18783","1907","277","8855","183","7562"
"649","Josef Šreibr","Male","Lípa nad Orlicí","Hradec Králové Region","CZ","M30-34","FIN","5:13:05","0:33:54","0:04:33","2:48:12","0:03:11","1:43:15","318","287","39","2491","379","321","39","485","442","60","318","287","39","18785","2034","273","10092","191","6195"
"595","Lukáš Boura","Male","Janske Lazne","Hradec Králové Region","CZ","M35-39","FIN","5:13:10","0:43:59","0:05:54","2:27:57","0:03:32","1:51:48","319","288","54","2311","1273","1035","186","315","289","60","319","288","54","18790","2639","354","8877","212","6708"
"181","Markus Koeck","Male","Haigermoos","AT-4","AT","M50-54","FIN","5:13:13","0:37:14","0:06:38","2:28:06","0:04:14","1:57:01","320","289","24","2608","698","588","53","211","194","22","320","289","24","18793","2234","398","8886","254","7021"
"533","Attila Pozsgai","Male","Kecskemét","BACS-KISKUN","HU","M25-29","FIN","5:13:17","0:34:23","0:06:38","2:37:41","0:04:59","1:49:36","321","290","44","2375","415","353","49","332","304","41","321","290","44","18797","2063","398","9461","299","6576"
"729","Eduard Kupec","Male","Libuš","Prague","CZ","M25-29","FIN","5:13:18","0:38:56","0:08:58","2:41:14","0:05:02","1:39:09","322","291","45","2375","860","713","105","552","499","73","322","291","45","18798","2336","538","9674","302","5949"
"1008","Joerg Fink","Male","Feldbach","","AT","M50-54","FIN","5:13:28","0:32:57","0:05:45","2:34:55","0:03:34","1:56:18","323","292","25","2603","300","252","27","242","222","24","323","292","25","18808","1977","345","9295","214","6978"
"431","Kryštof Koudela","Male","Říčany","Central Bohemian Region","CZ","M25-29","FIN","5:13:28","0:36:53","0:05:55","2:38:45","0:02:47","1:49:08","324","293","46","2372","660","559","82","385","349","53","324","293","46","18808","2213","355","9525","167","6548"
"645","Jan Pavlíček","Male","Velká Buková","Central Bohemian Region","CZ","M25-29","FIN","5:13:33","0:30:27","0:05:08","2:40:50","0:03:38","1:53:30","325","294","47","2371","154","126","17","293","268","35","325","294","47","18813","1827","308","9650","218","6810"
"756","Urban Jašurek","Male","Záboří nad Labem","Central Bohemian Region","CZ","M18-24","FIN","5:13:34","0:43:08","0:07:13","2:37:20","0:05:56","1:39:57","326","295","44","2229","1214","987","151","514","465","60","326","295","44","18814","2588","433","9440","356","5997"
"637","Josef Chalupný","Male","Luka nad Jihlavou","Vysočina Region","CZ","M40-44","FIN","5:13:42","0:35:06","0:06:14","2:39:11","0:04:14","1:48:57","327","296","35","2528","489","417","47","371","336","40","327","296","35","18822","2106","374","9551","254","6537"
"1514","Martin GUIDEL","Male","Saint-Georges-sur-Loire","foreigner","FR","M18-24","FIN","5:13:43","0:34:59","0:05:49","2:42:17","0:03:35","1:47:03","328","297","45","2226","472","401","61","424","384","47","328","297","45","18823","2099","349","9737","215","6423"
"1725","Christián Kajaba","Male","Praha 5","Prague","CZ","M25-29","FIN","5:13:46","0:35:26","0:07:24","2:41:55","0:04:21","1:44:40","329","298","48","2367","524","446","67","454","412","59","329","298","48","18826","2126","444","9715","261","6280"
"312","Tadeáš Ranš","Male","Prague","Prague","CZ","M18-24","FIN","5:14:04","0:40:14","0:04:48","2:38:27","0:03:00","1:47:34","330","299","46","2220","971","802","121","431","391","49","330","299","46","18844","2414","288","9507","180","6454"
"428","Kryštof Polák","Male","Horní Maršov","Hradec Králové Region","CZ","M18-24","FIN","5:14:04","0:37:51","0:05:18","2:34:32","0:03:16","1:53:07","331","300","47","2220","760","632","93","309","283","38","331","300","47","18844","2271","318","9272","196","6787"
"401","Petr Jungmann","Male","Karlovy Vary ","","CZ","M60-64","FIN","5:14:05","0:39:11","0:06:03","2:42:50","0:03:11","1:42:51","332","301","1","3500","882","732","12","522","473","5","332","301","1","18845","2351","363","9770","191","6171"
"820","Lukas Policky","Male","Lednice","South Moravian Region","CZ","M30-34","FIN","5:14:07","0:32:45","0:05:19","2:39:09","0:02:38","1:54:15","333","302","40","2472","291","243","26","302","276","35","333","302","40","18847","1965","319","9549","158","6855"
"1233","Martin Kakascik","Male","Drienov","foreigner","SK","M35-39","FIN","5:14:10","0:33:02","0:05:29","2:35:31","0:03:34","1:56:35","334","303","55","2293","311","262","44","251","231","46","334","303","55","18850","1982","329","9331","214","6995"
"357","Aleš Bílek","Male","Jicín","Hradec Králové Region","CZ","M45-49","FIN","5:14:12","0:32:33","0:04:52","2:38:43","0:02:59","1:55:06","335","304","28","2493","276","230","28","286","263","27","335","304","28","18852","1953","292","9523","179","6906"
"355","Jan Sklenička","Male","Prague","Prague","CZ","M18-24","FIN","5:14:13","0:35:32","0:05:38","2:47:55","0:02:56","1:42:13","336","305","48","2217","527","449","64","551","498","67","336","305","48","18853","2132","338","10075","176","6133"
"1186","Michal Buzynuk","Male","Galway City","foreigner","IE","M35-39","FIN","5:14:16","0:36:40","0:04:08","2:33:59","0:04:43","1:54:47","337","306","56","2291","632","533","97","265","244","49","337","306","56","18856","2200","248","9239","283","6887"
"223","Eliška Eliášová","Female","Prague","Prague","CZ","F30-34","FIN","5:14:17","0:41:41","0:06:17","2:45:58","0:05:12","1:35:09","338","32","6","2934","1087","198","30","659","70","12","338","32","6","18857","2501","377","9958","312","5709"
"418","David Greyling","Male","Prague","CZ-Prague","IE","M50-54","FIN","5:14:18","0:35:04","0:06:19","2:41:12","0:03:22","1:48:21","339","307","26","2588","481","409","35","417","377","34","339","307","26","18858","2104","379","9672","202","6501"
"190","Karol Jesko","Male","Waalre","NB","SK","M35-39","FIN","5:14:18","0:32:57","0:05:40","2:33:07","0:03:29","1:59:05","340","308","57","2290","301","253","39","209","192","39","340","308","57","18858","1977","340","9187","209","7145"
"660","Eva Haselbergerová","Female","Susice","CZ-South Bohemian Region","CZ","F35-39","FIN","5:14:18","0:36:44","0:05:19","2:37:34","0:03:21","1:51:20","341","33","5","2929","640","100","12","355","34","5","341","33","5","18858","2204","319","9454","201","6680"
"242","Jan Hájek","Male","Praha","Prague","CZ","M40-44","FIN","5:14:19","0:38:52","0:05:02","2:32:26","0:03:35","1:54:24","342","309","36","2517","852","707","78","291","267","31","342","309","36","18859","2332","302","9146","215","6864"
"1777","Eva Küfnerová","Female","Nymburk","Central Bohemian Region","CZ","F40-44","FIN","5:14:21","0:36:59","0:05:35","2:43:09","0:03:34","1:45:05","343","34","3","3096","668","104","15","467","43","7","343","34","3","18861","2219","335","9789","214","6305"
"843","Josef Šrámek","Male","","Vysočina Region","CZ","M25-29","FIN","5:14:24","0:38:23","0:06:19","2:35:19","0:03:21","1:51:02","344","310","49","2355","804","667","97","361","326","47","344","310","49","18864","2303","379","9319","201","6662"
"317","Jiří Kinkor","Male","Husinec","Jihočeský kraj","CZ","M25-29","FIN","5:14:31","0:37:02","0:05:19","2:46:35","0:04:15","1:41:21","345","311","50","2353","678","572","83","544","492","72","345","311","50","18871","2222","319","9995","255","6081"
"707","Daniela Keval","Female","Ulm","","CZ","F30-34","FIN","5:14:37","0:35:35","0:05:42","2:38:14","0:03:19","1:51:47","346","35","7","2928","535","79","11","353","33","7","346","35","7","18877","2135","342","9494","199","6707"
"1597","Miriam Holendová","Female","Kojetice","Central Bohemian Region","CZ","F40-44","FIN","5:14:38","0:36:55","0:04:56","2:39:50","0:04:49","1:48:07","347","36","4","3091","662","102","14","393","38","4","347","36","4","18878","2215","296","9590","289","6487"
"1546","Alexander Graf-Pinaucic","Male","Thalheim bei Wels","AT-4","AT","M35-39","FIN","5:14:46","0:37:44","0:07:30","2:46:38","0:06:14","1:36:39","348","312","58","2282","743","622","118","616","556","104","348","312","58","18886","2264","450","9998","374","5799"
"1086","Lukas Eisenwort","Male","Havlickuv Brod","CZ-631","CZ","M25-29","FIN","5:14:46","0:33:13","0:04:48","2:50:25","0:03:04","1:43:17","349","313","51","2349","322","270","35","534","482","69","349","313","51","18886","1993","288","10225","184","6197"
"423","Filip Nikolov","Male","Kralupy nad Vltavou","Central Bohemian Region","CZ","M30-34","FIN","5:14:55","0:33:52","0:05:13","2:43:05","0:03:25","1:49:20","350","314","41","2458","376","318","37","400","362","48","350","314","41","18895","2032","313","9785","205","6560"
"1670","Martin Uridil","Male","Zelesice","Czech Republic","CZ","M35-39","FIN","5:14:56","0:36:47","0:05:29","2:38:48","0:02:51","1:51:01","351","315","59","2279","649","548","104","378","342","70","351","315","59","18896","2207","329","9528","171","6661"
"1532","Jan Homolác","Male","Jihlava","Vysočina Region","CZ","M35-39","FIN","5:14:56","0:28:13","0:05:40","2:39:39","0:03:22","1:58:01","352","316","60","2279","72","61","3","241","221","44","352","316","60","18896","1693","340","9579","202","7081"
"1374","Robert Feitscher","Male","Maria Ellend a.d. Donau","AT-NIEDEROSTERREICH","SK","M50-54","FIN","5:15:07","0:33:05","0:06:58","2:39:09","0:03:29","1:52:26","353","317","27","2573","315","266","29","344","314","29","353","317","27","18907","1985","418","9549","209","6746"
"667","Tomáš Ulicník","Male","Praha","Prague","CZ","M40-44","FIN","5:15:10","0:34:28","0:06:02","2:30:22","0:05:46","1:58:31","354","318","37","2502","423","358","42","192","177","18","354","318","37","18910","2068","362","9022","346","7111"
"1767","Filip Vabroušek","Male","Zlín","South Moravian Region","CZ","M25-29","FIN","5:15:19","0:28:45","0:10:08","3:06:47","0:06:43","1:22:55","355","319","52","2339","87","71","10","958","827","128","355","319","52","18919","1725","608","11207","403","4975"
"1085","Martin Kulhavý","Male","Ruda nad Moravou","Olomouc Region","CZ","M35-39","FIN","5:15:25","0:35:57","0:07:51","2:33:44","0:03:56","1:53:56","356","320","61","2270","567","483","86","306","280","57","356","320","61","18925","2157","471","9224","236","6836"
"653","Vaclav Kůřil","Male","Brno","South Moravian Region","CZ","M18-24","FIN","5:15:33","0:38:23","0:08:29","2:37:35","0:05:27","1:45:38","357","321","49","2193","806","669","98","449","408","52","357","321","49","18933","2303","509","9455","327","6338"
"1450","Filip Nehonský","Male","Prague","Prague","CZ","M18-24","FIN","5:15:41","0:36:42","0:08:09","2:41:15","0:05:01","1:44:34","358","322","50","2191","637","538","79","476","433","55","358","322","50","18941","2202","489","9675","301","6274"
"542","Adam Langenberger","Male","Nové Město nad Metují","CZ-Hradec Králové Region","CZ","M40-44","FIN","5:15:49","0:33:36","0:05:13","2:51:27","0:03:37","1:41:56","359","323","38","2490","356","299","33","576","518","62","359","323","38","18949","2016","313","10287","217","6116"
"690","Jakub Rydval","Male","Jablonec nad Nisou","Liberec Region","CZ","M30-34","FIN","5:15:57","0:38:06","0:06:52","2:29:38","0:03:43","1:57:38","360","324","42","2439","779","646","90","262","241","30","360","324","42","18957","2286","412","8978","223","7058"
"1805","Ivo Vudarcík","Male","Pardubice","Pardubice Region","CZ","M30-34","FIN","5:16:02","0:32:27","0:05:45","2:36:41","0:04:30","1:56:39","361","325","43","2438","268","224","25","268","247","32","361","325","43","18962","1947","345","9401","270","6999"
"289","David Václavík","Male","Ceské Budejovice","Jihočeský kraj","CZ","M25-29","FIN","5:16:04","0:36:27","0:07:13","2:47:44","0:04:35","1:40:04","362","326","53","2325","603","508","73","600","541","80","362","326","53","18964","2187","433","10064","275","6004"
"997","Barbara Gerber","Female","Weiden","Bayern","DE","F35-39","FIN","5:16:04","0:34:06","0:06:49","2:46:30","0:03:08","1:45:31","363","37","6","2897","392","62","8","504","49","7","363","37","6","18964","2046","409","9990","188","6331"
"1269","Tomas Vrbicky","Male","Hradec Králové","Hradec Králové Region","CZ","M35-39","FIN","5:16:23","0:35:41","0:06:46","2:39:47","0:03:42","1:50:29","364","327","62","2253","548","465","84","401","363","74","364","327","62","18983","2141","406","9587","222","6629"
"1447","Özlem Korkmaz","Female","Izmir","Gaziemir","TR","F40-44","FIN","5:16:26","0:35:20","0:05:47","2:41:14","0:03:12","1:50:52","365","38","5","3058","517","78","9","410","39","5","365","38","5","18986","2120","347","9674","192","6652"
"1812","Martin Zezula","Male","Slavkov u Brna","Czech Republic","CZ","M45-49","FIN","5:16:26","0:31:20","0:06:12","2:45:43","0:03:26","1:49:46","366","328","29","2453","197","166","23","425","385","36","366","328","29","18986","1880","372","9943","206","6586"
"1820","Lukas Pazdera","Male","Hute pod Tremsinem","CZ-Cernosice","CZ","M40-44","FIN","5:16:42","0:32:54","0:05:31","2:47:37","0:06:41","1:44:00","367","329","39","2474","298","250","29","472","429","54","367","329","39","19002","1974","331","10057","401","6240"
"1428","Štefan Bálik","Male","Jičíněves","Hradec Králové Region","CZ","M40-44","FIN","5:16:55","0:40:22","0:07:17","2:39:54","0:05:33","1:43:50","368","330","40","2471","983","810","91","508","459","58","368","330","40","19015","2422","437","9594","333","6230"
"1842","Marek Šroll","Male","Praha 6","CZ-PRAHA 6","CZ","M45-49","FIN","5:16:58","0:35:12","0:05:06","2:23:13","0:03:14","2:10:14","369","331","30","2443","499","426","46","101","90","9","369","331","30","19018","2112","306","8593","194","7814"
"1259","Lukas Derek Reynolds","Male","Patokryje","Ústí nad Labem Region","CZ","M18-24","FIN","5:17:07","0:39:07","0:06:50","2:39:31","0:03:30","1:48:09","370","332","51","2165","876","726","109","461","419","53","370","332","51","19027","2347","410","9571","210","6489"
"1061","Martin Neprášek","Male","Kadaň","Ústí nad Labem Region","CZ","M35-39","FIN","5:17:10","0:31:49","0:05:53","2:43:54","0:02:38","1:52:56","371","333","63","2239","223","186","25","387","350","72","371","333","63","19030","1909","353","9834","158","6776"
"537","Matěj Malík","Male","Hranice","Olomouc","CZ","M18-24","FIN","5:17:14","0:31:53","0:06:55","2:30:11","0:04:00","2:04:15","372","334","52","2163","231","191","31","163","148","18","372","334","52","19034","1913","415","9011","240","7455"
"468","Marek Sýkora","Male","Jablonec nad Nisou","Liberec Region","CZ","M18-24","FIN","5:17:15","0:30:45","0:06:13","2:56:27","0:04:52","1:38:57","373","335","53","2163","167","139","26","647","580","79","373","335","53","19035","1845","373","10587","292","5937"
"1322","Michal Kubíček","Male","Prague","CZ-110","CZ","M30-34","FIN","5:17:16","0:43:39","0:05:06","2:41:19","0:03:58","1:43:14","374","336","44","2416","1245","1012","151","571","514","68","374","336","44","19036","2619","306","9679","238","6194"
"311","Marie Ročková","Female","Slepotice","Pardubice Region","CZ","F18-24","FIN","5:17:24","0:38:06","0:06:20","2:44:36","0:03:26","1:44:57","375","39","2","3138","778","133","20","550","53","4","375","39","2","19044","2286","380","9876","206","6297"
"1642","Hannes Sivich","Male","Wien","AT-9","AT","M50-54","FIN","5:17:31","0:33:29","0:07:51","2:46:00","0:04:41","1:45:31","376","337","28","2530","345","290","33","502","454","44","376","337","28","19051","2009","471","9960","281","6331"
"1628","Martin Saidl","Female","Akcenta","Hradec Králové Region","CZ","M30-34","FIN","5:17:32","0:35:21","0:05:14","2:42:11","0:03:24","1:51:23","377","338","45","2411","519","441","61","420","380","52","377","338","45","19052","2121","314","9731","204","6683"
"504","Gabriel Bueno Aoki","Male","Prague","Prague","BR","M40-44","FIN","5:17:34","0:37:27","0:07:08","2:41:02","0:03:13","1:48:45","378","339","41","2459","711","598","68","464","422","52","378","339","41","19054","2247","428","9662","193","6525"
"179","Ales Petr","Male","Novy Bydzov","foreigner","CZ","M45-49","FIN","5:17:38","0:35:58","0:05:04","2:32:55","0:03:35","2:00:07","379","340","31","2431","569","485","50","247","227","23","379","340","31","19058","2158","304","9175","215","7207"
"276","David Bahounek","Male","Studénka, Bartošovice","Moravian-Silesian Region","CZ","M30-34","FIN","5:17:38","0:34:28","0:07:02","2:46:01","0:04:57","1:45:11","380","341","46","2409","422","357","49","507","458","62","380","341","46","19058","2068","422","9961","297","6311"
"1833","Daniel Mišina","Male","Martin","","SK","M35-39","FIN","5:17:40","0:34:21","0:06:23","2:38:27","0:05:21","1:53:09","381","342","64","2230","411","349","57","343","313","64","381","342","64","19060","2061","383","9507","321","6789"
"813","Tomáš Tlučhoř","Male","Nebovidy","Central Bohemian Region","CZ","M25-29","FIN","5:17:51","0:33:30","0:06:15","2:31:38","0:03:09","2:03:19","382","343","54","2293","347","292","38","202","186","22","382","343","54","19071","2010","375","9098","189","7399"
"1592","Stefan Buchmayer","Male","Zellerndorf","AT-3","AT","M25-29","FIN","5:17:52","0:33:58","0:05:48","2:32:20","0:03:27","2:02:20","383","344","55","2293","384","325","44","215","198","24","383","344","55","19072","2038","348","9140","207","7340"
"789","Luboš Fechtner","Male","Praha","CZ-104","CZ","M30-34","FIN","5:17:53","0:41:12","0:06:27","2:37:33","0:03:06","1:49:36","384","345","47","2405","1043","851","124","458","416","57","384","345","47","19073","2472","387","9453","186","6576"
"1766","Joachim Söder","Male","Langen (Hessen)","foreigner","DE","M60-64","FIN","5:17:54","0:34:37","0:07:27","2:35:37","0:04:05","1:56:08","385","346","2","3431","437","372","5","308","282","1","385","346","2","19074","2077","447","9337","245","6968"
"990","Tomáš Lada","Male","Poděbrady","Central Bohemian Region","CZ","M45-49","FIN","5:17:57","0:38:14","0:05:03","2:32:56","0:05:02","1:56:42","386","347","32","2425","789","654","64","289","266","28","386","347","32","19077","2294","303","9176","302","7002"
"678","Martin Nešpor","Male","Brno","South Moravian Region","CZ","M50-54","FIN","5:18:03","0:30:52","0:06:05","2:41:03","0:04:19","1:55:44","387","348","29","2521","175","147","14","317","291","26","387","348","29","19083","1852","365","9663","259","6944"
"792","Ivan Kovalík","Male","Košice","Kosice Region","SK","M45-49","FIN","5:18:03","0:39:06","0:04:49","2:40:59","0:03:03","1:50:07","388","349","33","2423","875","725","73","456","414","41","388","349","33","19083","2346","289","9659","183","6607"
"1494","Hernán Druille","Male","Madrid","","ES","M25-29","FIN","5:18:21","0:34:39","0:06:24","2:43:08","0:03:09","1:51:01","389","350","56","2284","441","376","52","444","404","58","389","350","56","19101","2079","384","9788","189","6661"
"803","Jan Váňa","Male","Hrdějovice","Jihočeský","CZ","M30-34","FIN","5:18:29","0:28:59","0:06:01","2:44:16","0:03:38","1:55:35","390","351","48","2394","95","78","7","347","317","43","390","351","48","19109","1739","361","9856","218","6935"
"1476","Filip Rataj","Male","Chotěboř","CZ-631","CZ","M35-39","FIN","5:18:38","0:39:50","0:07:20","2:22:22","0:05:00","2:04:05","391","352","65","2212","934","774","139","173","158","30","391","352","65","19118","2390","440","8542","300","7445"
"1692","Vladimír Pavlík","Male","Praha 1","Prague","CZ","M30-34","FIN","5:18:45","0:38:36","0:06:16","2:37:25","0:03:58","1:52:31","392","353","49","2389","830","688","97","405","367","49","392","353","49","19125","2316","376","9445","238","6751"
"1172","Tomas Cisarik","Male","Slovenský Grob","Bratislavský kraj","SK","M40-44","FIN","5:18:49","0:35:10","0:06:52","2:46:23","0:03:22","1:47:04","393","354","42","2436","493","421","48","532","480","59","393","354","42","19129","2110","412","9983","202","6424"
"1056","Kateřina Hertlová","Female","Kravaře","Moravian-Silesian Region","CZ","F40-44","FIN","5:18:55","0:31:52","0:05:41","2:46:43","0:03:36","1:51:03","394","40","6","3014","229","39","3","445","41","6","394","40","6","19135","1912","341","10003","216","6663"
"1680","Tomáš Procházka","Male","Sibřina","Central Bohemian Region","CZ","M25-29","FIN","5:18:59","0:36:17","0:07:43","2:36:09","0:03:41","1:55:09","395","355","57","2273","589","499","72","363","328","48","395","355","57","19139","2177","463","9369","221","6909"
"1218","František Krejčí","Male","Mutěnice","South Moravian Region","CZ","M25-29","FIN","5:19:00","0:39:59","0:06:06","2:39:58","0:04:18","1:48:40","396","356","58","2273","948","785","112","473","430","64","396","356","58","19140","2399","366","9598","258","6520"
"695","Jan Kolenec","Male","Hostivice","Central Bohemian Region","CZ","M45-49","FIN","5:19:05","0:32:45","0:05:54","2:36:49","0:04:08","1:59:28","397","357","34","2405","290","242","30","278","256","25","397","357","34","19145","1965","354","9409","248","7168"
"436","Helena Zigová","Female","Kostelec nad Orlicí","Hradec Králové Region","CZ","F35-39","FIN","5:19:09","0:43:02","0:05:29","2:50:37","0:03:05","1:36:56","398","41","7","2841","1200","224","29","790","103","15","398","41","7","19149","2582","329","10237","185","5816"
"1583","Vaughan Ulyate","Male","Bellville","Western Cape Province","ZA","M60-64","FIN","5:19:15","0:34:31","0:07:43","2:38:07","0:03:58","1:54:56","399","358","3","3407","426","361","4","368","333","3","399","358","3","19155","2071","463","9487","238","6896"
"1458","Roman Šimáček","Male","Rousínov","South Moravian Region","CZ","M35-39","FIN","5:19:16","0:35:04","0:05:32","2:44:08","0:05:26","1:49:07","400","359","66","2201","482","410","73","453","411","81","400","359","66","19156","2104","332","9848","326","6547"
"1303","Norbert Danišik","Male","Bratislava","foreigner","SK","M30-34","FIN","5:19:23","0:37:36","0:06:17","2:44:51","0:03:37","1:47:03","401","360","50","2378","733","614","82","541","489","65","401","360","50","19163","2256","377","9891","217","6423"
"210","Andre Vowinkel","Male","Seevetal","foreigner","DE","M55-59","FIN","5:19:24","0:34:30","0:07:15","2:39:23","0:03:30","1:54:46","402","361","8","2931","425","360","12","379","343","12","402","361","8","19164","2070","435","9563","210","6886"
"205","Micha Steffens","Male","Seevetal","foreigner","DE","M35-39","FIN","5:19:25","0:30:29","0:05:27","2:41:54","0:04:16","1:57:19","403","362","67","2198","157","129","16","314","288","59","403","362","67","19165","1829","327","9714","256","7039"
"760","Martin Březina","Male","Vyškov","South Moravian Region","CZ","M30-34","FIN","5:19:26","0:38:57","0:05:10","2:50:14","0:04:04","1:41:02","404","363","51","2377","862","714","101","673","601","82","404","363","51","19166","2337","310","10214","244","6062"
"1870","Martin Licek","Male","Černá u Bohdanče","Pardubice","CZ","M55-59","FIN","5:19:34","0:36:29","0:06:21","2:36:11","0:04:52","1:55:41","405","364","9","2928","610","514","22","340","311","10","405","364","9","19174","2189","381","9371","292","6941"
"247","Tomáš Brychta","Male","Třešť","Vysočina Region","CZ","M25-29","FIN","5:19:36","0:42:41","0:06:11","2:39:07","0:03:07","1:48:30","406","365","59","2262","1177","962","148","521","472","67","406","365","59","19176","2561","371","9547","187","6510"
"786","Ondrej Sticha","Male","Liberec","Liberec","CZ","M35-39","FIN","5:19:48","0:33:52","0:06:48","2:46:29","0:05:02","1:47:37","407","366","68","2191","377","319","54","497","450","88","407","366","68","19188","2032","408","9989","302","6457"
"628","Jacob Thomas","Male","Sobesice","CZ-64","GB","M30-34","FIN","5:19:49","0:37:24","0:09:15","2:44:53","0:06:27","1:41:49","408","367","52","2370","709","597","79","602","543","71","408","367","52","19189","2244","555","9893","387","6109"
"1601","Šimon Tejkal","Male","Jílové u Prahy","Central Bohemian Region","CZ","M35-39","FIN","5:19:54","0:36:30","0:05:09","2:41:57","0:03:05","1:53:13","409","368","69","2189","611","515","91","436","396","80","409","368","69","19194","2190","309","9717","185","6793"
"1768","Pavel Hlubuček","Male","Chlumec nad Cidlinou","CZ-521","CZ","M30-34","FIN","5:20:05","0:34:19","0:05:55","2:39:58","0:03:46","1:56:08","410","369","53","2365","409","347","47","364","329","44","410","369","53","19205","2059","355","9598","226","6968"
"1178","Milan Lakomý","Male","Zlín","Zlín Region","CZ","M18-24","FIN","5:20:13","0:38:39","0:05:31","2:37:28","0:03:02","1:55:33","411","370","54","2109","836","694","104","390","353","45","411","370","54","19213","2319","331","9448","182","6933"
"1713","Florian Porsch","Male","Berlin","foreigner","DE","M25-29","FIN","5:20:20","0:35:00","0:05:45","2:47:53","0:03:33","1:48:10","412","371","60","2249","473","402","59","538","486","71","412","371","60","19220","2100","345","10073","213","6490"
"284","Lukáš Culek","Male","Valkeřice","Vysočina Region","CZ","M25-29","FIN","5:20:21","0:40:15","0:05:26","2:35:31","0:03:21","1:55:49","413","372","61","2248","972","803","114","383","347","52","413","372","61","19221","2415","326","9331","201","6949"
"346","František Linder","Male","Hradec Králové","Hradec Králové Region","CZ","M30-34","FIN","5:20:30","0:35:45","0:06:44","2:37:46","0:03:34","1:56:41","414","373","54","2357","556","473","64","365","330","45","414","373","54","19230","2145","404","9466","214","7001"
"785","Lukáš Kacer","Male","Hořičky","Hradec Králové Region","CZ","M30-34","FIN","5:20:35","0:44:20","0:07:05","2:40:33","0:04:59","1:43:38","415","374","55","2356","1297","1054","158","618","557","74","415","374","55","19235","2660","425","9633","299","6218"
"386","Jiri Hajek","Male","Prague","Prague","CZ","M18-24","FIN","5:20:38","0:34:46","0:05:24","2:48:10","0:02:58","1:49:18","416","375","55","2102","449","382","59","531","479","63","416","375","55","19238","2086","324","10090","178","6558"
"522","Miroslav Pazdera","Male","","Moravian-Silesian Region","CZ","M50-54","FIN","5:20:38","0:32:53","0:04:51","2:33:31","0:04:25","2:04:58","417","376","30","2474","297","249","26","201","185","21","417","376","30","19238","1973","291","9211","265","7498"
"111","Ines Sandbote","Female","Emsdetten","DE-NW","DE","F50-54","FIN","5:20:39","0:31:13","0:06:33","2:46:55","0:04:39","1:51:19","418","42","2","3244","192","30","2","452","42","2","418","42","2","19239","1873","393","10015","279","6679"
"621","Tomasz Migdal","Male","Tychy","śląskie","PL","M35-39","FIN","5:20:56","0:32:27","0:05:40","2:38:46","0:03:44","2:00:19","419","377","70","2171","265","221","36","299","274","55","419","377","70","19256","1947","340","9526","224","7219"
"919","Jakub Miletin","Male","Osnice","Central Bohemian Region","CZ","M35-39","FIN","5:20:58","0:33:55","0:05:14","2:40:12","0:04:02","1:57:36","420","378","71","2170","381","322","55","349","318","66","420","378","71","19258","2035","314","9612","242","7056"
"698","Lucie Hraby","Female","Sušice","Pilsen","CZ","F45-49","FIN","5:20:58","0:37:48","0:05:40","2:44:53","0:03:42","1:48:56","421","43","4","3096","751","124","8","530","52","5","421","43","4","19258","2268","340","9893","222","6536"
"1424","Silvie Hradilová","Female","Dolní Břežany","Prague","CZ","F18-24","FIN","5:20:59","0:33:55","0:05:21","2:59:01","0:03:17","1:39:25","422","44","3","3074","380","59","11","769","95","13","422","44","3","19259","2035","321","10741","197","5965"
"192","Joao Ladeira","Male","Bielawa","PL-MZ","PT","M50-54","FIN","5:21:01","0:44:11","0:06:04","2:37:40","0:04:13","1:48:54","423","379","31","2467","1285","1044","90","520","471","46","423","379","31","19261","2651","364","9460","253","6534"
"1150","Adam Kašing","Male","Ostrava","CZ-Moravian-Silesian Region","CZ","M35-39","FIN","5:21:04","0:37:00","0:08:03","2:35:16","0:05:20","1:55:25","424","380","72","2168","672","567","111","367","332","67","424","380","72","19264","2220","483","9316","320","6925"
"1415","Adam Kulda","Male","Hradec Králové 8","Hradec Králové Region","CZ","M25-29","FIN","5:21:04","0:32:55","0:06:28","2:42:34","0:08:08","1:50:59","425","381","62","2235","299","251","33","396","358","54","425","381","62","19264","1975","388","9754","488","6659"
"1748","Jan Vicha","Male","Hradec Kralove ","foreigner","CZ","M45-49","FIN","5:21:08","0:33:37","0:04:34","2:56:00","0:03:12","1:43:46","426","382","35","2368","357","300","34","667","595","61","426","382","35","19268","2017","274","10560","192","6226"
"1317","Marie Kalkusova","Female","Praha","Prague","CZ","F35-39","FIN","5:21:08","0:36:08","0:05:26","2:45:08","0:02:46","1:51:40","427","45","8","2806","577","87","10","486","44","6","427","45","8","19268","2168","326","9908","166","6700"
"917","David Vajzr","Male","Prague","Central Bohemian Region","CZ","M40-44","FIN","5:21:12","0:35:05","0:05:25","2:39:52","0:03:56","1:56:53","428","383","43","2393","487","415","46","369","334","38","428","383","43","19272","2105","325","9592","236","7013"
"956","Jaroslav Urban","Male","Žatec","North Bohemia","CZ","M55-59","FIN","5:21:15","0:31:05","0:06:08","2:53:10","0:04:03","1:46:49","429","384","10","2898","182","154","5","580","522","18","429","384","10","19275","1865","368","10390","243","6409"
"1582","Zdenek Karel","Male","Freiburg im Breisgau","BW","CZ","M35-39","FIN","5:21:37","0:42:21","0:06:50","2:42:32","0:03:21","1:46:33","430","385","73","2159","1147","938","166","609","549","102","430","385","73","19297","2541","410","9752","201","6393"
"253","Filip Blažek","Male","Tábor","Jihočeský kraj","CZ","M25-29","FIN","5:21:39","0:39:50","0:07:01","2:38:50","0:04:19","1:51:39","431","386","63","2225","933","773","110","466","424","61","431","386","63","19299","2390","421","9530","259","6699"
"1195","Michal Axamit","Male","Líbeznice","Central Bohemian Region","CZ","M45-49","FIN","5:21:42","0:45:46","0:06:49","2:37:46","0:03:55","1:47:27","432","387","36","2358","1361","1099","103","578","520","52","432","387","36","19302","2746","409","9466","235","6447"
"1498","Radoslaw Zulewski","Male","Łódź","","PL","M35-39","FIN","5:21:50","0:40:36","0:07:25","2:41:44","0:04:34","1:47:32","433","388","74","2155","1006","827","147","559","506","97","433","388","74","19310","2436","445","9704","274","6452"
"762","Radomír Kirsch","Male","Trutnov","Hradec Králové Region","CZ","M50-54","FIN","5:21:51","0:37:10","0:06:42","2:40:13","0:03:04","1:54:42","434","389","32","2452","693","584","52","442","402","37","434","389","32","19311","2230","402","9613","184","6882"
"126","Martin Triska","Male","Praha","Prague","CZ","M35-39","FIN","5:21:59","0:34:24","0:05:03","2:30:35","0:04:00","2:07:57","435","390","75","2152","418","355","59","180","165","32","435","390","75","19319","2064","303","9035","240","7677"
"1387","Tomas Krouzecky","Male","Praha","","CZ","M25-29","FIN","5:22:00","0:35:16","0:07:20","2:47:18","0:04:11","1:47:55","436","391","64","2219","506","432","64","566","512","76","436","391","64","19320","2116","440","10038","251","6475"
"1220","Eike Mueller","Male","Berlin","Berlin","DE","M50-54","FIN","5:22:06","0:35:00","0:04:33","2:46:30","0:04:10","1:51:52","437","392","33","2448","475","404","34","475","432","41","437","392","33","19326","2100","273","9990","250","6712"
"1036","Michael TRUMMER","Male","Feldbach","Styria","AT","M30-34","FIN","5:22:12","0:40:49","0:07:24","2:35:51","0:04:01","1:54:06","438","393","56","2327","1018","837","123","441","401","55","438","393","56","19332","2449","444","9351","241","6846"
"1616","Marta Hala","Female","Tarnowo Podgórne","wielkopolskie","PL","F45-49","FIN","5:22:16","0:36:45","0:06:34","2:43:46","0:04:47","1:50:26","439","46","5","3072","644","101","7","495","46","4","439","46","5","19336","2205","394","9826","287","6626"
"1002","Jan Romanák","Male","Kroměříž","South Moravian Region","CZ","M30-34","FIN","5:22:18","0:34:01","0:05:44","2:37:36","0:05:41","1:59:15","440","394","57","2325","388","328","41","304","278","36","440","394","57","19338","2041","344","9456","341","7155"
"451","Tomáš Rous","Male","Ústí Nad Labem","Ústí nad Labem Region","CZ","M25-29","FIN","5:22:27","0:39:51","0:05:45","2:52:25","0:03:09","1:41:17","441","395","65","2210","937","776","111","763","669","102","441","395","65","19347","2391","345","10345","189","6077"
"602","Ondrej Vaclav","Male","Němčičky","South Moravian Region","SK","M30-34","FIN","5:22:37","0:35:18","0:05:50","2:37:21","0:04:07","2:00:00","442","396","58","2319","515","438","60","329","302","41","442","396","58","19357","2118","350","9441","247","7200"
"1724","Václav Hradil","Male","","Central Bohemian Region","CZ","M30-34","FIN","5:22:44","0:34:58","0:07:09","2:45:38","0:05:31","1:49:28","443","397","59","2317","469","398","56","516","467","63","443","397","59","19364","2098","429","9938","331","6568"
"128","Birgit Bachmann-Goetzer","Female","Burggen","DE-BY","DE","F55-59","FIN","5:22:50","0:42:45","0:06:12","2:31:35","0:05:23","1:56:55","444","47","1","3500","1182","218","3","372","36","1","444","47","1","19370","2565","372","9095","323","7015"
"353","Filip Vilímek","Male","Chrudim","Pardubice Region","CZ","M30-34","FIN","5:22:56","0:40:20","0:05:43","2:43:42","0:03:15","1:49:56","445","398","60","2314","980","809","117","560","507","67","445","398","60","19376","2420","343","9822","195","6596"
"1845","Martin Novák","","","","CZ","M50-54","FIN","5:22:57","0:35:07","0:05:34","2:40:55","0:06:13","1:55:08","446","399","34","2432","490","418","36","389","352","32","446","399","34","19377","2107","334","9655","373","6908"
"708","Andrea Chmiel","Female","Memmelsdorf","Central Bohemian Region","DE","F40-44","FIN","5:22:59","0:29:40","0:05:36","2:44:24","0:04:59","1:58:20","447","48","7","2940","118","20","2","357","35","3","447","48","7","19379","1780","336","9864","299","7100"
"999","Matěj Votruba","Male","","Jihočeský kraj","CZ","M18-24","FIN","5:23:02","0:33:46","0:06:50","2:50:41","0:04:00","1:47:44","448","400","56","2059","367","310","47","597","539","74","448","400","56","19382","2026","410","10241","240","6464"
"937","Radek Štork","Male","Ludvíkovice, Kámen","Ústí nad Labem Region","CZ","M50-54","FIN","5:23:09","0:36:33","0:08:18","2:46:19","0:04:49","1:47:09","449","401","35","2429","620","522","46","595","537","51","449","401","35","19389","2193","498","9979","289","6429"
"262","Ondřej Veselý","Male","České Budějovice","South Bohemia","CZ","M18-24","FIN","5:23:14","0:33:49","0:08:19","2:57:07","0:04:48","1:39:11","450","402","57","2055","373","315","48","795","692","93","450","402","57","19394","2029","499","10627","288","5951"
"163","Tomáš Strnad","Male","Zamberk","CZ-53","CZ","M55-59","FIN","5:23:29","0:36:15","0:04:20","2:33:36","0:03:13","2:06:06","451","403","11","2858","584","495","19","255","234","6","451","403","11","19409","2175","260","9216","193","7566"
"684","Markus Ratz","Male","Reisenberg","foreigner","AT","M55-59","FIN","5:23:41","0:32:36","0:07:52","2:36:01","0:03:54","2:03:17","452","404","12","2854","284","237","7","294","269","9","452","404","12","19421","1956","472","9361","234","7397"
"568","Lukas Hefka","Male","Chyne","Central Bohemia","CZ","M40-44","FIN","5:23:41","0:30:21","0:05:47","2:46:15","0:03:48","1:57:30","453","405","44","2349","146","120","11","411","372","44","453","405","44","19421","1821","347","9975","228","7050"
"727","Pavel Jakl","Male","Praha-Zapad","CZ-20A","CZ","M40-44","FIN","5:23:42","0:36:17","0:05:35","2:40:50","0:04:24","1:56:35","454","406","45","2348","587","498","55","419","379","45","454","406","45","19422","2177","335","9650","264","6995"
"1364","Tomáš Urbánek","Male","Dvůr Králové nad Labem","Vysočina Region","CZ","M30-34","FIN","5:23:43","0:37:24","0:05:33","2:35:14","0:04:34","2:00:58","455","407","61","2300","708","596","78","321","295","39","455","407","61","19423","2244","333","9314","274","7258"
"457","Martin Váňa","Male","Oslavany","South Moravian Region","CZ","M25-29","FIN","5:23:52","0:33:35","0:05:44","2:40:58","0:03:10","2:00:25","456","408","66","2185","354","297","40","366","331","49","456","408","66","19432","2015","344","9658","190","7225"
"330","Petr Novak","Male","Rožnov","Hradec Králové Region","CZ","M45-49","FIN","5:23:56","0:39:20","0:06:20","2:44:13","0:04:43","1:49:20","457","409","37","2318","896","742","76","565","511","49","457","409","37","19436","2360","380","9853","283","6560"
"514","Alexander Auer","Male","Lauf","foreigner","DE","M50-54","FIN","5:23:56","0:35:17","0:05:57","2:39:54","0:03:27","1:59:21","458","410","36","2415","512","435","39","380","344","31","458","410","36","19436","2117","357","9594","207","7161"
"1159","Roman Milták","Male","Litomysl","Pardubice Region","CZ","M25-29","FIN","5:24:04","0:38:38","0:05:29","2:54:55","0:04:00","1:41:03","459","411","67","2181","834","692","101","786","685","105","459","411","67","19444","2318","329","10495","240","6063"
"496","Petr Masat","Male","Nova Ves pod Plesi","","CZ","M50-54","FIN","5:24:06","0:31:57","0:06:10","2:44:08","0:04:06","1:57:45","460","412","37","2412","235","195","18","403","365","33","460","412","37","19446","1917","370","9848","246","7065"
"1016","Jan Balek","Male","Náchod","Hradec Králové Region","CZ","M40-44","FIN","5:24:06","0:35:38","0:07:46","2:43:33","0:04:10","1:52:58","461","413","46","2341","541","462","51","493","448","57","461","413","46","19446","2138","466","9813","250","6778"
"422","Jan Kupeček","Male","Hradec Králové","Hradec Králové Region","CZ","M35-39","FIN","5:24:09","0:36:37","0:05:38","2:42:57","0:02:35","1:56:22","462","414","76","2113","624","526","94","459","417","82","462","414","76","19449","2197","338","9777","155","6982"
"612","JAN BEJDAK","Male","Luka nad Jihlavou","CZ-Vysočina Region","CZ","M50-54","FIN","5:24:13","0:33:06","0:05:14","2:39:58","0:03:41","2:02:14","463","415","38","2410","316","267","30","323","297","27","463","415","38","19453","1986","314","9598","221","7334"
"863","Annika Held","Female","Ulm","","DE","F40-44","FIN","5:24:14","0:31:58","0:05:14","2:49:57","0:05:51","1:51:14","464","49","8","2918","236","41","5","496","47","8","464","49","8","19454","1918","314","10197","351","6674"
"668","Vojtěch Žůrek","Male","Lipník nad Bečvou","Moravian-Silesian Region","CZ","M18-24","FIN","5:24:21","0:40:30","0:05:30","2:45:17","0:03:38","1:49:25","465","416","58","2035","995","817","124","596","538","73","465","416","58","19461","2430","330","9917","218","6565"
"1578","Štěpán Rebenda","Male","Velké Pavlovice","South Moravian Region","CZ","M18-24","FIN","5:24:26","0:38:28","0:05:57","2:42:25","0:03:06","1:54:28","466","417","59","2033","813","673","99","491","446","56","466","417","59","19466","2308","357","9745","186","6868"
"1146","Ondřej Šolc","Male","Jirny","Central Bohemian Region","CZ","M18-24","FIN","5:24:35","0:33:01","0:06:36","2:52:51","0:03:38","1:48:29","467","418","60","2031","309","260","43","629","566","77","467","418","60","19475","1981","396","10371","218","6509"
"1201","Jiri Stanik","Male","Prague","Prague","CZ","M50-54","FIN","5:24:36","0:33:02","0:08:15","2:44:10","0:04:06","1:55:02","468","419","39","2403","310","261","28","460","418","40","468","419","39","19476","1982","495","9850","246","6902"
"683","Rostislav Joudal","Male","Staré Buky","Hradec Králové Region","CZ","M60-64","FIN","5:24:38","0:36:28","0:14:30","2:38:36","0:04:08","1:50:56","469","420","4","3310","609","513","10","556","503","8","469","420","4","19478","2188","870","9516","248","6656"
"1574","Bastian Trumpfheller","Male","Niddatal","","DE","M45-49","FIN","5:24:38","0:40:40","0:06:13","2:46:52","0:04:27","1:46:27","470","421","38","2305","1010","831","85","657","588","60","470","421","38","19478","2440","373","10012","267","6387"
"745","Jindřich Hájek","Male","Újezd u Svatého Kříže","South Bohemian Region","CZ","M50-54","FIN","5:24:41","0:38:29","0:06:20","2:46:06","0:03:56","1:49:50","471","422","40","2401","814","674","61","591","533","50","471","422","40","19481","2309","380","9966","236","6590"
"332","David Sedlařík","Male","Úštěk","foreigner","CZ","M18-24","FIN","5:24:43","0:29:34","0:04:21","2:37:09","0:02:22","2:11:18","472","423","61","2028","115","96","21","197","182","25","472","423","61","19483","1774","261","9429","142","7878"
"1277","Martin Antoš","Male","Skalice","Hradec Králové Region","CZ","M35-39","FIN","5:24:44","0:42:05","0:06:03","2:43:44","0:05:30","1:47:22","473","424","77","2102","1123","915","159","615","555","103","473","424","77","19484","2525","363","9824","330","6442"
"1486","Pavel Krížek","Male","Starý Jičín","Moravian-Silesian Region","CZ","M50-54","FIN","5:24:48","0:32:19","0:06:05","2:46:22","0:04:06","1:55:55","474","425","41","2399","253","211","20","455","413","39","474","425","41","19488","1939","365","9982","246","6955"
"1559","vladimir Vanek","Male","Hradec Králové","Hradec Králové Region","CZ","M40-44","FIN","5:24:48","0:37:30","0:07:23","2:31:17","0:03:28","2:05:11","475","426","47","2329","721","605","70","288","265","30","475","426","47","19488","2250","443","9077","208","7511"
"373","Tomáš Krbec","Male","Králův Dvůr","Central Bohemian Region","CZ","M25-29","FIN","5:24:50","0:32:19","0:05:43","2:47:55","0:02:57","1:55:56","476","427","68","2168","255","213","29","471","428","63","476","427","68","19490","1939","343","10075","177","6956"
"1052","Diana Tobišková","Female","Hradec Králové","Hradec Králové Region","CZ","F25-29","FIN","5:24:52","0:34:01","0:05:22","2:43:12","0:03:23","1:58:54","477","50","5","2687","387","60","11","416","40","5","477","50","5","19492","2041","322","9792","203","7134"
"1040","Jaroslav Jíra","Male","Liberec","Liberec Region","CZ","M55-59","FIN","5:24:53","0:33:39","0:06:17","2:41:09","0:03:09","2:00:40","478","428","13","2832","360","303","10","377","341","11","478","428","13","19493","2019","377","9669","189","7240"
"1704","Dennis Koschine","Male","Hannover","Niedersachsen","DE","M45-49","FIN","5:24:58","0:38:48","0:05:58","2:48:30","0:06:14","1:45:27","479","429","39","2299","847","703","69","646","579","59","479","429","39","19498","2328","358","10110","374","6327"
"551","Adam Kopják","Male","Bratislava","foreigner","SK","M18-24","FIN","5:25:16","0:35:11","0:05:50","2:41:37","0:03:12","1:59:25","480","430","62","2018","497","425","62","418","378","46","480","430","62","19516","2111","350","9697","192","7165"
"1741","Tomas Leixner","Male","Praha-Kolovraty","CZ-Central Bohemian Region","CZ","M40-44","FIN","5:25:32","0:32:32","0:05:40","2:45:13","0:03:55","1:58:13","481","431","48","2315","273","227","25","429","389","49","481","431","48","19532","1952","340","9913","235","7093"
"964","Merli Randoja","Female","Soinaste","foreigner","EE","F50-54","FIN","5:25:34","0:35:39","0:05:47","2:48:22","0:03:48","1:51:57","482","51","3","3155","542","80","6","563","54","3","482","51","3","19534","2139","347","10102","228","6717"
"1402","Pedro Borges","Male","Pinhal Novo","PT-15","PT","M40-44","FIN","5:25:35","0:31:07","0:05:47","2:45:06","0:04:16","1:59:19","483","432","49","2315","185","157","14","397","359","42","483","432","49","19535","1867","347","9906","256","7159"
"411","Matúš Toriška","Male","Nitra","foreigner","SK","M25-29","FIN","5:25:37","0:36:40","0:06:46","2:38:42","0:03:47","1:59:41","484","433","69","2153","634","535","78","398","360","55","484","433","69","19537","2200","406","9522","227","7181"
"576","Jan Cikhart","Male","Czechia","Central Bohemian Region","CZ","M18-24","FIN","5:25:43","0:36:44","0:07:12","2:45:41","0:05:19","1:50:48","485","434","63","2010","641","541","80","557","504","70","485","434","63","19543","2204","432","9941","319","6648"
"432","Jaromír Kovář","Male","Hradec Králové","Hradec Králové Region","CZ","M35-39","FIN","5:25:47","0:36:27","0:06:47","2:43:19","0:05:21","1:53:52","486","435","78","2084","605","509","90","482","439","86","486","435","78","19547","2187","407","9799","321","6832"
"1577","Lily Helling","Female","Aylesbury","GB-BKM","GB","F18-24","FIN","5:25:49","0:32:30","0:05:24","2:54:51","0:03:13","1:49:51","487","52","4","2987","270","46","9","638","66","8","487","52","4","19549","1950","324","10491","193","6591"
"623","Kristýna Marková","Female","Lanškroun","Pardubice Region","CZ","F25-29","FIN","5:25:57","0:32:26","0:05:04","2:49:21","0:03:33","1:55:34","488","53","6","2667","264","44","8","490","45","6","488","53","6","19557","1946","304","10161","213","6934"
"1554","Marc Egger","Male","Vorarlberg","AT-8","AT","M40-44","FIN","5:26:01","0:47:37","0:07:26","2:40:52","0:04:54","1:45:11","489","436","50","2307","1427","1156","131","713","631","78","489","436","50","19561","2857","446","9652","294","6311"
"944","Mikuláš Pýcha","Male","Milovice","Central Bohemian Region","CZ","M30-34","FIN","5:26:01","0:34:33","0:06:32","2:50:29","0:03:42","1:50:46","490","437","62","2258","427","362","50","603","544","72","490","437","62","19561","2073","392","10229","222","6646"
"118","Thore Kuchlenz","Male","Hamburg","DE-MECKLENBURG-VORPOMMERN","DE","M35-39","FIN","5:26:03","0:28:30","0:04:06","2:20:06","0:03:39","2:29:40","491","438","79","2079","82","67","5","51","44","3","491","438","79","19563","1710","246","8406","219","8980"
"1645","Lennert De Smedt","Male","Liedekerke","Flemish Region","BE","M25-29","FIN","5:26:07","0:35:45","0:06:54","2:45:53","0:03:05","1:54:30","492","439","70","2144","555","472","71","536","484","70","492","439","70","19567","2145","414","9953","185","6870"
"570","Jiří Matoušek","Male","Zábřeh","CZ-715","CZ","M25-29","FIN","5:26:18","0:37:33","0:06:07","2:38:37","0:03:19","2:00:41","493","440","71","2141","728","610","89","407","369","56","493","440","71","19578","2253","367","9517","199","7241"
"488","Lukáš Sláma","Male","Čejkovice","South Moravian Region","CZ","M40-44","FIN","5:26:21","0:42:54","0:07:44","2:46:48","0:04:20","1:44:36","494","441","51","2301","1193","971","108","753","663","83","494","441","51","19581","2574","464","10008","260","6276"
"554","David Urbášek","Male","Olomouc","Moravian-Silesian Region","CZ","M30-34","FIN","5:26:33","0:38:34","0:04:27","2:43:26","0:04:04","1:56:03","495","442","63","2249","826","685","96","480","437","58","495","442","63","19593","2314","267","9806","244","6963"
"459","Adam Holečka","Male","Martin","Žilinský kraj","SK","M25-29","FIN","5:26:34","0:35:15","0:07:35","2:52:02","0:04:36","1:47:06","496","443","72","2136","502","429","63","684","609","91","496","443","72","19594","2115","455","10322","276","6426"
"1631","Zdeněk Fejfar","Male","Osek","Central Bohemian Region","CZ","M45-49","FIN","5:26:36","0:39:12","0:05:23","2:37:39","0:04:46","1:59:36","497","444","40","2270","885","733","74","402","364","35","497","444","40","19596","2352","323","9459","286","7176"
"1383","Michal Votava","Male","Praha 8","Česká republika","CZ","M35-39","FIN","5:26:39","0:31:42","0:04:58","2:52:21","0:02:40","1:54:57","498","445","80","2068","215","179","23","548","496","95","498","445","80","19599","1902","298","10341","160","6897"
"824","Gerald Pendl","Male","Söchau","AT-AT","AT","M35-39","FIN","5:26:42","0:43:46","0:06:38","2:31:51","0:05:02","1:59:25","499","446","81","2067","1252","1018","180","404","366","75","499","446","81","19602","2626","398","9111","302","7165"
"441","Dominik Wagerer","Male","Mödring","AT-NIEDEROSTERREICH","AT","M35-39","FIN","5:26:44","0:31:43","0:06:17","2:40:52","0:04:32","2:03:19","500","447","82","2066","216","180","24","336","308","63","500","447","82","19604","1903","377","9652","272","7399"
"513","Martin Vičan","Male","Vigantice","CZ-723","CZ","M35-39","FIN","5:26:47","0:43:53","0:08:13","2:47:31","0:04:32","1:42:37","501","448","83","2066","1264","1028","182","805","700","127","501","448","83","19607","2633","493","10051","272","6157"
"1305","Alessandro Giacometti","Male","Vergato","foreigner","IT","M40-44","FIN","5:26:49","0:46:18","0:08:22","2:45:41","0:06:48","1:39:39","502","449","52","2292","1379","1116","122","824","718","91","502","449","52","19609","2778","502","9941","408","5979"
"998","Lynn Stahlbuhk","Female","Hamburg","DE-foreigner","DE","F30-34","FIN","5:26:50","0:34:48","0:04:29","2:36:57","0:04:57","2:05:39","503","54","8","2708","451","69","6","290","24","3","503","54","8","19610","2088","269","9417","297","7539"
"1193","Marek Protiva","Male","Hradec Králové","Hradec Králové Region","CZ","M35-39","FIN","5:26:51","0:30:44","0:06:18","2:51:29","0:05:19","1:53:01","504","450","84","2064","166","138","18","535","483","93","504","450","84","19611","1844","378","10289","319","6781"
"376","Jiří Vlček","Male","Prague","Prague","CZ","M35-39","FIN","5:26:59","0:36:41","0:06:48","2:43:19","0:03:14","1:56:58","505","451","85","2062","636","537","99","487","443","87","505","451","85","19619","2201","408","9799","194","7018"
"1249","Marketa Ficova","Female","Dobříš","Central Bohemian Region","CZ","F18-24","FIN","5:27:00","0:31:51","0:04:45","2:56:34","0:03:01","1:50:49","506","55","5","2966","225","38","7","643","67","9","506","55","5","19620","1911","285","10594","181","6649"
"873","Kateřina Koudelková","Female","Brno","South Moravian Region","CZ","F30-34","FIN","5:27:02","0:36:23","0:06:14","2:47:26","0:04:38","1:52:21","507","56","9","2705","596","93","14","568","56","9","507","56","9","19622","2183","374","10046","278","6741"
"741","Petr Kališ","Male","Osová Bítýška","Central Bohemian Region","CZ","M40-44","FIN","5:27:10","0:36:49","0:07:57","2:38:36","0:03:48","2:00:00","508","452","53","2286","652","551","64","427","387","47","508","452","53","19630","2209","477","9516","228","7200"
"1062","Thomas Anders","Male","Hanstedt","foreigner","DE","M50-54","FIN","5:27:15","0:33:23","0:05:06","2:35:41","0:02:48","2:10:17","509","453","42","2355","338","284","32","254","233","25","509","453","42","19635","2003","306","9341","168","7817"
"1819","Karel Vizinger","Male","Prague","Czech republic","CZ","M45-49","FIN","5:27:23","0:33:56","0:06:30","2:51:11","0:03:40","1:52:05","510","454","41","2255","382","323","36","606","546","55","510","454","41","19643","2036","390","10271","220","6725"
"764","Nicol Kirschová","Female","Trunov","Hradec Králové Region","CZ","F18-24","FIN","5:27:26","0:30:24","0:05:01","2:37:07","0:02:26","2:12:29","511","57","6","2958","151","28","5","221","18","1","511","57","6","19646","1824","301","9427","146","7949"
"225","Zdenek Doubek","Male","Krasová","South Moravian Region","CZ","M40-44","FIN","5:27:36","0:37:38","0:04:53","2:49:55","0:03:32","1:51:39","512","455","54","2278","735","615","71","627","564","70","512","455","54","19656","2258","293","10195","212","6699"
"1288","Leonhard Bürkner","Male","Bavaria","foreigner","DE","M25-29","FIN","5:27:37","0:33:35","0:05:03","2:35:17","0:03:39","2:10:02","513","456","73","2117","353","296","39","246","226","27","513","456","73","19657","2015","303","9317","219","7802"
"761","Filip Nýdrle","Male","Nová Paka","Hradec Králové Region","CZ","M18-24","FIN","5:27:39","0:25:12","0:04:47","2:49:37","0:03:07","2:04:57","514","457","64","1976","22","21","4","354","321","42","514","457","64","19659","1512","287","10177","187","7497"
"1179","Filip Hargaš","Male","Zlín","Zlín Region","CZ","M18-24","FIN","5:27:46","0:43:52","0:06:53","2:45:50","0:03:02","1:48:07","515","458","65","1973","1263","1027","158","725","642","89","515","458","65","19666","2632","413","9950","182","6487"
"1590","Jan Krupka","Male","Slavetin nad Ohri","Ústí nad Labem Region","CZ","M35-39","FIN","5:27:53","0:33:28","0:03:59","2:50:42","0:03:42","1:56:03","516","459","86","2046","343","288","48","525","475","90","516","459","86","19673","2008","239","10242","222","6963"
"724","Ondřej Pekárek","Male","Prague","Prague","CZ","M30-34","FIN","5:27:53","0:37:56","0:05:41","2:50:36","0:03:20","1:50:20","517","460","64","2225","765","636","87","670","598","80","517","460","64","19673","2276","341","10236","200","6620"
"196","Marcos Silva","Male","Valongo","Portugal Continental","BR","M45-49","FIN","5:27:59","0:37:40","0:06:12","2:40:33","0:04:29","1:59:05","518","461","42","2245","738","617","58","448","407","39","518","461","42","19679","2260","372","9633","269","7145"
"182","Filip Archalous","Male","Prague","CZ-105","CZ","M35-39","FIN","5:28:02","0:36:32","0:05:23","2:38:59","0:04:14","2:02:54","519","462","87","2043","613","517","92","375","339","69","519","462","87","19682","2192","323","9539","254","7374"
"1664","Pavol Bigos","Male","bilovice nad svitavou","South Moravian Region","SK","M45-49","FIN","5:28:02","0:46:40","0:07:08","2:32:27","0:04:19","1:57:29","520","463","43","2244","1393","1127","108","477","434","43","520","463","43","19682","2800","428","9147","259","7049"
"1752","Jakub Lemberka","Male","Tábor","Jihočeský kraj","CZ","M35-39","FIN","5:28:03","0:27:10","0:03:56","2:55:18","0:03:44","1:57:55","521","464","88","2043","48","42","2","478","435","85","521","464","88","19683","1630","236","10518","224","7075"
"1666","Vladimír Bačák","Male","Ústí Nad Labem","Ústí nad Labem Region","CZ","M30-34","FIN","5:28:05","0:38:07","0:07:07","2:41:45","0:03:44","1:57:22","522","465","65","2221","780","647","91","494","449","61","522","465","65","19685","2287","427","9705","224","7042"
"222","Šimon Walzel","Male","Praha","CZ-Prague","CZ","M25-29","FIN","5:28:10","0:31:52","0:04:48","2:38:44","0:04:43","2:08:04","523","466","74","2108","228","190","25","276","254","33","523","466","74","19690","1912","288","9524","283","7684"
"1075","Zdeněk Brabec","Male","Strunkovice nad Blanicí","Jihočeský kraj","CZ","M30-34","FIN","5:28:10","0:40:09","0:04:35","2:47:57","0:04:14","1:51:16","524","467","66","2219","965","797","115","634","571","76","524","467","66","19690","2409","275","10077","254","6676"
"218","Martin Reznícek","Male","Brno-střed","South Moravian Region","CZ","M25-29","FIN","5:28:12","0:37:48","0:05:50","2:48:08","0:04:49","1:51:38","525","468","75","2107","752","628","90","611","551","82","525","468","75","19692","2268","350","10088","289","6698"
"748","Michal Šafránek","","Bělá pod Bezdězem","Central Bohemian Region","CZ","M35-39","FIN","5:28:17","0:34:51","0:04:06","2:43:26","0:04:04","2:01:50","526","469","89","2039","457","387","65","411","372","76","526","469","89","19697","2091","246","9806","244","7310"
"469","Róbert Zajasenský","Male","Dunajská Lužná","foreigner","SK","M25-29","FIN","5:28:18","0:40:35","0:06:26","2:31:58","0:04:17","2:05:02","527","470","76","2105","1004","825","118","338","309","43","527","470","76","19698","2435","386","9118","257","7502"
"188","Manuel Möller","Male","Ihringen","DE-BW","DE","M60-64","FIN","5:28:18","0:35:37","0:06:04","2:46:39","0:03:08","1:56:50","528","471","5","3244","539","460","8","528","478","6","528","471","5","19698","2137","364","9999","188","7010"
"186","Sophie Dubbeld","Female","Haguenau","FR-68","FR","F30-34","FIN","5:28:26","0:35:39","0:04:47","2:47:53","0:02:58","1:57:09","529","58","10","2680","545","82","12","529","51","8","529","58","10","19706","2139","287","10073","178","7029"
"677","Stefanie Grimmeisen","Female","Nattheim","DE-BADEN-WURTTEMBERG","DE","F50-54","FIN","5:28:32","0:38:24","0:06:12","2:50:47","0:03:02","1:50:06","530","59","4","3102","808","138","12","702","78","7","530","59","4","19712","2304","372","10247","182","6606"
"297","Dáša Pawlasová","Female","Havířov","MORAVSKOSLEZSKY KRAJ","CZ","F25-29","FIN","5:28:34","0:39:39","0:06:56","2:49:07","0:03:04","1:49:49","531","60","7","2620","920","158","31","709","81","9","531","60","7","19714","2379","416","10147","184","6589"
"987","Dominik Andreas","Male","Tábor","Jihočeský kraj","CZ","M30-34","FIN","5:28:34","0:33:53","0:05:33","2:52:14","0:03:34","1:53:22","532","472","67","2212","378","320","38","607","547","73","532","472","67","19714","2033","333","10334","214","6802"
"326","Premysl Kachlik","Male","Brno","Jihomoravsky Kraj","CZ","M35-39","FIN","5:28:38","0:39:31","0:05:37","2:45:28","0:03:51","1:54:11","533","473","90","2032","912","756","136","584","526","100","533","473","90","19718","2371","337","9928","231","6851"
"805","Maroš Bošeľa","Male","Čeľovce","foreigner","SK","M25-29","FIN","5:28:38","0:36:31","0:05:48","2:47:28","0:04:45","1:54:06","534","474","77","2099","612","516","74","562","509","75","534","474","77","19718","2191","348","10048","285","6846"
"208","Andreas Köllmann","Male","Rosengarten","foreigner","DE","M55-59","FIN","5:28:42","0:33:16","0:05:56","2:43:17","0:04:53","2:01:20","535","475","14","2764","328","276","9","414","375","13","535","475","14","19722","1996","356","9797","293","7280"
"309","Marek Matej","Male","Zbýšov u Brna","South Moravian Region","CZ","M50-54","FIN","5:28:44","0:35:16","0:06:07","2:46:45","0:04:43","1:55:54","536","476","43","2328","507","433","38","524","474","47","536","476","43","19724","2116","367","10005","283","6954"
"1512","Marek Sečkař","Male","Prague","Prague","CZ","M18-24","FIN","5:28:46","0:36:52","0:07:16","2:41:56","0:08:06","1:54:37","537","477","66","1955","657","556","81","474","431","54","537","477","66","19726","2212","436","9716","486","6877"
"1223","Jan Staník","Male","Praha","Central Bohemian Region","CZ","M40-44","FIN","5:28:49","0:26:37","0:04:53","2:46:21","0:04:29","2:06:30","538","478","55","2256","43","39","3","312","286","33","538","478","55","19729","1597","293","9981","269","7590"
"329","Jaroslav Oswald","Male","Liberec","Liberec Region","CZ","M30-34","FIN","5:29:06","0:38:18","0:07:06","2:45:15","0:05:32","1:52:55","539","479","68","2203","796","660","94","585","527","69","539","479","68","19746","2298","426","9915","332","6775"
"901","Michal Surovcík","Male","Písek","Jihočeský kraj","CZ","M35-39","FIN","5:29:07","0:35:32","0:06:14","2:38:59","0:05:14","2:03:08","540","480","91","2024","528","450","79","374","338","68","540","480","91","19747","2132","374","9539","314","7388"
"1252","Vladimír Pátek","Male","Most","Ústí nad Labem Region","CZ","M30-34","FIN","5:29:08","0:42:24","0:05:28","2:54:52","0:03:16","1:43:08","541","481","69","2202","1152","941","139","882","767","111","541","481","69","19748","2544","328","10492","196","6188"
"733","Maximilian Beck","Male","Hitzhofen","DE-BY","DE","M30-34","FIN","5:29:08","0:33:05","0:05:01","2:31:29","0:04:37","2:14:56","542","482","70","2202","314","265","28","174","159","20","542","482","70","19748","1985","301","9089","277","8096"
"1786","Dariusz Lapawa","Male","Poznań","wielkopolskie","PL","M40-44","FIN","5:29:12","0:34:15","0:06:52","2:41:51","0:04:28","2:01:47","543","483","56","2249","399","337","40","423","383","46","543","483","56","19752","2055","412","9711","268","7307"
"1401","Viktor Semančík","Male","Veltruby","Central Bohemian Region","CZ","M25-29","FIN","5:29:33","0:38:08","0:05:03","2:48:23","0:03:03","1:54:55","544","484","78","2083","784","650","93","604","545","81","544","484","78","19773","2288","303","10103","183","6895"
"675","Marek Mráz","Male","Ceské Budejovice","South Bohemian Region","CZ","M30-34","FIN","5:29:35","0:36:47","0:05:31","2:42:22","0:04:15","2:00:41","545","485","71","2194","648","547","70","450","409","56","545","485","71","19775","2207","331","9742","255","7241"
"1817","Markéta Ružková","Female","Praha","Prague","CZ","F18-24","FIN","5:29:43","0:35:17","0:05:22","2:51:16","0:03:35","1:54:13","546","61","7","2917","511","77","15","617","61","7","546","61","7","19783","2117","322","10276","215","6853"
"777","Roman Ballo","Male","Pezinok","BRATISLAVSKY KRAJ","SK","M35-39","FIN","5:29:44","0:36:02","0:05:45","2:47:50","0:03:14","1:56:53","547","486","92","2012","570","486","87","558","505","96","547","486","92","19784","2162","345","10070","194","7013"
"689","Lukáš Beránek","Male","Žebrák","Central Bohemian Region","CZ","M40-44","FIN","5:29:44","0:36:19","0:07:28","2:50:52","0:04:15","1:50:50","548","487","57","2240","591","500","56","680","605","75","548","487","57","19784","2179","448","10252","255","6650"
"1524","Tomáš Dus","Male","Hradec Králové","Hradec Králové Region","CZ","M40-44","FIN","5:29:45","0:34:50","0:07:54","2:48:59","0:04:42","1:53:20","549","488","58","2240","455","385","45","610","550","66","549","488","58","19785","2090","474","10139","282","6800"
"287","Tomáš Vlk","Male","Kovářov","South Bohemian Region","CZ","M40-44","FIN","5:29:53","0:39:41","0:06:19","2:49:30","0:03:58","1:50:25","550","489","59","2237","924","765","86","706","628","77","550","489","59","19793","2381","379","10170","238","6625"
"632","Tomáš Lupínek","Male","Hradec Králové","Hradec Králové Region","CZ","M35-39","FIN","5:30:05","0:36:45","0:06:55","2:33:08","0:04:04","2:09:14","551","490","93","2006","642","542","101","298","273","54","551","490","93","19805","2205","415","9188","244","7754"
"652","Lukáš Brunner","Male","Plzeň","South Bohemian Region","CZ","M30-34","FIN","5:30:06","0:39:28","0:06:38","2:41:46","0:04:48","1:57:26","552","491","72","2185","907","751","106","519","470","64","552","491","72","19806","2368","398","9706","288","7046"
"1706","Eliska Slaninova","Female","Mikolajice","Moravian-Silesian Region","CZ","F18-24","FIN","5:30:08","0:38:15","0:05:20","2:59:49","0:04:16","1:42:28","553","62","8","2909","792","136","21","902","118","16","553","62","8","19808","2295","320","10789","256","6148"
"972","Filip Kyrian","Male","Štěpánovice","Jihočeský kraj","CZ","M18-24","FIN","5:30:16","0:37:42","0:07:43","2:46:57","0:04:56","1:52:59","554","492","67","1928","739","618","91","626","563","76","554","492","67","19816","2262","463","10017","296","6779"
"206","Stefan Panzer","Male","Rosengarten","foreigner","DE","M65-69","FIN","5:30:18","0:38:08","0:07:15","2:41:06","0:04:28","1:59:21","555","493","1","3500","783","649","3","481","438","1","555","493","1","19818","2288","435","9666","268","7161"
"170","Kees van de Wetering","Male","IJsselmuiden","NL-OV","NL","M60-64","FIN","5:30:25","0:32:17","0:05:39","2:47:34","0:03:23","2:01:31","556","494","6","3206","249","207","1","463","421","4","556","494","6","19825","1937","339","10054","203","7291"
"235","Stanislav Fleissig","Male","Praha","CZ-119","CZ","M50-54","FIN","5:30:25","0:37:02","0:07:21","2:39:09","0:04:22","2:02:31","557","495","44","2298","677","571","50","434","394","36","557","495","44","19825","2222","441","9549","262","7351"
"651","Marek Vaculík","Male","Prague","Prague","CZ","M30-34","FIN","5:30:35","0:31:13","0:05:54","2:57:06","0:03:25","1:52:57","558","496","73","2176","191","162","19","669","597","79","558","496","73","19835","1873","354","10626","205","6777"
"407","Aleš Melichar","Male","Kosice","foreigner","SK","M25-29","FIN","5:30:48","0:35:28","0:06:16","2:37:41","0:03:34","2:07:49","559","497","79","2060","525","447","68","352","320","44","559","497","79","19848","2128","376","9461","214","7669"
"1251","Heino Reinhardt","Male","Trebbin","BB","DE","M50-54","FIN","5:30:53","0:44:37","0:06:30","2:37:54","0:05:48","1:56:04","560","498","45","2290","1318","1069","92","549","497","49","560","498","45","19853","2677","390","9474","348","6964"
"1753","Eva Kudrnovská","Female","Sušice","South Bohemian Region","CZ","F40-44","FIN","5:30:53","0:36:25","0:05:46","2:56:36","0:03:38","1:48:28","561","63","9","2798","599","94","13","781","101","13","561","63","9","19853","2185","346","10596","218","6508"
"249","Petr Kosař","Male","Husinec","Prague","CZ","M45-49","FIN","5:30:55","0:34:10","0:06:30","2:46:29","0:05:00","1:58:45","562","499","44","2192","396","334","37","498","451","44","562","499","44","19855","2050","390","9989","300","7125"
"1009","Apollonia Fischer","Female","Feldbach","","AT","F40-44","FIN","5:31:08","0:40:58","0:06:02","2:49:45","0:03:54","1:50:28","563","64","10","2794","1027","185","24","730","85","10","563","64","10","19868","2458","362","10185","234","6628"
"1649","Jana Pospíšilová","Female","Uničov","Olomouc Region","CZ","F40-44","FIN","5:31:10","0:35:15","0:05:36","2:46:25","0:03:14","2:00:41","564","65","11","2793","505","74","8","501","48","9","564","65","11","19870","2115","336","9985","194","7241"
"1162","Denisa Panchártková","Female","Prague","CZ-114","CZ","F35-39","FIN","5:31:22","0:40:27","0:06:42","2:50:49","0:03:47","1:49:36","565","66","9","2621","990","175","22","762","94","13","565","66","9","19882","2427","402","10249","227","6576"
"848","Jakub Holas","Male","Prague","Prague","CZ","M18-24","FIN","5:31:33","0:40:28","0:06:19","2:54:18","0:05:30","1:44:58","566","500","68","1905","991","816","123","844","736","100","566","500","68","19893","2428","379","10458","330","6298"
"717","Vojtěch Koníř","Male","Kralupy nad Vltavou","Central Bohemian Region","CZ","M40-44","FIN","5:31:33","0:40:07","0:06:04","2:37:11","0:03:19","2:04:52","567","501","60","2207","960","794","90","428","388","48","567","501","60","19893","2407","364","9431","199","7492"
"1074","Jan Kadlec","Male","Pardubice","Pardubice Region","CZ","M30-34","FIN","5:31:34","0:30:34","0:06:02","2:38:10","0:06:48","2:10:00","568","502","74","2158","160","132","13","264","243","31","568","502","74","19894","1834","362","9490","408","7800"
"286","Robin Zdenek","Male","Hradec Králové","Hradec Králové Region","CZ","M35-39","FIN","5:31:35","0:35:02","0:05:29","2:44:59","0:03:42","2:02:25","569","503","94","1979","479","408","72","462","420","83","569","503","94","19895","2102","329","9899","222","7345"
"1080","Martin Kuba","Male","Ceské Budejovice","Jihočeský kraj","CZ","M50-54","FIN","5:31:54","0:39:18","0:06:14","2:48:08","0:04:59","1:53:16","570","504","46","2271","892","738","69","655","586","55","570","504","46","19914","2358","374","10088","299","6796"
"1137","Samuele Antonio Mazzola","Male","Cesky Krumlov","Jihočeský kraj","CZ","M18-24","FIN","5:32:01","0:40:20","0:06:36","2:46:02","0:04:51","1:54:13","571","505","69","1897","979","808","122","640","574","78","571","505","69","19921","2420","396","9962","291","6853"
"1828","Zbynek Vavrin","Male","Praha","Czech Republic","CZ","M35-39","FIN","5:32:11","0:34:55","0:05:54","2:55:36","0:04:13","1:51:33","572","506","95","1968","462","392","69","720","638","114","572","506","95","19931","2095","354","10536","253","6693"
"200","Agata Widynska","Female","Rumia","PL-PM","PL","F35-39","FIN","5:32:17","0:38:00","0:05:34","2:46:29","0:04:34","1:57:40","573","67","10","2605","770","131","17","570","57","8","573","67","10","19937","2280","334","9989","274","7060"
"988","Lukáš Stríteský","Male","Praha","Prague","CZ","M30-34","FIN","5:32:19","0:41:27","0:07:17","2:42:11","0:03:41","1:57:43","574","507","75","2145","1061","868","127","592","534","70","574","507","75","19939","2487","437","9731","221","7063"
"1535","Zdeno Navrátil","Male","Lesná","South Moravian Region","CZ","M45-49","FIN","5:32:20","0:33:38","0:05:06","2:44:53","0:03:55","2:04:49","575","508","45","2166","359","302","35","437","397","38","575","508","45","19940","2018","306","9893","235","7489"
"578","Štepán Šanda","Male","Kutna Hora","Česká republika","CZ","M35-39","FIN","5:32:26","0:33:00","0:05:54","2:53:43","0:03:42","1:56:07","576","509","96","1964","305","256","41","633","570","107","576","509","96","19946","1980","354","10423","222","6967"
"1441","Anas Araid","Male","Pergine Valsugana","foreigner","IT","M25-29","FIN","5:32:26","0:36:33","0:06:13","2:53:22","0:04:16","1:52:02","577","510","80","2031","617","520","76","715","633","97","577","510","80","19946","2193","373","10402","256","6722"
"1742","Tomáš Budka","Male","Praha","Prague","CZ","M40-44","FIN","5:32:28","0:36:40","0:05:23","2:43:45","0:03:15","2:03:24","578","511","61","2191","633","534","63","468","425","53","578","511","61","19948","2200","323","9825","195","7404"
"754","Matej Švabek","Male","Bytča","Zilina Region","SK","M35-39","FIN","5:32:31","0:41:34","0:07:24","2:41:17","0:03:30","1:58:47","579","512","97","1962","1072","875","155","575","517","99","579","512","97","19951","2494","444","9677","210","7127"
"207","Florian Zachau","Male","Horst","","DE","M45-49","FIN","5:32:35","0:45:54","0:06:51","2:44:14","0:04:15","1:51:22","580","513","46","2162","1365","1102","104","740","653","65","580","513","46","19955","2754","411","9854","255","6682"
"885","Radek Hlubiňák","Male","Ústí Nad Labem","Ústí nad Labem Region","CZ","M35-39","FIN","5:32:37","0:43:20","0:06:52","2:46:01","0:04:54","1:51:31","581","514","98","1961","1223","995","173","718","636","113","581","514","98","19957","2600","412","9961","294","6691"
"1593","Andreas Renz","Male","Villingen-Schwenningen","DE-BW","DE","M55-59","FIN","5:33:02","0:33:16","0:06:55","2:56:01","0:04:54","1:51:56","582","515","15","2686","326","274","8","716","634","22","582","515","15","19982","1996","415","10561","294","6716"
"1488","Martin Viktora","Male","Prague","Central Bohemian Region","CZ","M35-39","FIN","5:33:03","0:40:13","0:05:54","2:46:26","0:04:06","1:56:24","583","516","99","1953","970","801","142","631","568","106","583","516","99","19983","2413","354","9986","246","6984"
"1264","Nicolas Schmitter","Male","Haguenau","FR-67","FR","M35-39","FIN","5:33:07","0:35:05","0:05:44","2:34:58","0:03:28","2:13:52","584","517","100","1952","485","413","74","282","259","52","584","517","100","19987","2105","344","9298","208","8032"
"821","Vojtech Krejca","Male","Slavonice","Jihočeský kraj","CZ","M45-49","FIN","5:33:22","0:37:51","0:05:38","2:41:12","0:03:52","2:04:49","585","518","47","2148","761","633","61","451","410","40","585","518","47","20002","2271","338","9672","232","7489"
"525","William Bragg","Male","Dacorum","HRT","GB","M30-34","FIN","5:33:23","0:32:51","0:07:56","3:01:53","0:03:02","1:47:40","586","519","76","2126","295","247","27","879","764","110","586","519","76","20003","1971","476","10913","182","6460"
"1481","Magdalena Zabłocka","Female","Sicienko","kujawsko-pomorskie","PL","F40-44","FIN","5:33:23","0:44:23","0:06:36","2:48:17","0:03:35","1:50:33","587","68","12","2753","1301","244","30","796","104","14","587","68","12","20003","2663","396","10097","215","6633"
"1563","Irnik Dimitrov","Male","Sofia","BG-23","NL","M25-29","FIN","5:33:25","0:40:49","0:07:15","2:46:04","0:03:58","1:55:19","588","520","81","2013","1017","836","122","665","594","90","588","520","81","20005","2449","435","9964","238","6919"
"1133","Martin KREJČÍ","Male","Nový Jičín","","CZ","M30-34","FIN","5:33:29","0:47:36","0:08:07","2:52:33","0:05:43","1:39:29","589","521","77","2124","1425","1155","172","1014","873","132","589","521","77","20009","2856","487","10353","343","5969"
"400","Ondrej Boruvka","Male","Hradec Králové","Hradec Králové Region","CZ","M25-29","FIN","5:33:37","0:44:29","0:07:41","2:55:45","0:04:23","1:41:20","590","522","82","2009","1307","1059","165","1004","864","133","590","522","82","20017","2669","461","10545","263","6080"
"1070","Daniel Zdychavsky","Male","Veľký Meder","foreigner","SK","M18-24","FIN","5:33:55","0:34:46","0:06:22","2:58:18","0:04:14","1:50:14","591","523","70","1863","446","380","58","799","694","94","591","523","70","20035","2086","382","10698","254","6614"
"408","Jan Pauer","Male","Trenčín/Orechové","foreigner","SK","M40-44","FIN","5:33:57","0:42:55","0:05:26","2:43:27","0:04:09","1:57:59","592","524","62","2164","1195","972","109","613","553","67","592","524","62","20037","2575","326","9807","249","7079"
"642","Michal Papácek","Male","Ústí nad Orlicí","Pardubice Region","CZ","M30-34","FIN","5:34:02","0:39:19","0:05:38","2:52:10","0:03:32","1:53:23","593","525","78","2114","894","740","104","744","655","87","593","525","78","20042","2359","338","10330","212","6803"
"183","Jens Börretzen","Male","Uddevalla","SE-O","SE","M55-59","FIN","5:34:06","0:41:13","0:06:13","2:41:27","0:07:09","1:58:04","594","526","16","2666","1046","854","33","543","491","16","594","526","16","20046","2473","373","9687","429","7084"
"1549","Alina Pirshtuk","Female","Prague","Prague","CZ","M30-34","FIN","5:34:21","0:34:16","0:06:43","2:55:55","0:03:38","1:53:49","595","527","79","2108","401","339","46","736","650","86","595","527","79","20061","2056","403","10555","218","6829"
"1568","Riccardo Balzani","Male","Lucerne","CH-foreigner","CH","M18-24","FIN","5:34:22","0:34:00","0:06:03","2:47:35","0:04:01","2:02:43","596","528","71","1855","386","327","50","511","462","59","596","528","71","20062","2040","363","10055","241","7363"
"1473","Filip Němeček","Male","Jihlava","Vysočina Region","CZ","M18-24","FIN","5:34:24","0:36:03","0:06:28","2:49:50","0:03:52","1:58:10","597","529","72","1854","573","488","71","625","562","75","597","529","72","20064","2163","388","10190","232","7090"
"629","Jiří Štros","Male","Nechanice","Hradec Králové Region","CZ","M25-29","FIN","5:34:24","0:44:30","0:04:40","2:47:02","0:02:58","1:55:14","598","530","83","1995","1312","1064","166","717","635","98","598","530","83","20064","2670","280","10022","178","6914"
"1407","Mattia Federico","Male","Pergine Valsugana","foreigner","IT","M25-29","FIN","5:34:25","0:32:31","0:05:23","2:47:08","0:03:34","2:05:49","599","531","84","1995","272","226","30","457","415","60","599","531","84","20065","1951","323","10028","214","7549"
"1657","Guillaume Delfosse","Male","Uccle","","BE","M35-39","FIN","5:34:29","0:34:54","0:11:37","2:47:29","0:10:47","1:49:43","600","532","101","1927","461","391","68","661","591","108","600","532","101","20069","2094","697","10049","647","6583"
"178","Michael Fostel","Male","Wipfing","AT-Lower Austria","AT","M40-44","FIN","5:34:35","0:32:36","0:07:09","2:39:39","0:03:38","2:11:32","601","533","63","2153","285","238","26","351","319","36","601","533","63","20075","1956","429","9579","218","7892"
"865","Daniel Ondrášek","Male","","Prague","CZ","M30-34","FIN","5:34:41","0:39:10","0:06:38","2:49:35","0:04:57","1:54:21","602","534","80","2102","881","731","103","701","624","85","602","534","80","20081","2350","398","10175","297","6861"
"1348","Jakub Holec","Male","Jivina","Central Bohemian Region","CZ","M18-24","FIN","5:34:59","0:33:42","0:06:32","2:55:05","0:02:59","1:56:42","603","535","73","1844","365","308","46","698","621","86","603","535","73","20099","2022","392","10505","179","7002"
"1471","Anna-Katharina Strauhs","Female","Vienna","AT-9","AT","F18-24","FIN","5:35:08","0:37:25","0:05:19","2:51:41","0:03:01","1:57:43","604","69","9","2819","710","113","17","676","73","11","604","69","9","20108","2245","319","10301","181","7063"
"1496","Tomáš Kollert","Male","Dolní Břežany","Central Bohemian Region","CZ","M18-24","FIN","5:35:10","0:38:33","0:06:48","2:42:15","0:03:57","2:03:37","605","536","74","1840","824","683","102","510","461","58","605","536","74","20110","2313","408","9735","237","7417"
"390","Jan Talaváňa","Male","Prague","Prague","CZ","M30-34","FIN","5:35:11","0:44:29","0:06:23","2:50:48","0:03:43","1:49:48","606","537","81","2093","1309","1061","159","856","747","105","606","537","81","20111","2669","383","10248","223","6588"
"409","Hana Mudráková","Female","Veľký Ďur","foreigner","SK","F18-24","FIN","5:35:12","0:30:10","0:05:14","2:56:13","0:03:18","2:00:16","607","70","10","2818","142","26","3","605","60","6","607","70","10","20112","1810","314","10573","198","7216"
"1239","Peter MAY","Male","München","","DE","M35-39","FIN","5:35:13","0:40:33","0:06:09","2:41:28","0:04:39","2:02:24","608","538","102","1914","1002","824","146","526","476","91","608","538","102","20113","2433","369","9688","279","7344"
"1238","Sina Nokodian","Female","Munich","foreigner","DE","F25-29","FIN","5:35:13","0:44:51","0:05:38","2:52:42","0:05:17","1:46:45","609","71","8","2501","1329","251","50","897","117","16","609","71","8","20113","2691","338","10362","317","6405"
"1540","Claudia Kemps","Female","Eindhoven ","Noord-Brabant","NL","F25-29","FIN","5:35:17","0:37:06","0:09:14","2:47:50","0:08:12","1:52:56","610","72","9","2499","690","109","20","666","72","8","610","72","9","20117","2226","554","10070","492","6776"
"884","Tereza Quittova","Female","Brno","South Moravian Region","CZ","F40-44","FIN","5:35:18","0:35:40","0:05:38","2:55:41","0:03:33","1:54:46","611","73","13","2719","547","83","10","741","88","11","611","73","13","20118","2140","338","10541","213","6886"
"1562","Arnav Anand","Male","Gurugram","Maharashtra","IN","M30-34","FIN","5:35:24","0:42:54","0:06:06","2:51:37","0:03:07","1:51:40","612","539","82","2089","1191","969","143","833","726","102","612","539","82","20124","2574","366","10297","187","6700"
"248","Jakub Soušek","Male","Havířov","Moravian-Silesian Region","CZ","M30-34","FIN","5:35:25","0:46:07","0:06:10","2:50:37","0:02:50","1:49:41","613","540","83","2089","1375","1112","168","888","772","113","613","540","83","20125","2767","370","10237","170","6581"
"590","Filip Škorpík","Male","Litoměřice","Pardubice Region","CZ","M18-24","FIN","5:35:26","0:39:32","0:05:09","2:44:00","0:03:04","2:03:39","614","541","75","1835","913","757","117","540","488","66","614","541","75","20126","2372","309","9840","184","7419"
"1328","Michal Šáda","Male","Milovice","Central Bohemian Region","CZ","M40-44","FIN","5:35:26","0:41:48","0:10:13","2:44:46","0:05:17","1:53:22","615","542","64","2137","1097","897","99","732","647","79","615","542","64","20126","2508","613","9886","317","6802"
"1480","Dawid Zabłocki","Male","Sicienko","kujawsko-pomorskie","PL","M40-44","FIN","5:35:29","0:37:05","0:05:50","2:50:39","0:03:09","1:58:45","616","543","65","2136","687","580","66","653","584","72","616","543","65","20129","2225","350","10239","189","7125"
"966","Ludovit Sykora","Male","Marianka","","SK","M45-49","FIN","5:35:29","0:38:46","0:07:03","2:41:53","0:04:17","2:03:30","617","544","48","2110","845","701","68","515","466","48","617","544","48","20129","2326","423","9713","257","7410"
"156","Michal Navrátil","Male","Divec","foreigner","CZ","M45-49","FIN","5:35:34","0:33:22","0:04:34","2:45:35","0:04:51","2:07:12","618","545","49","2108","335","281","33","433","393","37","618","545","49","20134","2002","274","9935","291","7632"
"938","Kristina Stonjeková","Female","Zuidplas","foreigner","CZ","F30-34","FIN","5:35:36","0:34:49","0:06:32","2:51:22","0:03:38","1:59:16","619","74","11","2551","452","70","7","637","65","11","619","74","11","20136","2089","392","10282","218","7156"
"1722","Kamilla Lenes","Female","Bardufoss","foreigner","NO","F25-29","FIN","5:35:41","0:37:58","0:08:05","2:51:44","0:04:03","1:53:52","620","75","10","2492","768","130","26","760","93","13","620","75","10","20141","2278","485","10304","243","6832"
"255","Lukáš Pátek","Male","Hradec Králové","Hradec Králové Region","CZ","M35-39","FIN","5:35:44","0:42:20","0:05:46","2:34:27","0:04:24","2:08:47","621","546","103","1904","1144","935","165","415","376","77","621","546","103","20144","2540","346","9267","264","7727"
"1617","Daniel Kysela","Male","Praha","Prague","CZ","M40-44","FIN","5:35:45","0:36:27","0:06:03","2:48:20","0:05:52","1:59:02","622","547","66","2132","606","510","59","589","531","64","622","547","66","20145","2187","363","10100","352","7142"
"1521","René Arnošt","Male","Plzeň","CZ-323","CZ","M50-54","FIN","5:35:53","0:35:54","0:07:07","2:41:17","0:05:41","2:05:55","623","548","47","2200","561","478","45","446","405","38","623","548","47","20153","2154","427","9677","341","7555"
"1437","Petr Vondruška","Male","Meziměstí, Jetřichov, Hynčice, Vernéřovice","Hradec Králové Region","CZ","M45-49","FIN","5:35:58","0:31:10","0:05:42","2:50:21","0:03:35","2:05:09","624","549","50","2101","188","160","21","499","452","45","624","549","50","20158","1870","342","10221","215","7509"
"949","Tomas Kroczek","Male","Vrchlabí","Hradec Králové Region","CZ","M30-34","FIN","5:36:00","0:37:39","0:06:15","2:42:42","0:04:03","2:05:21","625","550","84","2078","737","616","83","483","440","59","625","550","84","20160","2259","375","9762","243","7521"
"1689","Václav Paukner","Male","Ceské Budejovice","Jihočeský kraj","CZ","M30-34","FIN","5:36:01","0:30:34","0:05:59","2:45:46","0:03:36","2:10:05","626","551","85","2078","159","131","12","408","370","51","626","551","85","20161","1834","359","9946","216","7805"
"1279","Tomáš Janoušek","Male","Moutnice","South Moravian Region","CZ","M25-29","FIN","5:36:06","0:38:46","0:08:12","2:51:39","0:08:41","1:48:48","627","552","85","1965","843","700","103","779","679","103","627","552","85","20166","2326","492","10299","521","6528"
"203","Matthias Nienke","Male","Marxen","foreigner","DE","M45-49","FIN","5:36:10","0:31:05","0:05:42","2:44:21","0:04:22","2:10:39","628","553","51","2097","183","155","20","382","346","33","628","553","51","20170","1865","342","9861","262","7839"
"706","Jan Kyncl","Male","Lánov","CZ-52","CZ","M25-29","FIN","5:36:11","0:32:18","0:05:13","2:35:17","0:03:01","2:20:22","629","554","86","1963","251","209","28","226","207","26","629","554","86","20171","1938","313","9317","181","8422"
"1839","Oldřich Vaňkát","Male","Hradec Králové","Hradec Králové Region","CZ","M30-34","FIN","5:36:16","0:38:16","0:08:18","2:46:53","0:05:02","1:57:47","630","555","86","2074","793","657","92","648","581","78","630","555","86","20176","2296","498","10013","302","7067"
"467","Filip Dobrovolný","Male","Blansko","South Moravian Region","CZ","M35-39","FIN","5:36:22","0:34:51","0:06:54","2:54:53","0:04:02","1:55:41","631","556","104","1893","458","388","66","726","643","116","631","556","104","20182","2091","414","10493","242","6941"
"1003","Sina Schuldt","Female","Hamburg","DE-HH","DE","F30-34","FIN","5:36:28","0:41:00","0:06:49","2:49:48","0:03:49","1:55:02","632","76","12","2535","1031","186","26","757","91","15","632","76","12","20188","2460","409","10188","229","6902"
"711","Lukáš Knop","Male","Hradec Králové","Hradec Králové Region","CZ","M45-49","FIN","5:36:29","0:41:48","0:07:02","2:42:29","0:04:11","2:00:58","633","557","52","2092","1095","895","89","598","540","54","633","557","52","20189","2508","422","9749","251","7258"
"399","Sebastian Fajkus","Male","Brno","South Moravian Region","CZ","M25-29","FIN","5:36:30","0:38:35","0:07:21","2:49:25","0:06:03","1:55:05","634","558","87","1958","829","687","99","700","623","94","634","558","87","20190","2315","441","10165","363","6905"
"579","Vojtech Drábek","Male","Prague","Prague","CZ","M25-29","FIN","5:36:39","0:46:40","0:06:32","2:47:46","0:03:09","1:52:32","635","559","88","1955","1394","1128","183","841","733","110","635","559","88","20199","2800","392","10066","189","6752"
"1586","Ján Jesenský","Male","Martin ","Martin ","SK","M30-34","FIN","5:36:44","0:42:06","0:07:14","2:50:41","0:04:38","1:52:05","636","560","87","2065","1127","919","132","816","710","98","636","560","87","20204","2526","434","10241","278","6725"
"849","Katerina Krátká","Female","Praha 4","Prague","CZ","F18-24","FIN","5:36:45","0:30:24","0:03:52","2:53:47","0:03:21","2:05:21","637","77","11","2790","150","27","4","523","50","3","637","77","11","20205","1824","232","10427","201","7521"
"984","Michael Pemmer","Male","Artstetten-Pöbring","AT-3","AT","M40-44","FIN","5:36:52","0:40:56","0:06:55","2:35:55","0:04:02","2:09:04","638","561","67","2111","1024","840","93","438","398","51","638","561","67","20212","2456","415","9355","242","7744"
"1118","Lukáš Musil","Male","Hradec Králové","Hradec Králové Region","CZ","M40-44","FIN","5:36:53","0:38:30","0:06:59","2:48:04","0:04:16","1:59:05","639","562","68","2111","818","678","76","650","582","71","639","562","68","20213","2310","419","10084","256","7145"
"1290","Boris Selecky","Male","Banska Bystrica","BANSKOBYSTRICKY KRAJ","SK","M35-39","FIN","5:37:01","0:37:02","0:07:01","2:43:12","0:04:40","2:05:06","640","563","105","1881","680","574","112","500","453","89","640","563","105","20221","2222","421","9792","280","7506"
"585","Kryštof Hroudný","Male","Hradec Králové","Hradec Králové Region","CZ","M25-29","FIN","5:37:01","0:35:23","0:06:53","2:48:54","0:03:30","2:02:21","641","564","89","1948","522","444","66","594","536","79","641","564","89","20221","2123","413","10134","210","7341"
"252","Petr Moravec","Male","Ostromer","Ostromer","CZ","M40-44","FIN","5:37:04","0:39:58","0:06:39","2:42:07","0:05:43","2:02:36","642","565","69","2108","947","784","89","542","490","60","642","565","69","20224","2398","399","9727","343","7356"
"1142","Matěj Eberle","Male","Velká Dobrá","CZ-203","CZ","M25-29","FIN","5:37:12","0:38:15","0:06:57","2:47:17","0:03:25","2:01:18","643","566","90","1945","791","656","95","628","565","85","643","566","90","20232","2295","417","10037","205","7278"
"1744","Lukáš Dubský","Male","Prague","Prague","CZ","M50-54","FIN","5:37:22","0:36:46","0:05:31","2:45:23","0:04:43","2:05:00","644","567","48","2173","647","546","49","512","463","45","644","567","48","20242","2206","331","9923","283","7500"
"1610","Simon Hart","Male","Newbury","foreigner","GB","M60-64","FIN","5:37:23","0:34:49","0:05:37","2:37:56","0:03:48","2:15:13","645","568","7","3080","453","383","7","326","299","2","645","568","7","20243","2089","337","9476","228","8113"
"1495","natasha scrivens","Female","Shipston-on-Stour","GB-ENG","GB","F55-59","FIN","5:37:26","0:33:11","0:05:50","2:56:54","0:03:47","1:57:44","646","78","2","3237","321","52","1","712","82","2","646","78","2","20246","1991","350","10614","227","7064"
"611","Adam Müller","Male","Klášterec nad Ohří","Ústí nad Labem Region","CZ","M18-24","FIN","5:37:31","0:36:16","0:06:27","2:46:28","0:08:45","1:59:34","647","569","76","1798","586","497","76","553","500","68","647","569","76","20251","2176","387","9988","525","7174"
"1630","Tomáš Helán","Male","Brno","South Moravian Region","CZ","M35-39","FIN","5:37:35","0:36:25","0:06:28","2:45:32","0:06:00","2:03:10","648","570","106","1871","598","505","88","533","481","92","648","570","106","20255","2185","388","9932","360","7390"
"1737","Adrian Diaz Martinez","Male","Hamburg","DE-foreigner","ES","M35-39","FIN","5:37:41","0:30:09","0:05:13","2:46:09","0:04:23","2:11:47","649","571","107","1869","139","115","14","384","348","71","649","571","107","20261","1809","313","9969","263","7907"
"1333","Ethan Gale","Male","Worcester","foreigner","GB","M18-24","FIN","5:37:45","0:37:22","0:08:18","2:57:10","0:05:20","1:49:35","650","572","77","1794","707","595","87","885","770","106","650","572","77","20265","2242","498","10630","320","6575"
"1192","Vlasto Krenicky","Male","Presov","SK-PV","SK","M60-64","FIN","5:37:53","0:42:11","0:07:59","2:38:48","0:07:57","2:00:59","651","573","8","3071","1135","927","15","545","493","7","651","573","8","20273","2531","479","9528","477","7259"
"1504","Michal Hlaváč","Male","Vřesovice, Ježov, Skalka, Labuty","South Moravian Region","CZ","M18-24","FIN","5:37:57","0:35:51","0:06:18","2:47:24","0:03:53","2:04:32","652","574","78","1790","558","475","67","555","502","69","652","574","78","20277","2151","378","10044","233","7472"
"1155","Zdeněk Medlík","Male","Liberec","Liberec Region","CZ","M40-44","FIN","5:38:01","0:39:16","0:07:16","2:44:10","0:05:52","2:01:27","653","575","70","2091","890","736","80","586","528","63","653","575","70","20281","2356","436","9850","352","7287"
"555","Jirí Hájek","Male","Hradec Králové","Hradec Králové Region","CZ","M50-54","FIN","5:38:01","0:41:14","0:07:12","2:44:32","0:05:07","1:59:57","654","576","49","2161","1049","857","79","641","575","53","654","576","49","20281","2474","432","9872","307","7197"
"1609","Juraj Sabol","Male","Bukovec","foreigner","SK","M35-39","FIN","5:38:12","0:35:15","0:04:52","2:36:36","0:05:03","2:16:27","655","577","108","1860","504","431","76","297","272","53","655","577","108","20292","2115","292","9396","303","8187"
"723","Josef Dvorák","Male","Hradec Králové","Hradec Králové Region","CZ","M40-44","FIN","5:38:12","0:37:18","0:06:17","2:50:48","0:04:09","1:59:40","656","578","71","2087","704","593","67","674","602","74","656","578","71","20292","2238","377","10248","249","7180"
"633","Kateřina Kramlová","Female","Náchod","CZ-523","CZ","F50-54","FIN","5:38:28","0:41:56","0:05:49","2:44:57","0:03:32","2:02:14","657","79","5","2923","1109","204","17","636","64","5","657","79","5","20308","2516","349","9897","212","7334"
"1093","Konrad Półtorak","Male","Kielce","PL-SK","PL","M45-49","FIN","5:38:32","0:38:33","0:07:00","2:48:41","0:06:58","1:57:20","658","579","53","2055","825","684","67","671","599","62","658","579","53","20312","2313","420","10121","418","7040"
"396","Petan Soukup","Male","Praha","Prague","CZ","M35-39","FIN","5:38:41","0:43:42","0:05:59","2:47:36","0:04:18","1:57:05","659","580","109","1851","1248","1015","179","749","660","119","659","580","109","20321","2622","359","10056","258","7025"
"1665","Michal Pavlik","Male","Brandýs nad Labem-Stará Boleslav","Central Bohemian Region","CZ","M40-44","FIN","5:38:42","0:33:40","0:08:22","2:47:50","0:04:55","2:03:54","660","581","72","2078","361","304","34","564","510","61","660","581","72","20322","2020","502","10070","295","7434"
"1169","Patrik Matula","Male","Vrutky","foreigner","SK","M25-29","FIN","5:38:43","0:41:29","0:06:10","2:42:06","0:05:36","2:03:22","661","582","91","1918","1064","870","131","561","508","74","661","582","91","20323","2489","370","9726","336","7402"
"975","Jan Šusta","Male","Staré Hradiště","foreigner","CZ","M45-49","FIN","5:38:53","0:35:17","0:05:31","2:39:00","0:04:34","2:14:30","662","583","54","2048","513","436","48","359","324","32","662","583","54","20333","2117","331","9540","274","8070"
"891","Borivoj Cejka","Male","Chrudim","Pardubice Region","CZ","M45-49","FIN","5:38:59","0:40:07","0:05:55","2:44:15","0:03:03","2:05:38","663","584","55","2047","959","793","83","577","519","51","663","584","55","20339","2407","355","9855","183","7538"
"1158","David Pouc","Male","Hradec Králové","Hradec Králové Region","CZ","M45-49","FIN","5:39:01","0:40:33","0:06:01","2:44:21","0:03:33","2:04:33","664","585","56","2046","998","820","84","590","532","53","664","585","56","20341","2433","361","9861","213","7473"
"1669","Kateřina Hladíková","Female","Hradec Králové","Hradec Králové Region","CZ","F25-29","FIN","5:39:05","0:37:45","0:06:59","2:58:46","0:03:38","1:51:56","665","80","11","2431","747","123","25","908","119","17","665","80","11","20345","2265","419","10726","218","6716"
"694","Markéta Kretínská","Female","Luleč","South Moravian Region","CZ","F25-29","FIN","5:39:07","0:29:24","0:04:46","2:55:48","0:03:17","2:05:52","666","81","12","2430","110","18","3","567","55","7","666","81","12","20347","1764","286","10548","197","7552"
"1806","Milan Kejda","Male","Poděbrady","Central Bohemia","CZ","M18-24","FIN","5:39:08","0:50:32","0:05:28","2:44:34","0:03:56","1:54:38","667","586","79","1769","1485","1201","185","832","725","96","667","586","79","20348","3032","328","9874","236","6878"
"766","Martin Stiborek","Male","Prague","Prague","CZ","M50-54","FIN","5:39:11","0:32:47","0:06:18","3:00:24","0:05:56","1:53:45","668","587","50","2140","292","244","24","801","696","65","668","587","50","20351","1967","378","10824","356","6825"
"1106","Michal Repašský","Male","Štrba","SK-PV","SK","M40-44","FIN","5:39:11","0:37:01","0:06:24","2:48:44","0:05:45","2:01:17","669","588","73","2070","675","569","65","621","559","69","669","588","73","20351","2221","384","10124","345","7277"
"1560","Lucie Dopitová","Female","Přáslavice","Olomouc Region","CZ","F30-34","FIN","5:39:12","0:38:11","0:05:47","2:53:03","0:04:08","1:58:03","670","82","13","2486","786","135","18","742","89","14","670","82","13","20352","2291","347","10383","248","7083"
"1221","Erik Eger","Male","Pilsen","South Bohemian Region","CZ","M25-29","FIN","5:39:13","0:45:54","0:07:41","2:49:41","0:04:00","1:51:56","671","589","92","1909","1364","1101","175","898","781","119","671","589","92","20353","2754","461","10181","240","6716"
"263","Pavel Jež","Male","","Moravian-Silesian Region","CZ","M40-44","FIN","5:39:17","0:43:39","0:06:29","2:40:49","0:03:46","2:04:34","672","590","74","2068","1244","1011","111","593","535","65","672","590","74","20357","2619","389","9649","226","7474"
"755","Jana Rašková","Female","Prague","Prague","CZ","F40-44","FIN","5:39:23","0:37:18","0:07:49","3:05:52","0:05:17","1:43:07","673","83","14","2645","705","112","17","1075","153","22","673","83","14","20363","2238","469","11152","317","6187"
"1411","Nóra Vándor","Female","Keszthely","foreigner","HU","F50-54","FIN","5:39:27","0:37:27","0:04:56","2:49:41","0:05:06","2:02:16","674","84","6","2905","714","115","9","620","62","4","674","84","6","20367","2247","296","10181","306","7336"
"394","Filip Polák","Male","Rabštejnská Lhota","Pardubice Region","CZ","M25-29","FIN","5:39:29","0:41:48","0:06:48","2:47:18","0:05:15","1:58:20","675","591","93","1904","1093","893","138","711","630","96","675","591","93","20369","2508","408","10038","315","7100"
"910","David Dobias","Male","Praha","Prague","CZ","M45-49","FIN","5:39:36","0:36:34","0:05:19","2:36:14","0:05:32","2:15:56","676","592","57","2036","623","525","52","319","293","31","676","592","57","20376","2194","319","9374","332","8156"
"1242","Scott Isaacs","Male","Leighton Buzzard","Beds","GB","M50-54","FIN","5:39:42","0:40:50","0:06:28","2:54:13","0:07:41","1:50:31","677","593","51","2131","1019","838","77","852","743","67","677","593","51","20382","2450","388","10453","461","6631"
"1261","Marcus Jacoangeli","Male","Berlin","foreigner","DE","M60-64","FIN","5:39:43","0:34:18","0:06:56","2:52:00","0:03:28","2:03:01","678","594","9","3038","405","343","3","645","578","9","678","594","9","20383","2058","416","10320","208","7381"
"1049","Adam Suchanek","Male","","Moravian-Silesian Region","CZ","M50-54","FIN","5:39:48","0:38:57","0:08:18","2:54:26","0:06:32","1:51:35","679","595","52","2129","864","716","67","857","748","68","679","595","52","20388","2337","498","10466","392","6695"
"951","Jakub Konrád","Male","Praha 5 - Motol","Prague","CZ","M35-39","FIN","5:39:53","0:36:49","0:05:59","2:55:18","0:03:18","1:58:29","680","596","110","1830","651","550","105","764","670","123","680","596","110","20393","2209","359","10518","198","7109"
"1668","Tomáš Libnar","Male","Hrádek nad Nisou","Liberec Region","CZ","M50-54","FIN","5:39:58","0:32:09","0:06:24","2:48:02","0:05:02","2:08:20","681","597","53","2126","244","202","19","484","441","42","681","597","53","20398","1929","384","10082","302","7700"
"1587","Filip Lednický","Male","Nová Dubnica","foreigner","SK","M25-29","FIN","5:40:04","0:51:20","0:07:27","2:53:53","0:05:11","1:42:14","682","598","94","1893","1500","1214","196","1103","946","151","682","598","94","20404","3080","447","10433","311","6134"
"241","Matouš Prachař","Male","Brno","South Moravian Region","CZ","M25-29","FIN","5:40:06","0:36:48","0:07:01","2:48:52","0:04:00","2:03:25","683","599","95","1893","650","549","80","635","572","86","683","599","95","20406","2208","421","10132","240","7405"
"161","Anna Pawlok","Female","Katowice","śląskie","PL","F35-39","FIN","5:40:07","0:33:48","0:05:17","2:53:08","0:05:15","2:02:40","684","85","11","2464","371","58","7","624","63","9","684","85","11","20407","2028","317","10388","315","7360"
"448","Kamil Marták","Male","Prague","Prague","SK","M35-39","FIN","5:40:12","0:39:09","0:08:49","2:49:26","0:07:13","1:55:35","685","600","111","1824","880","730","133","752","662","120","685","600","111","20412","2349","529","10166","433","6935"
"1758","Isak Areklett Norebø","Male","Bergen","foreigner","NO","M25-29","FIN","5:40:15","0:41:46","0:08:09","2:47:03","0:05:58","1:57:19","686","601","96","1890","1090","891","137","739","652","101","686","601","96","20415","2506","489","10023","358","7039"
"1572","Dusan Horak","Male","Libochovice","Zlín Region","CZ","M50-54","FIN","5:40:16","0:38:29","0:06:51","2:50:44","0:05:17","1:58:55","687","602","54","2121","816","676","62","714","632","60","687","602","54","20416","2309","411","10244","317","7135"
"1620","Jan Měchura","Male","Měňany","CZ-202","CZ","M35-39","FIN","5:40:17","0:42:36","0:06:07","2:56:28","0:04:35","1:50:32","688","603","112","1823","1166","953","167","943","814","144","688","603","112","20417","2556","367","10588","275","6632"
"236","Vojtech Porizek","Male","Loukov","Zlín","CZ","M18-24","FIN","5:40:20","0:37:27","0:07:03","2:52:18","0:03:52","1:59:39","689","604","80","1747","713","599","88","734","649","91","689","604","80","20420","2247","423","10338","232","7179"
"1372","Ondrej Prouza","Male","Říčany","Central Bohemian Region","CZ","M40-44","FIN","5:40:21","0:41:38","0:07:41","2:46:05","0:04:00","2:00:56","690","605","75","2049","1080","883","96","704","626","76","690","605","75","20421","2498","461","9965","240","7256"
"900","Vojtěch Dyntera","Male","Mlada Boleslav","CZ-STREDOCESKY KRAJ","CZ","M25-29","FIN","5:40:22","0:41:34","0:08:20","2:58:14","0:05:22","1:46:51","691","606","97","1888","1073","876","133","1008","867","134","691","606","97","20422","2494","500","10694","322","6411"
"452","Martin Běhal","Male","Častolovice","Hradec Králové Region","CZ","M25-29","FIN","5:40:25","0:30:26","0:05:41","2:32:08","0:03:29","2:28:41","692","607","98","1887","152","124","16","152","137","17","692","607","98","20425","1826","341","9128","209","8921"
"1207","Filip Hanus","Male","Prague","Prague","CZ","M30-34","FIN","5:40:44","0:43:47","0:06:06","2:45:22","0:03:23","2:02:06","693","608","88","1993","1254","1020","154","696","619","84","693","608","88","20444","2627","366","9922","203","7326"
"1060","Pavel Neprášek","Male","Ústí Nad Labem","Ústí nad Labem Region","CZ","M40-44","FIN","5:40:45","0:31:40","0:06:05","2:49:04","0:03:52","2:10:05","694","609","76","2042","211","177","18","488","444","56","694","609","76","20445","1900","365","10144","232","7805"
"370","Simon Konewka","Male","Brno","South Moravian Region","CZ","M30-34","FIN","5:40:45","0:41:56","0:07:11","2:45:26","0:05:50","2:00:22","695","610","89","1993","1108","905","130","678","604","83","695","610","89","20445","2516","431","9926","350","7222"
"791","Jan Orel","Male","Brno","South Bohemian Region","CZ","M30-34","FIN","5:40:51","0:42:23","0:07:31","2:55:24","0:03:15","1:52:18","696","611","90","1991","1149","940","138","947","818","121","696","611","90","20451","2543","451","10524","195","6738"
"1028","Jan Šedý","Male","Lesní Hluboké","South Moravian Region","CZ","M30-34","FIN","5:40:52","0:38:46","0:05:59","2:55:20","0:03:08","1:57:40","697","612","91","1991","842","699","99","818","712","99","697","612","91","20452","2326","359","10520","188","7060"
"1438","Matěj Blaha","Male","Prague","Prague","CZ","M25-29","FIN","5:40:52","0:44:00","0:08:56","2:52:52","0:04:38","1:50:26","698","613","99","1879","1274","1036","158","961","829","129","698","613","99","20452","2640","536","10372","278","6626"
"283","Hana Lagdanova","Female","Otrokovice","South Moravian Region","CZ","F40-44","FIN","5:40:55","0:33:20","0:06:12","3:05:07","0:02:51","1:53:25","699","86","15","2618","332","53","7","934","127","20","699","86","15","20455","2000","372","11107","171","6805"
"577","Tomáš Hotovec","Male","Praha","Prague","CZ","M18-24","FIN","5:41:03","0:32:19","0:05:15","2:40:25","0:03:17","2:19:48","700","614","81","1734","252","210","36","316","290","39","700","614","81","20463","1939","315","9625","197","8388"
"1675","Adam Odcházel","Male","Česká","South Moravian Region","CZ","M25-29","FIN","5:41:10","0:44:30","0:10:33","2:54:46","0:05:57","1:45:24","701","615","100","1874","1314","1066","167","1050","904","142","701","615","100","20470","2670","633","10486","357","6324"
"1176","Oscar Lindner","Male","Linz","foreigner","AT","M25-29","FIN","5:41:12","0:41:27","0:05:01","2:56:04","0:03:26","1:55:14","702","616","101","1873","1060","867","130","876","762","115","702","616","101","20472","2487","301","10564","206","6914"
"341","Františka Makovská","Female","Hradec Králové","Hradec Králové Region","CZ","F18-24","FIN","5:41:13","0:28:56","0:04:35","3:00:01","0:04:59","2:02:42","703","87","12","2710","93","17","2","649","68","10","703","87","12","20473","1736","275","10801","299","7362"
"117","Roman Procházka","Male","Kolín 2","foreigner","CZ","M50-54","FIN","5:41:24","0:40:35","0:06:29","2:48:02","0:04:45","2:01:34","704","617","55","2100","1005","826","76","691","615","58","704","617","55","20484","2435","389","10082","285","7294"
"1370","Martin Štochl","Male","Domousnice","Central Bohemian Region","CZ","M35-39","FIN","5:41:35","0:45:58","0:06:25","2:44:44","0:04:08","2:00:20","705","618","113","1799","1369","1106","193","745","656","118","705","618","113","20495","2758","385","9884","248","7220"
"1808","Dávid Várady","","Kosice","foreigner","SK","M45-49","FIN","5:41:39","0:38:12","0:06:34","2:46:54","0:04:17","2:05:42","706","619","58","1999","787","652","63","608","548","56","706","619","58","20499","2292","394","10014","257","7542"
"272","Jan Štábl","Male","Šlapanice","South Moravian Region","CZ","M30-34","FIN","5:41:41","0:26:04","0:04:28","3:06:56","0:03:56","2:00:17","707","620","92","1976","36","32","2","754","664","88","707","620","92","20501","1564","268","11216","236","7217"
"1707","Šimon Prchlík","Male","Prague","Prague","CZ","M18-24","FIN","5:41:47","0:44:29","0:06:23","2:59:18","0:05:21","1:46:16","708","621","82","1721","1308","1060","163","1058","911","125","708","621","82","20507","2669","383","10758","321","6376"
"1743","Lucie Hanušová","Female","Praha 10","Prague","CZ","F45-49","FIN","5:41:55","0:36:04","0:05:04","2:54:28","0:03:33","2:02:47","709","88","6","2719","575","86","5","707","79","7","709","88","6","20515","2164","304","10468","213","7367"
"1677","Jan Mrkos","Male","Brno","CZ-642","CZ","M25-29","FIN","5:41:59","0:39:05","0:06:28","2:53:24","0:06:05","1:56:56","710","622","102","1859","874","724","106","785","684","104","710","622","102","20519","2345","388","10404","365","7016"
"1615","Damian Onuchowski","Male","ŻARY","","PL","M55-59","FIN","5:42:02","0:35:33","0:05:02","2:42:17","0:03:35","2:15:35","711","623","17","2524","531","453","15","421","381","14","711","623","17","20522","2133","302","9737","215","8135"
"996","Ladislav Pichl","Male","Stodůlky","Prague","CZ","M25-29","FIN","5:42:08","0:35:09","0:09:51","3:00:16","0:06:12","1:50:40","712","624","103","1856","491","419","61","946","817","127","712","624","103","20528","2109","591","10816","372","6640"
"581","Melanie Matheis","Female","Schönau am Königssee","DE-BY","DE","F45-49","FIN","5:42:08","0:40:28","0:05:47","2:51:07","0:03:04","2:01:41","713","89","7","2715","992","176","16","751","90","9","713","89","7","20528","2428","347","10267","184","7301"
"1384","Vratislav Souček","Male","Prague","Prague","CZ","M30-34","FIN","5:42:17","0:38:05","0:05:46","2:54:58","0:03:59","1:59:29","714","625","93","1965","776","645","89","782","681","91","714","625","93","20537","2285","346","10498","239","7169"
"536","Alena Nekulova","Female","Prag","Prag","CZ","F45-49","FIN","5:42:20","0:40:53","0:06:22","2:57:00","0:04:50","1:53:15","715","90","8","2711","1023","184","18","922","124","12","715","90","8","20540","2453","382","10620","290","6795"
"1165","Martin Severa","Male","Řepníky","Pardubice Region","CZ","M18-24","FIN","5:42:27","0:39:13","0:07:12","2:56:30","0:06:25","1:53:07","716","626","83","1709","889","735","110","890","774","107","716","626","83","20547","2353","432","10590","385","6787"
"738","Lukáš Vrtný","Male","Hukvaldy","Moravian-Silesian Region","CZ","M30-34","FIN","5:42:29","0:43:35","0:06:38","2:49:36","0:04:37","1:58:03","717","627","94","1962","1241","1010","150","811","706","96","717","627","94","20549","2615","398","10176","277","7083"
"605","Marek Duchoslav","Male","Hořovice","Central Bohemian Region","CZ","M35-39","FIN","5:42:39","0:42:06","0:06:59","2:57:55","0:03:15","1:52:24","718","628","114","1780","1125","917","160","983","847","151","718","628","114","20559","2526","419","10675","195","6744"
"1515","Tomáš Vajnar,","Male","Ústí nad Labem","Ústí nad Labem Region","CZ","M25-29","FIN","5:42:55","0:44:09","0:04:50","2:47:43","0:02:18","2:03:55","719","629","104","1842","1282","1041","161","728","644","99","719","629","104","20575","2649","290","10063","138","7435"
"968","Lubor Teplý","Male","Pardubice","Pardubice Region","CZ","M50-54","FIN","5:43:01","0:42:30","0:07:35","2:44:40","0:05:36","2:02:39","720","630","56","2071","1158","947","84","681","606","56","720","630","56","20581","2550","455","9880","336","7359"
"509","Kateřina Táborská","Female","Hradec Králové","Hradec Králové Region","CZ","F25-29","FIN","5:43:06","0:31:48","0:06:52","2:59:01","0:07:01","1:58:25","721","91","13","2359","222","37","7","758","92","12","721","91","13","20586","1908","412","10741","421","7105"
"433","Marťas Műller","Male","Vlasatice","South Moravian Region","CZ","M40-44","FIN","5:43:06","0:31:09","0:06:23","2:54:31","0:06:52","2:04:11","722","631","77","1999","187","159","15","619","558","68","722","631","77","20586","1869","383","10471","412","7451"
"615","Martin Barták","Male","Prague","Prague","CZ","M30-34","FIN","5:43:08","0:41:24","0:08:56","2:49:30","0:06:49","1:56:28","723","632","95","1950","1056","863","126","813","707","97","723","632","95","20588","2484","536","10170","409","6988"
"1625","Martin Světinsky","Male","Dolní Němčí","Zlín Region","CZ","M45-49","FIN","5:43:13","0:40:01","0:06:51","2:46:10","0:04:49","2:05:24","724","633","59","1970","949","786","82","642","576","58","724","633","59","20593","2401","411","9970","289","7524"
"1822","Kristina Turcianska","Female","Hamilton","","CZ","F35-39","FIN","5:43:15","0:41:02","0:05:47","2:47:13","0:05:42","2:03:32","725","92","12","2408","1033","188","25","663","71","11","725","92","12","20595","2462","347","10033","342","7412"
"1369","Štěpán Jirovský","Male","Mníšek pod Brdy","Central Bohemian Region","CZ","M18-24","FIN","5:43:22","0:34:38","0:06:29","2:43:03","0:02:54","2:16:17","726","634","84","1693","438","373","57","443","403","50","726","634","84","20602","2078","389","9783","174","8177"
"544","Barbora Horká","Female","Brno","South Moravian Region","CZ","F30-34","FIN","5:43:22","0:35:04","0:06:10","2:50:08","0:05:15","2:06:45","727","93","14","2411","480","72","8","599","59","10","727","93","14","20602","2104","370","10208","315","7605"
"1166","Jan Halounek","Male","Dobřichovice","","CZ","M55-59","FIN","5:43:24","0:40:04","0:06:17","2:53:24","0:03:13","2:00:26","728","635","18","2499","952","788","27","810","705","26","728","635","18","20604","2404","377","10404","193","7226"
"663","Martin Žaloudek","","Hradec Králové","Hradec Králové Region","CZ","M18-24","FIN","5:43:27","0:39:20","0:06:31","2:49:37","0:05:27","2:02:32","729","636","85","1691","898","743","112","705","627","87","729","636","85","20607","2360","391","10177","327","7352"
"1581","Jakub Klimeš","Male","Boršov nad Vltavou","South Bohemian Region","CZ","M18-24","FIN","5:43:29","0:47:17","0:09:29","2:54:42","0:04:01","1:48:00","730","637","86","1691","1410","1141","175","1083","929","130","730","637","86","20609","2837","569","10482","241","6480"
"1804","Ihor Baranik","Male","ukr","foreigner","UA","M40-44","FIN","5:43:37","0:38:27","0:07:05","2:51:47","0:05:55","2:00:22","731","638","78","1990","811","672","74","750","661","82","731","638","78","20617","2307","425","10307","355","7222"
"403","Lenka Bartošová","","Prague","Prague","CZ","F30-34","FIN","5:43:54","0:40:19","0:09:33","2:52:59","0:06:01","1:55:02","732","94","15","2401","977","171","23","886","116","18","732","94","15","20634","2419","573","10379","361","6902"
"430","David Bečvář","Male","Prague","Hlavní město Praha","CZ","M25-29","FIN","5:43:58","0:45:28","0:08:05","2:59:45","0:06:27","1:44:13","733","639","105","1823","1352","1091","173","1119","961","154","733","639","105","20638","2728","485","10785","387","6253"
"825","David Řihánek","Male","Věteřov, Kyjov, Sobůlky","South Moravian Region","CZ","M30-34","FIN","5:44:01","0:35:54","0:08:18","2:55:59","0:04:52","1:58:58","734","640","96","1934","562","479","65","821","715","100","734","640","96","20641","2154","498","10559","292","7138"
"1552","Petr Florian","Male","Tabor","CZ-31","CZ","M50-54","FIN","5:44:04","0:30:26","0:04:57","2:51:27","0:05:51","2:11:23","735","641","57","2052","153","125","12","489","445","43","735","641","57","20644","1826","297","10287","351","7883"
"1823","Daniela Treglerová","Female","PRAHA 10","Prague","CZ","F30-34","FIN","5:44:05","0:41:57","0:07:01","3:13:27","0:04:15","1:37:25","736","95","16","2398","1111","205","31","1252","194","30","736","95","16","20645","2517","421","11607","255","5845"
"751","Filip Zadražil","Male","Jablonec nad Nisou","Liberec Region","CZ","M25-29","FIN","5:44:06","0:33:51","0:05:47","2:55:42","0:04:27","2:04:19","737","642","106","1821","375","317","42","699","622","93","737","642","106","20646","2031","347","10542","267","7459"
"812","Martin Kadlec","Male","Bojkovice","South Moravian Region","CZ","M30-34","FIN","5:44:08","0:35:55","0:05:38","2:51:15","0:03:24","2:07:56","738","643","97","1932","563","480","66","639","573","77","738","643","97","20648","2155","338","10275","204","7676"
"877","Christian Urich","Female","TULLN","","AT","M60-64","FIN","5:44:19","0:38:01","0:06:45","2:49:39","0:03:39","2:06:16","739","644","10","2955","772","641","11","675","603","10","739","644","10","20659","2281","405","10179","219","7576"
"550","Arno Jandl","Male","Linz","AT-4","AT","M50-54","FIN","5:44:19","0:38:21","0:07:08","2:49:21","0:05:13","2:04:15","740","645","58","2048","802","665","58","683","608","57","740","645","58","20659","2301","428","10161","313","7455"
"475","Vojtech Poriz","Male","Holesovice","Prague","CZ","M25-29","FIN","5:44:26","0:38:02","0:08:16","2:56:41","0:05:32","1:55:55","741","646","107","1815","773","642","92","891","775","116","741","646","107","20666","2282","496","10601","332","6955"
"228","Miroslav Prochazka","Male","Brno","South Moravian Region","CZ","M45-49","FIN","5:44:35","0:34:18","0:05:01","3:01:16","0:03:51","2:00:10","742","647","60","1946","406","344","39","831","724","72","742","647","60","20675","2058","301","10876","231","7210"
"1282","Daniel Kastl","Male","Frankfurt am Main","foreigner","DE","M25-29","FIN","5:44:37","0:44:09","0:06:47","2:58:10","0:03:30","1:52:01","743","648","108","1811","1283","1042","162","1033","889","139","743","648","108","20677","2649","407","10690","210","6721"
"388","Filip Holčapek","Male","Ráby","Pardubice Region","CZ","M18-24","FIN","5:44:42","0:38:34","0:07:28","2:48:48","0:03:54","2:05:58","744","649","87","1669","827","686","103","682","607","83","744","649","87","20682","2314","448","10128","234","7558"
"596","Michael Belli","Male","Praha 2","Prague","US","M55-59","FIN","5:44:49","0:36:20","0:06:25","2:48:42","0:04:34","2:08:48","745","650","19","2474","593","502","21","601","542","20","745","650","19","20689","2180","385","10122","274","7728"
"778","Jindrich Bydžovský","Male","Wien","foreigner","CZ","M50-54","FIN","5:44:52","0:31:37","0:05:16","2:46:03","0:04:41","2:17:15","746","651","59","2038","210","176","17","422","382","35","746","651","59","20692","1897","316","9963","281","8235"
"1739","Christián Kajaba","Male","Prague","Prague","CZ","M30-34","FIN","5:45:02","0:40:36","0:06:29","2:45:27","0:04:47","2:07:44","747","652","98","1916","1007","828","122","630","567","75","747","652","98","20702","2436","389","9927","287","7664"
"669","Jiří Kaláb","Male","Podivín","South Moravian Region","CZ","M35-39","FIN","5:45:05","0:43:23","0:05:37","2:53:34","0:04:09","1:58:22","748","653","115","1736","1225","997","175","877","763","134","748","653","115","20705","2603","337","10414","249","7102"
"529","Jakub Vít","Male","Újezdeček","Ústí nad Labem Region","CZ","M25-29","FIN","5:45:19","0:34:45","0:05:59","2:53:14","0:05:04","2:06:17","749","654","109","1799","444","379","53","660","590","89","749","654","109","20719","2085","359","10394","304","7577"
"477","Jakub Žižka","Male","Hradec Králové","Hradec Králové Region","CZ","M25-29","FIN","5:45:27","0:44:26","0:06:23","2:51:27","0:03:27","1:59:43","750","655","110","1796","1306","1058","164","872","758","114","750","655","110","20727","2666","383","10287","207","7183"
"217","Tibor Horáček","Male","Veselí nad Moravou","South Moravian Region","CZ","M18-24","FIN","5:45:31","0:42:06","0:05:57","2:52:00","0:03:59","2:01:28","751","656","88","1654","1126","918","139","817","711","95","751","656","88","20731","2526","357","10320","239","7288"
"562","Jan Neumann","Male","Hradec Králové","","CZ","M35-39","FIN","5:45:36","0:28:51","0:06:25","3:06:04","0:04:51","1:59:25","752","657","116","1727","90","74","7","848","739","133","752","657","116","20736","1731","385","11164","291","7165"
"700","Roman Keval","Male","Ostrava","","CZ","M35-39","FIN","5:45:37","0:36:38","0:06:12","2:47:53","0:04:22","2:10:32","753","658","117","1727","629","530","96","587","529","101","753","658","117","20737","2198","372","10073","262","7832"
"1537","Thomas Hooyberghs","Male","Eindhoven","Noord-Brabant","BE","M30-34","FIN","5:45:39","0:37:00","0:09:21","2:59:34","0:07:14","1:52:31","754","659","99","1905","673","568","73","963","831","125","754","659","99","20739","2220","561","10774","434","6751"
"1286","Alan Czyzykowski","Male","Dublin","IE-foreigner","IE","M25-29","FIN","5:45:41","0:45:00","0:08:08","2:51:23","0:05:14","1:55:57","755","660","111","1792","1333","1081","171","926","802","123","755","660","111","20741","2700","488","10283","314","6957"
"1686","Gabriela Nováková","Female","Prague","Prague","CZ","F45-49","FIN","5:45:51","0:36:21","0:07:36","2:58:15","0:03:49","1:59:50","756","96","9","2648","594","92","6","870","114","10","756","96","9","20751","2181","456","10695","229","7190"
"1775","Stephanie Nusterer","Female","Sankt Poelten","foreigner","AT","F45-49","FIN","5:45:53","0:38:51","0:06:28","2:49:47","0:05:54","2:04:52","757","97","10","2647","850","145","12","693","77","6","757","97","10","20753","2331","388","10187","354","7492"
"1712","Mikuláš Knotek","Male","Praha","Prague","CZ","M30-34","FIN","5:45:54","0:37:51","0:06:16","2:54:56","0:04:00","2:02:51","758","661","100","1900","759","631","86","788","687","92","758","661","100","20754","2271","376","10496","240","7371"
"256","Tereza Mikysková","Female","Jablonné nad Orlicí","Pardubice Region","CZ","F25-29","FIN","5:46:02","0:39:13","0:05:01","2:52:28","0:04:37","2:04:44","759","98","14","2306","886","153","30","727","84","11","759","98","14","20762","2353","301","10348","277","7484"
"1570","Petr Rouša","Male","Prague","Prague","CZ","M35-39","FIN","5:46:10","0:43:26","0:07:24","2:57:51","0:06:01","1:51:27","760","662","118","1717","1230","1001","176","1027","883","160","760","662","118","20770","2606","444","10671","361","6687"
"486","Lukáš Friedrich","Male","Chotoviny","Jihočeský kraj","CZ","M45-49","FIN","5:46:17","0:35:16","0:07:57","2:44:15","0:04:25","2:14:24","761","663","61","1915","508","434","47","505","456","46","761","663","61","20777","2116","477","9855","265","8064"
"1492","Veronika Pohankova","Female","Jaromer","Hradec Králové Region","CZ","F35-39","FIN","5:46:17","0:33:32","0:05:41","2:54:21","0:04:03","2:08:40","762","99","13","2353","349","56","5","651","69","10","762","99","13","20777","2012","341","10461","243","7720"
"1519","Jan Klimek","Male","Drásov","Central Bohemian Region","CZ","M30-34","FIN","5:46:21","0:40:31","0:07:10","3:02:05","0:03:52","1:52:44","763","664","101","1892","996","818","119","1049","903","134","763","664","101","20781","2431","430","10925","232","6764"
"406","Tobias Müllner","Male","Vienna","Vienna","AT","M30-34","FIN","5:46:32","0:45:22","0:08:40","2:47:56","0:04:36","1:59:58","764","665","102","1889","1350","1090","164","865","754","107","764","665","102","20792","2722","520","10076","276","7198"
"440","Petr Gápa","Male","Hradec Králové","Hradec Králové Region","CZ","M40-44","FIN","5:46:42","0:35:42","0:07:14","2:58:57","0:04:47","2:00:01","765","666","79","1934","550","467","52","863","752","96","765","666","79","20802","2142","434","10737","287","7201"
"1141","Filip Řehák","Male","Lhota pod Libčany","Hradec Králové Region","CZ","M25-29","FIN","5:46:46","0:40:44","0:05:58","2:50:04","0:04:11","2:05:49","766","667","112","1773","1014","834","120","731","646","100","766","667","112","20806","2444","358","10204","251","7549"
"1443","Michal Žák","Male","Hradec Králové","Hradec Králové Region","CZ","M35-39","FIN","5:46:52","0:43:47","0:07:10","2:52:05","0:04:01","1:59:50","767","668","119","1704","1255","1021","181","892","776","137","767","668","119","20812","2627","430","10325","241","7190"
"1397","Diego Valdivia","Male","Brussels","BRUSSELS HOOFDSTEDELIJK GEWEST","PE","M35-39","FIN","5:46:53","0:53:02","0:07:31","2:46:51","0:03:58","1:55:32","768","669","120","1704","1510","1221","206","990","854","154","768","669","120","20813","3182","451","10011","238","6932"
"1425","Jan Pohlodek","Male","Hodkovice nad Mohelkou","Liberec Region","CZ","M45-49","FIN","5:47:00","0:44:47","0:07:54","2:54:36","0:04:42","1:55:00","769","670","62","1902","1324","1075","101","989","853","81","769","670","62","20820","2687","474","10476","282","6900"
"1289","FILIP CZERNICKI","Male","Jelenia Góra","PL-DOLNOSLASKIE","PL","M40-44","FIN","5:47:01","0:31:28","0:08:04","2:42:16","0:05:21","2:19:52","770","671","80","1929","203","170","17","394","356","41","770","671","80","20821","1888","484","9736","321","8392"
"1826","Michael Prokš","Male","Hradec Králové","Hradec Králové Region","CZ","M30-34","FIN","5:47:04","0:37:29","0:07:14","2:55:56","0:05:19","2:01:06","771","672","103","1879","720","604","80","835","728","103","771","672","103","20824","2249","434","10556","319","7266"
"1309","Andrej Grunner","Male","Bratislava","foreigner","SK","M35-39","FIN","5:47:04","0:37:04","0:06:10","2:57:10","0:03:06","2:03:34","772","673","121","1700","686","579","113","828","722","131","772","673","121","20824","2224","370","10630","186","7414"
"993","Sabine Cereghini","Female","München","DE-BE","IT","F45-49","FIN","5:47:06","0:40:22","0:06:01","2:57:32","0:06:27","1:56:44","773","100","11","2625","982","173","15","917","122","11","773","100","11","20826","2422","361","10652","387","7004"
"481","Adela Wegschmiedová","Female","Votice","Benešov","CZ","F25-29","FIN","5:47:06","0:41:46","0:04:58","3:06:14","0:03:39","1:50:29","774","101","15","2287","1089","199","39","1113","158","30","774","101","15","20826","2506","298","11174","219","6629"
"209","Annabelle Verse","Female","Seevetal","","DE","F50-54","FIN","5:47:09","0:36:33","0:07:29","2:50:32","0:03:57","2:08:38","775","102","7","2767","618","98","8","679","75","6","775","102","7","20829","2193","449","10232","237","7718"
"1718","Karim Titz","Male","Lelekovice","South Moravian Region","CZ","M18-24","FIN","5:47:10","0:32:04","0:06:36","3:03:00","0:04:01","2:01:29","776","674","89","1624","241","199","35","855","746","103","776","674","89","20830","1924","396","10980","241","7289"
"1306","Tomas Pozdech","Male","Holešovice","Prague","SK","M35-39","FIN","5:47:14","0:41:30","0:06:29","2:57:29","0:04:25","1:57:22","777","675","122","1697","1066","871","153","951","821","147","777","675","122","20834","2490","389","10649","265","7042"
"1296","Štefan Pilár","Male","Bratislava - Ružinov","Bratislava Region","SK","M40-44","FIN","5:47:16","0:32:22","0:08:30","2:57:27","0:05:51","2:03:05","778","676","81","1924","259","217","23","770","675","84","778","676","81","20836","1942","510","10647","351","7385"
"464","Oliver Písečný","Male","Studienka","Bratislava Region","SK","M30-34","FIN","5:47:24","0:36:52","0:06:25","2:54:55","0:03:41","2:05:31","779","677","104","1873","658","557","71","768","674","90","779","677","104","20844","2212","385","10495","221","7531"
"1244","Robert Pejic","Male","Wernau","BW","DE","M55-59","FIN","5:47:25","0:37:01","0:05:50","2:44:50","0:03:54","2:15:51","780","678","20","2427","676","570","24","513","464","15","780","678","20","20845","2221","350","9890","234","8151"
"1564","Michal Ficbauer","Male","Káranice","Hradec Králové Region","CZ","M25-29","FIN","5:47:33","0:50:15","0:05:47","2:49:08","0:04:32","1:57:50","781","679","113","1759","1480","1197","192","942","813","126","781","679","113","20853","3015","347","10148","272","7070"
"1020","Christoph Starkl","Male","Wilhelmsburg","AT-AT-NIEDEROSTERREICH","AT","M40-44","FIN","5:47:35","0:36:23","0:08:01","2:59:04","0:04:56","1:59:12","782","680","82","1919","597","504","57","905","787","100","782","680","82","20855","2183","481","10744","296","7152"
"699","Ondřej Sluka","Male","Pardubice","Pardubice Region","CZ","M30-34","FIN","5:47:36","0:42:01","0:09:06","3:02:20","0:05:53","1:48:17","783","681","105","1870","1115","910","131","1121","962","143","783","681","105","20856","2521","546","10940","353","6497"
"1433","Adalbert Knobloch","Male","Prague","Prague","CZ","M18-24","FIN","5:47:39","0:40:08","0:05:29","2:43:03","0:04:10","2:14:49","784","682","90","1616","961","795","119","539","487","65","784","682","90","20859","2408","329","9783","250","8089"
"1800","Michal Valenta","Male","Jablonec Nad Nisou","Liberec Region","CZ","M40-44","FIN","5:47:50","0:32:31","0:06:28","2:59:29","0:05:19","2:04:04","785","683","83","1914","271","225","24","771","676","85","785","683","83","20870","1951","388","10769","319","7444"
"453","Kateřina Krásná","Female","Lipno nad Vltavou","South Bohemian Region","CZ","F25-29","FIN","5:47:54","0:37:34","0:08:40","2:52:16","0:05:35","2:03:49","786","103","16","2272","730","119","23","772","96","14","786","103","16","20874","2254","520","10336","335","7429"
"886","Pavlína Kučerová","Female","Leština u Světlé","Vysočina Region","CZ","F18-24","FIN","5:47:57","0:37:55","0:06:53","2:54:17","0:03:46","2:05:05","787","104","13","2588","763","129","19","789","102","14","787","104","13","20877","2275","413","10457","226","7505"
"318","Kristýna Cinková","Female","Hlavnice, Bratříkovice","Moravian-Silesian Region","CZ","F25-29","FIN","5:47:57","0:44:18","0:06:41","2:57:30","0:03:11","1:56:17","788","105","17","2271","1293","242","49","1019","142","23","788","105","17","20877","2658","401","10650","191","6977"
"1274","Vojtěch Uhlíř","Male","Hradec nad Svitavou","CZ-533","CZ","M25-29","FIN","5:47:58","0:43:45","0:06:37","2:42:51","0:05:48","2:08:57","789","684","114","1751","1250","1016","156","644","577","87","789","684","114","20878","2625","397","9771","348","7737"
"1622","Zdenek Kucera","Male","Praha 9","Czech Republic","CZ","M45-49","FIN","5:48:04","0:37:04","0:06:41","2:54:24","0:05:25","2:04:31","790","685","63","1883","684","578","56","765","671","67","790","685","63","20884","2224","401","10464","325","7471"
"1685","Filip Janota","","","","CZ","M18-24","FIN","5:48:06","0:43:14","0:06:27","3:01:16","0:03:36","1:53:34","791","686","91","1607","1219","991","153","1074","922","127","791","686","91","20886","2594","387","10876","216","6814"
"1599","Barbora Kubíková","Female","Pardubice","Pardubice Region","CZ","F40-44","FIN","5:48:07","0:38:44","0:05:58","2:59:28","0:04:39","1:59:18","792","106","16","2488","838","143","19","919","123","19","792","106","16","20887","2324","358","10768","279","7158"
"1395","Jan Koloničný","Male","Brno","CZ-643","CZ","M25-29","FIN","5:48:11","0:47:31","0:11:01","2:54:14","0:04:15","1:51:10","793","687","115","1747","1422","1152","185","1106","949","152","793","687","115","20891","2851","661","10454","255","6670"
"1517","Ruben Alvarez","Male","Luzern","ZH","IT","M35-39","FIN","5:48:12","0:42:15","0:06:36","2:54:40","0:05:49","1:58:52","794","688","123","1680","1139","931","164","907","789","140","794","688","123","20892","2535","396","10480","349","7132"
"986","Adam Šťastný","Male","Dlouhá Lhota","Central Bohemian Region","CZ","M18-24","FIN","5:48:14","0:37:54","0:06:19","2:43:20","0:04:25","2:16:16","795","689","92","1605","762","634","94","509","460","57","795","689","92","20894","2274","379","9800","265","8176"
"942","Lukáš Bruna","Male","Hradec Králové","Hradec Králové Region","CZ","M45-49","FIN","5:48:20","0:43:04","0:05:17","2:53:47","0:03:47","2:02:26","796","690","64","1878","1202","978","93","868","755","74","796","690","64","20900","2584","317","10427","227","7346"
"601","Matyáš Makovský","Male","Horní Maršov","Hradec Králové Region","CZ","M18-24","FIN","5:48:23","0:29:47","0:05:44","2:58:09","0:06:06","2:08:38","797","691","93","1602","122","102","22","656","587","80","797","691","93","20903","1787","344","10689","366","7718"
"328","Martin Volejník","Male","Nehvizdy","CZ-209","CZ","M35-39","FIN","5:48:23","0:38:14","0:05:08","3:04:54","0:05:32","1:54:36","798","692","124","1677","788","653","125","1013","872","155","798","692","124","20903","2294","308","11094","332","6876"
"1337","Martin Neradilek","Male","Prague","Hradec Králové Region","CZ","M25-29","FIN","5:48:29","0:38:27","0:05:14","3:00:56","0:04:13","1:59:39","799","693","116","1742","810","671","98","931","805","124","799","693","116","20909","2307","314","10856","253","7179"
"1355","Ruben Vanhee","Male","Balen","ANTWERPEN","BE","M30-34","FIN","5:48:33","0:40:10","0:06:35","2:55:27","0:07:54","1:58:27","800","694","106","1853","966","798","116","871","757","108","800","694","106","20913","2410","395","10527","474","7107"
"1699","Lucia Harcekova","Female","Nitra","Nitriansky Kraj","SK","F25-29","FIN","5:48:36","0:45:17","0:06:55","2:57:50","0:05:58","1:52:37","801","107","18","2260","1345","259","52","1056","147","26","801","107","18","20916","2717","415","10670","358","6757"
"1300","Ondřej Feix","Male","Prague","Prague","CZ","M18-24","FIN","5:48:36","0:43:55","0:05:39","2:54:01","0:04:27","2:00:33","802","695","94","1598","1266","1030","159","910","791","108","802","695","94","20916","2635","339","10441","267","7233"
"1359","Tom Hillary","Male","Jette","Brussels-Capital Region","BE","M40-44","FIN","5:48:38","0:37:29","0:07:42","2:58:09","0:06:51","1:58:27","803","696","84","1900","719","603","69","900","783","99","803","696","84","20918","2249","462","10689","411","7107"
"1066","Jan Sádecký","Male","Pardubice","Pardubice Region","CZ","M25-29","FIN","5:48:49","0:42:03","0:08:27","2:53:43","0:07:28","1:57:09","804","697","117","1736","1120","913","142","920","797","121","804","697","117","20929","2523","507","10423","448","7029"
"369","Radek Stovicek","Male","Slany","Czech Republic","CZ","M25-29","FIN","5:48:50","0:42:02","0:08:15","3:02:09","0:05:13","1:51:11","805","698","118","1736","1118","911","141","1100","944","150","805","698","118","20930","2522","495","10929","313","6671"
"1046","Milan Lukáš","Male","Ostrava","Moravian-Silesian Region","CZ","M35-39","FIN","5:48:56","0:39:54","0:06:44","3:01:59","0:05:36","1:54:43","806","699","125","1667","942","781","140","1026","882","159","806","699","125","20936","2394","404","10919","336","6883"
"1769","Jaroslav Patra","Male","","","CZ","M18-24","FIN","5:49:00","0:36:57","0:07:29","2:52:18","0:04:53","2:07:23","807","700","95","1591","665","562","82","729","645","90","807","700","95","20940","2217","449","10338","293","7643"
"1632","Daniel Hettych","Male","Rotterdam","ZUID-HOLLAND","SK","M25-29","FIN","5:49:01","0:29:20","0:07:29","2:56:50","0:08:39","2:06:44","808","701","119","1732","105","88","14","654","585","88","808","701","119","20941","1760","449","10610","519","7604"
"1719","Alen Šantek","Male","Brezje","foreigner","HR","M35-39","FIN","5:49:05","0:37:47","0:09:54","2:47:16","0:08:07","2:06:01","809","702","126","1664","749","626","121","687","611","109","809","702","126","20945","2267","594","10036","487","7561"
"655","Jan Mikulec","Male","Libuň","Hradec Králové Region","CZ","M35-39","FIN","5:49:06","0:44:46","0:07:49","2:50:53","0:03:58","2:01:40","810","703","127","1664","1323","1074","189","904","786","139","810","703","127","20946","2686","469","10253","238","7300"
"352","David Gayer","Male","Brno","South Moravian Region","CZ","M35-39","FIN","5:49:14","0:35:43","0:07:56","2:46:35","0:04:09","2:14:51","811","704","128","1661","551","468","85","572","515","98","811","704","128","20954","2143","476","9995","249","8091"
"281","Nikola Koňariková","Female","Kuchařovice","South Moravian Region","CZ","F18-24","FIN","5:49:24","0:32:29","0:06:05","3:07:57","0:03:30","1:59:23","812","108","14","2562","269","45","8","975","134","17","812","108","14","20964","1949","365","11277","210","7163"
"224","Vendula Vítovcová","Female","Plzeň","South Bohemian Region","CZ","F40-44","FIN","5:49:27","0:39:26","0:06:25","2:55:29","0:05:10","2:02:58","813","109","17","2464","904","156","22","847","109","16","813","109","17","20967","2366","385","10529","310","7378"
"1321","David Santamaría","Male","Celadilla-Sotobrin","","ES","M40-44","FIN","5:49:31","0:34:10","0:04:57","2:37:30","0:03:02","2:29:52","814","705","85","1884","395","333","39","295","270","32","814","705","85","20971","2050","297","9450","182","8992"
"603","Dominik Pujman","Male","Havlíčkův Brod","Vysočina Region","CZ","M25-29","FIN","5:49:37","0:44:01","0:08:33","2:56:42","0:05:16","1:55:05","815","706","120","1721","1276","1037","159","1037","893","140","815","706","120","20977","2641","513","10602","316","6905"
"685","Ondrej Rada","Male","Hluboká nad Vltavou","Jihočeský kraj","CZ","M35-39","FIN","5:49:37","0:46:55","0:05:47","2:45:55","0:02:59","2:08:00","816","707","129","1655","1402","1134","195","780","680","125","816","707","129","20977","2815","347","9955","179","7680"
"219","Jakub Holec","Male","Brno - Komárov","South Moravian Region","CZ","M35-39","FIN","5:49:40","0:36:37","0:06:47","2:35:49","0:05:41","2:24:45","817","708","130","1654","626","527","95","345","315","65","817","708","130","20980","2197","407","9349","341","8685"
"266","Tomáš Friedl","Male","Dobřany","South Bohemian Region","CZ","M45-49","FIN","5:49:47","0:41:10","0:06:21","2:39:59","0:04:01","2:18:16","818","709","65","1852","1041","850","87","506","457","47","818","709","65","20987","2470","381","9599","241","8296"
"1183","Justus Robach","Male","Wiehl","DE-NW","DE","M18-24","FIN","5:49:48","0:37:30","0:06:11","2:57:43","0:02:59","2:05:25","819","710","96","1577","722","606","89","849","740","101","819","710","96","20988","2250","371","10663","179","7525"
"1551","Denis Micka","Male","Hodslavice","Moravian-Silesian Region","CZ","M25-29","FIN","5:49:51","0:34:09","0:07:33","2:50:28","0:05:52","2:11:49","820","711","121","1717","394","332","46","623","561","84","820","711","121","20991","2049","453","10228","352","7909"
"1132","Markéta Pavlišenová","Female","Rudná, Chrášťany, Drahelčice, Nučice","Central Bohemian Region","CZ","F18-24","FIN","5:49:57","0:45:45","0:06:56","3:02:28","0:03:19","1:51:28","821","110","15","2552","1360","262","40","1155","168","25","821","110","15","20997","2745","416","10948","199","6688"
"686","Jan Trcka","Male","Praha","Prague","CZ","M55-59","FIN","5:50:00","0:40:15","0:05:39","2:44:38","0:05:55","2:13:32","822","712","21","2380","973","804","29","583","525","19","822","712","21","21000","2415","339","9878","355","8012"
"1398","Roman Flasch","Male","Wien","","AT","M55-59","FIN","5:50:08","0:36:20","0:07:35","2:46:27","0:06:47","2:12:59","823","713","22","2378","592","501","20","579","521","17","823","713","22","21008","2180","455","9987","407","7979"
"1541","Václav Řezníček","Male","Zlatá Olešnice","Hradec Králové Region","CZ","M18-24","FIN","5:50:10","0:25:40","0:04:41","2:35:26","0:03:00","2:41:23","824","714","97","1570","32","30","8","118","106","14","824","714","97","21010","1540","281","9326","180","9683"
"1336","Uta Rauschert","Female","Fürth","BY","DE","F50-54","FIN","5:50:15","0:37:49","0:06:07","2:54:37","0:03:03","2:08:39","825","111","8","2711","754","125","10","773","97","9","825","111","8","21015","2269","367","10477","183","7719"
"1015","Lukas Machala","Male","Zürich","","CZ","M25-29","FIN","5:50:20","0:41:59","0:05:42","2:43:04","0:05:00","2:14:35","826","715","122","1709","1113","908","139","588","530","78","826","715","122","21020","2519","342","9784","300","8075"
"1099","RADEK ZAVADIL","Male","Litoměřice","Pardubice Region","CZ","M50-54","FIN","5:50:24","0:36:40","0:05:59","2:57:45","0:04:03","2:05:58","827","716","60","1938","631","532","48","826","720","66","827","716","60","21024","2200","359","10665","243","7558"
"1332","Clement Poulet","Male","Nymburk","Central Bohemian Region","FR","M35-39","FIN","5:50:28","0:36:41","0:05:50","2:54:00","0:04:49","2:09:09","828","717","131","1639","635","536","98","724","641","115","828","717","131","21028","2201","350","10440","289","7749"
"834","Vojtěch Malý","","","","CZ","M30-34","FIN","5:50:31","0:39:56","0:07:52","2:56:09","0:04:54","2:01:41","829","718","107","1817","944","782","112","918","796","117","829","718","107","21031","2396","472","10569","294","7301"
"1196","Eliška Horáková","Female","Hradec Králové","Hradec Králové Region","CZ","F25-29","FIN","5:50:32","0:37:27","0:05:38","3:05:31","0:03:36","1:58:20","830","112","19","2225","715","116","21","1025","144","24","830","112","19","21032","2247","338","11131","216","7100"
"1811","Luboš Polišenský","Male","Vlastiboř","Jihočeský kraj","CZ","M40-44","FIN","5:50:33","0:41:40","0:05:30","2:55:01","0:04:46","2:03:35","831","719","86","1865","1084","887","97","869","756","97","831","719","86","21033","2500","330","10501","286","7415"
"543","Matej Štosák","Male","Košice","foreigner","SK","M45-49","FIN","5:50:38","0:36:59","0:05:18","2:47:58","0:04:10","2:16:14","832","720","66","1837","670","565","55","574","516","50","832","720","66","21038","2219","318","10078","250","8174"
"1485","Adrianna Chrusciel","Female","Gdynia","pomorskie","PL","F35-39","FIN","5:50:41","0:37:18","0:13:58","2:55:02","0:03:10","2:01:13","833","113","14","2274","701","111","15","972","133","17","833","113","14","21041","2238","838","10502","190","7273"
"626","Josef Sekava","Male","Prague","Prague","CZ","M35-39","FIN","5:50:43","0:37:44","0:06:24","3:04:28","0:02:46","1:59:20","834","721","132","1635","745","623","119","1024","881","158","834","721","132","21043","2264","384","11068","166","7160"
"1835","Anna Barbora Trhonova","Female","Prague","Prague","CZ","F18-24","FIN","5:50:46","0:31:21","0:06:35","2:56:30","0:04:54","2:11:26","835","114","16","2538","198","32","6","677","74","12","835","114","16","21046","1881","395","10590","294","7886"
"1367","Lissia Schneider","Female","Wildtal","BADEN-WURTTEMBERG","DE","F35-39","FIN","5:50:49","0:48:47","0:06:10","2:54:44","0:03:27","1:57:41","836","115","15","2271","1456","278","36","1044","145","20","836","115","15","21049","2927","370","10484","207","7061"
"1462","Tomaz Sgerm","Male","Kamnica","SI-070","SI","M40-44","FIN","5:50:49","0:39:38","0:07:35","2:51:20","0:06:29","2:05:48","837","722","87","1860","919","762","85","774","677","86","837","722","87","21049","2378","455","10280","389","7548"
"288","Václav Peňáz","Male","Rychnov nad Kněžnou","Hradec Králové Region","CZ","M18-24","FIN","5:51:13","0:48:29","0:06:19","2:54:41","0:06:11","1:55:33","838","723","98","1551","1449","1174","180","1041","897","123","838","723","98","21073","2909","379","10481","371","6933"
"1078","Filip Hron","Male","Ceske Budejovice","Jihočeský kraj","CZ","M30-34","FIN","5:51:19","0:38:30","0:07:46","2:52:55","0:05:58","2:06:11","839","724","108","1803","817","677","95","792","689","93","839","724","108","21079","2310","466","10375","358","7571"
"254","Renata Kotápišová","Female","Tábor","Prague","CZ","F30-34","FIN","5:51:20","0:45:07","0:07:00","2:54:45","0:04:12","2:00:16","840","116","17","2267","1339","256","42","981","136","21","840","116","17","21080","2707","420","10485","252","7216"
"1210","Veronika Koubova","Female","Dobrohošť","Jihočeský kraj","CZ","F35-39","FIN","5:51:21","0:37:04","0:05:06","2:52:43","0:03:48","2:12:39","841","117","16","2262","685","107","14","685","76","12","841","117","16","21081","2224","306","10363","228","7959"
"549","Tobiáš Skýpala","Male","Zašová","foreigner","CZ","M25-29","FIN","5:51:30","0:42:39","0:06:22","2:46:24","0:03:46","2:12:19","842","725","123","1688","1173","959","147","703","625","95","842","725","123","21090","2559","382","9984","226","7939"
"610","Jakub Fabián","Male","","Hradec Králové Region","CZ","M40-44","FIN","5:51:32","0:43:30","0:05:42","3:02:00","0:04:11","1:56:08","843","726","88","1847","1237","1007","110","1079","926","112","843","726","88","21092","2610","342","10920","251","6968"
"1256","Andreas Lippelt","Male","Kleinmachnow","BRANDENBURG","DE","M55-59","FIN","5:51:36","0:39:01","0:07:22","2:53:12","0:05:39","2:06:21","844","727","23","2351","869","720","26","803","698","25","844","727","23","21096","2341","442","10392","339","7581"
"1057","Marek Střeleček","Male","Hradec Králové","Hradec Králové Region","CZ","M25-29","FIN","5:51:40","0:38:14","0:08:25","3:06:27","0:04:25","1:54:09","845","728","124","1685","790","655","94","1116","958","153","845","728","124","21100","2294","505","11187","265","6849"
"1126","František Adler","Male","Ceské Budejovice","CZ-311","CZ","M35-39","FIN","5:51:48","0:44:05","0:11:35","2:43:31","0:05:42","2:06:56","846","729","133","1615","1278","1038","187","793","690","126","846","729","133","21108","2645","695","9811","342","7616"
"680","Petra Sklenářová","Female","Mladá Boleslav","CZ-207","CZ","F35-39","FIN","5:51:52","0:36:33","0:06:09","3:19:46","0:04:13","1:45:11","847","118","17","2252","616","97","11","1255","195","27","847","118","17","21112","2193","369","11986","253","6311"
"779","Tomáš Kopec","Male","Pěnčín","CZ-512","CZ","M40-44","FIN","5:51:57","0:41:48","0:08:28","2:48:46","0:03:54","2:09:01","848","730","89","1840","1096","896","98","787","686","87","848","730","89","21117","2508","508","10126","234","7741"
"1089","Vlastimil Sobotka","Male","Jirkov","Pardubice Region","CZ","M25-29","FIN","5:51:58","0:37:56","0:05:50","3:04:42","0:05:44","1:57:45","849","731","125","1679","766","637","91","1018","877","135","849","731","125","21118","2276","350","11082","344","7065"
"358","Matyáš Lebeda","Male","Prague","Prague","CZ","M25-29","FIN","5:52:08","0:41:30","0:06:20","2:54:02","0:06:55","2:03:23","850","732","126","1676","1068","873","132","861","750","113","850","732","126","21128","2490","380","10442","415","7403"
"1526","David Rajnoch","Male","Nový Jičín","Moravian-Silesian Region","CZ","M30-34","FIN","5:52:13","0:34:52","0:07:16","2:52:12","0:04:41","2:13:13","851","733","109","1787","459","389","55","672","600","81","851","733","109","21133","2092","436","10332","281","7993"
"1687","Katrin Beywinkler","Female","Trumau","AT-3","AT","F30-34","FIN","5:52:17","0:36:27","0:06:16","2:57:06","0:04:10","2:08:18","852","119","18","2250","604","96","16","812","106","16","852","119","18","21137","2187","376","10626","250","7698"
"842","Dagmar Trummer-Widder","Female","Mattersburg","AT-1","AT","F45-49","FIN","5:52:26","0:33:21","0:06:20","2:57:09","0:03:59","2:11:38","853","120","12","2529","333","54","3","735","86","8","853","120","12","21146","2001","380","10629","239","7898"
"445","Jaroslav Smíšek","Male","Praha 11","Prague","CZ","M50-54","FIN","5:52:30","0:45:34","0:09:04","2:55:19","0:05:33","1:57:01","854","734","61","1901","1356","1095","94","1053","907","84","854","734","61","21150","2734","544","10519","333","7021"
"1307","Barbora Orságová","Female","Vážany","South Moravian Region","CZ","F25-29","FIN","5:52:33","0:37:00","0:08:02","2:55:42","0:05:16","2:06:32","855","121","20","2189","674","106","18","838","108","15","855","121","20","21153","2220","482","10542","316","7592"
"250","Martin Jinda","Male","Beroun","Central Bohemian Region","CZ","M35-39","FIN","5:52:35","0:33:41","0:06:46","2:59:15","0:04:55","2:07:59","856","735","134","1601","364","307","52","808","703","128","856","735","134","21155","2021","406","10755","295","7679"
"1467","Jaroslav Hradečný","Male","Seloutky","Olomouc Region","CZ","M35-39","FIN","5:52:37","0:36:26","0:06:28","2:52:21","0:04:13","2:13:09","857","736","135","1601","602","507","89","697","620","112","857","736","135","21157","2186","388","10341","253","7989"
"963","Tomáš Magyar","Male","Hradec Králové","Hradec Králové Region","CZ","M30-34","FIN","5:52:38","0:42:14","0:07:40","2:54:44","0:04:11","2:03:48","858","737","110","1779","1138","930","137","933","807","119","858","737","110","21158","2534","460","10484","251","7428"
"1427","Jana ROKOSKÁ","Female","Kejžlice","","CZ","F25-29","FIN","5:52:40","0:37:38","0:10:28","2:59:50","0:10:34","1:54:10","859","122","21","2186","736","121","24","1005","141","22","859","122","21","21160","2258","628","10790","634","6850"
"540","Jana Kovárová","Female","Opatov","Pardubice Region","CZ","F30-34","FIN","5:52:48","0:40:17","0:08:06","2:54:15","0:03:52","2:06:18","860","123","19","2241","974","170","22","878","115","17","860","123","19","21168","2417","486","10455","232","7578"
"574","Lukáš Molnár","Male","Martin","","SK","M30-34","FIN","5:52:56","0:43:01","0:08:24","2:51:21","0:05:08","2:05:02","861","738","111","1774","1199","976","146","883","768","112","861","738","111","21176","2581","504","10281","308","7502"
"1327","Tomáš Mojžíšek","Male","Kamenice","CZ-209","CZ","M45-49","FIN","5:53:27","0:49:14","0:08:13","2:56:44","0:06:49","1:52:27","862","739","67","1786","1465","1185","120","1135","973","92","862","739","67","21207","2954","493","10604","409","6747"
"1446","Pavel Pecold","Male","Kramolna","Hradec Králové Region","CZ","M35-39","FIN","5:53:27","0:43:06","0:07:18","2:52:19","0:04:13","2:06:31","863","740","136","1586","1209","983","171","881","766","135","863","740","136","21207","2586","438","10339","253","7591"
"1518","Šimon Sluka","Male","Meziměstí","Hradec Králové Region","CZ","M18-24","FIN","5:53:29","0:46:39","0:06:52","2:51:44","0:05:37","2:02:37","864","741","99","1511","1392","1126","170","945","816","111","864","741","99","21209","2799","412","10304","337","7357"
"1214","Oliver Pichler","Male","Vienna","foreigner","AT","M45-49","FIN","5:53:30","0:39:43","0:08:09","2:50:59","0:04:13","2:10:26","865","742","68","1785","928","769","80","783","682","69","865","742","68","21210","2383","489","10259","253","7826"
"1571","Filip Szotkowski","Male","Broumov","Hradec Králové Region","CZ","M40-44","FIN","5:53:33","0:42:26","0:09:16","2:53:25","0:05:50","2:02:36","866","743","90","1811","1157","946","106","941","812","103","866","743","90","21213","2546","556","10405","350","7356"
"726","Patrik Hroneš","Male","Dvůr Králové n,.L.","Hradec Králové Region","CZ","M55-59","FIN","5:53:36","0:42:37","0:06:55","2:44:22","0:04:58","2:14:44","867","744","24","2315","1167","954","36","658","589","21","867","744","24","21216","2557","415","9862","298","8084"
"958","Šimon Nosek","Male","Kralupy nad Vltavou","Central Bohemian Region","CZ","M30-34","FIN","5:53:38","0:30:29","0:05:38","2:53:16","0:04:45","2:19:30","868","745","112","1761","156","128","11","554","501","66","868","745","112","21218","1829","338","10396","285","8370"
"1262","Tanja Wolner","Female","Wien","AT-WIEN","AT","F25-29","FIN","5:53:48","0:35:11","0:05:43","2:55:36","0:04:11","2:13:06","869","124","22","2166","498","73","14","723","83","10","869","124","22","21228","2111","343","10536","251","7986"
"657","Martin Vyšváder","Male","Gajary","foreigner","SK","M40-44","FIN","5:53:51","0:36:28","0:06:20","3:00:14","0:04:30","2:06:19","870","746","91","1806","607","511","60","893","777","98","870","746","91","21231","2188","380","10814","270","7579"
"1513","Mathieu Guidel","Male","Saint Georges sur Loire","","FR","M40-44","FIN","5:53:52","0:39:34","0:06:19","2:53:49","0:03:35","2:10:35","871","747","92","1805","915","759","84","809","704","89","871","747","92","21232","2374","379","10429","215","7835"
"479","David Mezo","Male","Üröm","foreigner","HU","M30-34","FIN","5:53:52","0:43:41","0:06:14","2:57:53","0:03:51","2:02:13","872","748","113","1757","1246","1013","152","997","859","130","872","748","113","21232","2621","374","10673","231","7333"
"1500","Nico Hannoun","Male","Berlin","foreigner","DE","M18-24","FIN","5:53:53","0:39:24","0:04:59","2:50:43","0:04:14","2:14:33","873","749","100","1503","900","745","114","692","616","85","873","749","100","21233","2364","299","10243","254","8073"
"356","Petr Gaska","Male","Petřvald","Moravian-Silesian Region","CZ","M25-29","FIN","5:53:53","0:41:36","0:07:53","3:00:13","0:04:17","1:59:53","874","750","127","1645","1076","879","136","1046","900","141","874","750","127","21233","2496","473","10813","257","7193"
"1423","Vojtěch Doffek","Male","Stonava","Moravian-Silesian Region","CZ","M18-24","FIN","5:53:56","0:34:37","0:08:33","3:05:02","0:06:21","1:59:24","875","751","101","1502","436","371","56","1011","870","116","875","751","101","21236","2077","513","11102","381","7164"
"839","Andrea Plašilová","Female","Lípa nad Orlicí","Central Bohemian Region","CZ","F35-39","FIN","5:54:04","0:34:45","0:05:26","3:07:42","0:04:34","2:01:38","876","125","18","2213","445","66","9","1001","139","19","876","125","18","21244","2085","326","11262","274","7298"
"1335","Jan Pokorný","Male","Nové Butovice","Prague","CZ","M30-34","FIN","5:54:08","0:43:24","0:05:11","2:54:53","0:02:57","2:07:43","877","752","114","1752","1226","998","148","903","785","116","877","752","114","21248","2604","311","10493","177","7663"
"833","Marcin Milewicz","Male","Siechnice","dolnośląskie","PL","M35-39","FIN","5:54:12","0:43:56","0:07:40","3:08:31","0:04:31","1:49:34","878","753","137","1572","1269","1032","183","1219","1034","186","878","753","137","21252","2636","460","11311","271","6574"
"307","Jan Exner","Male","Studenec","Liberec Region","CZ","M35-39","FIN","5:54:17","0:41:18","0:07:02","2:46:53","0:03:59","2:15:05","879","754","138","1571","1051","859","151","695","618","111","879","754","138","21257","2478","422","10013","239","8105"
"1640","Tomas Kvasnicka","Male","Hradec Kralove","Hradec Králové Region","CZ","M35-39","FIN","5:54:18","0:48:16","0:07:52","2:56:37","0:05:22","1:56:10","880","755","139","1570","1443","1169","199","1105","948","168","880","755","139","21258","2896","472","10597","322","6970"
"801","Jan Poprocsi","Male","Prague","Prague","SK","M25-29","FIN","5:54:19","0:41:13","0:08:47","2:51:18","0:05:07","2:07:54","881","756","128","1637","1045","853","126","846","738","111","881","756","128","21259","2473","527","10278","307","7674"
"495","David Trcka","Male","Hostivice","Středočeský","CZ","M40-44","FIN","5:54:31","0:39:33","0:06:48","2:53:39","0:03:38","2:10:53","882","757","93","1794","914","758","83","815","709","90","882","757","93","21271","2373","408","10419","218","7853"
"1208","Wolfgang Rubarth","Male","Moerfelden Walldorf","DE-HE","DE","M70-74","FIN","5:54:36","0:39:36","0:06:29","2:57:34","0:05:30","2:05:28","883","758","1","3500","916","760","1","912","793","1","883","758","1","21276","2376","389","10654","330","7528"
"876","Martin Růžička","Male","Nepomuk","South Bohemian Region","CZ","M18-24","FIN","5:54:37","0:41:48","0:08:53","2:51:16","0:04:29","2:08:10","884","759","102","1490","1094","894","135","864","753","104","884","759","102","21277","2508","533","10276","269","7690"
"385","David Mican","Male","Ryjice","Ústí nad Labem Region","CZ","M25-29","FIN","5:54:37","0:38:37","0:06:02","2:58:28","0:03:22","2:08:07","885","760","129","1631","833","691","100","896","780","118","885","760","129","21277","2317","362","10708","202","7687"
"302","David Ulrich","Male","Frydek-Mistek","CZ-802","CZ","M35-39","FIN","5:54:40","0:34:35","0:06:57","2:50:37","0:03:41","2:18:50","886","761","140","1564","433","368","61","622","560","105","886","761","140","21280","2075","417","10237","221","8330"
"1130","Andrii Liashko","Male","Drosendorf-Zissersdorf","Niederösterreich","UA","M50-54","FIN","5:54:54","0:50:55","0:11:26","2:40:07","0:04:24","2:08:02","887","762","62","1857","1492","1208","101","874","760","69","887","762","62","21294","3055","686","9607","264","7682"
"345","Dominik Sikora","Male","Návsí","Moravian-Silesian Region","CZ","M25-29","FIN","5:54:57","0:40:57","0:07:47","2:50:54","0:05:26","2:09:53","888","763","130","1625","1026","842","123","804","699","106","888","763","130","21297","2457","467","10254","326","7793"
"1144","Juraj Pauer","Male","Považská Bystrica","foreigner","SK","M35-39","FIN","5:55:01","0:41:39","0:07:48","2:59:23","0:04:48","2:01:23","889","764","141","1557","1082","885","157","1028","884","161","889","764","141","21301","2499","468","10763","288","7283"
"1272","Nikola Rulfova","Female","Telnice","Ústí nad Labem Region","CZ","F25-29","FIN","5:55:04","0:39:00","0:05:53","3:06:02","0:03:52","2:00:17","890","126","23","2143","867","149","29","1072","152","28","890","126","23","21304","2340","353","11162","232","7217"
"304","Jakub Boudyš","Male","Janovice","Hradec Králové Region","CZ","M18-24","FIN","5:55:21","0:34:17","0:05:54","3:02:20","0:03:50","2:08:59","891","765","103","1477","404","342","51","875","761","105","891","765","103","21321","2057","354","10940","230","7739"
"1542","Martin Seidl","Male","Horní Jiřetín","Olomouc Region","CZ","M25-29","FIN","5:55:21","0:41:59","0:09:07","2:40:44","0:05:07","2:18:24","892","766","131","1618","1114","909","140","614","554","83","892","766","131","21321","2519","547","9644","307","8304"
"380","Daniel Kroupa","Male","Prague","Prague","CZ","M25-29","FIN","5:55:23","0:50:52","0:06:19","2:43:13","0:03:24","2:11:36","893","767","132","1618","1489","1205","193","827","721","109","893","767","132","21323","3052","379","9793","204","7896"
"1173","Adam Koncer","Male","Vlasatice","South Moravian Region","CZ","M35-39","FIN","5:55:24","0:43:33","0:08:03","2:51:46","0:03:58","2:08:05","894","768","142","1550","1239","1008","178","901","784","138","894","768","142","21324","2613","483","10306","238","7685"
"1403","Rainer Pöltl","Male","Wien","AT-9","AT","M55-59","FIN","5:55:26","0:41:51","0:08:14","2:47:06","0:06:08","2:12:08","895","769","25","2282","1101","900","35","747","658","23","895","769","25","21326","2511","494","10026","368","7928"
"1055","Frantisek Kubala","Male","Praha 4","Prague","CZ","M50-54","FIN","5:55:26","0:37:08","0:05:31","3:04:52","0:03:19","2:04:36","896","770","63","1848","692","583","51","992","856","77","896","770","63","21326","2228","331","11092","199","7476"
"994","Michal Schwetz","Male","Prague","Prague","CZ","M30-34","FIN","5:55:28","0:43:04","0:10:05","2:54:45","0:09:16","1:58:19","897","771","115","1728","1204","980","147","1003","863","131","897","771","115","21328","2584","605","10485","556","7099"
"1180","Pavel Divoka","Male","Březová","Zlín Region","CZ","M18-24","FIN","5:55:31","0:42:33","0:08:12","2:43:16","0:07:36","2:13:54","898","772","104","1474","1162","950","144","662","592","81","898","772","104","21331","2553","492","9796","456","8034"
"1731","Daniel Kunz","Male","Hostivice","Česká republika","CZ","M25-29","FIN","5:55:38","0:46:00","0:08:59","3:00:05","0:03:42","1:56:53","899","773","133","1613","1370","1107","176","1151","984","158","899","773","133","21338","2760","539","10805","222","7013"
"1523","Ondrej Gereg","Male","","","SK","M18-24","FIN","5:55:40","0:35:33","0:06:47","2:52:38","0:06:21","2:14:21","900","774","105","1471","530","452","65","689","613","84","900","774","105","21340","2133","407","10358","381","8061"
"835","Denis Lauko","Male","Trencianske Stankovce","SK-SK-TC","SK","M50-54","FIN","5:55:43","0:38:17","0:08:49","2:49:47","0:05:22","2:13:27","901","775","64","1843","794","658","57","737","651","63","901","775","64","21343","2297","529","10187","322","8007"
"1544","Filip Slovácek","Male","Brno","South Moravian Region","CZ","M30-34","FIN","5:55:45","0:44:16","0:08:00","2:52:41","0:05:13","2:05:35","902","776","116","1723","1291","1050","156","937","810","120","902","776","116","21345","2656","480","10361","313","7535"
"1373","Václav Mička","Male","Hradec Králové","Hradec Králové Region","CZ","M30-34","FIN","5:55:45","0:37:18","0:06:59","3:01:13","0:05:09","2:05:07","903","777","117","1723","702","591","77","956","825","123","903","777","117","21345","2238","419","10873","309","7507"
"895","Kamila Maríková","Female","Beroun","Central Bohemian Region","CZ","F30-34","FIN","5:55:47","0:44:24","0:06:17","2:46:16","0:03:30","2:15:20","904","127","20","2187","1303","246","40","738","87","13","904","127","20","21347","2664","377","9976","210","8120"
"858","František Koukl","Male","Praha 5","Hlubočepy","CZ","M18-24","FIN","5:55:49","0:41:37","0:07:11","2:59:31","0:11:26","1:56:04","905","778","106","1469","1077","880","131","1016","875","118","905","778","106","21349","2497","431","10771","686","6964"
"604","Jan Horák","Male","Prague","Prague","CZ","M35-39","FIN","5:55:51","0:41:08","0:10:15","2:57:12","0:06:40","2:00:37","906","779","143","1542","1038","848","149","1020","878","156","906","779","143","21351","2468","615","10632","400","7237"
"1265","Lea Likar","Female","Wien","AT-AT-9","AT","F18-24","FIN","5:55:52","0:33:09","0:05:29","2:51:37","0:04:29","2:21:09","907","128","17","2446","319","51","10","573","58","5","907","128","17","21352","1989","329","10297","269","8469"
"511","Martin Jirota","Male","Vrané nad Vltavou","Central Bohemian Region","CZ","M45-49","FIN","5:55:57","0:48:13","0:08:20","2:48:01","0:04:40","2:06:43","908","780","69","1741","1442","1168","116","929","803","76","908","780","69","21357","2893","500","10081","280","7603"
"1224","Jakub Kabat","Male","Prague","Prague","SK","M30-34","FIN","5:55:57","0:37:34","0:06:59","3:04:02","0:04:07","2:03:16","909","781","118","1719","729","611","81","1021","879","133","909","781","118","21357","2254","419","11042","247","7396"
"582","Martin Jelínek","Male","Brno","CZ-642","CZ","M40-44","FIN","5:56:00","0:46:42","0:05:37","2:53:06","0:04:41","2:05:53","910","782","94","1767","1396","1129","125","950","820","104","910","782","94","21360","2802","337","10386","281","7553"
"454","Tomáš Mert","Male","Prague","Prague","CZ","M18-24","FIN","5:56:01","0:31:56","0:06:41","2:49:12","0:05:21","2:22:50","911","783","107","1465","234","194","32","517","468","61","911","783","107","21361","1916","401","10152","321","8570"
"566","Miloslav Blažek","Male","Jičín","Hradec Králové Region","CZ","M40-44","FIN","5:56:08","0:41:52","0:07:17","2:58:03","0:04:55","2:04:01","912","784","95","1765","1105","903","101","984","848","107","912","784","95","21368","2512","437","10683","295","7441"
"350","Ivo Vorek","Male","Ostrava","Česká Republika","CZ","M35-39","FIN","5:56:12","0:39:41","0:06:28","2:50:38","0:04:11","2:15:12","913","785","144","1536","925","766","137","733","648","117","913","785","144","21372","2381","388","10238","251","8112"
"1191","Rostislav Šotola","Male","Lesnice","Moravian-Silesian Region","CZ","M50-54","FIN","5:56:14","0:35:51","0:06:11","2:51:31","0:04:44","2:17:56","914","786","65","1833","557","474","44","652","583","54","914","786","65","21374","2151","371","10291","284","8276"
"1025","Tomáš Lefner","Male","Brno","South Moravian Region","CZ","M25-29","FIN","5:56:18","0:46:38","0:08:55","3:06:17","0:02:55","1:51:32","915","787","134","1601","1390","1125","182","1244","1054","167","915","787","134","21378","2798","535","11177","175","6692"
"1472","Lukáš Kulhavý","Male","Praha 8","Prague","CZ","M40-44","FIN","5:56:22","0:46:30","0:08:12","2:55:14","0:05:54","2:00:32","916","788","96","1760","1384","1121","123","1054","908","109","916","788","96","21382","2790","492","10514","354","7232"
"721","Jan Šimek","Male","Smiřice","Hradec Králové Region","CZ","M30-34","FIN","5:56:39","0:42:24","0:06:25","2:52:55","0:03:21","2:11:34","917","789","119","1707","1153","942","140","859","749","106","917","789","119","21399","2544","385","10375","201","7894"
"826","Tereza Odvárková","Female","Praha 5","Prague","CZ","F18-24","FIN","5:56:43","0:35:39","0:06:44","3:06:13","0:04:25","2:03:42","918","129","18","2431","544","81","16","1022","143","19","918","129","18","21403","2139","404","11173","265","7422"
"1422","Matěj Geralský","Male","Hradec Králové","Hradec Králové Region","CZ","M18-24","FIN","5:56:43","0:38:21","0:05:19","2:50:25","0:07:49","2:14:49","919","790","108","1452","801","664","97","664","593","82","919","790","108","21403","2301","319","10225","469","8089"
"720","Tomáš Matucha","Male","Slavkov u Brna","South Moravia","CZ","M45-49","FIN","5:56:53","0:37:34","0:06:11","3:02:10","0:04:56","2:06:02","920","791","70","1724","731","612","57","964","832","77","920","791","70","21413","2254","371","10930","296","7562"
"934","Monika Velínová","Female","Pardubice","Pardubice Region","CZ","F35-39","FIN","5:56:56","0:37:37","0:06:51","3:02:07","0:05:40","2:04:40","921","130","19","2161","734","120","16","978","135","18","921","130","19","21416","2257","411","10927","340","7480"
"916","Zuzana Mojdlova","Female","Vrane nad Vltavou","CZ-Prague","CZ","F50-54","FIN","5:56:56","0:36:09","0:08:45","2:50:43","0:09:23","2:11:58","922","131","9","2591","579","88","7","708","80","8","922","131","9","21416","2169","525","10243","563","7918"
"664","Patrik Linhart","Male","Nová Paka, Úbislavice, Vidochov, Stará Paka, Lužany","Hradec Králové Region","CZ","M18-24","FIN","5:56:58","0:38:08","0:06:22","2:56:06","0:03:49","2:12:32","923","792","109","1448","782","648","96","834","727","97","923","792","109","21418","2288","382","10566","229","7952"
"443","Michal Uhlíř","Male","Letohrad","Pardubice Region","CZ","M30-34","FIN","5:57:00","0:34:14","0:05:19","3:03:30","0:03:25","2:10:31","924","793","120","1700","398","336","44","895","779","115","924","793","120","21420","2054","319","11010","205","7831"
"665","Michaela Trilcová","Female","Ostrava","Moravian-Silesian Region","CZ","F35-39","FIN","5:57:06","0:30:10","0:06:22","3:18:17","0:04:25","1:57:53","925","132","20","2158","141","25","3","1147","165","23","925","132","20","21426","1810","382","11897","265","7073"
"490","Magdalena Oravcová","Female","Hradec Králové","CZ-521","CZ","F30-34","FIN","5:57:07","0:43:48","0:08:53","2:51:53","0:04:35","2:07:58","926","133","21","2163","1257","235","37","928","126","19","926","133","21","21427","2628","533","10313","275","7678"
"1098","Dennis Bode","Male","Lent","","NL","M30-34","FIN","5:57:09","0:30:50","0:05:56","3:02:54","0:03:45","2:13:43","927","794","121","1698","171","143","17","806","701","95","927","794","121","21429","1850","356","10974","225","8023"
"1829","Roman Jasenovec","Male","Mratín","Czech Republic ","CZ","M35-39","FIN","5:57:10","0:43:20","0:05:28","2:58:26","0:04:34","2:05:22","928","795","145","1519","1224","996","174","985","849","152","928","795","145","21430","2600","328","10706","274","7522"
"1197","Lukáš Beránek","Male","Světlá nad Sázavou","Vysočina Region","CZ","M25-29","FIN","5:57:12","0:41:35","0:06:30","2:56:43","0:04:46","2:07:38","929","796","135","1585","1074","877","134","936","809","125","929","796","135","21432","2495","390","10603","286","7658"
"1189","David Klímek","Male","Praha","CZ-109","CZ","M25-29","FIN","5:57:14","0:43:06","0:06:55","2:57:33","0:04:39","2:05:01","930","797","136","1584","1210","984","152","993","857","132","930","797","136","21434","2586","415","10653","279","7501"
"1530","Václav Čapek","Male","","South Bohemian Region","CZ","M25-29","FIN","5:57:15","0:46:05","0:07:14","2:58:13","0:04:58","2:00:46","931","798","137","1584","1371","1108","177","1084","930","145","931","798","137","21435","2765","434","10693","298","7246"
"1358","Tomáš Brádle","Male","Prague","Prague","CZ","M35-39","FIN","5:57:22","0:38:55","0:07:10","2:54:12","0:05:40","2:11:24","932","799","146","1515","858","711","130","823","717","130","932","799","146","21442","2335","430","10452","340","7884"
"1659","Gernot Pekarek","Male","Oberwaltersdorf","","AT","M45-49","FIN","5:57:26","0:34:58","0:07:38","2:56:49","0:04:53","2:13:07","933","800","71","1715","470","399","41","798","693","70","933","800","71","21446","2098","458","10609","293","7987"
"1784","Zdeněk Špaček","Male","Chelčice","Jihočeský kraj","CZ","M40-44","FIN","5:57:36","0:42:15","0:07:50","2:50:26","0:03:42","2:13:23","934","801","97","1738","1140","932","102","830","723","92","934","801","97","21456","2535","470","10226","222","8003"
"889","Jan Kutílek","Male","Pardubice","Pardubice Region","CZ","M25-29","FIN","5:57:42","0:40:19","0:05:51","3:02:53","0:06:37","2:02:03","935","802","138","1576","976","806","116","1031","887","137","935","802","138","21462","2419","351","10973","397","7323"
"1135","Stefan Bredl","Male","Regen","foreigner","DE","M40-44","FIN","5:57:42","0:35:55","0:13:00","2:48:15","0:04:57","2:15:35","936","803","98","1736","564","481","53","746","657","80","936","803","98","21462","2155","780","10095","297","8135"
"458","Andreas Chaloupka","Male","","South Moravian Region","CZ","M30-34","FIN","5:57:57","0:36:21","0:06:47","2:57:15","0:03:41","2:13:53","937","804","122","1683","595","503","68","825","719","101","937","804","122","21477","2181","407","10635","221","8033"
"1834","Hana Trhonova","Female","Prague","Prague","CZ","F50-54","FIN","5:57:57","0:39:12","0:06:15","2:56:14","0:04:44","2:11:31","938","134","10","2572","883","151","14","858","110","11","938","134","10","21477","2352","375","10574","284","7891"
"384","Petr Ulrich","Male","Těrlicko","Moravian-Silesian Region","CZ","M45-49","FIN","5:58:00","0:29:15","0:05:42","3:00:08","0:03:36","2:19:20","939","805","72","1704","102","85","5","690","614","63","939","805","72","21480","1755","342","10808","216","8360"
"484","Ondřej Cieslar","Male","Nové Dvory","Central Bohemian Region","CZ","M25-29","FIN","5:58:09","0:41:03","0:07:45","3:01:25","0:06:03","2:01:52","940","806","139","1568","1034","846","124","1059","912","144","940","806","139","21489","2463","465","10885","363","7312"
"233","Jakub Hlaváč","Male","Ostrava","OSTRAVA-MESTO","CZ","M35-39","FIN","5:58:14","0:40:27","0:06:54","2:58:02","0:03:53","2:08:58","941","807","147","1499","989","815","144","949","819","146","941","807","147","21494","2427","414","10682","233","7738"
"832","Marek Šmídl","Male","Psáry","Central Bohemian Region","CZ","M30-34","FIN","5:58:18","0:32:27","0:05:51","2:59:32","0:02:57","2:17:31","942","808","123","1677","267","223","24","761","668","89","942","808","123","21498","1947","351","10772","177","8251"
"1081","Ronan Nagle","Male","","foreigner","IE","M50-54","FIN","5:58:19","0:38:24","0:08:13","2:56:04","0:06:40","2:08:58","943","809","66","1796","807","670","60","880","765","70","943","809","66","21499","2304","493","10564","400","7738"
"1557","Martin Yankov","Male","Sofia","Sofia-Grad","BG","M25-29","FIN","5:58:19","0:43:14","0:07:49","3:01:02","0:05:29","2:00:46","944","810","140","1565","1220","992","153","1095","939","148","944","810","140","21499","2594","469","10862","329","7246"
"1717","Vít Mráz","Male","Hronov","Hradec Králové Region","CZ","M50-54","FIN","5:58:22","0:44:41","0:08:33","2:54:38","0:05:42","2:04:49","945","811","67","1795","1320","1071","93","1000","862","79","945","811","67","21502","2681","513","10478","342","7489"
"132","Aleksander Perkowski","Male","Sokolka","PL-PD","PL","M30-34","FIN","5:58:30","0:29:19","0:04:05","3:42:44","0:02:25","1:39:56","946","812","124","1673","104","87","9","1412","1169","170","946","812","124","21510","1759","245","13364","145","5996"
"1576","Jan Novotný","Male","Písek","CZ-314","CZ","M18-24","FIN","5:58:42","0:41:58","0:09:39","3:03:33","0:06:43","1:56:50","947","813","110","1417","1112","907","137","1154","987","143","947","813","110","21522","2518","579","11013","403","7010"
"1143","David Petrášek","Male","Ceské Budejovice","South Bohemian Region","CZ","M18-24","FIN","5:58:55","0:38:31","0:08:32","3:06:09","0:07:00","1:58:43","948","814","111","1413","820","679","100","1118","960","138","948","814","111","21535","2311","512","11169","420","7123"
"1772","Jan Kutnik","Male","Nelepec-Zernuvka","Czech","CZ","M30-34","FIN","5:58:58","0:23:55","0:08:04","2:52:04","0:06:19","2:28:36","949","815","125","1665","17","16","1","440","400","54","949","815","125","21538","1435","484","10324","379","8916"
"528","David Krivanek","Male","Berlin","BERLIN","DE","M45-49","FIN","5:58:59","0:47:45","0:08:52","2:43:04","0:04:28","2:14:49","950","816","73","1687","1432","1160","111","807","702","71","950","816","73","21539","2865","532","9784","268","8089"
"1550","Samuel Hitraček","Male","Trebišov","foreigner","SK","M18-24","FIN","5:59:23","0:44:30","0:06:36","2:38:57","0:03:30","2:25:51","951","817","112","1404","1313","1065","164","569","513","71","951","817","112","21563","2670","396","9537","210","8751"
"521","Josef Pobuda","Male","Mimoň","Liberec Region","CZ","M25-29","FIN","5:59:23","0:39:43","0:06:48","2:54:58","0:04:12","2:13:43","952","818","141","1546","927","768","109","850","741","112","952","818","141","21563","2383","408","10498","252","8023"
"313","Aneta Strejciusová","Female","Hradec Králové","Hradec Králové Region","CZ","F25-29","FIN","5:59:34","0:38:34","0:06:30","2:58:40","0:03:11","2:12:38","953","135","24","2062","828","142","28","916","121","18","953","135","24","21574","2314","390","10720","191","7958"
"740","Jan Vožech","Male","Brandýs nad Labem-Stará Boleslav","South Bohemian Region","CZ","M35-39","FIN","5:59:42","0:42:07","0:10:11","3:00:39","0:05:34","2:01:10","954","819","148","1473","1129","921","161","1114","956","169","954","819","148","21582","2527","611","10839","334","7270"
"1501","Tomáš Řezanka","Male","Prague","Prague","CZ","M18-24","FIN","5:59:44","0:41:55","0:08:52","2:58:39","0:08:45","2:01:32","955","820","113","1398","1106","904","136","1040","896","122","955","820","113","21584","2515","532","10719","525","7292"
"187","Katrin Mutter","Female","St.Blasien","DE-BW","DE","F50-54","FIN","6:00:04","0:34:47","0:05:52","2:57:56","0:04:06","2:17:23","956","136","11","2534","450","68","5","776","99","10","956","136","11","21604","2087","352","10676","246","8243"
"608","Andrea Košíková","Female","Cana","Kosice Region","SK","F30-34","FIN","6:00:12","0:44:06","0:05:42","3:10:24","0:03:25","1:56:34","957","137","22","2108","1280","241","38","1223","186","26","957","137","22","21612","2646","342","11424","205","6994"
"381","Vladimír Tesner","Male","Sezemice","Pardubice Region","CZ","M45-49","FIN","6:00:19","0:40:42","0:06:34","2:49:46","0:04:06","2:19:11","958","821","74","1663","1012","832","86","743","654","66","958","821","74","21619","2442","394","10186","246","8351"
"244","Jirí Kána","Male","Brno","South Moravian Region","CZ","M35-39","FIN","6:00:20","0:33:31","0:06:55","2:57:45","0:03:32","2:18:37","959","822","149","1462","348","293","49","766","672","124","959","822","149","21620","2011","415","10665","212","8317"
"349","Radek Hanák","Male","Horní Jiřetín","Ústí nad Labem Region","CZ","M40-44","FIN","6:00:21","0:38:37","0:05:37","2:53:03","0:05:23","2:17:41","960","823","99","1689","831","689","77","748","659","81","960","823","99","21621","2317","337","10383","323","8261"
"264","Petr Staveník","Male","Praha","Prague","CZ","M35-39","FIN","6:00:22","0:42:13","0:07:57","3:02:23","0:05:35","2:02:13","961","824","150","1461","1136","928","163","1101","945","167","961","824","150","21622","2533","477","10943","335","7333"
"1053","Fryderyk Gawron","Male","Warsaw","mazowieckie","PL","M40-44","FIN","6:00:25","0:44:06","0:05:13","2:58:06","0:06:13","2:06:47","962","825","100","1688","1279","1039","116","991","855","108","962","825","100","21625","2646","313","10686","373","7607"
"1011","Petr Gallus","Male","Brno","South Moravian Region","CZ","M25-29","FIN","6:00:26","0:34:59","0:06:39","2:45:18","0:04:04","2:29:26","963","826","142","1527","471","400","58","492","447","65","963","826","142","21626","2099","399","9918","244","8966"
"368","Marek Srb","Male","Lužany","Hradec Králové Region","CZ","M30-34","FIN","6:00:28","0:37:15","0:06:12","3:02:03","0:03:16","2:11:42","964","827","126","1638","699","589","76","955","824","122","964","827","126","21628","2235","372","10923","196","7902"
"1781","Adam Řehák","Male","Prague","Prague","CZ","M35-39","FIN","6:00:30","0:36:45","0:09:28","2:51:23","0:04:23","2:18:31","965","828","151","1459","645","544","103","756","666","121","965","828","151","21630","2205","568","10283","263","8311"
"1846","Jirí Pšenicka","Male","Hradec Králové","Hradec Králové","CZ","M40-44","FIN","6:00:37","0:46:38","0:05:33","2:52:15","0:04:01","2:12:11","966","829","101","1684","1389","1124","124","925","801","101","966","829","101","21637","2798","333","10335","241","7931"
"1280","Martin Žilinčík","Male","Zvolen","foreigner","SK","M18-24","FIN","6:00:39","0:42:38","0:06:26","2:59:05","0:05:56","2:06:35","967","830","114","1382","1170","956","146","1009","868","114","967","830","114","21639","2558","386","10745","356","7595"
"1756","Matej Hozlár","Male","Šurany","SK-NI","SK","M18-24","FIN","6:00:42","0:39:26","0:08:03","3:10:10","0:06:11","1:56:52","968","831","115","1381","905","749","116","1181","1009","146","968","831","115","21642","2366","483","11410","371","7012"
"1246","Šimon Ďurica","Male","","foreigner","SK","M18-24","FIN","6:01:01","0:41:41","0:06:27","3:00:06","0:06:13","2:06:35","969","832","116","1375","1085","888","133","1012","871","117","969","832","116","21661","2501","387","10806","373","7595"
"593","Lucie Dobrovolná","Female","Blansko","South Moravian Region","CZ","F35-39","FIN","6:01:10","0:40:34","0:08:23","3:08:43","0:04:59","1:58:31","970","138","21","2085","1003","179","23","1182","173","24","970","138","21","21670","2434","503","11323","299","7111"
"1840","Petr Holec","Male","Nusle","South Moravia","CZ","M45-49","FIN","6:01:12","0:35:39","0:07:40","3:07:37","0:03:57","2:06:19","971","833","75","1647","543","463","49","1073","921","87","971","833","75","21672","2139","460","11257","237","7579"
"798","Marek Štepánek","Male","Liberec","Liberec","CZ","M35-39","FIN","6:01:27","0:40:56","0:05:28","2:57:09","0:10:58","2:06:55","972","834","152","1442","1025","841","148","909","790","141","972","834","152","21687","2456","328","10629","658","7615"
"1412","Eleonora Röpke","Female","Kiel","foreigner","DE","F18-24","FIN","6:01:28","0:34:46","0:05:01","2:59:34","0:03:00","2:19:07","973","139","19","2345","447","67","13","797","105","15","973","139","19","21688","2086","301","10774","180","8347"
"545","Marek Tyban","Male","Kladno","South Bohemian Region","CZ","M25-29","FIN","6:01:30","0:42:35","0:06:20","3:06:55","0:03:58","2:01:42","974","835","143","1508","1165","952","146","1168","998","162","974","835","143","21690","2555","380","11215","238","7302"
"460","Marek Míchal","Male","Praha","CZ-108","CZ","M25-29","FIN","6:01:34","0:43:05","0:06:28","2:54:44","0:03:41","2:13:35","975","836","144","1506","1206","981","150","923","799","122","975","836","144","21694","2585","388","10484","221","8015"
"472","Balazs Kolos Molnar","Male","Budapest","HU-BU","HU","M35-39","FIN","6:01:39","0:47:23","0:10:56","2:55:41","0:04:52","2:02:48","976","837","153","1438","1412","1143","197","1132","971","171","976","837","153","21699","2843","656","10541","292","7368"
"1026","Ota Pichl","Male","Makotřasy","Central Bohemian Region","CZ","M35-39","FIN","6:01:40","0:37:45","0:08:25","3:00:00","0:04:39","2:10:51","977","838","154","1438","746","624","120","968","836","149","977","838","154","21700","2265","505","10800","279","7851"
"162","Grzegorz Skwarek","Male","Nowy Targ","małopolskie","PL","M55-59","FIN","6:01:42","0:35:53","0:07:04","2:56:12","0:05:49","2:16:45","978","839","26","2170","559","476","16","791","688","24","978","839","26","21702","2153","424","10572","349","8205"
"1585","Adam Kracík","Male","Volary","Jihočeský kraj","CZ","M45-49","FIN","6:01:52","0:29:44","0:05:56","3:05:24","0:03:37","2:17:11","979","840","76","1635","120","100","12","843","735","73","979","840","76","21712","1784","356","11124","217","8231"
"1117","Alberto Albertos Asencio","Male","Alicante","foreigner","ES","M30-34","FIN","6:02:00","0:44:37","0:06:23","3:04:25","0:03:55","2:02:40","980","841","127","1610","1317","1068","160","1160","991","145","980","841","127","21720","2677","383","11065","235","7360"
"1715","Michal Hajsl","Male","Mělník","Central Bohemian Region","CZ","M35-39","FIN","6:02:03","0:36:43","0:09:27","3:03:14","0:04:36","2:08:03","981","842","155","1431","639","540","100","1039","895","162","981","842","155","21723","2203","567","10994","276","7683"
"1298","Martin Ferjanček","Male","Vikartovce","foreigner","SK","M18-24","FIN","6:02:03","0:38:48","0:06:28","2:59:06","0:04:43","2:12:59","982","843","117","1356","846","702","105","924","800","110","982","843","117","21723","2328","388","10746","283","7979"
"274","Matyáš Licek","Male","Pardubice","Pardubice Region","CZ","M25-29","FIN","6:02:05","0:32:48","0:06:32","2:55:35","0:03:51","2:23:19","983","844","145","1497","293","245","32","686","610","92","983","844","145","21725","1968","392","10535","231","8599"
"1497","Karolína Tvrdíková","Female","Světlá nad Sázavou","Vysocina","CZ","F18-24","FIN","6:02:07","0:42:49","0:05:16","3:02:19","0:03:06","2:08:37","984","140","20","2333","1185","220","35","1065","150","21","984","140","20","21727","2569","316","10939","186","7717"
"643","Marek Pokorný","Male","Slavkov u Brna","South Moravian Region","CZ","M30-34","FIN","6:02:11","0:37:02","0:05:36","2:56:57","0:03:52","2:18:43","985","845","128","1607","679","573","74","802","697","94","985","845","128","21731","2222","336","10617","232","8323"
"1341","Vlasta Šejvlová","Female","Hradec Králové ","Hradec Králové Region","CZ","F45-49","FIN","6:02:12","0:40:22","0:06:47","2:57:24","0:04:00","2:13:39","986","141","13","2354","981","172","14","927","125","13","986","141","13","21732","2422","407","10644","240","8019"
"613","Dalibor Sláma","Male","Brno","South Moravian Region","CZ","M35-39","FIN","6:02:12","0:36:58","0:07:16","2:56:45","0:06:06","2:15:07","986","846","156","1428","667","564","110","842","734","132","986","846","156","21732","2218","436","10605","366","8107"
"506","Andrea Benešová","Female","Pardubice","Prague","CZ","F25-29","FIN","6:02:22","0:34:24","0:06:25","3:07:05","0:04:10","2:10:18","988","142","25","2012","416","63","13","1002","140","21","988","142","25","21742","2064","385","11225","250","7818"
"438","Pavel Novak","Male","Plzen","South Bohemian Region","CZ","M40-44","FIN","6:02:23","0:31:47","0:06:18","2:44:17","0:04:03","2:35:59","989","847","102","1652","220","184","19","409","371","43","989","847","102","21743","1907","378","9857","243","9359"
"1444","Katharina Bockelt","Female","Munich","foreigner","DE","F30-34","FIN","6:02:23","0:42:43","0:06:18","3:10:34","0:05:37","1:57:12","990","143","23","2069","1181","217","32","1214","184","25","990","143","23","21743","2563","378","11434","337","7032"
"1626","Dominik Berényi","Male","","","HU","M18-24","FIN","6:02:38","0:31:59","0:08:05","2:56:24","0:08:59","2:17:10","991","848","118","1346","237","196","33","722","640","88","991","848","118","21758","1919","485","10584","539","8230"
"273","Matej Slovácek","Male","Blatná","Jihočeský kraj","CZ","M35-39","FIN","6:02:46","0:33:36","0:06:47","2:48:37","0:03:37","2:30:10","992","849","157","1418","355","298","50","547","495","94","992","849","157","21766","2016","407","10117","217","9010"
"1400","Rastislav Kocúr","Male","Kosice","foreigner","SK","M30-34","FIN","6:02:58","0:49:44","0:08:18","3:08:51","0:06:29","1:49:37","993","850","129","1593","1473","1192","177","1315","1104","156","993","850","129","21778","2984","498","11331","389","6577"
"552","Patrik Polák","Male","Liberec","Liberec","CZ","M30-34","FIN","6:03:03","0:36:43","0:07:21","3:09:24","0:04:40","2:04:55","994","851","130","1592","638","539","69","1122","963","144","994","851","130","21783","2203","441","11364","280","7495"
"928","Romana Pintar","Female","Slovenija","foreigner","SI","F60-64","FIN","6:03:08","0:45:19","0:08:16","2:51:47","0:05:23","2:12:23","995","144","1","3500","1348","260","2","948","130","1","995","144","1","21788","2719","496","10307","323","7943"
"462","Filip Cerný","Male","Praha","Prague","CZ","M30-34","FIN","6:03:10","0:42:58","0:06:19","2:51:25","0:03:15","2:19:13","996","852","131","1589","1197","974","145","837","730","104","996","852","131","21790","2578","379","10285","195","8353"
"1527","Martin Král","Male","Hradec Králové","Hradec Králové Region","CZ","M55-59","FIN","6:03:12","0:30:47","0:12:00","2:59:05","0:07:45","2:13:35","997","853","27","2143","170","142","3","862","751","29","997","853","27","21792","1847","720","10745","465","8015"
"575","Jakub Kalát","Male","Hradec Králové","Hradec Králové Region","CZ","M40-44","FIN","6:03:36","0:42:21","0:06:26","2:56:14","0:04:45","2:13:52","998","854","103","1630","1146","937","103","939","811","102","998","854","103","21816","2541","386","10574","285","8032"
"1001","Adam Černý","Male","Kolín","Central Bohemian Region","CZ","M35-39","FIN","6:03:39","0:43:57","0:07:31","2:57:09","0:06:02","2:09:01","999","855","158","1402","1271","1034","185","1023","880","157","999","855","158","21819","2637","451","10629","362","7741"
"1065","Aneta Dvořáčková","Female","Pochvalov","Central Bohemian Region","CZ","F30-34","FIN","6:03:41","0:47:27","0:07:55","3:09:47","0:04:55","1:53:36","1000","145","24","2045","1415","270","46","1286","203","32","1000","145","24","21821","2847","475","11387","295","6816"
"414","Ronald Temes","Male","Moldava nad Bodvou","foreigner","SK","M50-54","FIN","6:03:43","0:42:08","0:06:45","2:42:55","0:04:31","2:27:24","1001","856","68","1699","1132","924","82","612","552","52","1001","856","68","21823","2528","405","9775","271","8844"
"446","Mathias Kramer","Male","Berlin","DE-foreigner","DE","M65-69","FIN","6:03:55","0:33:28","0:06:22","2:59:37","0:05:00","2:19:27","1002","857","2","2894","342","287","1","800","695","2","1002","857","2","21835","2008","382","10777","300","8367"
"888","Karel LAUBE","Male","Prague","Prague","CZ","M40-44","FIN","6:03:55","0:36:09","0:06:34","2:51:29","0:05:10","2:24:33","1003","858","104","1625","578","491","54","668","596","73","1003","858","104","21835","2169","394","10289","310","8673"
"1814","Adam Porteš","Male","Prague","Central Bohemian Region","CZ","M30-34","FIN","6:04:03","0:34:35","0:07:46","3:00:34","0:05:15","2:15:54","1004","859","132","1574","430","365","51","889","773","114","1004","859","132","21843","2075","466","10834","315","8154"
"1416","Tomáš Nosek","Male","Kostelní Myslová","Vysočina Region","CZ","M30-34","FIN","6:04:05","0:36:59","0:11:00","3:04:18","0:10:27","2:01:21","1005","860","133","1573","671","566","72","1098","942","141","1005","860","133","21845","2219","660","11058","627","7281"
"519","Pavel Pinkas","Male","Chrast","Pardubice Region","CZ","M30-34","FIN","6:04:10","0:34:39","0:05:59","3:05:04","0:04:55","2:13:34","1006","861","134","1571","439","374","52","959","828","124","1006","861","134","21850","2079","359","11104","295","8014"
"231","Pavel Hrbek","Male","Prague","Prague","CZ","M40-44","FIN","6:04:18","0:46:59","0:09:30","3:06:10","0:04:36","1:57:04","1007","862","105","1618","1405","1136","126","1257","1062","125","1007","862","105","21858","2819","570","11170","276","7024"
"794","Jan Pokorný","Male","Telc","Vysočina Region","CZ","M18-24","FIN","6:04:19","0:44:55","0:08:26","3:04:31","0:06:28","1:59:58","1008","863","119","1316","1331","1079","166","1190","1014","148","1008","863","119","21859","2695","506","11071","388","7198"
"887","Filip Mačuga","Male","Danišovce","foreigner","SK","M25-29","FIN","6:04:28","0:45:20","0:06:44","2:51:14","0:04:51","2:16:18","1009","864","146","1454","1349","1089","172","899","782","120","1009","864","146","21868","2720","404","10274","291","8178"
"1511","Klára Silnicová","Female","Strání","Zlín Region","CZ","F30-34","FIN","6:04:33","0:39:55","0:06:36","3:15:46","0:04:58","1:57:17","1010","146","25","2030","943","162","19","1250","193","29","1010","146","25","21873","2395","396","11746","298","7037"
"640","Pavel Vlcek","Male","Ústí Nad Labem","Ústí nad Labem Region","CZ","M25-29","FIN","6:04:33","0:40:13","0:07:36","2:58:23","0:10:10","2:08:11","1011","865","147","1453","969","800","113","969","837","130","1011","865","147","21873","2413","456","10703","610","7691"
"1408","Barbora Kramlová","Female","Dolní Břežany","Central Bohemian Region","CZ","F18-24","FIN","6:04:34","0:39:20","0:08:49","3:02:13","0:05:29","2:08:43","1012","147","21","2289","897","155","25","1064","149","20","1012","147","21","21874","2360","529","10933","329","7723"
"202","Urszula Łapawa","Female","Poznan","PL-WP","PL","F40-44","FIN","6:04:35","0:36:18","0:07:06","2:55:12","0:07:05","2:18:54","1013","148","18","2192","590","91","12","778","100","12","1013","148","18","21875","2178","426","10512","425","8334"
"563","Mikael Zurkirchen","Male","Écublens (Vaud)","foreigner","CH","M18-24","FIN","6:04:56","0:43:24","0:08:12","3:01:27","0:05:36","2:06:17","1014","866","120","1304","1227","999","156","1115","957","136","1014","866","120","21896","2604","492","10887","336","7577"
"933","Kristýna Štechová","Female","HRADEC Králové, libnikovice","Hradec Králové Region","CZ","F35-39","FIN","6:04:58","0:38:30","0:05:51","3:01:08","0:04:25","2:15:05","1015","149","22","2017","819","141","19","953","131","16","1015","149","22","21898","2310","351","10868","265","8105"
"1187","Sandro Nanic","Male","Prague","CZ-Prague","CZ","M30-34","FIN","6:05:05","0:41:13","0:07:25","3:07:37","0:05:25","2:03:25","1016","867","135","1555","1047","855","125","1170","1000","148","1016","867","135","21905","2473","445","11257","325","7405"
"362","Tomáš Machek","Male","Hradec Králové","Hradec Králové Region","CZ","M60-64","FIN","6:05:16","0:32:27","0:08:25","2:57:44","0:05:42","2:20:59","1017","868","11","2578","266","222","2","777","678","11","1017","868","11","21916","1947","505","10664","342","8459"
"878","Petr Flégl","Male","Prague","Prague","CZ","M45-49","FIN","6:05:17","0:39:25","0:07:05","3:02:39","0:04:27","2:11:40","1018","869","77","1573","902","747","77","1034","890","84","1018","869","77","21917","2365","425","10959","267","7900"
"985","Margit Pemmer","Female","Artstetten","AT-3","AT","F40-44","FIN","6:05:29","0:41:50","0:05:49","2:54:07","0:03:33","2:20:11","1019","150","19","2175","1099","201","27","860","111","17","1019","150","19","21929","2510","349","10447","213","8411"
"569","Tomáš Marel","Male","Rasošky","Hradec Králové Region","CZ","M18-24","FIN","6:05:29","0:42:56","0:08:47","3:01:09","0:05:18","2:07:20","1020","870","121","1295","1196","973","149","1110","953","135","1020","870","121","21929","2576","527","10869","318","7640"
"862","Erik Bajer","Male","Branka u Opavy","Moravian-Silesian Region","CZ","M40-44","FIN","6:05:38","0:44:29","0:07:47","3:01:57","0:05:57","2:05:28","1021","871","106","1594","1311","1063","119","1136","974","117","1021","871","106","21938","2669","467","10917","357","7528"
"941","Olga Dvorácková","Female","Holice v Čechách","Pardubice Region","CZ","F50-54","FIN","6:05:42","0:32:24","0:05:57","3:03:39","0:04:14","2:19:28","1022","151","12","2433","260","43","4","866","112","12","1022","151","12","21942","1944","357","11019","254","8368"
"1543","Marek Kostov","Male","Prague","Prague","CZ","M30-34","FIN","6:05:43","0:51:19","0:10:25","2:58:07","0:05:20","2:00:33","1023","872","136","1544","1499","1213","178","1217","1032","151","1023","872","136","21943","3079","625","10687","320","7233"
"1505","Andrew Batt","Male","BRISTOL","SOM","GB","M45-49","FIN","6:05:46","0:35:04","0:07:35","2:53:10","0:07:01","2:22:56","1024","873","78","1565","483","411","42","710","629","64","1024","873","78","21946","2104","455","10390","421","8576"
"636","Hynek Havel","Male","Pardubice","Pardubice Region","CZ","M18-24","FIN","6:05:53","0:40:42","0:08:45","3:05:41","0:06:22","2:04:21","1025","874","122","1287","1013","833","125","1153","986","142","1025","874","122","21953","2442","525","11141","382","7461"
"1399","Dávid Genšiniak","Male","Trencín","foreigner","SK","M45-49","FIN","6:06:00","0:45:36","0:09:20","3:01:31","0:05:36","2:03:58","1026","875","79","1560","1357","1096","102","1172","1002","94","1026","875","79","21960","2736","560","10891","336","7438"
"1149","Klára Dokulilová","Female","Prague","Prague","CZ","F30-34","FIN","6:06:09","0:43:07","0:08:40","3:09:04","0:05:03","2:00:15","1027","152","26","2001","1211","227","33","1231","188","27","1027","152","26","21969","2587","520","11344","303","7215"
"461","Jan Gebauer","Male","Jicín","Hradec Králové Region","CZ","M30-34","FIN","6:06:17","0:46:07","0:07:54","2:56:43","0:04:17","2:11:17","1028","876","137","1533","1372","1109","167","1069","918","136","1028","876","137","21977","2767","474","10603","257","7877"
"1456","Samo Sgerm","Male","Miklavž na Dravskem polju","SI-169","SI","M45-49","FIN","6:06:22","0:36:53","0:07:21","3:01:46","0:07:37","2:12:44","1029","877","80","1554","659","558","53","965","833","78","1029","877","80","21982","2213","441","10906","457","7964"
"1103","Jonathan Jocham","Male","Eichenau","DE-BY","DE","M25-29","FIN","6:06:30","0:38:20","0:07:41","2:53:53","0:08:21","2:18:14","1030","878","148","1418","797","661","96","814","708","107","1030","878","148","21990","2300","461","10433","501","8294"
"620","Tomáš Merkl","Male","Velichovky","Hradec Králové Region","CZ","M30-34","FIN","6:06:48","0:40:09","0:07:14","2:55:02","0:04:36","2:19:48","1031","879","138","1524","963","796","114","873","759","109","1031","879","138","22008","2409","434","10502","276","8388"
"1736","Aleš Kobrle","Male","Martinice v Krkonoších","Liberec Region","CZ","M35-39","FIN","6:06:55","0:38:58","0:07:24","2:57:14","0:08:52","2:14:26","1032","880","159","1343","865","717","131","911","792","142","1032","880","159","22015","2338","444","10634","532","8066"
"810","Richard Velísek","Male","Zlín","South Moravian Region","CZ","M45-49","FIN","6:07:05","0:38:54","0:06:00","3:08:57","0:04:57","2:08:16","1033","881","81","1541","856","709","70","1127","966","91","1033","881","81","22025","2334","360","11337","297","7696"
"308","Tomáš Jirkal","Male","Cheb","","CZ","M35-39","FIN","6:07:27","0:35:35","0:06:35","3:16:44","0:06:52","2:01:40","1034","882","160","1334","536","457","83","1208","1025","183","1034","882","160","22047","2135","395","11804","412","7300"
"869","Jan Plachý","Male","Průhonice","Central Bohemian Region","CZ","M18-24","FIN","6:07:31","0:32:52","0:08:01","3:08:21","0:05:12","2:13:05","1035","883","123","1258","296","248","41","1035","891","119","1035","883","123","22051","1972","481","11301","312","7985"
"1161","David Doležálek","Male","Prague","Prague","CZ","M30-34","FIN","6:07:39","0:45:18","0:07:38","3:15:55","0:04:42","1:54:05","1036","884","139","1509","1346","1087","162","1339","1118","157","1036","884","139","22059","2718","458","11755","282","6845"
"1479","Fritz Walkner","Male","Traun","","AT","M50-54","FIN","6:07:48","0:47:34","0:07:03","2:51:12","0:05:43","2:16:15","1037","885","69","1625","1423","1153","99","962","830","74","1037","885","69","22068","2854","423","10272","343","8175"
"1818","Patrik Hudec","Male","Prague","Prague","CZ","M35-39","FIN","6:07:48","0:48:20","0:07:09","3:05:12","0:03:31","2:03:36","1038","886","161","1327","1445","1171","200","1228","1041","189","1038","886","161","22068","2900","429","11112","211","7416"
"245","David Šverák","Male","Javornice","Hradec Králové Region","CZ","M30-34","FIN","6:07:53","0:38:17","0:06:42","3:05:52","0:04:54","2:12:08","1039","887","140","1505","795","659","93","1070","919","137","1039","887","140","22073","2297","402","11152","294","7928"
"1325","Grit Kowsky","Female","Potsdam","","DE","F50-54","FIN","6:07:55","0:31:35","0:07:27","3:03:00","0:08:12","2:17:41","1040","153","13","2393","209","34","3","867","113","13","1040","153","13","22075","1895","447","10980","492","8261"
"846","Štěpán Krůs","Male","Horní Dvořiště","South Bohemian Region","CZ","M18-24","FIN","6:08:14","0:35:56","0:09:01","3:08:56","0:06:20","2:08:01","1041","888","124","1245","565","482","68","1128","967","139","1041","888","124","22094","2156","541","11336","380","7681"
"1694","Marco Kümmel","Male","Pottendorf","AT-3","DE","M45-49","FIN","6:08:20","0:31:22","0:05:13","2:56:01","0:15:00","2:20:45","1042","889","82","1518","200","168","24","632","569","57","1042","889","82","22100","1882","313","10561","900","8445"
"470","Michal Halamcek","Male","Dolný Kubín","Slovakia","SK","M18-24","FIN","6:08:29","0:38:49","0:08:36","3:03:16","0:07:01","2:10:45","1043","890","125","1241","848","704","106","1068","917","126","1043","890","125","22109","2329","516","10996","421","7845"
"1226","Oliver Bori","Male","Liptovsky Mikulas","foreigner","SK","M30-34","FIN","6:08:29","0:35:42","0:09:23","3:01:38","0:05:15","2:16:31","1044","891","141","1494","549","466","62","980","845","127","1044","891","141","22109","2142","563","10898","315","8191"
"447","David Samson","Male","Kravaře","Moravian-Silesian Region","CZ","M18-24","FIN","6:08:33","0:32:26","0:06:53","2:58:17","0:08:17","2:22:40","1045","892","126","1239","263","220","38","755","665","92","1045","892","126","22113","1946","413","10697","497","8560"
"799","Michal Škopek","Male","Rajhradice","South Moravian Region","CZ","M35-39","FIN","6:08:37","0:51:03","0:10:52","2:58:15","0:05:36","2:02:51","1046","893","162","1313","1495","1211","205","1220","1035","187","1046","893","162","22117","3063","652","10695","336","7371"
"1409","Peter Helbig","Male","Fürth","","DE","M55-59","FIN","6:08:37","0:36:50","0:09:47","2:54:59","0:06:14","2:20:47","1047","894","28","2045","656","555","23","854","745","28","1047","894","28","22117","2210","587","10499","374","8447"
"421","Jan Kilbergr","Male","Jetětice","South Bohemian Region","CZ","M25-29","FIN","6:08:38","0:37:13","0:07:53","3:18:19","0:04:51","2:00:23","1048","895","149","1379","695","585","86","1266","1068","169","1048","895","149","22118","2233","473","11899","291","7223"
"735","Zbyšek Piták","Male","Praha 8","CZ-108","CZ","M25-29","FIN","6:08:56","0:40:17","0:06:22","3:02:27","0:04:54","2:14:56","1049","896","150","1374","975","805","115","1032","888","138","1049","896","150","22136","2417","382","10947","294","8096"
"1745","Zdeněk Řehoř","Male","Všestudy","Ústí nad Labem Region","CZ","M45-49","FIN","6:09:04","0:39:03","0:08:46","3:04:59","0:06:58","2:09:17","1050","897","83","1505","872","722","72","1107","950","89","1050","897","83","22144","2343","526","11099","418","7757"
"1362","Dominik Temmel","Male","Kapfenberg","STEIERMARK","AT","M35-39","FIN","6:09:13","0:37:07","0:07:36","2:52:59","0:04:35","2:26:57","1051","898","163","1302","691","582","114","759","667","122","1051","898","163","22153","2227","456","10379","275","8817"
"296","Petr Rus","Male","Brno","South Moravian Region","CZ","M40-44","FIN","6:09:20","0:36:38","0:08:20","2:56:33","0:06:48","2:21:02","1052","899","107","1527","628","529","62","851","742","95","1052","899","107","22160","2198","500","10593","408","8462"
"257","Jan Hvozdovič","Male","Rousínov","South Moravian Region","CZ","M18-24","FIN","6:09:38","0:42:42","0:07:42","2:55:04","0:09:14","2:14:56","1053","900","127","1220","1178","963","148","954","823","113","1053","900","127","22178","2562","462","10504","554","8096"
"1738","Zdenek Lind","Male","Hradec Králové","Hradec Králové Region","CZ","M50-54","FIN","6:10:10","0:38:10","0:07:45","2:50:18","0:06:03","2:27:55","1054","901","70","1583","785","651","56","719","637","61","1054","901","70","22210","2290","465","10218","363","8875"
"1343","Boris Weber","Male","Großsteinbach","","AT","M40-44","FIN","6:10:23","0:33:33","0:06:20","3:01:04","0:04:57","2:24:30","1055","902","108","1508","351","294","32","840","732","93","1055","902","108","22223","2013","380","10864","297","8670"
"1033","Petr Jurena","Male","Uherské Hradišťe","South Moravian Region","CZ","M35-39","FIN","6:10:24","0:41:30","0:07:57","2:56:39","0:04:54","2:19:23","1056","903","164","1280","1067","872","154","967","835","148","1056","903","164","22224","2490","477","10599","294","8363"
"427","Vojtěch Baleja","Male","Petrvald","Moravian-Silesian Region","CZ","M35-39","FIN","6:10:24","0:34:33","0:06:00","3:04:11","0:03:56","2:21:43","1057","904","165","1280","429","364","60","935","808","143","1057","904","165","22224","2073","360","11051","236","8503"
"950","Jáchym Cvalín","Male","Měšice, Hovorčovice, Zlonín, Bašť","Prague","CZ","M18-24","FIN","6:10:28","0:37:03","0:06:30","3:08:11","0:06:30","2:12:15","1058","905","128","1205","682","576","83","1089","933","131","1058","905","128","22228","2223","390","11291","390","7935"
"378","Jan Abraham","Male","Choceň","Pardubice Region","CZ","M40-44","FIN","6:10:56","0:43:51","0:07:38","2:49:41","0:06:35","2:23:11","1059","906","109","1498","1261","1025","114","845","737","94","1059","906","109","22256","2631","458","10181","395","8591"
"1376","Kateřina Honzů","Female","Letohrad","Pardubice Region","CZ","F30-34","FIN","6:10:56","0:40:12","0:06:27","2:58:20","0:07:20","2:18:38","1060","154","27","1915","967","169","21","938","128","20","1060","154","27","22256","2412","387","10700","440","8318"
"560","Daniel Kacur","Male","Velké Přílepy","Central Bohemian Region","CZ","M50-54","FIN","6:11:19","0:47:05","0:07:41","2:48:03","0:04:40","2:23:49","1061","907","71","1562","1407","1138","98","884","769","71","1061","907","71","22279","2825","461","10083","280","8629"
"731","David Suchan","Male","Běleč nad Orlicí","Hradec Králové Region","CZ","M35-39","FIN","6:11:20","0:40:23","0:07:39","3:02:16","0:04:46","2:16:16","1062","908","166","1264","987","813","143","1061","914","166","1062","908","166","22280","2423","459","10936","286","8176"
"906","Michal Skalský","Male","Hořice v Podkrkonoší","Hradec Králové Region","CZ","M40-44","FIN","6:11:21","0:39:53","0:07:27","3:02:39","0:05:46","2:15:36","1063","909","110","1491","940","779","88","1055","909","110","1063","909","110","22281","2393","447","10959","346","8136"
"417","Gerd Muetze","Male","Moritzburg","","DE","M45-49","FIN","6:11:29","0:36:54","0:08:28","3:01:08","0:06:12","2:18:48","1064","910","84","1462","661","560","54","974","841","80","1064","910","84","22289","2214","508","10868","372","8328"
"392","Martin Bábor","Male","Tišnov","South Moravian Region","CZ","M18-24","FIN","6:11:31","0:40:58","0:08:42","3:14:21","0:04:43","2:02:46","1065","911","129","1186","1029","844","126","1273","1072","157","1065","911","129","22291","2458","522","11661","283","7366"
"1655","Irina Krupp","Female","Leverkusen","NW","DE","F40-44","FIN","6:11:31","0:41:21","0:11:20","3:05:09","0:12:26","2:01:15","1066","155","20","2067","1054","193","26","1188","175","24","1066","155","20","22291","2481","680","11109","746","7275"
"561","Matěj Plíšek","","","","CZ","M18-24","FIN","6:11:32","0:37:18","0:07:47","3:24:17","0:05:25","1:56:45","1067","912","130","1186","703","592","85","1345","1124","170","1067","912","130","22292","2238","467","12257","325","7005"
"512","Michal Kouřimský","Male","Prague","Prague","CZ","M25-29","FIN","6:11:36","0:36:46","0:08:04","3:02:26","0:05:41","2:18:40","1068","913","151","1326","646","545","79","987","851","131","1068","913","151","22296","2206","484","10946","341","8320"
"237","Lukáš Kocka","Male","Brno","Czech Republic","CZ","M35-39","FIN","6:11:43","0:48:59","0:09:02","3:11:51","0:06:14","1:55:37","1069","914","167","1257","1463","1183","201","1355","1132","200","1069","914","167","22303","2939","542","11511","374","6937"
"398","Štěpán Svoboda","Male","Prague","Prague","CZ","M25-29","FIN","6:11:46","0:40:37","0:06:42","3:02:35","0:03:45","2:18:07","1070","915","152","1323","1008","829","119","1051","905","143","1070","915","152","22306","2437","402","10955","225","8287"
"1147","Dalibor Benedek","Male","Poprad","Hradec Králové Region","SK","M35-39","FIN","6:11:49","0:36:49","0:06:43","3:06:14","0:05:30","2:16:34","1071","916","168","1255","654","553","107","1048","902","165","1071","916","168","22309","2209","403","11174","330","8194"
"1732","Jakub Reitmajer","Male","Tábor","Jihočeský kraj","CZ","M35-39","FIN","6:11:58","0:34:23","0:07:28","3:14:30","0:04:05","2:11:32","1072","917","169","1252","414","352","58","1171","1001","178","1072","917","169","22318","2063","448","11670","245","7892"
"508","Katerina Pitrmanová","Female","Hradec Králové","Hradec Králové Region","CZ","F18-24","FIN","6:12:04","0:34:25","0:05:52","3:07:20","0:04:59","2:19:27","1073","156","22","2154","419","64","12","994","137","18","1073","156","22","22324","2065","352","11240","299","8367"
"979","Vit Hofer","Male","Praha","Khon Kaen Province","CZ","M50-54","FIN","6:12:06","0:46:29","0:10:00","2:52:30","0:08:34","2:14:33","1074","918","72","1548","1381","1118","97","1030","886","82","1074","918","72","22326","2789","600","10350","514","8073"
"1160","Adam Kočí","Male","Prague","Prague","CZ","M30-34","FIN","6:12:10","0:42:54","0:07:42","3:00:19","0:05:55","2:15:21","1075","919","142","1427","1192","970","144","1071","920","138","1075","919","142","22330","2574","462","10819","355","8121"
"1013","Anton Forro","Male","Bratislava","foreigner","SK","M45-49","FIN","6:12:17","0:35:05","0:08:27","3:00:11","0:04:30","2:24:03","1076","920","85","1447","486","414","43","915","795","75","1076","920","85","22337","2105","507","10811","270","8643"
"415","Terézia Machová","Female","Praha ","Praha","SK","F30-34","FIN","6:12:26","0:35:17","0:07:45","3:13:38","0:07:07","2:08:39","1077","157","28","1888","510","76","10","1173","171","24","1077","157","28","22346","2117","465","11618","427","7719"
"1482","Dávid Beňovič","Male","Malacky","foreigner","SK","M18-24","FIN","6:12:32","0:39:16","0:09:14","3:13:58","0:07:09","2:02:56","1078","921","131","1168","891","737","111","1254","1060","155","1078","921","131","22352","2356","554","11638","429","7376"
"258","Kristýna Rubecká","Female","Vyškov","South Moravian Region","CZ","F35-39","FIN","6:12:36","0:44:37","0:07:07","3:11:10","0:03:41","2:06:01","1079","158","23","1879","1316","249","33","1260","196","28","1079","158","23","22356","2677","427","11470","221","7561"
"702","Kristian Sell","Male","Prague","Prague","CZ","M25-29","FIN","6:12:44","0:45:32","0:08:25","2:54:57","0:05:26","2:18:24","1080","922","153","1305","1354","1093","174","1029","885","136","1080","922","153","22364","2732","505","10497","326","8304"
"1623","Roman Grossman","Male","Hradec Králové","CZ-Hradec Králové Region","CZ","M50-54","FIN","6:12:45","0:42:25","0:08:32","2:55:30","0:07:31","2:18:47","1081","923","73","1536","1156","945","83","973","840","76","1081","923","73","22365","2545","512","10530","451","8327"
"232","Aleš Maršík","Male","Prague","Prague","CZ","M25-29","FIN","6:12:55","0:57:34","0:08:01","3:02:53","0:05:33","1:58:54","1082","924","154","1302","1535","1238","204","1336","1116","178","1082","924","154","22375","3454","481","10973","333","7134"
"811","David Svatoň","Male","Hradec Králové","Hradec Králové Region","CZ","M18-24","FIN","6:12:56","0:41:43","0:12:11","3:05:11","0:07:19","2:06:31","1083","925","132","1160","1088","890","134","1209","1026","149","1083","925","132","22376","2503","731","11111","439","7591"
"1313","Tomáš Vlastník","Male","Praha 18","Prague","CZ","M40-44","FIN","6:13:02","0:34:28","0:08:18","3:10:10","0:07:25","2:12:41","1084","926","111","1460","421","356","41","1112","955","115","1084","926","111","22382","2068","498","11410","445","7961"
"1250","Lukáš Kruml","Male","Hradec Králové","Hradec Králové Region","CZ","M18-24","FIN","6:13:04","0:38:50","0:06:30","3:31:42","0:04:37","1:51:24","1085","927","133","1158","849","705","107","1423","1179","177","1085","927","133","22384","2330","390","12702","277","6684"
"1216","Vojtěch Krčma","Male","Brno","South Moravian Region","CZ","M18-24","FIN","6:13:07","0:44:12","0:07:44","2:59:04","0:07:48","2:14:19","1086","928","134","1157","1286","1045","160","1076","923","128","1086","928","134","22387","2652","464","10744","468","8059"
"666","David Sivčák","Male","Opava","Moravian-Silesian Region","CZ","M50-54","FIN","6:13:13","0:42:05","0:05:31","3:02:19","0:03:26","2:19:53","1087","929","74","1528","1124","916","81","1052","906","83","1087","929","74","22393","2525","331","10939","206","8393"
"1194","Ondřej Hanke","Male","Žiželice","Central Bohemian Region","CZ","M30-34","FIN","6:13:13","0:42:43","0:06:10","3:16:57","0:03:34","2:03:49","1088","930","143","1409","1179","964","142","1296","1091","155","1088","930","143","22393","2563","370","11817","214","7429"
"1621","Peter Surňák","Male","Prague","Prague","CZ","M45-49","FIN","6:13:29","0:39:40","0:09:13","3:03:57","0:06:20","2:14:18","1089","931","86","1426","923","764","78","1109","952","90","1089","931","86","22409","2380","553","11037","380","8058"
"1647","Tomáš Vitvar","Male","LITOMYŠL","Pardubice","CZ","M30-34","FIN","6:13:31","0:35:15","0:11:23","3:11:35","0:14:04","2:01:14","1090","932","144","1403","501","428","57","1197","1019","150","1090","932","144","22411","2115","683","11495","844","7274"
"1555","Christopher Mehlhorn","Male","Schwarzenberg/Erzgebirge","foreigner","DE","M30-34","FIN","6:13:33","0:39:40","0:09:23","2:58:35","0:06:13","2:19:42","1091","933","145","1403","921","763","108","995","858","129","1091","933","145","22413","2380","563","10715","373","8382"
"324","Tomáš Botur","Male","Orlová","Moravian-Silesian Region","CZ","M25-29","FIN","6:13:37","0:43:27","0:08:01","3:02:27","0:06:43","2:12:59","1092","934","155","1289","1235","1006","155","1129","968","155","1092","934","155","22417","2607","481","10947","403","7979"
"1041","Viktoria Fuchs","Female","Klein Pöchlarn","","AT","F35-39","FIN","6:13:49","0:36:59","0:05:50","2:55:45","0:04:29","2:30:47","1093","159","24","1857","669","105","13","775","98","14","1093","159","24","22429","2219","350","10545","269","9047"
"921","Marketa Pirklova","Female","Vrané nad Vltavou","CZ-Central Bohemian Region","CZ","F40-44","FIN","6:13:50","0:38:54","0:06:52","2:54:45","0:05:44","2:27:35","1094","160","21","2025","855","147","20","829","107","15","1094","160","21","22430","2334","412","10485","344","8855"
"1809","Daria Sudakova","Female","Prague","CZ-109","","F25-29","FIN","6:13:52","0:34:03","0:07:05","3:11:29","0:05:22","2:15:53","1095","161","26","1805","389","61","12","1102","157","29","1095","161","26","22432","2043","425","11489","322","8153"
"935","Josef Meliš","Male","Pardubice","Pardubice Region","CZ","M40-44","FIN","6:13:56","0:48:44","0:07:05","3:02:55","0:07:06","2:08:06","1096","935","112","1444","1455","1178","132","1206","1023","120","1096","935","112","22436","2924","425","10975","426","7686"
"959","Ester Pánková","Female","Třemošná","South Bohemian Region","CZ","F25-29","FIN","6:13:57","0:29:33","0:06:53","3:13:52","0:06:07","2:17:32","1097","162","27","1803","114","19","4","1062","148","27","1097","162","27","22437","1773","413","11632","367","8252"
"796","Martin Vycpalek","Male","Javornice, Slatina nad Zdobnicí","Hradec Králové Region","CZ","M50-54","FIN","6:14:00","0:45:56","0:12:25","2:49:41","0:06:20","2:19:39","1098","936","75","1514","1367","1104","95","1006","865","80","1098","936","75","22440","2756","745","10181","380","8379"
"816","Martina Vágnerová","Female","Slavonice","Jihočeský kraj","CZ","F40-44","FIN","6:14:01","0:36:03","0:06:23","3:20:42","0:04:20","2:06:32","1099","163","22","2022","572","85","11","1261","197","27","1099","163","22","22441","2163","383","12042","260","7592"
"1320","Lisa Zeller","Female","Feldkirchen an der Donau","","AT","F40-44","FIN","6:14:03","0:37:49","0:06:20","3:09:40","0:04:01","2:16:12","1100","164","23","2021","756","127","18","1126","161","23","1100","164","23","22443","2269","380","11380","241","8172"
"463","Karolína Hynčíková","Female","Domažlice","Czechia","CZ","F25-29","FIN","6:14:06","0:35:57","0:06:49","3:02:59","0:03:10","2:25:12","1101","165","28","1801","566","84","15","960","132","20","1101","165","28","22446","2157","409","10979","190","8712"
"1844","René Hušek","Male","Hradec Králové","Hradec Králové","CZ","M50-54","FIN","6:14:08","0:40:01","0:08:12","2:50:44","0:06:23","2:28:48","1102","937","76","1511","950","787","73","784","683","64","1102","937","76","22448","2401","492","10244","383","8928"
"1641","Tomáš Krivánek","Male","Říčany","South Moravian Region","CZ","M25-29","FIN","6:14:19","0:46:37","0:07:38","3:06:52","0:05:12","2:08:00","1103","938","156","1277","1388","1123","181","1234","1046","166","1103","938","156","22459","2797","458","11212","312","7680"
"648","David Kříha","Male","Olešnice","Jihočeský kraj","CZ","M18-24","FIN","6:14:23","0:37:35","0:07:26","3:19:47","0:04:56","2:04:39","1104","939","135","1134","732","613","90","1281","1080","160","1104","939","135","22463","2255","446","11987","296","7479"
"1152","Radim Spusta","Male","Ostrava","Moravian-Silesian Region","CZ","M35-39","FIN","6:14:27","0:39:45","0:09:54","3:05:33","0:09:10","2:10:05","1105","940","170","1208","929","770","138","1157","988","176","1105","940","170","22467","2385","594","11133","550","7805"
"439","Petr Belak","Male","Praha","Prague","CZ","M35-39","FIN","6:14:32","0:34:53","0:07:34","2:57:42","0:06:51","2:27:32","1106","941","171","1206","460","390","67","820","714","129","1106","941","171","22472","2093","454","10662","411","8852"
"872","Inke Meyer","Female","Rosengarten","foreigner","DE","F40-44","FIN","6:14:33","0:38:57","0:07:54","3:00:52","0:04:03","2:22:48","1107","166","24","2012","861","148","21","996","138","21","1107","166","24","22473","2337","474","10852","243","8568"
"1088","Dominik Rufer","Male","Červený Kostelec","Hradec Králové Region","CZ","M18-24","FIN","6:14:35","0:47:34","0:05:41","3:16:23","0:02:47","2:02:09","1108","942","136","1131","1424","1154","176","1351","1128","171","1108","942","136","22475","2854","341","11783","167","7329"
"1177","Jan Tvrz","Male","Pardubice","Pardubice Region","CZ","M30-34","FIN","6:14:43","0:40:33","0:15:10","3:15:21","0:09:37","1:54:01","1109","943","146","1382","999","821","121","1367","1142","162","1109","943","146","22483","2433","910","11721","577","6841"
"1816","Paul Luksch","Male","Limburg","HE","DE","M60-64","FIN","6:14:57","0:49:36","0:11:41","2:47:04","0:09:05","2:17:31","1110","944","12","2404","1468","1188","18","1017","876","12","1110","944","12","22497","2976","701","10024","545","8251"
"1254","Monika Škardová","Female","Prague","Prague","CZ","F30-34","FIN","6:15:11","0:37:49","0:09:00","3:04:23","0:05:30","2:18:28","1111","167","29","1838","755","126","17","1080","154","22","1111","167","29","22511","2269","540","11063","330","8308"
"1529","Jakub Sobota","Male","Prague","Prague","CZ","M18-24","FIN","6:15:12","0:46:48","0:08:10","3:05:14","0:06:00","2:08:59","1112","945","137","1120","1401","1133","173","1222","1037","150","1112","945","137","22512","2808","490","11114","360","7739"
"989","Karolína Zwinger","Female","Prague","Prague","CZ","F30-34","FIN","6:15:14","0:36:17","0:05:50","3:09:32","0:04:13","2:19:21","1113","168","30","1837","588","90","13","1087","156","23","1113","168","30","22514","2177","350","11372","253","8361"
"1810","Jakub Kott","Male","Brno","South Moravian Region","CZ","M18-24","FIN","6:15:23","0:36:16","0:05:57","2:58:39","0:03:49","2:30:42","1114","946","138","1116","585","496","75","839","731","99","1114","946","138","22523","2176","357","10719","229","9042"
"1029","Aik Arutiunian","Male","Wysoka","dolnośląskie","UA","M35-39","FIN","6:15:25","0:38:32","0:06:03","3:09:38","0:02:24","2:18:48","1115","947","172","1190","823","682","127","1137","975","172","1115","947","172","22525","2312","363","11378","144","8328"
"1410","Monika Jurdová","Female","Brno","CZ-642","CZ","F40-44","FIN","6:15:25","0:37:12","0:06:19","3:23:19","0:04:00","2:04:35","1116","169","25","1997","694","110","16","1314","211","31","1116","169","25","22525","2232","379","12199","240","7475"
"1709","Filip Jurkáček","Male","Malacky","foreigner","SK","M18-24","FIN","6:15:33","0:41:39","0:07:00","2:52:01","0:11:34","2:23:19","1117","948","139","1113","1083","886","132","836","729","98","1117","948","139","22533","2499","420","10321","694","8599"
"676","Jiří Dymák","Male","Hradec Králové","Hradec Králové Region","CZ","M30-34","FIN","6:15:40","0:38:40","0:08:07","3:06:02","0:04:58","2:17:52","1118","949","147","1364","837","695","98","1108","951","142","1118","949","147","22540","2320","487","11162","298","8272"
"978","Petr Klein","Male","Brno","South Moravian Region","CZ","M35-39","FIN","6:15:48","0:39:24","0:09:06","3:12:48","0:05:57","2:08:34","1119","950","173","1183","901","746","134","1239","1050","190","1119","950","173","22548","2364","546","11568","357","7714"
"292","Jirí Vondrácek","Male","Braškov","Central Bohemian Region","CZ","M35-39","FIN","6:15:52","0:41:19","0:06:30","3:01:54","0:05:54","2:20:14","1120","951","174","1182","1053","861","152","1047","901","164","1120","951","174","22552","2479","390","10914","354","8414"
"879","Josef Nový","Male","Horoměřice","Central Bohemian Region","CZ","M18-24","FIN","6:15:54","0:47:44","0:09:54","2:54:19","0:07:00","2:16:57","1121","952","140","1107","1431","1159","178","1090","934","132","1121","952","140","22554","2864","594","10459","420","8217"
"1138","Jiří Ziegler","Male","Brno","South Moravian Region","CZ","M40-44","FIN","6:15:58","0:46:17","0:06:47","2:58:16","0:05:39","2:18:59","1122","953","113","1408","1378","1115","121","1081","927","113","1122","953","113","22558","2777","407","10696","339","8339"
"1105","Katerina Holeckova","Female","Praha","Central Bohemian Region","CZ","F45-49","FIN","6:16:10","0:39:13","0:08:13","3:07:23","0:04:46","2:16:35","1123","170","14","2102","888","154","13","1148","166","14","1123","170","14","22570","2353","493","11243","286","8195"
"1125","Dominik Kuchař","Male","Litoměřice","Central Bohemian Region","CZ","M30-34","FIN","6:16:15","0:39:53","0:09:57","3:00:29","0:13:31","2:12:24","1124","954","148","1354","941","780","111","1063","915","135","1124","954","148","22575","2393","597","10829","811","7944"
"1469","Constantin Wintersberger","Male","Vienna","foreigner","AT","M18-24","FIN","6:16:21","0:43:15","0:07:57","3:06:35","0:05:24","2:13:09","1125","955","141","1099","1221","993","154","1185","1011","147","1125","955","141","22581","2595","477","11195","324","7989"
"1831","Eva Flídrová","","Prague","Prague","CZ","F35-39","FIN","6:16:32","0:43:05","0:08:45","3:02:17","0:09:53","2:12:33","1126","171","25","1808","1207","226","31","1133","162","21","1126","171","25","22592","2585","525","10937","593","7953"
"1440","Daniel Pospíšil","Male","Čepí","Pardubice Region","CZ","M25-29","FIN","6:16:34","0:41:14","0:09:52","3:17:46","0:04:38","2:03:04","1127","956","157","1236","1048","856","127","1340","1119","179","1127","956","157","22594","2474","592","11866","278","7384"
"315","Šimon Vyrut","Male","Pilsen","South Bohemian Region","CZ","M25-29","FIN","6:16:36","0:35:45","0:07:36","3:12:29","0:08:11","2:12:35","1128","957","158","1236","553","470","70","1167","997","161","1128","957","158","22596","2145","456","11549","491","7955"
"338","Matěj Král","Male","Beroun","Central Bohemian Region","CZ","M25-29","FIN","6:16:40","0:36:34","0:06:07","3:16:07","0:04:05","2:13:47","1129","958","159","1235","622","524","77","1207","1024","164","1129","958","159","22600","2194","367","11767","245","8027"
"914","Jakub Rehounek","Male","Prague","Prague","CZ","M50-54","FIN","6:16:41","0:39:57","0:07:21","2:57:19","0:06:21","2:25:44","1130","959","77","1465","945","783","72","930","804","72","1130","959","77","22601","2397","441","10639","381","8744"
"1004","Miroslav Welser","Male","Winnenden","Baden-Württemberg","CZ","M50-54","FIN","6:16:44","0:35:36","0:08:50","2:50:42","0:05:01","2:36:36","1131","960","78","1464","538","459","43","694","617","59","1131","960","78","22604","2136","530","10242","301","9396"
"1356","Yani Bridge","Female","London","Clapham junction","PT","F25-29","FIN","6:16:45","0:48:37","0:06:13","3:19:27","0:06:34","1:55:54","1132","172","29","1753","1452","277","57","1399","237","48","1132","172","29","22605","2917","373","11967","394","6954"
"732","Jan Voltr","Male","Hradec Králové","Hradec Králové Region","CZ","M18-24","FIN","6:17:02","0:41:23","0:08:19","3:02:34","0:09:02","2:15:44","1133","961","142","1087","1055","862","128","1097","941","134","1133","961","142","22622","2483","499","10954","542","8144"
"1700","Florian Stöckl","Male","Regau","foreigner","AT","M25-29","FIN","6:17:06","0:40:22","0:07:39","3:17:27","0:04:38","2:07:00","1134","962","160","1227","985","811","117","1290","1086","171","1134","962","160","22626","2422","459","11847","278","7620"
"1711","Iveta Shorná","Female","Brno","South Moravian Region","CZ","F35-39","FIN","6:17:10","0:38:26","0:06:12","3:09:56","0:06:57","2:15:40","1135","173","26","1797","809","139","18","1141","164","22","1135","173","26","22630","2306","372","11396","417","8140"
"584","Gabriel Rudišin","Male","Komárno","foreigner","SK","M18-24","FIN","6:17:20","0:43:14","0:07:24","2:57:33","0:05:27","2:23:43","1136","963","143","1081","1217","989","152","1010","869","115","1136","963","143","22640","2594","444","10653","327","8623"
"1170","Aleš Farkaš","Male","Dvory nad Žitavou","foreigner","SK","M50-54","FIN","6:17:21","0:37:33","0:06:33","3:16:16","0:07:37","2:09:22","1137","964","79","1453","727","609","55","1225","1039","89","1137","964","79","22641","2253","393","11776","457","7762"
"1452","Alan Yanovich","Male","North York","foreigner","CA","M35-39","FIN","6:17:25","0:36:49","0:07:11","3:03:14","0:04:58","2:25:13","1138","965","175","1154","653","552","106","986","850","153","1138","965","175","22645","2209","431","10994","298","8713"
"976","Jan Nejdl","Male","","South Bohemian Region","CZ","M18-24","FIN","6:17:28","0:37:14","0:09:09","3:41:54","0:05:50","1:43:21","1139","966","144","1079","697","587","84","1482","1215","185","1139","966","144","22648","2234","549","13314","350","6201"
"1464","Jan Machník","Male","Vrchlabí","Hradec Králové Region","CZ","M45-49","FIN","6:17:28","0:33:15","0:07:10","2:57:46","0:04:10","2:35:07","1140","967","87","1354","325","273","31","767","673","68","1140","967","87","22648","1995","430","10666","250","9307"
"1005","Milan Škurek","Male","Nový Malín","Moravian-Silesian Region","CZ","M50-54","FIN","6:17:36","0:59:58","0:09:09","2:59:22","0:06:25","2:02:42","1141","968","80","1449","1544","1245","106","1337","1117","96","1141","968","80","22656","3598","549","10762","385","7362"
"1334","Jacob Ojelay","","","","GB","M18-24","FIN","6:17:38","0:40:12","0:10:36","3:14:58","0:06:48","2:05:04","1142","969","145","1076","968","799","120","1295","1090","162","1142","969","145","22658","2412","636","11698","408","7504"
"397","František Zelinka","Male","Pardubice","Pardubice Region","CZ","M18-24","FIN","6:17:46","0:42:39","0:07:22","3:01:07","0:05:12","2:21:26","1143","970","146","1073","1172","958","147","1078","925","129","1143","970","146","22666","2559","442","10867","312","8486"
"749","Katherine Stere","Female","Prague","","US","F25-29","FIN","6:18:01","0:36:13","0:06:37","3:02:11","0:04:56","2:28:03","1144","174","30","1730","583","89","16","940","129","19","1144","174","30","22681","2173","397","10931","296","8883"
"1200","Julie Staníková","Female","Kralupy nad Vltavou","Central Bohemian Region","CZ","F18-24","FIN","6:18:02","0:42:02","0:07:08","3:31:22","0:06:09","1:51:22","1145","175","23","2047","1117","207","32","1442","252","35","1145","175","23","22682","2522","428","12682","369","6682"
"1188","Šimon Nádvorník","Male","Rýmařov","Moravian-Silesian Region","CZ","M18-24","FIN","6:18:12","0:41:25","0:06:31","3:06:38","0:04:33","2:19:05","1146","971","147","1066","1057","864","129","1143","979","140","1146","971","147","22692","2485","391","11198","273","8345"
"1703","Tomáš Kašpar","Male","","Central Bohemian Region","CZ","M18-24","FIN","6:18:13","0:43:02","0:07:06","2:59:10","0:04:43","2:24:12","1147","972","148","1065","1201","977","150","1038","894","121","1147","972","148","22693","2582","426","10750","283","8652"
"532","Adéla Petrusová","Female","Mladá Boleslav","Central Bohemian Region","CZ","F18-24","FIN","6:18:17","0:45:24","0:07:18","3:01:32","0:03:50","2:20:12","1148","176","24","2042","1351","261","39","1138","163","24","1148","176","24","22697","2724","438","10892","230","8412"
"759","Lubomir FLEIBERK","Male","Frydlant","Liberec Region","CZ","M65-69","FIN","6:18:19","0:56:57","0:07:29","2:59:08","0:07:40","2:07:05","1149","973","3","2635","1534","1237","8","1267","1069","8","1149","973","3","22699","3417","449","10748","460","7625"
"1017","Tereza Mezerová","Female","Ústí Nad Labem","Ústí nad Labem Region","CZ","F18-24","FIN","6:18:25","0:37:27","0:07:43","3:06:23","0:04:40","2:22:13","1150","177","25","2040","712","114","18","1085","155","22","1150","177","25","22705","2247","463","11183","280","8533"
"861","Filip Kučerák","Male","Prague","Prague","CZ","M18-24","FIN","6:18:29","0:44:15","0:09:43","3:08:16","0:06:27","2:09:47","1151","974","149","1061","1290","1049","161","1249","1057","153","1151","974","149","22709","2655","583","11296","387","7787"
"450","Tomáš Grzywač","Male","Frýdek-Místek","Moravian-Silesian Region","CZ","M35-39","FIN","6:18:36","0:44:29","0:10:05","3:00:03","0:08:25","2:15:34","1152","975","176","1133","1310","1062","188","1144","980","174","1152","975","176","22716","2669","605","10803","505","8134"
"1595","Mairi Galbraith","Female","London","foreigner","DE","F25-29","FIN","6:18:37","0:40:09","0:07:35","3:10:00","0:04:05","2:16:49","1153","178","31","1719","962","167","35","1183","174","32","1153","178","31","22717","2409","455","11400","245","8209"
"1634","Chris Treacher","Male","Newbury","foreigner","GB","M65-69","FIN","6:18:40","0:39:08","0:09:49","2:57:36","0:07:19","2:24:48","1154","976","4","2629","879","729","4","976","842","3","1154","976","4","22720","2348","589","10656","439","8688"
"1204","Viliam Sykora","Male","Svedernik","","SK","M45-49","FIN","6:18:47","0:45:55","0:06:56","3:01:43","0:05:56","2:18:17","1155","977","88","1330","1366","1103","105","1142","978","93","1155","977","88","22727","2755","416","10903","356","8297"
"319","Marek Hrdina","Male","Hradec Králové","Hradec Králové Region","CZ","M35-39","FIN","6:19:07","0:38:22","0:07:48","3:09:20","0:05:17","2:18:21","1156","978","177","1124","803","666","126","1162","992","177","1156","978","177","22747","2302","468","11360","317","8301"
"774","Michal Žácek","Male","Zlín","South Moravian Region","CZ","M55-59","FIN","6:19:07","0:40:07","0:07:12","2:52:56","0:05:56","2:32:55","1157","979","29","1856","958","792","28","822","716","27","1157","979","29","22747","2407","432","10376","356","9175"
"1459","Josef Mužík","Male","Hořovice","Central Bohemian Region","CZ","M45-49","FIN","6:19:15","0:46:07","0:06:35","3:10:42","0:08:28","2:07:24","1158","980","89","1322","1374","1111","106","1265","1067","101","1158","980","89","22755","2767","395","11442","508","7644"
"1185","Viet Anh Chu","Male","Ústí Nad Labem","Ústí nad Labem Region","CZ","M30-34","FIN","6:19:21","0:42:14","0:10:07","3:03:22","0:05:33","2:18:06","1159","981","149","1298","1137","929","136","1166","996","147","1159","981","149","22761","2534","607","11002","333","8286"
"1794","Vít Hrubeš","Male","Prague","Prague","CZ","M25-29","FIN","6:19:24","0:37:28","0:06:20","2:59:15","0:03:52","2:32:30","1160","982","161","1185","718","602","88","894","778","117","1160","982","161","22764","2248","380","10755","232","9150"
"638","Victor Goldrin","Male","Regensburg","BY","DE","M50-54","FIN","6:19:36","0:35:22","0:08:18","3:00:58","0:08:08","2:26:49","1161","983","81","1413","521","443","41","932","806","73","1161","983","81","22776","2122","498","10858","488","8809"
"1455","Patrik Jareš","Male","Dolní Újezd","Pardubice Region","CZ","M18-24","FIN","6:19:38","0:34:22","0:07:51","3:01:28","0:05:20","2:30:39","1162","984","150","1040","413","351","53","914","794","109","1162","984","150","22778","2062","471","10888","320","9039"
"1619","Petr Šimeček","Male","Ústí Nad Labem","Central Bohemian Region","CZ","M55-59","FIN","6:19:43","0:41:47","0:10:25","3:10:29","0:07:44","2:09:18","1163","985","30","1845","1091","892","34","1258","1063","40","1163","985","30","22783","2507","625","11429","464","7758"
"1792","Jirí Hudec","Male","Praha","Prague","CZ","M45-49","FIN","6:19:50","0:48:19","0:06:48","3:15:40","0:05:54","2:03:09","1164","986","90","1311","1444","1170","117","1360","1137","110","1164","986","90","22790","2899","408","11740","354","7389"
"1203","Daniela Fink","Female","Wien","AT-9","AT","F40-44","FIN","6:19:53","0:42:50","0:06:51","2:53:59","0:08:31","2:27:42","1165","179","26","1916","1187","221","29","913","120","18","1165","179","26","22793","2570","411","10439","511","8862"
"1353","Jiří Gottvald","Male","Veverská Bítýška","CZ-643","CZ","M40-44","FIN","6:20:02","0:42:34","0:14:10","3:02:54","0:08:22","2:12:02","1166","987","114","1334","1163","951","107","1215","1031","121","1166","987","114","22802","2554","850","10974","502","7922"
"868","Alexandr Furman","Male","Dolní Břežany","Central Bohemian Region","CZ","M45-49","FIN","6:20:05","0:48:01","0:06:24","3:17:26","0:04:43","2:03:30","1167","988","91","1307","1436","1162","113","1377","1149","112","1167","988","91","22805","2881","384","11846","283","7410"
"1324","Jakub Kacer","Male","Brno","South Moravian Region","CZ","M25-29","FIN","6:20:27","0:40:46","0:11:42","3:02:55","0:09:08","2:15:56","1168","989","162","1166","1015","835","121","1159","990","160","1168","989","162","22827","2446","702","10975","548","8156"
"361","Daniel Sedláček","Male","Bučovice","South Moravian Region","CZ","M18-24","FIN","6:20:39","0:42:38","0:07:19","3:11:02","0:04:01","2:15:40","1169","990","151","1022","1169","955","145","1233","1045","151","1169","990","151","22839","2558","439","11462","241","8140"
"485","Tomas Lizak","Male","Kezmarok","foreigner","SK","M25-29","FIN","6:20:50","0:49:30","0:07:15","3:05:18","0:06:10","2:12:38","1170","991","163","1160","1467","1187","190","1245","1055","168","1170","991","163","22850","2970","435","11118","370","7958"
"1371","Dávid Szabó","Male","Oxbow","foreigner","SK","M25-29","FIN","6:20:51","0:46:28","0:08:40","3:21:44","0:08:48","1:55:10","1171","992","164","1159","1380","1117","179","1420","1177","189","1171","992","164","22851","2788","520","12104","528","6910"
"730","Dobroslav Sramek","Male","Prague","Prague","CZ","M40-44","FIN","6:21:00","0:47:27","0:09:47","2:58:23","0:06:58","2:18:25","1172","993","115","1317","1414","1145","129","1164","994","118","1172","993","115","22860","2847","587","10703","418","8305"
"1267","Gregor Eckmayr","Male","Neukirchen bei Lambach","foreigner","AT","M18-24","FIN","6:21:07","0:49:42","0:11:20","3:06:13","0:05:32","2:08:21","1173","994","152","1013","1471","1190","184","1319","1107","166","1173","994","152","22867","2982","680","11173","332","7701"
"1067","Jakub Šmídl","Male","Hluboká Nad Vltavou","South Bohemian Region","CZ","M18-24","FIN","6:21:15","0:39:04","0:08:14","3:15:15","0:04:47","2:13:55","1174","995","153","1011","873","723","108","1256","1061","156","1174","995","153","22875","2344","494","11715","287","8035"
"1382","Lucie Chládková","Female","Brno","South Moravian Region","CZ","F40-44","FIN","6:21:21","0:48:36","0:06:26","3:14:24","0:03:45","2:08:11","1175","180","27","1890","1451","276","34","1346","222","32","1175","180","27","22881","2916","386","11664","225","7691"
"395","Vladimíra Horáčková","Female","Frýdlant nad Ostravicí, Janovice, Malenovice, Pstruží, Pržno, Ostravice","Moravian-Silesian Region","CZ","F45-49","FIN","6:21:24","0:42:55","0:06:38","3:05:39","0:04:21","2:21:51","1176","181","15","2008","1194","223","21","1156","169","16","1176","181","15","22884","2575","398","11139","261","8511"
"828","Jirí Novák","Male","Nové Jirny","Central Bohemian Region","CZ","M25-29","FIN","6:21:25","0:36:32","0:08:31","3:07:03","0:05:01","2:24:18","1177","996","165","1149","614","518","75","1096","940","149","1177","996","165","22885","2192","511","11223","301","8658"
"831","Manuel Wagerer","Male","Horn","foreigner","AT","M35-39","FIN","6:21:29","0:37:55","0:07:52","3:07:52","0:04:25","2:23:25","1178","997","178","1081","764","635","123","1124","965","170","1178","997","178","22889","2275","472","11272","265","8605"
"1708","Martin Horny","Male","Michalovce","foreigner","SK","M35-39","FIN","6:21:30","0:42:41","0:08:23","3:06:11","0:04:07","2:20:08","1179","998","179","1081","1176","961","168","1176","1005","179","1179","998","179","22890","2561","503","11171","247","8408"
"1747","Marek Škoch","Male","Košice","Jihočeský kraj","CZ","M35-39","FIN","6:21:43","0:42:10","0:09:46","3:12:06","0:06:11","2:11:30","1180","999","180","1077","1134","926","162","1272","1071","194","1180","999","180","22903","2530","586","11526","371","7890"
"1660","Alberto Rodriguez","Male","Prague","Prague","ES","M35-39","FIN","6:21:55","0:38:04","0:06:54","3:04:35","0:03:37","2:28:44","1181","1000","181","1073","775","644","124","1043","899","163","1181","1000","181","22915","2284","414","11075","217","8924"
"1673","Martin Dušek","Male","Libřice","Hradec Králové Region","CZ","M45-49","FIN","6:21:58","0:38:02","0:10:41","2:59:09","0:07:44","2:26:23","1182","1001","92","1273","774","643","62","999","861","82","1182","1001","92","22918","2282","641","10749","464","8783"
"515","Vendula Kovaříková","Female","Slavičín","foreigner","CZ","F25-29","FIN","6:22:07","0:39:49","0:08:17","3:19:13","0:05:44","2:09:05","1183","182","32","1656","932","160","33","1320","213","42","1183","182","32","22927","2389","497","11953","344","7745"
"739","Patrik Veselý","Male","Hradec Králové","Hradec Králové Region","CZ","M35-39","FIN","6:22:18","0:46:34","0:07:28","3:03:22","0:04:09","2:20:45","1184","1002","182","1066","1386","1122","194","1177","1006","180","1184","1002","182","22938","2794","448","11002","249","8445"
"499","Tomáš Ekert","Male","Liberec","Liberec Region","CZ","M18-24","FIN","6:22:28","0:52:27","0:12:46","3:04:02","0:06:02","2:07:12","1185","1003","154","989","1507","1219","190","1343","1122","169","1185","1003","154","22948","3147","766","11042","362","7632"
"659","Jiří Škorpík","Male","Pardubice","Pardubice Region","CZ","M45-49","FIN","6:22:28","0:34:16","0:06:01","3:05:59","0:05:25","2:30:47","1186","1004","93","1264","402","340","38","971","839","79","1186","1004","93","22948","2056","361","11159","325","9047"
"1751","Matyáš Formánek","Male","Boskovice","South Moravian Region","CZ","M18-24","FIN","6:22:38","0:44:48","0:08:05","3:03:10","0:04:58","2:21:36","1187","1005","155","986","1326","1077","165","1169","999","144","1187","1005","155","22958","2688","485","10990","298","8496"
"1405","Jan Klinger","Male","Kamenice","Central Bohemian Region","CZ","M35-39","FIN","6:22:44","0:41:52","0:06:55","3:12:40","0:05:32","2:15:44","1188","1006","183","1058","1104","902","158","1241","1051","191","1188","1006","183","22964","2512","415","11560","332","8144"
"1111","Daniel Bečvář","Male","Prague","Prague","CZ","M25-29","FIN","6:22:48","0:42:25","0:06:36","3:15:41","0:04:44","2:13:22","1189","1007","166","1124","1155","944","145","1279","1078","170","1189","1007","166","22968","2545","396","11741","284","8002"
"1059","Jaroslaw Otocki","Male","Luboń","PL-WP","PL","M45-49","FIN","6:22:49","0:38:20","0:11:38","2:59:32","0:09:03","2:24:16","1190","1008","94","1258","799","663","66","1042","898","85","1190","1008","94","22969","2300","698","10772","543","8656"
"1030","Unensanaa Tumenjargal","Male","Znojmo","South Moravian Region","CZ","M30-34","FIN","6:22:53","0:42:08","0:07:54","3:19:11","0:05:57","2:07:44","1191","1009","150","1235","1133","925","135","1342","1121","158","1191","1009","150","22973","2528","474","11951","357","7664"
"1723","Silje Karine Hansen","Female","Skien","NO-08","NO","F25-29","FIN","6:23:06","0:40:50","0:08:21","3:17:10","0:05:45","2:10:59","1192","183","33","1639","1020","182","37","1305","207","40","1192","183","33","22986","2450","501","11830","345","7859"
"1361","Mariusz Marchel","Male","Białystok","podlaskie","PL","M45-49","FIN","6:23:14","0:50:31","0:07:12","3:17:13","0:05:14","2:03:03","1193","1010","95","1250","1484","1200","122","1402","1165","114","1193","1010","95","22994","3031","432","11833","314","7383"
"1676","Juliette Hild","Female","Sindelfingen","foreigner","DE","F18-24","FIN","6:23:21","0:40:42","0:08:22","3:08:53","0:08:47","2:16:38","1194","184","26","1951","1011","180","27","1192","177","26","1194","184","26","23001","2442","502","11333","527","8198"
"298","Pavel Frana","Male","Průhonice","Prague","CZ","M55-59","FIN","6:23:25","0:45:14","0:07:12","3:05:28","0:05:09","2:20:23","1195","1011","31","1779","1341","1084","41","1191","1015","37","1195","1011","31","23005","2714","432","11128","309","8423"
"337","Tereza Bártová","Female","Kutná Hora","Central Bohemian Region","CZ","F25-29","FIN","6:23:48","0:43:36","0:08:22","3:20:35","0:05:47","2:05:29","1196","185","34","1626","1242","232","45","1382","230","46","1196","185","34","23028","2616","502","12035","347","7529"
"893","Tamás Füsi","Male","Komárno","Nitriansky kraj ","SK","M35-39","FIN","6:23:53","0:49:44","0:09:19","3:10:28","0:05:59","2:08:24","1197","1012","184","1038","1474","1193","202","1348","1125","198","1197","1012","184","23033","2984","559","11428","359","7704"
"1230","Václav Rybář","Male","Jicín","Hradec Králové Region","CZ","M18-24","FIN","6:23:56","0:34:24","0:07:07","3:03:56","0:08:55","2:29:33","1198","1013","156","962","417","354","54","952","822","112","1198","1013","156","23036","2064","427","11036","535","8973"
"1584","Petr Elis","Male","Ústí Nad Labem","Ústí nad Labem Region","CZ","M25-29","FIN","6:24:07","0:53:54","0:08:37","3:03:38","0:06:22","2:11:36","1199","1014","167","1100","1516","1227","200","1300","1095","173","1199","1014","167","23047","3234","517","11018","382","7896"
"1661","Anna Prušová","Female","Praha 9","Prague","CZ","F30-34","FIN","6:24:07","0:41:03","0:07:49","3:18:28","0:07:05","2:09:42","1200","186","31","1677","1035","189","27","1321","214","34","1200","186","31","23047","2463","469","11908","425","7782"
"1302","Michaela Danišik","Female","Slovakia","foreigner","SK","F30-34","FIN","6:24:09","0:43:42","0:08:33","3:11:23","0:07:38","2:12:53","1201","187","32","1677","1249","234","36","1268","199","31","1201","187","32","23049","2622","513","11483","458","7973"
"1260","Martin Possolt","Male","Ceské Budejovice","South Bohemian Region","CZ","M40-44","FIN","6:24:16","0:45:48","0:09:18","3:06:03","0:06:34","2:16:32","1202","1015","116","1258","1362","1100","120","1235","1047","124","1202","1015","116","23056","2748","558","11163","394","8192"
"517","Marek Gabriel","Male","Varín","SK-ZI","SK","M35-39","FIN","6:24:18","0:45:00","0:05:38","2:54:37","0:03:34","2:35:29","1203","1016","185","1030","1332","1080","190","944","815","145","1203","1016","185","23058","2700","338","10477","214","9329"
"413","Andrej Madliak","Male","Praha 15","foreigner","SK","M50-54","FIN","6:24:19","0:42:52","0:10:07","3:08:28","0:08:00","2:14:52","1204","1017","82","1328","1189","968","86","1242","1052","91","1204","1017","82","23059","2572","607","11308","480","8092"
"1345","Jan Marek","Male","Tanvald","Liberec Region","CZ","M30-34","FIN","6:24:23","0:40:23","0:08:56","3:02:39","0:09:33","2:22:51","1205","1018","151","1208","986","812","118","1092","936","140","1205","1018","151","23063","2423","536","10959","573","8571"
"926","Lucie Lebertová","Female","Evaň","Ústí nad Labem Region","CZ","F25-29","FIN","6:24:31","0:41:52","0:11:03","3:05:45","0:07:20","2:18:32","1206","188","35","1613","1103","202","40","1203","183","35","1206","188","35","23071","2512","663","11145","440","8312"
"1301","Patrik Janecka","Male","Bratislava","Bratislava Region","SK","M55-59","FIN","6:24:52","0:43:08","0:07:16","2:53:05","0:04:39","2:36:43","1207","1019","32","1753","1213","986","37","906","788","30","1207","1019","32","23092","2588","436","10385","279","9403"
"442","Aleš Procházka","Male","Ústí Nad Labem","Ústí nad Labem Region","CZ","M18-24","FIN","6:24:55","0:45:15","0:09:04","3:24:48","0:10:43","1:55:05","1208","1020","157","945","1342","1085","167","1434","1185","178","1208","1020","157","23095","2715","544","12288","643","6905"
"1038","Vladimir Papaj","Male","Vienna","foreigner","SK","M40-44","FIN","6:24:56","0:41:51","0:08:28","2:55:45","0:05:24","2:33:27","1209","1021","117","1246","1102","901","100","966","834","106","1209","1021","117","23096","2511","508","10545","324","9207"
"1797","Laurin Haider","Male","Vienna","Vienna","AT","M18-24","FIN","6:24:59","0:45:15","0:09:01","3:10:04","0:06:06","2:14:33","1210","1022","158","944","1344","1086","168","1275","1074","158","1210","1022","158","23099","2715","541","11404","366","8073"
"1633","Joanna Górniak","Female","Styrzyniec","PL-LU","PL","F50-54","FIN","6:25:17","0:45:50","0:07:02","3:10:51","0:06:19","2:15:15","1211","189","14","2080","1363","263","21","1269","200","16","1211","189","14","23117","2750","422","11451","379","8115"
"1090","Slavomira Mitkov","Female","Šestajovice","Central Bohemian Region","SK","F40-44","FIN","6:25:34","0:42:24","0:06:34","3:14:16","0:06:43","2:15:38","1212","190","28","1814","1151","211","28","1263","198","28","1212","190","28","23134","2544","394","11656","403","8138"
"1735","Petra Kobrlová","Female","Martinice v Krkonoších","Liberec Region","CZ","F40-44","FIN","6:25:47","0:39:37","0:07:38","3:13:59","0:04:45","2:19:47","1213","191","29","1810","918","157","23","1237","189","26","1213","191","29","23147","2377","458","11639","285","8387"
"572","Štefan Križák","Male","Rožňava","foreigner","SK","M30-34","FIN","6:25:51","0:39:29","0:07:17","2:57:29","0:05:14","2:36:22","1214","1023","152","1181","909","753","107","921","798","118","1214","1023","152","23151","2369","437","10649","314","9382"
"1614","Nadezda Polakova","Female","Waidhofen an der Thaya","Lower Austria","CZ","F45-49","FIN","6:26:07","0:38:28","0:09:34","3:09:25","0:06:59","2:21:41","1215","192","16","1923","812","140","11","1179","172","17","1215","192","16","23167","2308","574","11365","419","8501"
"571","Jakub Janiga","Male","Kladno","Central Bohemian Region","CZ","M35-39","FIN","6:26:09","0:43:56","0:08:13","3:10:13","0:04:17","2:19:30","1216","1024","186","997","1270","1033","184","1251","1058","193","1216","1024","186","23169","2636","493","11413","257","8370"
"838","Petr Malý","Male","Hradec Králové","Hradec Králové Region","CZ","M45-49","FIN","6:26:12","0:41:49","0:11:58","3:12:42","0:09:30","2:10:13","1217","1025","96","1197","1098","898","90","1310","1101","105","1217","1025","96","23172","2509","718","11562","570","7813"
"600","Martin Travnik","Male","Prague","CZ-Prague","CZ","M50-54","FIN","6:26:20","0:41:50","0:07:59","3:02:30","0:08:21","2:25:40","1218","1026","83","1292","1100","899","80","1099","943","85","1218","1026","83","23180","2510","479","10950","501","8740"
"492","Lucie Jiráková","Female","Prague","Prague","CZ","F35-39","FIN","6:26:29","0:41:01","0:06:44","3:14:19","0:06:41","2:17:43","1219","193","27","1629","1032","187","24","1246","191","26","1219","193","27","23189","2461","404","11659","401","8263"
"498","Martin Dudek","Male","Třinec","Moravian-Silesian Region","CZ","M40-44","FIN","6:26:29","0:47:25","0:07:54","3:05:30","0:04:56","2:20:44","1220","1027","118","1218","1413","1144","128","1230","1043","123","1220","1027","118","23189","2845","474","11130","296","8444"
"1045","Dominik Kraut","Male","Ostrava","Moravian-Silesian Region","CZ","M35-39","FIN","6:26:58","0:47:09","0:11:11","3:00:49","0:06:52","2:20:58","1221","1028","187","982","1408","1139","196","1211","1028","184","1221","1028","187","23218","2829","671","10849","412","8458"
"375","Dalibor Marosz","Male","Bystřice","Moravian-Silesian Region","CZ","M25-29","FIN","6:26:58","0:44:07","0:07:03","3:02:47","0:04:12","2:28:50","1222","1029","168","1049","1281","1040","160","1131","970","156","1222","1029","168","23218","2647","423","10967","252","8930"
"1662","Petr Kříbala","Male","Chýně","Central Bohemian Region","CZ","M45-49","FIN","6:27:01","0:43:07","0:06:48","3:21:33","0:05:28","2:10:04","1223","1030","97","1182","1212","985","95","1372","1145","111","1223","1030","97","23221","2587","408","12093","328","7804"
"1109","Karel Hyjánek","Male","Zlín","South Moravian Region","CZ","M55-59","FIN","6:27:01","0:44:15","0:09:28","3:04:06","0:03:59","2:25:13","1224","1031","33","1714","1289","1048","39","1187","1013","36","1224","1031","33","23221","2655","568","11046","239","8713"
"1281","Eliska Vrabcova","Female","Hradec Králové","Hradec Králové Region","CZ","F25-29","FIN","6:27:01","0:38:05","0:08:10","3:03:26","0:07:46","2:29:33","1225","194","36","1568","777","132","27","1045","146","25","1225","194","36","23221","2285","490","11006","466","8973"
"1268","Eliška Tarkotová","Female","Ostrava ","Czech Republic","CZ","F18-24","FIN","6:27:09","0:48:48","0:05:32","3:13:54","0:06:03","2:12:52","1226","195","27","1883","1457","279","41","1332","219","29","1226","195","27","23229","2928","332","11634","363","7972"
"1391","Zuzana Pánková","Female","Hradec Králové","Hradec Králové Region","CZ","F30-34","FIN","6:27:09","0:43:25","0:08:36","3:14:28","0:08:39","2:12:01","1227","196","33","1623","1229","229","34","1309","209","33","1227","196","33","23229","2605","516","11668","519","7921"
"435","Richard Hulman","Male","Trenčianska Teplá","Trencín Region","SK","M25-29","FIN","6:27:10","0:33:21","0:06:14","3:12:05","0:05:29","2:30:01","1228","1032","169","1046","334","280","36","1088","932","147","1228","1032","169","23230","2001","374","11525","329","9001"
"954","Karolína Tůmová","Female","Jindřichův Hradec","Jihočeský kraj","CZ","F18-24","FIN","6:27:48","0:41:28","0:09:04","3:02:53","0:08:11","2:26:12","1229","197","28","1871","1062","194","29","1120","159","23","1229","197","28","23268","2488","544","10973","491","8772"
"1678","Karl Salzberger","Male","Regensburg","","DE","M65-69","FIN","6:27:50","0:45:05","0:10:34","3:01:06","0:05:44","2:25:21","1230","1033","5","2464","1338","1083","7","1174","1003","7","1230","1033","5","23270","2705","634","10866","344","8721"
"299","Kryštof Urban","Male","Prague","Prague","CZ","M18-24","FIN","6:27:51","0:43:27","0:07:59","3:15:22","0:04:58","2:16:04","1231","1034","159","892","1231","1002","157","1313","1103","165","1231","1034","159","23271","2607","479","11722","298","8164"
"1603","Paolo Mussotto","Male","torino","IT-TO","IT","M60-64","FIN","6:27:59","0:44:50","0:10:20","2:56:16","0:05:58","2:30:35","1232","1035","13","2169","1328","1078","16","1082","928","13","1232","1035","13","23279","2690","620","10576","358","9035"
"1671","Marian Mihok","Male","Bratislava","foreigner","SK","M45-49","FIN","6:28:02","0:47:54","0:11:36","3:00:44","0:06:53","2:20:55","1233","1036","98","1164","1434","1161","112","1224","1038","99","1233","1036","98","23282","2874","696","10844","413","8455"
"1122","Martin Barák","Male","Bučovice","South Moravian Region","CZ","M45-49","FIN","6:28:15","0:43:04","0:09:21","3:06:42","0:05:19","2:23:50","1234","1037","99","1160","1203","979","94","1210","1027","97","1234","1037","99","23295","2584","561","11202","319","8630"
"1007","Jakub Hypša","Male","","Central Bohemian Region","CZ","M25-29","FIN","6:28:18","0:34:21","0:05:43","3:14:20","0:07:09","2:26:45","1235","1038","170","1025","412","350","48","1139","976","157","1235","1038","170","23298","2061","343","11660","429","8805"
"992","Adam Pazderka","Male","Prague","Prague","CZ","M25-29","FIN","6:28:19","0:41:17","0:08:22","3:09:01","0:03:37","2:26:02","1236","1039","171","1025","1050","858","128","1204","1021","163","1236","1039","171","23299","2477","502","11341","217","8762"
"853","Pavel Skála","Male","Dolní Bousov","Central Bohemian Region","CZ","M18-24","FIN","6:28:22","0:49:00","0:10:38","3:15:56","0:10:56","2:01:52","1237","1040","160","883","1464","1184","181","1407","1167","176","1237","1040","160","23302","2940","638","11756","656","7312"
"1516","David Giger","Male","","foreigner","CH","M35-39","FIN","6:28:31","0:39:30","0:08:12","3:10:21","0:07:00","2:23:28","1238","1041","188","954","910","754","135","1194","1017","181","1238","1041","188","23311","2370","492","11421","420","8608"
"1573","Tomáš Hála","Male","Slavkov u Brna","JIHOMORAVSKY KRAJ","CZ","M18-24","FIN","6:28:34","0:37:47","0:07:47","3:11:54","0:05:29","2:25:37","1239","1042","161","879","748","625","92","1180","1008","145","1239","1042","161","23314","2267","467","11514","329","8737"
"259","Michal Mikyska","Male","Jablonné nad Orlicí","Pardubice Region","CZ","M50-54","FIN","6:28:37","0:38:31","0:05:28","3:08:45","0:04:10","2:31:43","1240","1043","84","1250","821","680","63","1104","947","86","1240","1043","84","23317","2311","328","11325","250","9103"
"1342","Lukáš Vyšehrad","Male","Hradec Králové","Hradec Králové Region","CZ","M30-34","FIN","6:28:49","0:40:04","0:08:47","2:58:26","0:08:05","2:33:29","1241","1044","153","1128","953","789","113","988","852","128","1241","1044","153","23329","2404","527","10706","485","9209"
"880","Dana Hyláková","Female","Vyškov","South Moravian Region","CZ","F65-69","FIN","6:29:09","0:37:44","0:06:48","3:13:33","0:04:43","2:26:20","1242","198","1","3500","744","122","1","1195","178","1","1242","198","1","23349","2264","408","11613","283","8780"
"1757","Martin Meluzín","Male","Brno","CZ-642","CZ","M30-34","FIN","6:29:23","0:41:33","0:07:18","3:23:49","0:06:39","2:10:05","1243","1045","154","1118","1071","874","128","1385","1154","165","1243","1045","154","23363","2493","438","12229","399","7805"
"372","Zdeněk Houser","Male","Ivančice","South Moravian Region","CZ","M25-29","FIN","6:29:24","0:41:36","0:08:54","3:15:47","0:06:42","2:16:26","1244","1046","172","1005","1075","878","135","1303","1098","174","1244","1046","172","23364","2496","534","11747","402","8186"
"1247","Torsten Pflister","Male","Jahnsdorf","DE-SN","DE","M65-69","FIN","6:29:25","0:41:38","0:07:01","3:03:19","0:05:35","2:31:52","1245","1047","6","2435","1081","884","5","1091","935","5","1245","1047","6","23365","2498","421","10999","335","9112"
"1101","Jan Novák","Male","Sosnová","Liberec Region","CZ","M18-24","FIN","6:29:28","0:42:32","0:10:26","3:15:27","0:03:40","2:17:23","1246","1048","162","863","1160","949","143","1335","1115","168","1246","1048","162","23368","2552","626","11727","220","8243"
"1294","Ladislav Mazac","Male","Jihlava","","CZ","M40-44","FIN","6:29:31","0:35:38","0:07:49","3:07:10","0:08:17","2:30:38","1247","1049","119","1164","540","461","50","1067","916","111","1247","1049","119","23371","2138","469","11230","497","9038"
"251","Michal Tomšů","Male","Žirovnice","CZ-Vysočina Region","CZ","M25-29","FIN","6:29:56","0:56:02","0:06:41","2:52:38","0:04:03","2:30:32","1248","1050","173","996","1530","1234","202","1158","989","159","1248","1050","173","23396","3362","401","10358","243","9032"
"871","Mikuláš Zboril","Male","Praha 11","Prague","CZ","M25-29","FIN","6:30:28","0:44:48","0:06:16","3:18:32","0:03:48","2:17:04","1249","1051","174","986","1325","1076","170","1350","1127","181","1249","1051","174","23428","2688","376","11912","228","8224"
"564","Radek Šikola","Male","Prague","Prague","CZ","M40-44","FIN","6:30:29","0:48:49","0:09:01","3:02:54","0:06:02","2:23:43","1250","1052","120","1146","1458","1179","133","1229","1042","122","1250","1052","120","23429","2929","541","10974","362","8623"
"344","Ladislav Podlaha","Male","Březina","South Moravian Region","CZ","M35-39","FIN","6:30:31","0:45:29","0:09:23","3:03:22","0:06:07","2:26:10","1251","1053","189","918","1353","1092","191","1198","1020","182","1251","1053","189","23431","2729","563","11002","367","8770"
"841","Lucie Šeredová","Female","Praha","Prague","CZ","F25-29","FIN","6:30:33","0:42:01","0:06:59","3:17:56","0:06:31","2:17:05","1252","199","37","1505","1116","206","41","1317","212","41","1252","199","37","23433","2521","419","11876","391","8225"
"1319","Eva Krejcírová","Female","Praha 4","Prague","CZ","F45-49","FIN","6:30:34","0:37:51","0:09:26","3:07:45","0:04:58","2:30:33","1253","200","17","1843","758","128","9","1150","167","15","1253","200","17","23434","2271","566","11265","298","9033"
"429","Štěpán Markov","Male","Javornice, Slatina nad Zdobnicí","Hradec Králové Region","CZ","M18-24","FIN","6:30:42","0:37:20","0:07:02","3:10:40","0:05:46","2:29:55","1254","1054","163","841","706","594","86","1149","983","141","1254","1054","163","23442","2240","422","11440","346","8995"
"939","Jakub Minich","Male","Kanianka","Slovensko","SK","M35-39","FIN","6:30:47","0:53:40","0:08:26","3:07:29","0:06:06","2:15:06","1255","1055","190","914","1514","1225","207","1349","1126","199","1255","1055","190","23447","3220","506","11249","366","8106"
"1813","jan stepanovsky","","Prague","Prague","CZ","M30-34","FIN","6:30:52","0:39:46","0:09:41","3:13:42","0:07:03","2:20:39","1256","1056","155","1091","930","771","109","1262","1065","152","1256","1056","155","23452","2386","581","11622","423","8439"
"823","Honza Uher","Male","San Diego","US-CA","CZ","M60-64","FIN","6:31:02","0:41:57","0:08:07","3:14:47","0:04:43","2:21:29","1257","1057","14","2114","1110","906","14","1282","1081","14","1257","1057","14","23462","2517","487","11687","283","8489"
"1740","Dušan Petren","Male","Prague","Prague","SK","M25-29","FIN","6:31:18","0:43:05","0:07:17","3:17:37","0:06:42","2:16:36","1258","1058","175","971","1208","982","151","1327","1111","176","1258","1058","175","23478","2585","437","11857","402","8196"
"1701","Filip Lukáč","Male","Košice","Košický kraj","SK","M30-34","FIN","6:31:19","0:42:07","0:07:43","2:56:47","0:05:44","2:38:57","1259","1059","156","1083","1130","922","133","979","844","126","1259","1059","156","23479","2527","463","10607","344","9537"
"1241","Heather Eaton","Female","Kings Langley","Hertfordshire","GB","F40-44","FIN","6:31:45","0:44:50","0:10:57","3:10:37","0:06:06","2:19:16","1260","201","30","1703","1327","250","32","1306","208","30","1260","201","30","23505","2690","657","11437","366","8356"
"1350","Viktorie Pospíšilová","Female","Praha 8","Prague","CZ","F25-29","FIN","6:31:51","0:42:34","0:08:12","3:14:23","0:07:39","2:19:03","1261","202","38","1481","1164","213","42","1285","202","38","1261","202","38","23511","2554","492","11663","459","8343"
"1278","Daniel Schwarz","Male","Rousinov","Southmoravian region","CZ","M45-49","FIN","6:31:56","0:36:28","0:10:41","3:14:01","0:05:56","2:24:50","1262","1060","100","1094","608","512","51","1236","1048","100","1262","1060","100","23516","2188","641","11641","356","8690"
"1682","Petr Kulíšek","Male","Vyškov","South Moravian Region","CZ","M45-49","FIN","6:31:59","0:44:19","0:11:05","3:14:56","0:07:31","2:14:08","1263","1061","101","1093","1295","1052","98","1357","1134","109","1263","1061","101","23519","2659","665","11696","451","8048"
"1034","Leonhard Müllner","Male","Großweikersdorf","AT-3","AT","M18-24","FIN","6:32:01","0:42:07","0:10:43","2:48:45","0:08:00","2:42:27","1264","1062","164","817","1128","920","140","853","744","102","1264","1062","164","23521","2527","643","10125","480","9747"
"775","Dagmar Tučková","Female","Orlické Záhoří","Hradec Králové Region","CZ","F40-44","FIN","6:32:18","0:31:52","0:06:45","3:36:21","0:03:54","2:13:26","1265","203","31","1693","230","40","4","1404","239","34","1265","203","31","23538","1912","405","12981","234","8006"
"641","Miroslav Markov","Male","Javornice","Hradec Králové Region","CZ","M18-24","FIN","6:32:24","0:50:44","0:05:56","2:56:28","0:06:41","2:32:36","1266","1063","165","810","1487","1203","187","1117","959","137","1266","1063","165","23544","3044","356","10588","401","9156"
"1448","Daniel Brožek","Male","Horní Dunajovice","South Moravian Region","CZ","M18-24","FIN","6:32:29","0:55:25","0:07:43","3:03:16","0:04:54","2:21:10","1267","1064","166","809","1527","1233","193","1307","1099","164","1267","1064","166","23549","3325","463","10996","294","8470"
"526","Petr Jánský","Male","Hradec Králové","Hradec Králové Region","CZ","M25-29","FIN","6:32:29","0:47:31","0:07:23","3:16:59","0:06:28","2:14:09","1268","1065","176","950","1421","1151","184","1378","1150","184","1268","1065","176","23549","2851","443","11819","388","8049"
"1006","Tobiáš Budina","Male","Paršovice","Olomouc Region","CZ","M18-24","FIN","6:32:30","0:33:11","0:22:10","2:56:39","0:06:50","2:33:41","1269","1066","167","808","320","269","44","1094","938","133","1269","1066","167","23550","1991","1330","10599","410","9221"
"1749","Natálie Houšková","Female","Český Těšín","CZ-80","CZ","F18-24","FIN","6:32:42","0:45:02","0:09:14","3:26:35","0:05:24","2:06:27","1270","204","29","1783","1336","255","38","1444","254","36","1270","204","29","23562","2702","554","12395","324","7587"
"1431","Neel Ashar","Male","Mumbai","MAHARASHTRA","IN","M45-49","FIN","6:32:46","0:47:21","0:10:52","3:24:57","0:09:31","2:00:04","1271","1067","102","1079","1411","1142","110","1459","1199","118","1271","1067","102","23566","2841","652","12297","571","7204"
"943","Tomas Koska","Male","Praha 4","CZ-104","CZ","M50-54","FIN","6:32:58","0:38:44","0:08:51","3:00:44","0:06:08","2:38:32","1272","1068","85","1172","839","696","65","1015","874","81","1272","1068","85","23578","2324","531","10844","368","9512"
"503","Pavel Zima","Male","Ohnišov","Hradec Králové Region","CZ","M55-59","FIN","6:33:03","0:58:08","0:06:20","2:56:25","0:05:19","2:26:51","1273","1069","34","1605","1537","1239","45","1232","1044","39","1273","1069","34","23583","3488","380","10585","319","8811"
"1131","Jaroslav Urban","Male","Čeradice","Ústí nad Labem Region","CZ","M50-54","FIN","6:33:13","0:32:33","0:05:46","2:58:08","0:04:53","2:51:52","1274","1070","86","1168","278","231","22","721","639","62","1274","1070","86","23593","1953","346","10688","293","10312"
"1558","Zuzana Hrnciarova","Female","Miloslavov","foreigner","SK","F35-39","FIN","6:33:16","0:42:47","0:07:08","3:18:53","0:06:51","2:17:37","1275","205","28","1507","1184","219","28","1338","221","30","1275","205","28","23596","2567","428","11933","411","8257"
"1596","Oliver Novák","Male","Pardubice","Pardubice Region","CZ","M18-24","FIN","6:33:17","0:43:20","0:05:40","3:15:25","0:03:26","2:25:26","1276","1071","168","794","1222","994","155","1276","1075","159","1276","1071","168","23597","2600","340","11725","206","8726"
"1048","Viktor Novák","Male","Pardubice","Pardubice Region","CZ","M50-54","FIN","6:33:17","0:38:23","0:10:25","3:15:44","0:03:48","2:24:57","1277","1072","87","1166","805","668","59","1277","1076","92","1277","1072","87","23597","2303","625","11744","228","8697"
"1434","Alina Malinina","Female","Harju","foreigner","EE","F40-44","FIN","6:33:26","0:41:11","0:07:01","3:15:37","0:08:13","2:21:23","1278","206","32","1672","1042","192","25","1270","201","29","1278","206","32","23606","2471","421","11737","493","8483"
"630","Joseph Dodds","Male","Prague","Prague","GB","M45-49","FIN","6:33:41","0:48:02","0:07:53","3:22:30","0:06:30","2:08:46","1279","1073","103","1062","1437","1163","114","1431","1183","116","1279","1073","103","23621","2882","473","12150","390","7726"
"275","Michaela Klepetková","Female","Prague","Prague","CZ","F30-34","FIN","6:33:49","0:47:59","0:08:00","3:30:33","0:06:41","2:00:37","1280","207","34","1503","1435","274","48","1476","265","43","1280","207","34","23629","2879","480","12633","401","7237"
"1035","Michael Bichler","Male","Eggenburg","AT-3","AT","M18-24","FIN","6:33:51","0:41:29","0:07:42","3:00:53","0:04:51","2:38:56","1281","1074","169","784","1063","869","130","1057","910","124","1281","1074","169","23631","2489","462","10853","291","9536"
"270","Dalibor Bielas","Male","Samopše","Central Bohemian Region","CZ","M35-39","FIN","6:33:51","0:37:33","0:09:51","3:07:44","0:05:46","2:32:57","1282","1075","191","858","726","608","117","1152","985","175","1282","1075","191","23631","2253","591","11264","346","9177"
"713","Aneta Dragančíková","Female","Krnov","CZ-801","CZ","F18-24","FIN","6:33:57","0:43:58","0:05:35","3:08:46","0:07:08","2:28:30","1283","208","30","1760","1272","238","37","1199","179","27","1283","208","30","23637","2638","335","11326","428","8910"
"1652","Roman Furo","Male","Prievidza","foreigner","SK","M30-34","FIN","6:33:57","0:45:57","0:08:22","3:24:20","0:05:52","2:09:26","1284","1076","157","1035","1368","1105","166","1432","1184","173","1284","1076","157","23637","2757","502","12260","352","7766"
"494","Eva Jetelová","Female","Slavkov u Brna","South Moravian Region","CZ","F40-44","FIN","6:34:03","0:44:25","0:07:25","3:06:40","0:06:12","2:29:22","1285","209","33","1661","1304","247","31","1201","181","25","1285","209","33","23643","2665","445","11200","372","8962"
"534","Daniel Pospíšil","Male","Předměřice nad Labem","Hradec Králové Region","CZ","M45-49","FIN","6:34:14","0:41:25","0:08:41","3:00:10","0:07:11","2:36:48","1286","1077","104","1052","1058","865","88","1060","913","86","1286","1077","104","23654","2485","521","10810","431","9408"
"1414","William Huřťák","Male","Praha","Hlavni Mesto Praha","CZ","M40-44","FIN","6:34:38","0:42:24","0:07:18","3:17:40","0:05:34","2:21:41","1287","1078","121","1072","1154","943","105","1322","1108","131","1287","1078","121","23678","2544","438","11860","334","8501"
"757","Matous Mrazek","Male","Prague","Prague","CZ","M30-34","FIN","6:34:45","0:39:51","0:06:27","3:18:37","0:07:48","2:22:01","1288","1079","158","1021","938","777","110","1283","1082","153","1288","1079","158","23685","2391","387","11917","468","8521"
"802","Miroslav Cermák","Male","Džbánov","Pardubice Region","CZ","M45-49","FIN","6:35:07","0:38:20","0:08:28","3:10:14","0:05:00","2:33:06","1289","1080","105","1036","798","662","65","1175","1004","95","1289","1080","105","23707","2300","508","11414","300","9186"
"957","Tomáš Urban","Male","Ústí Nad Labem","Ústí nad Labem Region","CZ","M25-29","FIN","6:35:11","0:31:51","0:06:48","3:20:36","0:04:24","2:31:32","1290","1081","177","901","226","188","23","1213","1030","165","1290","1081","177","23711","1911","408","12036","264","9092"
"781","Kamil Suchan","Male","Hradec Králové","Hradec Králové Region","CZ","M55-59","FIN","6:35:15","0:45:04","0:08:49","3:00:15","0:06:47","2:34:21","1291","1082","35","1566","1337","1082","40","1134","972","32","1291","1082","35","23715","2704","529","10815","407","9261"
"1783","Lukáš Burdych","Male","Rasošky","Hradec Králové Region","CZ","M40-44","FIN","6:35:48","0:41:26","0:12:01","2:52:13","0:15:47","2:34:21","1292","1083","122","1051","1059","866","94","957","826","105","1292","1083","122","23748","2486","721","10333","947","9261"
"520","Kristýna Nestarcová","Female","Prague","Prague","CZ","F30-34","FIN","6:35:55","0:47:36","0:06:07","3:21:13","0:07:16","2:13:43","1293","210","35","1465","1426","271","47","1403","238","39","1293","210","35","23755","2856","367","12073","436","8023"
"518","Eliška Kölblová","Female","Pelhřimov","Vysočina Region","CZ","F18-24","FIN","6:35:56","0:40:48","0:08:27","3:11:10","0:05:40","2:29:50","1294","211","31","1725","1016","181","28","1226","187","28","1294","211","31","23756","2448","507","11470","340","8990"
"491","Aleš Trs","Male","Vrábče","Jihočeský kraj","CZ","M40-44","FIN","6:35:56","0:31:17","0:06:46","3:01:12","0:07:03","2:49:38","1295","1084","123","1048","195","165","16","794","691","88","1295","1084","123","23756","1877","406","10872","423","10178"
"646","Lukas Nestarec","Male","Praha","Prague","CZ","M40-44","FIN","6:36:05","0:51:01","0:08:10","3:15:49","0:07:21","2:13:43","1296","1085","124","1046","1494","1210","134","1405","1166","134","1296","1085","124","23765","3061","490","11749","441","8023"
"697","Rolf De Lange","Male","Amersfoort","NL-UT","NL","M25-29","FIN","6:36:13","0:36:50","0:09:41","2:53:33","0:05:42","2:50:27","1297","1086","178","883","655","554","81","819","713","108","1297","1086","178","23773","2210","581","10413","342","10227"
"1635","Gabriel Novák","Male","Bardejov","Slovakia","SK","M25-29","FIN","6:36:14","0:48:42","0:08:55","3:16:46","0:06:39","2:15:12","1298","1087","179","882","1454","1177","188","1400","1163","187","1298","1087","179","23774","2922","535","11806","399","8112"
"688","Radek Štěrba","Male","Opatovice nad Labem","Pardubice Region","CZ","M50-54","FIN","6:36:39","0:43:49","0:06:47","2:57:13","0:05:50","2:43:00","1299","1088","88","1106","1258","1023","89","998","860","78","1299","1088","88","23799","2629","407","10633","350","9780"
"1451","Jan Pravec","Male","Olomouc","Olomoucký kraj","CZ","M18-24","FIN","6:36:46","0:38:32","0:07:28","3:16:06","0:07:03","2:27:36","1300","1089","170","731","822","681","101","1248","1056","152","1300","1089","170","23806","2312","448","11766","423","8856"
"947","Roland Patzina","Male","Kempten","BY","DE","M60-64","FIN","6:36:48","0:34:39","0:08:44","3:22:47","0:06:04","2:24:33","1301","1090","15","2011","440","375","6","1301","1096","16","1301","1090","15","23808","2079","524","12167","364","8673"
"750","Nina Simona Pape","Female","Frankfurt am Main","DE-HE","DE","F25-29","FIN","6:36:58","0:45:02","0:06:25","3:06:25","0:04:03","2:35:03","1302","212","39","1389","1334","253","51","1189","176","33","1302","212","39","23818","2702","385","11185","243","9303"
"1721","Thomas Dreher","Male","Vogtsburg im Kaiserstuhl","foreigner","DE","M65-69","FIN","6:37:17","0:37:13","0:08:53","3:00:49","0:07:07","2:43:16","1303","1091","7","2294","696","586","2","982","846","4","1303","1091","7","23837","2233","533","10849","427","9796"
"1236","Jirí Hojgr","Male","Hradec Králové","Hradec Králové Region","CZ","M50-54","FIN","6:37:18","0:40:33","0:09:26","3:08:02","0:05:13","2:34:03","1304","1092","89","1094","1000","822","75","1193","1016","87","1304","1092","89","23838","2433","566","11282","313","9243"
"1426","Johana Lukesova","Female","Roztoky","Central Bohemian Region","CZ","F25-29","FIN","6:37:24","0:36:57","0:11:21","3:23:05","0:09:27","2:16:35","1305","213","40","1381","664","103","17","1371","227","45","1305","213","40","23844","2217","681","12185","567","8195"
"1365","Michaela Součková","Female","Pardubice","Pardubice Region","CZ","F35-39","FIN","6:37:30","0:41:32","0:07:58","3:17:09","0:06:59","2:23:53","1306","214","29","1431","1069","196","26","1312","210","29","1306","214","29","23850","2492","478","11829","419","8633"
"890","Dmytro Prokopenko","Male","Prague","Prague","UA","M40-44","FIN","6:37:40","0:42:23","0:09:07","3:14:55","0:06:31","2:24:44","1307","1093","125","1017","1148","939","104","1308","1100","130","1307","1093","125","23860","2543","547","11695","391","8684"
"850","Bartosz Truszkiewicz","Male","Oława","dolnośląskie","PL","M45-49","FIN","6:37:47","0:46:14","0:07:48","3:11:28","0:05:15","2:27:01","1308","1094","106","988","1377","1114","107","1291","1087","104","1308","1094","106","23867","2774","468","11488","315","8821"
"687","Miroslav Dekar","Male","Bubovice","Central Bohemian Region","CZ","M50-54","FIN","6:37:54","0:47:37","0:10:13","3:09:41","0:11:16","2:19:07","1309","1095","90","1083","1428","1157","100","1323","1109","94","1309","1095","90","23874","2857","613","11381","676","8347"
"1113","Scott McMaster","Male","Troon","GB-SCT","GB","M40-44","FIN","6:38:06","0:43:55","0:08:12","3:05:42","0:05:59","2:34:19","1310","1096","126","1009","1265","1029","115","1186","1012","119","1310","1096","126","23886","2635","492","11142","359","9259"
"912","Denis Kossuth","Male","Bratislava","foreigner","SK","M30-34","FIN","6:38:07","0:38:57","0:09:49","3:24:33","0:09:19","2:15:29","1311","1097","159","960","863","715","102","1395","1160","169","1311","1097","159","23887","2337","589","12273","559","8129"
"1565","Sunint Khurana","Male","Gurugram","Haryana","IN","M30-34","FIN","6:38:12","0:44:42","0:09:31","3:18:37","0:06:05","2:19:18","1312","1098","160","959","1322","1073","161","1388","1157","166","1312","1098","160","23892","2682","571","11917","365","8358"
"840","Martin Hostinský","Male","Brno","South Moravian Region","CZ","M35-39","FIN","6:38:15","0:34:05","0:06:15","3:02:33","0:05:11","2:50:12","1313","1099","192","779","391","330","56","887","771","136","1313","1099","192","23895","2045","375","10953","311","10212"
"1419","Christian Ribbecke","Male","München","DE-BY","DE","M45-49","FIN","6:38:27","0:48:42","0:08:45","2:54:32","0:09:56","2:36:32","1314","1100","107","976","1453","1176","118","1093","937","88","1314","1100","107","23907","2922","525","10472","596","9392"
"817","Tomáš Kopecký","Male","Rybník","USTI NAD ORLICI","CZ","M35-39","FIN","6:38:30","0:42:49","0:09:24","3:13:41","0:06:14","2:26:23","1315","1101","193","775","1186","966","169","1297","1092","197","1315","1101","193","23910","2569","564","11621","374","8783"
"852","Martina Jetmarová","Female","Praha 5","Prague","CZ","F50-54","FIN","6:38:31","0:41:33","0:07:29","3:16:44","0:07:38","2:25:09","1316","215","15","1842","1070","197","16","1294","205","17","1316","215","15","23911","2493","449","11804","458","8709"
"1825","Brian Walker","Male","Nová Paka","Hradec Králové Region","CZ","M35-39","FIN","6:38:40","0:45:44","0:07:18","2:53:32","0:05:48","2:46:17","1317","1102","194","772","1359","1098","192","977","843","150","1317","1102","194","23920","2744","438","10412","348","9977"
"363","Martin Masarik","Male","Třinec","Moravian-Silesian Region","CZ","M30-34","FIN","6:38:41","0:45:32","0:09:07","3:16:11","0:06:54","2:20:56","1318","1103","161","950","1355","1094","165","1363","1139","161","1318","1103","161","23921","2732","547","11771","414","8456"
"654","Jakub Kocián","Male","Uhříněves","Prague","CZ","M35-39","FIN","6:38:46","0:43:14","0:07:07","3:25:54","0:07:20","2:15:11","1319","1104","195","770","1218","990","172","1414","1171","204","1319","1104","195","23926","2594","427","12354","440","8111"
"1774","Jakub Sokolik","","Srubec","Jihočeský kraj","CZ","M40-44","FIN","6:38:51","0:47:30","0:13:22","3:01:57","0:11:39","2:24:22","1320","1105","127","996","1420","1150","130","1259","1064","126","1320","1105","127","23931","2850","802","10917","699","8662"
"1248","Jakub Kostka","Male","Zvolen","foreigner","SK","M18-24","FIN","6:39:14","0:46:45","0:06:35","3:12:16","0:05:05","2:28:32","1321","1106","171","700","1398","1130","171","1292","1088","161","1321","1106","171","23954","2805","395","11536","305","8912"
"1243","Ingo Walter","Male","München","","DE","M45-49","FIN","6:39:28","0:38:54","0:09:30","3:19:11","0:06:49","2:25:03","1322","1107","108","958","857","710","71","1324","1110","106","1322","1107","108","23968","2334","570","11951","409","8703"
"962","Michal Korsa","Male","","South Bohemian Region","CZ","M25-29","FIN","6:39:41","0:34:56","0:07:27","3:09:10","0:07:45","2:40:24","1323","1108","180","820","463","393","54","1086","931","146","1323","1108","180","23981","2096","447","11350","465","9624"
"1759","Martin Vlček","Male","Velká Jesenice","Hradec Králové Region","CZ","M40-44","FIN","6:39:43","0:44:14","0:07:19","3:01:22","0:05:17","2:41:31","1324","1109","128","980","1287","1046","117","1111","954","114","1324","1109","128","23983","2654","439","10882","317","9691"
"1018","Lenka Balková","Female","Campbell","Hradec Králové Region","CZ","F45-49","FIN","6:40:19","0:49:58","0:08:30","3:14:29","0:07:29","2:19:52","1325","216","18","1667","1476","282","24","1392","234","19","1325","216","18","24019","2998","510","11669","449","8392"
"277","Patrik Martinát","Male","Bolatice","Moravian-Silesian Region","CZ","M25-29","FIN","6:40:19","0:42:04","0:08:32","3:17:37","0:06:22","2:25:45","1326","1110","181","809","1122","914","143","1331","1113","177","1326","1110","181","24019","2524","512","11857","382","8745"
"1605","Alexander Stoessl","Male","Vienna","foreigner","AT","M50-54","FIN","6:40:22","0:39:36","0:11:41","3:25:45","0:07:04","2:16:16","1327","1111","91","1039","917","761","71","1421","1178","100","1327","1111","91","24022","2376","701","12345","424","8176"
"444","Filip Farský","Male","Kramolna","Hradec Králové Region","CZ","M40-44","FIN","6:40:24","0:53:57","0:07:43","3:01:39","0:05:17","2:31:48","1328","1112","129","968","1517","1228","136","1264","1066","127","1328","1112","129","24024","3237","463","10899","317","9108"
"719","Lukáš Chytílek","Male","Otrokovice","South Moravian Region","CZ","M30-34","FIN","6:40:31","0:43:46","0:12:35","3:25:02","0:08:03","2:11:06","1329","1113","162","917","1253","1019","153","1449","1194","175","1329","1113","162","24031","2626","755","12302","483","7866"
"1084","Václav Hálek","Male","Praha","Prague","CZ","M18-24","FIN","6:40:31","0:37:57","0:07:28","3:03:50","0:07:38","2:43:38","1330","1114","172","700","767","638","95","1036","892","120","1330","1114","172","24031","2277","448","11030","458","9818"
"1079","Imre Nimród","Male","Fehérvárcsurgó","HU-FE","HU","M30-34","FIN","6:40:48","0:49:42","0:09:02","3:14:11","0:06:24","2:21:29","1331","1115","163","912","1472","1191","176","1391","1158","167","1331","1115","163","24048","2982","542","11651","384","8489"
"482","Matej Micek","Male","Karviná","CZ-803","CZ","M25-29","FIN","6:41:21","0:58:28","0:10:40","3:10:14","0:07:26","2:14:32","1332","1116","182","790","1539","1241","206","1435","1186","192","1332","1116","182","24081","3508","640","11414","446","8072"
"456","Pavel Spacek","Male","Trencianska Tepla","SK-TC","SK","M55-59","FIN","6:41:27","0:47:11","0:08:38","2:57:49","0:07:06","2:40:43","1333","1117","36","1454","1409","1140","42","1123","964","31","1333","1117","36","24087","2831","518","10669","426","9643"
"1076","Anna Stejskalová","Female","Liberec","Liberec Region","CZ","F18-24","FIN","6:41:29","0:39:12","0:09:36","3:40:22","0:05:26","2:06:52","1334","217","32","1625","884","152","24","1487","271","40","1334","217","32","24089","2352","576","13222","326","7612"
"790","Lubomir Kiesel","Male","Lužianky","foreigner","SK","M45-49","FIN","6:41:39","0:42:41","0:12:56","3:14:10","0:08:26","2:23:27","1335","1118","109","919","1175","960","91","1354","1131","108","1335","1118","109","24099","2561","776","11650","506","8607"
"1728","Eliška Hujerová","Female","Jablonec nad Nisou","Liberec Region","CZ","F25-29","FIN","6:41:56","0:42:40","0:08:30","3:08:39","0:05:16","2:36:52","1336","218","41","1300","1174","215","43","1216","185","36","1336","218","41","24116","2560","510","11319","316","9412"
"347","Richard Wenzel","Male","Děčín","CZ-Ústí nad Labem Region","CZ","M45-49","FIN","6:42:14","0:39:19","0:06:42","3:13:08","0:05:06","2:37:59","1337","1119","110","908","895","741","75","1212","1029","98","1337","1119","110","24134","2359","402","11588","306","9479"
"238","David Pluhař","Male","Nový Bydžov","Hradec Králové Region","CZ","M25-29","FIN","6:42:17","0:46:14","0:09:22","3:28:41","0:07:20","2:10:41","1338","1120","183","773","1376","1113","178","1465","1204","197","1338","1120","183","24137","2774","562","12521","440","7841"
"1134","Christian Schaupp","Male","Inzersdorf im Kremstal","AT-AT-foreigner","AT","M35-39","FIN","6:42:44","0:41:08","0:08:45","3:09:58","0:04:40","2:38:13","1339","1121","196","700","1039","849","150","1218","1033","185","1339","1121","196","24164","2468","525","11398","280","9493"
"282","Barbora Vanková","Female","Františkovy Lázně","Karlovy Vary Region","CZ","F25-29","FIN","6:42:49","0:54:41","0:08:55","3:21:30","0:05:11","2:12:32","1340","219","42","1284","1521","291","61","1470","262","55","1340","219","42","24169","3281","535","12090","311","7952"
"557","Petr Roudný","Male","Pardubice","Pardubice Region","CZ","M30-34","FIN","6:43:48","0:48:23","0:08:30","3:20:16","0:05:45","2:20:54","1341","1122","164","858","1446","1172","173","1425","1180","172","1341","1122","164","24228","2903","510","12016","345","8454"
"1123","Maeve Bates","Female","Linz","foreigner","AT","F18-24","FIN","6:43:54","0:51:06","0:07:41","3:18:15","0:07:01","2:19:51","1342","220","33","1581","1497","286","42","1422","244","33","1342","220","33","24234","3066","461","11895","421","8391"
"220","Jan Bárta","Male","Prague","Prague","CZ","M25-29","FIN","6:43:55","0:54:17","0:07:42","3:17:47","0:05:21","2:18:47","1343","1123","184","744","1520","1230","201","1438","1188","193","1343","1123","184","24235","3257","462","11867","321","8327"
"1347","Robert Vida","Male","Strekov","foreigner","SK","M50-54","FIN","6:43:55","0:44:15","0:12:51","3:19:03","0:08:07","2:19:40","1344","1124","92","975","1288","1047","91","1413","1170","99","1344","1124","92","24235","2655","771","11943","487","8380"
"271","Mirosla Šindelár","Male","Strančice","Central Bohemian Region","CZ","M45-49","FIN","6:44:01","0:37:47","0:08:07","3:02:08","0:06:43","2:49:16","1345","1125","111","876","750","627","60","1007","866","83","1345","1125","111","24241","2267","487","10928","403","10156"
"226","Jan Piwowarski","Male","Ostrava","Moravian-Silesian Region","CZ","M25-29","FIN","6:44:14","0:38:44","0:06:45","3:20:33","0:04:49","2:33:21","1346","1126","185","738","841","698","102","1299","1094","172","1346","1126","185","24254","2324","405","12033","289","9201"
"859","Jan Čulík","Male","Prague","Prague","CZ","M35-39","FIN","6:44:17","0:41:38","0:06:40","3:11:54","0:05:05","2:39:00","1347","1127","197","700","1079","882","156","1221","1036","188","1347","1127","197","24257","2498","400","11514","305","9540"
"489","Adéla Anna Vašinová","Female","Hradec Králové ","Hradec Králové","CZ","F18-24","FIN","6:44:19","0:38:46","0:07:33","3:27:37","0:06:33","2:23:50","1348","221","34","1574","844","144","22","1397","236","32","1348","221","34","24259","2326","453","12457","393","8630"
"1292","Robert Vysnovsky","Male","Prešov","SK-PV","SK","M40-44","FIN","6:44:23","1:06:34","0:08:06","3:14:12","0:05:48","2:09:44","1349","1128","130","896","1545","1246","138","1485","1216","137","1349","1128","130","24263","3994","486","11652","348","7784"
"1082","Martin Truhlář","Male","Malé Kyšice","Central Bohemian Region","CZ","M30-34","FIN","6:44:24","0:37:42","0:07:32","3:26:24","0:08:10","2:24:36","1350","1129","165","847","740","619","84","1373","1146","164","1350","1129","165","24264","2262","452","12384","490","8676"
"1705","Martin Herz","Male","Altdorf","DE-BY","DE","M55-59","FIN","6:44:51","0:38:58","0:08:19","3:08:14","0:07:16","2:42:03","1351","1130","37","1393","866","718","25","1163","993","34","1351","1130","37","24291","2338","499","11294","436","9723"
"1750","Jamie Taylor","Female","Dublin","DUBLIN","IE","F25-29","FIN","6:44:51","0:40:29","0:09:43","3:27:51","0:04:56","2:21:52","1352","222","43","1247","994","178","36","1429","248","51","1352","222","43","24291","2429","583","12471","296","8512"
"280","Andrea Hnyková","Female","Praha","Prague","CZ","F30-34","FIN","6:44:55","0:44:26","0:09:20","3:07:33","0:08:38","2:34:57","1353","223","36","1303","1305","248","41","1240","190","28","1353","223","36","24295","2666","560","11253","518","9297"
"1612","Eva Rychterová","Female","Hradec Králové","Hradec Králové Region","CZ","F50-54","FIN","6:45:05","0:45:02","0:08:20","3:18:21","0:06:30","2:26:52","1354","224","16","1724","1335","254","20","1375","228","19","1354","224","16","24305","2702","500","11901","390","8812"
"1227","Andrea Židlická","Female","Vranovice","South Moravian Region","CZ","F30-34","FIN","6:45:11","0:44:23","0:09:36","3:15:30","0:08:28","2:27:13","1355","225","37","1298","1302","245","39","1347","223","36","1355","225","37","24311","2663","576","11730","508","8833"
"691","Adéla Procházková","Female","Krupka","Ústí nad Labem Region","CZ","F30-34","FIN","6:45:21","0:36:26","0:09:11","3:30:24","0:08:08","2:21:12","1356","226","38","1295","600","95","15","1410","243","40","1356","226","38","24321","2186","551","12624","488","8472"
"535","Jan Rottenborn","Male","Ústí Nad Labem","Ústí nad Labem Region","CZ","M18-24","FIN","6:45:43","0:39:51","0:07:22","3:25:17","0:04:23","2:28:51","1357","1131","173","700","935","775","118","1381","1152","174","1357","1131","173","24343","2391","442","12317","263","8931"
"671","Markéta Novák Arazimová","Female","Praha 6 - Suchdol","Prague","CZ","F50-54","FIN","6:45:46","0:38:21","0:06:35","3:08:51","0:07:23","2:44:36","1358","227","17","1712","800","137","11","1125","160","15","1358","227","17","24346","2301","395","11331","443","9876"
"1790","Kamil Hudský","Male","PŘEDMĚŘICE NAD LABEM","Hradec Králové Region","CZ","M50-54","FIN","6:45:59","0:39:31","0:06:01","3:22:43","0:04:58","2:32:46","1359","1132","93","938","911","755","70","1334","1114","95","1359","1132","93","24359","2371","361","12163","298","9166"
"1510","Kristýna Slouková","Female","Měrovice nad Hanou","Olomouc Region","CZ","F30-34","FIN","6:46:07","0:46:34","0:08:06","3:17:59","0:07:27","2:26:00","1360","228","39","1281","1385","264","44","1384","231","38","1360","228","39","24367","2794","486","11879","447","8760"
"905","Petra Belková","Female","Prague","Prague","SK","F25-29","FIN","6:46:20","0:43:50","0:09:22","3:24:44","0:05:30","2:22:55","1361","229","44","1220","1259","236","46","1428","247","50","1361","229","44","24380","2630","562","12284","330","8575"
"703","Lukáš Veverka","Male","Prague","Prague","CZ","M30-34","FIN","6:46:29","0:43:55","0:08:33","3:17:11","0:05:32","2:31:17","1362","1133","166","810","1268","1031","155","1352","1129","159","1362","1133","166","24389","2635","513","11831","332","9077"
"1760","Nadine Zidek","Female","Neutraubling","Bavaria","DE","F50-54","FIN","6:46:33","0:38:53","0:06:16","3:05:27","0:11:59","2:43:59","1363","230","18","1697","854","146","13","1066","151","14","1363","230","18","24393","2333","376","11127","719","9839"
"902","Eliška Mahdalová","Female","Hradec Králové","Hradec Králové Region","CZ","F18-24","FIN","6:46:50","0:41:47","0:10:26","3:19:50","0:07:42","2:27:04","1364","231","35","1529","1092","200","30","1379","229","31","1364","231","35","24410","2507","626","11990","462","8824"
"1746","Peter Švajlen","Male","Bratislava","foreigner","SK","M25-29","FIN","6:46:51","0:53:32","0:09:30","3:15:22","0:08:40","2:19:46","1365","1134","186","700","1512","1223","199","1430","1182","191","1365","1134","186","24411","3212","570","11722","520","8386"
"1312","Martin Štefan","Male","Mělník","Central Bohemian Region","CZ","M50-54","FIN","6:46:57","0:43:12","0:08:56","3:06:35","0:05:30","2:42:44","1366","1135","94","920","1216","988","87","1205","1022","88","1366","1135","94","24417","2592","536","11195","330","9764"
"948","Katerina Bielena","Female","Letovice","South Moravian Region","CZ","F25-29","FIN","6:47:12","0:39:40","0:07:47","3:07:58","0:05:36","2:46:10","1367","232","45","1205","922","159","32","1161","170","31","1367","232","45","24432","2380","467","11278","336","9970"
"1037","Swetank Sobhani","Male","Vienna","foreigner","IN","M35-39","FIN","6:47:16","0:42:51","0:08:04","3:13:38","0:05:50","2:36:53","1368","1136","198","700","1188","967","170","1278","1077","195","1368","1136","198","24436","2571","484","11618","350","9413"
"1175","Rebeka Blanka Rigó","Female","Vienna","foreigner","AT","F25-29","FIN","6:47:19","0:41:06","0:07:29","3:19:04","0:07:18","2:32:23","1369","233","46","1203","1037","190","38","1325","215","43","1369","233","46","24439","2466","449","11944","438","9143"
"899","Lukáš Lata","Male","Praha 10","Prague","CZ","M35-39","FIN","6:47:20","0:40:04","0:07:52","3:06:36","0:06:49","2:45:59","1370","1137","199","700","955","790","141","1140","977","173","1370","1137","199","24440","2404","472","11196","409","9959"
"1848","Michal Ružicka","Male","Svinare","Central Bohemia","CZ","M25-29","FIN","6:47:25","0:37:06","0:09:13","3:33:34","0:06:44","2:20:47","1371","1138","187","700","689","581","85","1439","1189","194","1371","1138","187","24445","2226","553","12814","404","8447"
"366","Kamil Alfery","Male","Beroun","STREDOCESKY KRAJ","CZ","M18-24","FIN","6:48:03","0:39:25","0:09:03","3:19:38","0:06:33","2:33:25","1372","1139","174","700","903","748","115","1328","1112","167","1372","1139","174","24483","2365","543","11978","393","9205"
"1119","Andrej Forgács","Male","Považská Bystrica","foreigner","SK","M18-24","FIN","6:48:26","0:42:19","0:08:56","3:14:39","0:04:18","2:38:14","1373","1140","175","700","1142","933","141","1298","1093","163","1373","1140","175","24506","2539","536","11679","258","9494"
"1124","Jan Pochobradský","Male","Dobruška","Hradec Králové Region","CZ","M50-54","FIN","6:48:44","0:26:55","0:04:21","2:57:42","0:06:05","3:13:42","1374","1141","95","888","45","40","3","546","494","48","1374","1141","95","24524","1615","261","10662","365","11622"
"316","Adriena Najmanová","Female","Prague","Prague","CZ","F30-34","FIN","6:48:57","0:39:57","0:07:49","3:32:17","0:08:03","2:20:51","1375","234","40","1230","946","163","20","1440","251","42","1375","234","40","24537","2397","469","12737","483","8451"
"1773","Tomáš Buriánek","Male","Hradec Králové","Hradec Králové Region","CZ","M18-24","FIN","6:48:59","0:40:59","0:08:57","3:12:30","0:09:45","2:36:47","1376","1142","176","700","1030","845","127","1253","1059","154","1376","1142","176","24539","2459","537","11550","585","9407"
"896","Miroslav Michálek","Male","Čelákovice","Central Bohemian Region","CZ","M45-49","FIN","6:49:00","0:43:46","0:07:21","3:14:07","0:05:22","2:38:24","1377","1143","112","786","1251","1017","97","1287","1084","103","1377","1143","112","24540","2626","441","11647","322","9504"
"211","Tania Decleir","Female","Wiener Neustadt","NIEDEROSTERREICH","BE","F55-59","FIN","6:49:04","0:43:28","0:08:15","3:14:37","0:05:31","2:37:12","1378","235","3","1947","1236","230","4","1304","206","3","1378","235","3","24544","2608","495","11677","331","9432"
"1068","Jiří Kortánek","Male","","Central Bohemian Region","CZ","M35-39","FIN","6:49:06","0:48:13","0:08:10","3:14:28","0:05:51","2:32:24","1379","1144","200","700","1441","1167","198","1364","1140","202","1379","1144","200","24546","2893","490","11668","351","9144"
"930","Alice CHERIF","Female","Livry-Gargan","foreigner","FR","F18-24","FIN","6:49:10","0:41:56","0:10:05","3:31:11","0:07:47","2:18:11","1380","236","36","1487","1107","203","31","1460","261","38","1380","236","36","24550","2516","605","12671","467","8291"
"927","Štěpán Miškovský","Male","Prague","Prague","CZ","M25-29","FIN","6:49:40","0:50:13","0:09:07","3:11:29","0:04:08","2:34:42","1381","1145","188","700","1479","1196","191","1362","1138","182","1381","1145","188","24580","3013","547","11489","248","9282"
"1145","Jakub Novotny","Male","Carlsbad","Karlovy Vary Region","CZ","M45-49","FIN","6:50:06","0:44:22","0:11:16","3:18:26","0:09:41","2:26:20","1382","1146","113","767","1299","1056","99","1398","1162","113","1382","1146","113","24606","2662","676","11906","581","8780"
"1644","Stergios Poulios","Male","Serres","GR-B","GR","M50-54","FIN","6:50:33","0:35:13","0:13:40","3:18:01","0:10:54","2:32:45","1383","1147","96","856","500","427","37","1316","1105","93","1383","1147","96","24633","2113","820","11881","654","9165"
"634","Jaroslav Hrách","Male","Prague","Prague","CZ","M30-34","FIN","6:50:35","0:47:29","0:11:27","3:27:22","0:06:08","2:18:09","1384","1148","167","736","1419","1149","171","1473","1211","179","1384","1148","167","24635","2849","687","12442","368","8289"
"320","Daniel Kostka","Male","Jablunkov","Moravian-Silesian Region","CZ","M25-29","FIN","6:50:48","0:51:47","0:08:16","3:08:58","0:04:32","2:37:15","1385","1149","189","700","1503","1217","197","1341","1120","180","1385","1149","189","24648","3107","496","11338","272","9435"
"1257","Beate Kriemann","Female","Kleinmachnow","","DE","F50-54","FIN","6:51:32","0:39:51","0:10:00","3:18:20","0:07:43","2:35:38","1386","237","19","1608","936","161","15","1330","218","18","1386","237","19","24692","2391","600","11900","463","9338"
"1360","Piergiorgio Caroletti","Male","roma","IT-RM","IT","M55-59","FIN","6:51:35","0:35:54","0:08:28","3:16:16","0:06:23","2:44:34","1387","1150","38","1272","560","477","17","1227","1040","38","1387","1150","38","24695","2154","508","11776","383","9874"
"925","Jan Vojta Gerych","Male","Frýdek-Místek","Moravian-Silesian Region","CZ","M40-44","FIN","6:51:40","0:51:39","0:08:32","3:03:40","0:04:38","2:43:10","1388","1151","131","765","1502","1216","135","1271","1070","128","1388","1151","131","24700","3099","512","11020","278","9790"
"437","Zsolt Polacsek","Male","Göd","HU-PE","HU","M45-49","FIN","6:51:51","0:43:27","0:06:49","3:13:52","0:06:08","2:41:35","1389","1152","114","735","1233","1004","96","1274","1073","102","1389","1152","114","24711","2607","409","11632","368","9695"
"771","Tereza Vinšálková","Female","Hradec Králové","Hradec Králové Region","CZ","F45-49","FIN","6:52:10","0:42:53","0:07:23","3:20:58","0:05:06","2:35:50","1390","238","19","1454","1190","222","20","1369","226","18","1390","238","19","24730","2573","443","12058","306","9350"
"860","Karel Šilhán","Male","Hradec Králové","Hradec Králové Region","CZ","M40-44","FIN","6:52:13","0:40:37","0:08:35","3:16:59","0:05:27","2:40:35","1391","1153","132","755","1009","830","92","1302","1097","129","1391","1153","132","24733","2437","515","11819","327","9635"
"1366","Robert Hudecek","Male","Brno","CZ-642","CZ","M55-59","FIN","6:52:13","0:41:04","0:07:22","3:06:14","0:04:47","2:52:46","1392","1154","39","1260","1036","847","32","1145","981","33","1392","1154","39","24733","2464","442","11174","287","10366"
"1199","Fco. Javier Almeda Muñoz","Male","MOSTOLES","","ES","M55-59","FIN","6:52:16","0:34:18","0:11:48","3:18:41","0:07:10","2:40:20","1393","1155","40","1259","408","346","11","1280","1079","41","1393","1155","40","24736","2058","708","11921","430","9620"
"1548","Filip Pospíšil","Male","Olomouc","Olomouc Region","CZ","M30-34","FIN","6:52:17","0:33:17","0:07:47","3:10:00","0:05:49","2:55:24","1394","1156","168","705","329","277","31","1077","924","139","1394","1156","168","24737","1997","467","11400","349","10524"
"314","Katerina Horka","Female","Brno","Brno","CZ","F18-24","FIN","6:52:20","0:34:56","0:09:10","3:36:51","0:07:14","2:24:09","1395","239","37","1430","464","71","14","1445","255","37","1395","239","37","24740","2096","550","13011","434","8649"
"379","Daniela Tonarová","Female","Český Brod","Central Bohemian Region","CZ","F25-29","FIN","6:52:36","0:40:02","0:06:37","3:11:48","0:05:51","2:48:19","1396","240","47","1108","951","164","34","1200","180","34","1396","240","47","24756","2402","397","11508","351","10099"
"692","Jirka Chaloupka","Male","Lhenice","Jihočeský kraj","CZ","M65-69","FIN","6:52:50","0:44:10","0:07:17","3:03:19","0:04:04","2:54:00","1397","1157","8","2014","1284","1043","6","1146","982","6","1397","1157","8","24770","2650","437","10999","244","10440"
"716","Jana Janouchová","Female","Hradec Králové","Hradec Králové Region","CZ","F60-64","FIN","6:52:57","0:36:37","0:07:59","3:23:31","0:04:32","2:40:19","1398","241","2","2603","625","99","1","1329","217","2","1398","241","2","24777","2197","479","12211","272","9619"
"857","Jozef Klimek","","Senica","foreigner","SK","M40-44","FIN","6:52:58","0:35:10","0:07:30","3:11:16","0:06:36","2:52:26","1399","1158","133","742","495","423","49","1130","969","116","1399","1158","133","24778","2110","450","11476","396","10346"
"1602","David Jelínek","Male","Praha","Prague","CZ","M30-34","FIN","6:53:01","0:47:27","0:09:36","3:08:40","0:07:24","2:39:55","1400","1159","169","700","1416","1146","169","1293","1089","154","1400","1159","169","24781","2847","576","11320","444","9595"
"1803","Ingrid Mužíková","Female","Pardubice","Pardubice Region","CZ","F45-49","FIN","6:53:06","0:51:58","0:07:13","3:16:06","0:05:57","2:31:52","1401","242","20","1437","1505","287","25","1406","240","21","1401","242","20","24786","3118","433","11766","357","9112"
"364","Lucie Synková","Female","Střešovice","Prague","CZ","F30-34","FIN","6:53:14","0:41:29","0:06:44","3:20:00","0:06:24","2:38:37","1402","243","41","1153","1065","195","29","1333","220","35","1402","243","41","24794","2489","404","12000","384","9517"
"1225","Petra Václavková","Female","Trebechovice pod Orebem","Hradec Králové Region","CZ","F45-49","FIN","6:53:48","0:46:41","0:06:13","3:27:42","0:05:48","2:27:24","1403","244","21","1425","1395","267","23","1443","253","22","1403","244","21","24828","2801","373","12462","348","8844"
"354","Anna Kuropčáková","Female","Ostrava","Moravian-Silesian Region","CZ","F18-24","FIN","6:53:57","0:42:37","0:05:57","3:28:31","0:03:33","2:33:20","1404","245","38","1400","1168","214","34","1424","245","34","1404","245","38","24837","2557","357","12511","213","9200"
"1613","Karolina Šmídová","Female","Vejle","foreigner","CZ","F25-29","FIN","6:54:07","0:31:25","0:06:00","3:35:30","0:03:32","2:37:41","1405","246","48","1080","201","33","6","1390","233","47","1405","246","48","24847","1885","360","12930","212","9461"
"907","Eliška Šantorová","Female","Roztoky","STREDOCESKY KRAJ","CZ","F18-24","FIN","6:54:28","0:40:09","0:08:24","3:45:50","0:04:06","2:16:00","1406","247","39","1391","964","168","26","1504","284","43","1406","247","39","24868","2409","504","13550","246","8160"
"705","Eliška Horníková","Female","Pardubice","Pardubice Region","CZ","F25-29","FIN","6:54:32","0:33:26","0:08:32","3:23:29","0:04:49","2:44:15","1407","248","49","1073","341","55","10","1289","204","39","1407","248","49","24872","2006","512","12209","289","9855"
"1027","Jan Martin Pucik","Male","Prague","Prague","SK","M30-34","FIN","6:54:35","0:39:27","0:09:55","3:06:18","0:07:04","2:51:51","1408","1160","170","700","906","750","105","1165","995","146","1408","1160","170","24875","2367","595","11178","424","10311"
"1667","Tereza Sluková","Female","Teplitz","Ústí nad Labem Region","CZ","F25-29","FIN","6:54:35","0:43:55","0:09:08","3:14:44","0:09:16","2:37:32","1409","249","50","1072","1267","237","47","1326","216","44","1409","249","50","24875","2635","548","11684","556","9452"
"483","Lukas Trubnyj","Male","Gräfelfing","foreigner","DE","M40-44","FIN","6:54:38","0:43:50","0:12:09","3:16:06","0:08:49","2:33:43","1410","1161","134","712","1260","1024","113","1380","1151","133","1410","1161","134","24878","2630","729","11766","529","9223"
"588","Radek Mraz","Male","Slavkov u Brna","South Moravia","CZ","M45-49","FIN","6:54:43","0:39:43","0:08:49","3:21:14","0:07:09","2:37:49","1411","1162","115","700","926","767","79","1353","1130","107","1411","1162","115","24883","2383","529","12074","429","9469"
"1097","Petr Brádle","Male","Dobrá Voda u Hořic","Hradec Králové Region","CZ","M30-34","FIN","6:54:44","0:48:53","0:06:51","3:15:33","0:08:38","2:34:49","1412","1163","171","700","1459","1180","175","1370","1144","163","1412","1163","171","24884","2933","411","11733","518","9289"
"1127","Michaela Frumarová","Female","Olomouc","Olomouc Region","CZ","F18-24","FIN","6:54:53","0:42:04","0:06:36","3:22:10","0:07:14","2:36:51","1413","250","40","1384","1121","208","33","1361","224","30","1413","250","40","24893","2524","396","12130","434","9411"
"1058","Pavel Crha","Male","Prague","Prague","CZ","M25-29","FIN","6:55:15","0:50:57","0:08:13","3:18:08","0:07:07","2:30:50","1414","1164","190","700","1493","1209","194","1426","1181","190","1414","1164","190","24915","3057","493","11888","427","9050"
"420","Martin Mareš","Male","Praha","PRAHA, HLAVNI MESTO","CZ","M30-34","FIN","6:55:21","0:51:36","0:08:55","3:23:14","0:03:28","2:28:07","1415","1165","172","700","1501","1215","179","1461","1200","176","1415","1165","172","24921","3096","535","12194","208","8887"
"776","Karin Chytilová","Female","Olomouc","Olomouc Region","CZ","F45-49","FIN","6:55:54","0:42:15","0:14:08","3:25:57","0:08:35","2:24:59","1416","251","22","1387","1141","209","19","1455","259","23","1416","251","22","24954","2535","848","12357","515","8699"
"815","Matyáš Hrebík","Male","Boskovice","South Moravian Region","CZ","M18-24","FIN","6:56:10","0:42:20","0:09:35","3:34:01","0:06:15","2:23:59","1417","1166","177","700","1145","936","142","1471","1209","184","1417","1166","177","24970","2540","575","12841","375","8639"
"1363","Samuel Sivák","Male","Bratislava","Bratislava Region","SK","M18-24","FIN","6:56:29","0:54:55","0:09:23","3:17:26","0:07:36","2:27:10","1418","1167","178","700","1524","1232","192","1452","1195","179","1418","1167","178","24989","3295","563","11846","456","8830"
"1295","Tomas Hettych","Male","Bratislava","BRATISLAVSKY KRAJ","SK","M50-54","FIN","6:56:32","0:42:38","0:11:45","3:21:39","0:07:45","2:32:45","1419","1168","97","748","1171","957","85","1411","1168","98","1419","1168","97","24992","2558","705","12099","465","9165"
"714","Martin Kopecký","Male","Pardubice","Pardubice Region","CZ","M35-39","FIN","6:56:35","0:50:29","0:11:24","3:25:44","0:08:15","2:20:44","1420","1169","201","700","1483","1199","204","1479","1213","207","1420","1169","201","24995","3029","684","12344","495","8444"
"1567","Maria Hořavová","Female","Vyškov","CZ-646","CZ","F25-29","FIN","6:56:54","0:44:03","0:07:16","3:24:21","0:08:00","2:33:15","1421","252","51","1030","1277","240","48","1408","241","49","1421","252","51","25014","2643","436","12261","480","9195"
"672","Krystian Tuchmacher","Male","Warszawa","PL-MZ","PL","M40-44","FIN","6:57:03","0:43:42","0:07:40","3:25:06","0:06:52","2:33:44","1422","1170","135","700","1247","1014","112","1416","1173","135","1422","1170","135","25023","2622","460","12306","412","9224"
"1520","Aleop Tur Behar","Male","NORTH MIAMI","FL","IT","M60-64","FIN","6:57:27","0:46:30","0:09:13","3:21:06","0:06:33","2:34:06","1423","1171","16","1639","1383","1120","17","1418","1175","17","1423","1171","16","25047","2790","553","12066","393","9246"
"1638","Pavel Cvrk","Male","Ústí Nad Labem","Vysočina Region","CZ","M40-44","FIN","6:57:35","0:44:17","0:07:22","3:28:01","0:04:51","2:33:05","1424","1172","136","700","1292","1051","118","1436","1187","136","1424","1172","136","25055","2657","442","12481","291","9185"
"1594","Sylvia Hehei","Female","St. Pölten","","AT","F55-59","FIN","6:58:11","0:58:04","0:08:36","3:13:00","0:07:54","2:30:37","1425","253","4","1783","1536","298","5","1437","250","4","1425","253","4","25091","3484","516","11580","474","9037"
"497","Roman Holboj","Male","Bratislava","foreigner","SK","M25-29","FIN","6:58:23","0:42:20","0:06:59","3:21:39","0:08:59","2:38:26","1426","1173","191","700","1143","934","144","1366","1141","183","1426","1173","191","25103","2540","419","12099","539","9506"
"639","Milan Pokorný","Male","Benešov","Central Bohemian Region","CZ","M35-39","FIN","6:58:40","0:39:00","0:11:16","3:11:14","0:15:38","2:41:32","1427","1174","202","700","868","719","132","1243","1053","192","1427","1174","202","25120","2340","676","11474","938","9692"
"336","Petr Horky","Male","Brno","South Moravian Region","CZ","M25-29","FIN","6:58:50","0:44:40","0:12:16","3:26:56","0:12:23","2:22:35","1428","1175","192","700","1319","1070","169","1462","1201","196","1428","1175","192","25130","2680","736","12416","743","8555"
"333","Pavel Mraček","Male","Litvínovice","Jihočeský kraj","CZ","M30-34","FIN","6:59:46","0:41:41","0:08:44","3:34:18","0:06:55","2:28:08","1429","1176","173","700","1086","889","129","1469","1208","177","1429","1176","173","25186","2501","524","12858","415","8888"
"360","Richard Prinz","Male","Brno","South Moravia","CZ","M30-34","FIN","6:59:47","0:43:35","0:09:07","3:20:18","0:06:30","2:40:17","1430","1177","174","700","1240","1009","149","1393","1159","168","1430","1177","174","25187","2615","547","12018","390","9617"
"1091","Patrik Celoud","Male","Přibyslav","Vysočina Region","CZ","M35-39","FIN","7:00:01","0:37:27","0:06:30","3:21:02","0:07:03","2:47:59","1431","1178","203","700","717","601","115","1284","1083","196","1431","1178","203","25201","2247","390","12062","423","10079"
"1734","Karel Samek","Male","Mladá Boleslav","Central Bohemian Region","CZ","M30-34","FIN","7:00:19","0:47:28","0:08:25","3:20:23","0:07:02","2:37:00","1432","1179","175","700","1418","1148","170","1415","1172","171","1432","1179","175","25219","2848","505","12023","422","9420"
"583","Matěj Slaba","Male","Straškov-Vodochody","Ústí nad Labem Region","CZ","M25-29","FIN","7:00:59","0:48:54","0:07:20","3:28:16","0:05:24","2:31:04","1433","1180","193","700","1460","1181","189","1468","1207","198","1433","1180","193","25259","2934","440","12496","324","9064"
"773","Eva Benešová","Female","Sovínky","Central Bohemian Region","CZ","F35-39","FIN","7:01:03","0:43:10","0:08:09","3:27:22","0:04:08","2:38:14","1434","254","30","1007","1215","228","32","1433","249","32","1434","254","30","25263","2590","489","12442","248","9494"
"580","Markus Romstorfer","Male","Sankt Andrä am Zicksee","AT-1","AT","M45-49","FIN","7:01:19","0:48:56","0:06:40","3:02:08","0:07:02","2:56:32","1435","1181","116","700","1461","1182","119","1184","1010","96","1435","1181","116","25279","2936","400","10928","422","10592"
"412","Ján Potanka","Male","Spálov","Prague","SK","M50-54","FIN","7:01:44","0:38:51","0:06:23","3:01:00","0:10:10","3:05:19","1436","1182","98","700","851","706","66","970","838","75","1436","1182","98","25304","2331","383","10860","610","11119"
"473","Václav Štrba","Male","Prague","Prague","CZ","M25-29","FIN","7:02:06","0:41:19","0:12:04","3:13:34","0:09:13","2:45:56","1437","1183","194","700","1052","860","129","1318","1106","175","1437","1183","194","25326","2479","724","11614","553","9956"
"1381","Ondřej Pánek","Male","Hradec Králové","Hradec Králové Region","CZ","M25-29","FIN","7:02:10","0:43:51","0:09:49","3:20:08","0:06:50","2:41:32","1438","1184","195","700","1262","1026","157","1396","1161","186","1438","1184","195","25330","2631","589","12008","410","9692"
"474","Václav Mlateček","Male","Skalice","Hradec Králové Region","CZ","M18-24","FIN","7:02:12","0:47:38","0:14:16","3:22:20","0:05:58","2:32:00","1439","1185","179","700","1429","1158","177","1464","1203","182","1439","1185","179","25332","2858","856","12140","358","9120"
"1331","Martin Španěl","Male","Prague","Prague","CZ","M30-34","FIN","7:02:24","0:53:42","0:09:07","2:55:20","0:06:43","2:57:33","1440","1186","176","700","1515","1226","182","1196","1018","149","1440","1186","176","25344","3222","547","10520","403","10653"
"365","Lucie Břicháčková","Female","Kyjov","Jihočeský kraj","CZ","F50-54","FIN","7:02:26","0:48:57","0:07:16","3:33:41","0:06:37","2:25:55","1441","255","20","1412","1462","280","23","1489","272","20","1441","255","20","25346","2937","436","12821","397","8755"
"965","Tomáš Babóš","Male","Šaľa","foreigner","SK","M45-49","FIN","7:02:39","0:43:00","0:08:14","3:25:32","0:04:05","2:41:48","1442","1187","117","700","1198","975","92","1417","1174","115","1442","1187","117","25359","2580","494","12332","245","9708"
"1346","Petr Škoda","Male","Brada-Rybníček","Hradec Králové Region","CZ","M18-24","FIN","7:02:59","0:36:03","0:10:31","3:23:37","0:14:02","2:38:46","1443","1188","180","700","571","487","70","1356","1133","172","1443","1188","180","25379","2163","631","12217","842","9526"
"1022","Jakub Jelačič","Male","Nymburk","Central Bohemian Region","CZ","M18-24","FIN","7:03:17","0:46:55","0:07:25","3:18:18","0:08:56","2:41:43","1444","1189","181","700","1403","1135","174","1383","1153","175","1444","1189","181","25397","2815","445","11898","536","9703"
"1349","Randi Ayman","Female","Luxembourg City","LU-LU","EG","F35-39","FIN","7:03:25","0:40:04","0:10:07","3:43:07","0:09:04","2:21:02","1445","256","31","965","954","165","20","1500","280","35","1445","256","31","25405","2404","607","13387","544","8462"
"1114","Lyndsey Blair","Female","Troon","GB-SAY","GB","F45-49","FIN","7:03:33","0:32:44","0:07:32","3:42:27","0:05:38","2:35:13","1446","257","23","1249","289","48","2","1458","260","24","1446","257","23","25413","1964","452","13347","338","9313"
"278","Oldřich Horák","Male","Olomouc","Olomouc Region","CZ","M25-29","FIN","7:03:59","0:51:48","0:08:30","3:12:29","0:06:29","2:44:43","1447","1190","196","700","1504","1218","198","1387","1156","185","1447","1190","196","25439","3108","510","11549","389","9883"
"945","Barbora Bačinová","Female","Prague","Prague","CZ","F25-29","FIN","7:04:15","0:53:59","0:10:02","3:27:39","0:06:49","2:25:46","1448","258","52","898","1518","290","60","1497","277","57","1448","258","52","25455","3239","602","12459","409","8746"
"1283","Pavel Vostárek","Male","Malá Hraštice","Central Bohemian Region","CZ","M25-29","FIN","7:04:55","0:58:17","0:07:57","3:31:18","0:06:56","2:20:26","1449","1191","197","700","1538","1240","205","1510","1224","201","1449","1191","197","25495","3497","477","12678","416","8426"
"1499","Iva Zipserová","Female","Prague","Prague","CZ","F18-24","FIN","7:05:06","0:52:14","0:07:25","3:34:31","0:06:42","2:24:15","1450","259","41","1200","1506","288","43","1503","283","42","1450","259","41","25506","3134","445","12871","402","8655"
"1139","Shay Barash","Male","Saar","Israel","IL","M55-59","FIN","7:05:17","0:47:27","0:09:31","3:09:33","0:08:43","2:50:03","1451","1192","41","1025","1417","1147","43","1311","1102","42","1451","1192","41","25517","2847","571","11373","523","10203"
"1000","Roman Kopecký","Male","Dobříkov","Pardubice Region","CZ","M55-59","FIN","7:05:31","0:50:22","0:13:33","3:16:08","0:11:07","2:34:20","1452","1193","42","1021","1481","1198","44","1441","1190","44","1452","1193","42","25531","3022","813","11768","667","9260"
"1163","František Forgács","Male","Považská Bystrica","foreigner","SK","M55-59","FIN","7:05:58","0:40:26","0:07:44","3:09:15","0:10:08","2:58:25","1453","1194","43","1013","988","814","31","1178","1007","35","1453","1194","43","25558","2426","464","11355","608","10705"
"565","Ales Neumann","Male","Praha","Prague","CZ","M45-49","FIN","7:06:07","0:48:11","0:14:50","3:38:18","0:06:37","2:18:11","1454","1195","118","700","1440","1166","115","1521","1230","121","1454","1195","118","25567","2891","890","13098","397","8291"
"449","Adam Kalina","Male","Bratislava","foreigner","SK","M30-34","FIN","7:06:11","0:52:33","0:08:13","3:25:21","0:05:05","2:34:59","1455","1196","177","700","1508","1220","180","1472","1210","178","1455","1196","177","25571","3153","493","12321","305","9299"
"1716","Greg Cox","Male","Warrington","CHS","GB","M60-64","FIN","7:06:17","0:40:51","0:10:30","3:13:52","0:07:48","2:53:15","1456","1197","17","1480","1021","839","13","1288","1085","15","1456","1197","17","25577","2451","630","11632","468","10395"
"644","Ľubomír Toma","Male","Zilina","foreigner","SK","M50-54","FIN","7:06:24","0:37:15","0:07:43","3:16:17","0:04:54","3:00:15","1457","1198","99","700","700","590","54","1238","1049","90","1457","1198","99","25584","2235","463","11777","294","10815"
"1094","Julian Daniel Mauz","Male","Schwendi","BW","DE","M35-39","FIN","7:06:37","0:43:27","0:14:27","3:28:44","0:10:28","2:29:30","1458","1199","204","700","1234","1005","177","1477","1212","206","1458","1199","204","25597","2607","867","12524","628","8970"
"1095","Katharina Pajzer","Female","Schwendi","BW","DE","F30-34","FIN","7:06:44","0:43:31","0:14:24","3:28:47","0:10:29","2:29:32","1459","260","42","910","1238","231","35","1478","266","44","1459","260","42","25604","2611","864","12527","629","8972"
"1107","Debbie Cowie","Female","Prague","Central Bohemian Region","GB","F50-54","FIN","7:06:45","0:59:36","0:06:38","3:43:30","0:04:51","2:12:11","1460","261","21","1334","1542","299","24","1537","295","24","1460","261","21","25605","3576","398","13410","291","7931"
"670","Ála Krumbholzová","Female","Bohušovice nad Ohří","Ústí nad Labem Region","CZ","F50-54","FIN","7:07:00","0:44:19","0:09:03","3:40:46","0:04:39","2:28:14","1461","262","22","1329","1294","243","19","1502","282","21","1461","262","22","25620","2659","543","13246","279","8894"
"1588","Kateřina Kopecká","Female","Brno","South Moravian Region","CZ","F30-34","FIN","7:07:40","0:45:15","0:10:55","3:34:41","0:06:39","2:30:10","1462","263","43","893","1343","258","43","1494","275","48","1462","263","43","25660","2715","655","12881","399","9010"
"1639","Denisa Novotná","Female","Hradec Králové","Hradec Králové Region","CZ","F30-34","FIN","7:08:06","0:41:08","0:08:07","3:28:21","0:08:11","2:42:19","1463","264","44","886","1040","191","28","1427","246","41","1463","264","44","25686","2468","487","12501","491","9739"
"227","Michaela Forbelská","Female","Lánov","Hradec Králové Region","CZ","F25-29","FIN","7:08:07","0:46:36","0:08:34","3:31:17","0:06:12","2:35:28","1464","265","53","828","1387","265","53","1474","263","56","1464","265","53","25687","2796","514","12677","372","9328"
"530","Aneta Faina","Female","Mžany","Hradec Králové Region","CZ","F35-39","FIN","7:08:17","0:42:24","0:06:50","3:09:25","0:04:32","3:05:07","1465","266","32","877","1150","210","27","1202","182","25","1465","266","32","25697","2544","410","11365","272","11107"
"995","Joanne Williams","Female","Hemel Hempstead","foreigner","GB","F35-39","FIN","7:09:10","0:40:06","0:08:59","3:44:33","0:06:11","2:29:21","1466","267","33","861","957","166","21","1501","281","36","1466","267","33","25750","2406","539","13473","371","8961"
"531","Anna Weixelbaum","Female","Wien","AT-9","AT","F35-39","FIN","7:09:45","0:45:14","0:09:16","3:35:42","0:07:27","2:32:05","1467","268","34","851","1340","257","34","1490","273","34","1467","268","34","25785","2714","556","12942","447","9125"
"279","Jan Brandejs","Male","Hradec Králové","Hradec Králové Region","CZ","M40-44","FIN","7:10:50","0:47:01","0:11:41","3:12:57","0:06:12","2:53:00","1468","1200","137","700","1406","1137","127","1374","1147","132","1468","1200","137","25850","2821","701","11577","372","10380"
"981","Jiří Hanák","Male","Sloupno","Hradec Králové Region","CZ","M18-24","FIN","7:11:28","0:49:38","0:08:58","3:25:49","0:06:48","2:40:14","1469","1201","182","700","1469","1189","183","1466","1205","183","1469","1201","182","25888","2978","538","12349","408","9614"
"455","Kateřina Dušková","Female","Předměřice nad Labem","KRALOVEHRADECKY KRAJ","CZ","F18-24","FIN","7:12:59","0:43:37","0:08:52","3:39:16","0:07:04","2:34:09","1470","269","42","1058","1243","233","36","1499","279","41","1470","269","42","25979","2617","532","13156","424","9249"
"991","Natálie Novotná","Female","Vysoká nad Labem","Hradec Králové Region","CZ","F30-34","FIN","7:13:25","0:40:29","0:06:18","3:41:35","0:04:06","2:40:57","1471","270","45","790","993","177","25","1483","268","45","1471","270","45","26005","2429","378","13295","246","9657"
"1284","Jakub Vostárek","Male","Malá Hraštice","Central Bohemian Region","CZ","M25-29","FIN","7:14:08","0:56:15","0:11:52","3:28:56","0:07:22","2:29:43","1472","1202","198","700","1533","1236","203","1508","1223","200","1472","1202","198","26048","3375","712","12536","442","8983"
"1461","Fantapie Mathias","Male","Grignols","foreigner","FR","M18-24","FIN","7:14:10","0:44:21","0:07:57","3:19:30","0:05:47","2:56:35","1473","1203","183","700","1298","1055","162","1376","1148","173","1473","1203","183","26050","2661","477","11970","347","10595"
"918","Pavlína Saudková","Female","Prague","Prague","CZ","F40-44","FIN","7:14:10","0:49:40","0:09:10","3:14:01","0:09:26","2:51:53","1474","271","34","939","1470","281","35","1389","232","33","1474","271","34","26050","2980","550","11641","566","10313"
"894","Dominik Kána","Male","Havirov","Moravian-Silesian Region","CZ","M30-34","FIN","7:14:17","0:42:31","0:09:19","3:18:36","0:10:06","2:53:46","1475","1204","178","700","1159","948","141","1358","1135","160","1475","1204","178","26057","2551","559","11916","606","10426"
"1024","Adam Lefner","Male","Brno","South Moravian Region","CZ","M25-29","FIN","7:14:50","0:44:32","0:10:56","3:43:00","0:07:03","2:29:19","1476","1205","199","700","1315","1067","168","1514","1226","203","1476","1205","199","26090","2672","656","13380","423","8959"
"1534","Jan Kaisler","Male","Brno","South Moravian Region","CZ","M25-29","FIN","7:14:53","0:46:29","0:10:49","3:32:18","0:05:22","2:39:55","1477","1206","200","700","1382","1119","180","1488","1217","199","1477","1206","200","26093","2789","649","12738","322","9595"
"594","Jakub Čopák","Male","Prackovice nad Labem","Vysočina Region","CZ","M25-29","FIN","7:15:31","0:44:23","0:09:04","3:27:56","0:06:30","2:47:39","1478","1207","201","700","1300","1057","163","1448","1193","195","1478","1207","201","26131","2663","544","12476","390","10059"
"952","Tereza Bořutová","Female","Jeseník","Olomouc","CZ","F25-29","FIN","7:15:32","0:37:05","0:06:31","3:38:14","0:06:02","2:47:40","1479","272","54","700","688","108","19","1453","258","54","1479","272","54","26132","2225","391","13094","362","10060"
"797","Luboš Vavrda","Male","Hradec Králové","Hradec Králové Region","CZ","M50-54","FIN","7:15:37","0:43:48","0:07:41","3:29:40","0:05:11","2:49:17","1480","1208","100","700","1256","1022","88","1447","1192","101","1480","1208","100","26137","2628","461","12580","311","10157"
"770","Jakub Drs","Male","Mažice","Jihočeský kraj","CZ","M35-39","FIN","7:15:46","0:38:44","0:09:53","3:28:11","0:07:20","2:51:38","1481","1209","205","700","840","697","129","1419","1176","205","1481","1209","205","26146","2324","593","12491","440","10298"
"1468","Radek Novák","Male","Staré Město","Olomouc Region","CZ","M25-29","FIN","7:15:49","0:39:08","0:07:21","3:28:13","0:06:19","2:54:48","1482","1210","202","700","877","727","107","1401","1164","188","1482","1210","202","26149","2348","441","12493","379","10488"
"239","Jan Valoušek","Male","Brušperk","Moravian-Silesian Region","CZ","M45-49","FIN","7:15:57","0:46:45","0:08:00","3:33:26","0:05:31","2:42:14","1483","1211","119","700","1399","1131","109","1481","1214","120","1483","1211","119","26157","2805","480","12806","331","9734"
"1379","Alexandr Karanevič","Male","Olomouc","Olomouc Region","CZ","M18-24","FIN","7:16:13","0:36:38","0:09:20","3:50:52","0:09:05","2:30:19","1484","1212","184","700","627","528","78","1507","1222","188","1484","1212","184","26173","2198","560","13852","545","9019"
"1338","Nazar Systrenskyi","Male","","","UA","M18-24","FIN","7:16:27","0:53:24","0:11:39","3:44:19","0:07:52","2:19:14","1485","1213","185","700","1511","1222","191","1536","1242","192","1485","1213","185","26187","3204","699","13459","472","8354"
"783","Zuzana Obracajová","Female","Úvaly","CZ-Central Bohemian Region","CZ","F35-39","FIN","7:16:45","0:43:05","0:07:20","3:25:35","0:06:15","2:54:30","1486","273","35","725","1205","225","30","1409","242","31","1486","273","35","26205","2585","440","12335","375","10470"
"1556","Elisabeth Mehlhorn","Female","Lauter-Bernsbach","foreigner","DE","F25-29","FIN","7:17:34","0:37:30","0:09:21","3:15:14","0:08:14","3:07:15","1487","274","55","700","723","117","22","1247","192","37","1487","274","55","26254","2250","561","11714","494","11235"
"476","Sára Miklóšová","Female","Bratislava","foreigner","SK","F30-34","FIN","7:18:46","0:50:25","0:10:53","3:27:14","0:05:12","2:45:01","1488","275","46","700","1482","284","49","1484","269","46","1488","275","46","26326","3025","653","12434","312","9901"
"268","Markéta Ptáčníková","Female","Brno","South Moravia","CZ","F25-29","FIN","7:18:48","0:46:38","0:07:42","3:27:13","0:08:24","2:48:50","1489","276","56","700","1391","266","54","1451","257","53","1489","276","56","26328","2798","462","12433","504","10130"
"904","Petra Doubková","Female","Kly","Central Bohemian Region","CZ","F35-39","FIN","7:19:45","0:47:54","0:06:07","3:32:29","0:07:00","2:46:16","1490","277","36","700","1433","273","35","1475","264","33","1490","277","36","26385","2874","367","12749","420","9976"
"819","Leos Kocman","Male","Hradec Králové","Hradec Králové Region","CZ","M50-54","FIN","7:20:35","0:54:43","0:09:17","3:08:44","0:05:42","3:02:09","1491","1214","101","700","1523","1231","103","1386","1155","97","1491","1214","101","26435","3283","557","11324","342","10929"
"1636","Aneta Plachtovičová","Female","Prague","Prague","CZ","F30-34","FIN","7:20:58","0:35:16","0:07:54","3:27:45","0:07:49","3:02:13","1492","278","47","700","509","75","9","1365","225","37","1492","278","47","26458","2116","474","12465","469","10933"
"883","Adéla Pokorná","Female","Starý Plzenec","South Bohemian Region","CZ","F18-24","FIN","7:21:58","0:39:02","0:08:16","3:40:25","0:06:13","2:48:03","1493","279","43","896","870","150","23","1480","267","39","1493","279","43","26518","2342","496","13225","373","10083"
"1102","Elisabeth Valera Fidalgo","Female","Castledermot","foreigner","ES","F30-34","FIN","7:22:27","0:40:22","0:08:43","3:41:27","0:06:45","2:45:11","1494","280","48","700","984","174","24","1493","274","47","1494","280","48","26547","2422","523","13287","405","9911"
"1460","Michal Mašek","Male","Hradec Králové","Hradec Králové Region","CZ","M25-29","FIN","7:22:30","0:48:05","0:13:45","3:35:54","0:08:14","2:36:33","1495","1215","203","700","1439","1165","186","1511","1225","202","1495","1215","203","26550","2885","825","12954","494","9393"
"908","Jakub Bartek","Male","Bratislava","foreigner","SK","M30-34","FIN","7:22:32","0:48:35","0:09:22","3:23:05","0:11:49","2:49:41","1496","1216","179","700","1450","1175","174","1446","1191","174","1496","1216","179","26552","2915","562","12185","709","10181"
"1285","Simon Staudinger","Male","Schlatt","foreigner","AT","M18-24","FIN","7:22:33","0:45:41","0:08:52","3:35:42","0:10:57","2:41:22","1497","1217","186","700","1358","1097","169","1491","1218","186","1497","1217","186","26553","2741","532","12942","657","9682"
"524","Lucie Kostalova","Female","Sendrazice","","CZ","F25-29","FIN","7:22:35","0:42:43","0:07:59","3:30:50","0:05:49","2:55:14","1498","281","57","700","1180","216","44","1450","256","52","1498","281","57","26555","2563","479","12650","349","10514"
"1454","Gabriela Becickova","Female","Hořice","Hradec Králové","CZ","F25-29","FIN","7:22:55","0:46:43","0:08:33","3:43:05","0:05:29","2:39:05","1499","282","58","700","1397","268","55","1513","288","59","1499","282","58","26575","2803","513","13385","329","9545"
"1266","Patrik Masopust","Male","Křelov-Břuchotín","Olomouc Region","CZ","M18-24","FIN","7:23:31","0:46:46","0:09:11","3:28:14","0:07:46","2:51:34","1500","1218","187","700","1400","1132","172","1463","1202","181","1500","1218","187","26611","2806","551","12494","466","10294"
"818","Florian Leixnering","Male","Vienna","AT-foreigner","AT","M35-39","FIN","7:23:46","0:50:06","0:09:18","3:11:02","0:07:50","3:05:30","1501","1219","206","700","1477","1195","203","1359","1136","201","1501","1219","206","26626","3006","558","11462","470","11130"
"1478","Monika Fast","Female","Traun","","AT","F50-54","FIN","7:23:57","0:47:41","0:08:24","3:43:21","0:05:49","2:38:41","1502","283","23","1024","1430","272","22","1517","289","22","1502","283","23","26637","2861","504","13401","349","9521"
"618","Vojtěch Ižol","Male","Hradec Králové","Česká republika","CZ","M18-24","FIN","7:24:13","0:50:45","0:07:56","3:40:35","0:07:47","2:37:10","1503","1220","188","700","1488","1204","188","1516","1228","190","1503","1220","188","26653","3045","476","13235","467","9430"
"1314","Tomas Wiesner","Male","Prague","Prague","CZ","M35-39","FIN","7:24:21","0:36:33","0:09:07","3:25:33","0:06:57","3:06:11","1504","1221","207","700","619","521","93","1368","1143","203","1504","1221","207","26661","2193","547","12333","417","11171"
"1782","Marek Tlapa","Male","Vodňany","Jihočeský kraj","CZ","M18-24","FIN","7:24:46","0:42:03","0:06:44","3:33:48","0:06:52","2:55:19","1505","1222","189","700","1119","912","138","1456","1197","180","1505","1222","189","26686","2523","404","12828","412","10519"
"1764","Helmut Fitz","Male","Bisamberg","2","AT","M60-64","FIN","7:25:34","0:35:45","0:06:56","4:02:35","0:04:45","2:35:33","1506","1223","18","1133","554","471","9","1532","1238","18","1506","1223","18","26734","2145","416","14555","285","9333"
"1287","Petra Cerná","Female","Hořice","Hradec Králové Region","CZ","F45-49","FIN","7:26:48","0:44:01","0:09:26","3:35:43","0:08:07","2:49:31","1507","284","24","831","1275","239","22","1486","270","25","1507","284","24","26808","2641","566","12943","487","10171"
"343","Radek Miller","Male","Běštín","Central Bohemian Region","CZ","M25-29","FIN","7:26:52","0:51:16","0:09:50","3:38:44","0:08:28","2:38:33","1508","1224","204","700","1498","1212","195","1518","1229","204","1508","1224","204","26812","3076","590","13124","508","9513"
"737","Marta Paprocka","Female","Rabka-Zdrój","małopolskie","PL","F45-49","FIN","7:28:01","0:55:36","0:07:49","3:50:35","0:08:02","2:26:00","1509","285","25","809","1529","296","26","1540","298","26","1509","285","25","26881","3336","469","13835","482","8760"
"710","Nela Šindelářová","Female","Jemnice","Vysočina Region","CZ","F18-24","FIN","7:28:43","0:54:41","0:07:25","3:41:48","0:06:38","2:38:10","1510","286","44","775","1522","292","44","1527","293","44","1510","286","44","26923","3281","445","13308","398","9490"
"1618","Martin Vambera","Male","Ceské Budejovice","Jihočeský kraj","CZ","M50-54","FIN","7:29:41","0:46:07","0:15:04","3:29:40","0:10:09","2:48:41","1511","1225","102","700","1373","1110","96","1495","1220","103","1511","1225","102","26981","2767","904","12580","609","10121"
"1672","Peter Hanic","Male","Beckov","foreigner","SK","M45-49","FIN","7:29:56","0:39:52","0:12:27","3:29:55","0:11:57","2:55:46","1512","1226","120","700","939","778","81","1454","1196","117","1512","1226","120","26996","2392","747","12595","717","10546"
"881","Zuzana Matašová","Female","Hradec Králové","Hradec Králové Region","SK","F30-34","FIN","7:30:01","0:56:12","0:08:15","3:27:15","0:07:29","2:50:51","1513","287","49","700","1532","297","53","1498","278","49","1513","287","49","27001","3372","495","12435","449","10251"
"285","Blanka Dvorak","Female","Cairns","QLD","CZ","F50-54","FIN","7:31:35","0:42:32","0:10:08","3:47:38","0:06:55","2:44:23","1514","288","24","887","1161","212","18","1519","290","23","1514","288","24","27095","2552","608","13658","415","9863"
"1696","Julia Tudaj","Female","Poprad","foreigner","SK","F40-44","FIN","7:32:41","0:50:13","0:09:10","3:35:08","0:08:12","2:49:59","1515","289","35","700","1478","283","36","1505","285","35","1515","289","35","27161","3013","550","12908","492","10199"
"1449","Purevjargal Gansukh","Female","Loděnice","Central Bohemian Region","MN","F25-29","FIN","7:32:50","0:52:54","0:09:51","3:38:12","0:08:12","2:43:41","1516","290","59","700","1509","289","59","1520","291","60","1516","290","59","27170","3174","591","13092","492","9821"
"1420","Šimon Švadleňák","Male","Pozlovice","Zlín Region","CZ","M18-24","FIN","7:32:59","0:50:54","0:12:08","3:36:06","0:09:06","2:44:45","1517","1227","190","700","1490","1206","189","1515","1227","189","1517","1227","190","27179","3054","728","12966","546","9885"
"1607","Karolina BURESOVA","Female","Prague","Prague","CZ","F40-44","FIN","7:33:49","0:44:53","0:14:28","3:45:37","0:13:15","2:35:36","1518","291","36","700","1330","252","33","1530","294","36","1518","291","36","27229","2693","868","13537","795","9336"
"1561","Megha Jose","Female","Coimbatore","Tamil Nadu","IN","F30-34","FIN","7:34:44","0:55:35","0:08:43","3:33:14","0:05:44","2:51:28","1519","292","50","700","1528","295","52","1509","286","50","1519","292","50","27284","3335","523","12794","344","10288"
"1228","Lukáš Petříček","Male","Kuřim","South Moravian Region","CZ","M18-24","FIN","7:36:35","0:48:04","0:09:40","3:32:42","0:11:23","2:54:47","1520","1228","191","700","1438","1164","179","1492","1219","187","1520","1228","191","27395","2884","580","12762","683","10487"
"1643","Marianthi Tsiaousi","Female","Serres","GR-B","GR","F55-59","FIN","7:36:41","0:37:33","0:11:15","3:42:06","0:09:36","2:56:11","1521","293","5","1090","725","118","2","1496","276","5","1521","293","5","27401","2253","675","13326","576","10571"
"1171","František Kocáb","Male","Kunčice","Hradec Králové Region","CZ","M25-29","FIN","7:36:55","0:35:19","0:07:12","3:59:41","0:04:57","2:49:47","1522","1229","205","700","516","439","65","1524","1233","205","1522","1229","205","27415","2119","432","14381","297","10187"
"1770","Sára Hejtmanská","Female","Slaný","Central Bohemian Region","CZ","F25-29","FIN","7:37:22","0:48:26","0:09:03","3:40:19","0:08:22","2:51:12","1523","294","60","700","1447","275","56","1512","287","58","1523","294","60","27442","2906","543","13219","502","10272"
"1050","Patrik Omasta","Male","Dunajská Streda","foreigner","SK","M18-24","FIN","7:39:56","0:50:32","0:10:22","3:43:06","0:07:02","2:48:53","1524","1230","192","700","1486","1202","186","1528","1235","191","1524","1230","192","27596","3032","622","13386","422","10133"
"487","Petr Prošek","Male","Králův Dvůr","Central Bohemian Region","CZ","M30-34","FIN","7:42:09","0:53:34","0:11:28","3:37:24","0:07:29","2:52:14","1525","1231","180","700","1513","1224","181","1525","1234","181","1525","1231","180","27729","3214","688","13044","449","10334"
"1043","Ing. Špelina","Male","Středokluky","Central Bohemian Region","CZ","M50-54","FIN","7:42:48","0:54:05","0:09:33","3:38:17","0:06:28","2:54:25","1526","1232","103","700","1519","1229","102","1523","1232","105","1526","1232","103","27768","3245","573","13097","388","10465"
"212","Anke Sembacher","Female","Oberwaltersdorf","NIEDEROSTERREICH","AT","F45-49","FIN","7:45:16","0:40:53","0:06:56","3:25:15","0:06:45","3:25:27","1527","295","26","700","1022","183","17","1394","235","20","1527","295","26","27916","2453","416","12315","405","12327"
"1714","Gabriela van de Graaf","Female","Papendrecht","foreigner","NL","F30-34","FIN","7:46:01","0:55:15","0:11:55","3:43:36","0:07:07","2:48:09","1528","296","51","700","1525","293","50","1539","297","52","1528","296","51","27961","3315","715","13416","427","10089"
"1042","Anna Klimánková","Female","Prague","Prague","CZ","F25-29","FIN","7:46:17","0:51:04","0:09:18","3:42:15","0:04:26","2:59:13","1529","297","61","700","1496","285","58","1526","292","61","1529","297","61","27977","3064","558","13335","266","10753"
"614","Michael Rudolf","Male","Prague","Prague","CZ","M55-59","FIN","7:47:58","0:43:24","0:06:07","3:55:29","0:06:51","2:56:07","1530","1233","44","700","1228","1000","38","1531","1237","45","1530","1233","44","28078","2604","367","14129","411","10567"
"1490","Simona Tomanová","Female","Havířov","Moravian-Silesian Region","CZ","F30-34","FIN","7:48:54","0:46:57","0:06:37","3:56:47","0:05:53","2:52:40","1531","298","52","700","1404","269","45","1538","296","51","1531","298","52","28134","2817","397","14207","353","10360"
"718","Milan Linhart","Male","Dobruska","","CZ","M60-64","FIN","7:50:23","0:59:56","0:12:33","3:33:34","0:10:00","2:54:19","1532","1234","19","700","1543","1244","19","1533","1239","19","1532","1234","19","28223","3596","753","12814","600","10459"
"1763","Raghav Goel","Male","Safdarjang development area","foreigner","IN","M40-44","FIN","7:51:11","0:56:08","0:14:02","3:37:10","0:12:21","2:51:29","1533","1235","138","700","1531","1235","137","1535","1241","138","1533","1235","138","28271","3368","842","13030","741","10289"
"1390","Martin Šereda","Male","Praha 4","Prague","CZ","M55-59","FIN","7:51:56","0:35:00","0:09:50","3:24:30","0:11:58","3:30:38","1534","1236","45","700","474","403","13","1344","1123","43","1534","1236","45","28316","2100","590","12270","718","12638"
"234","Tomáš Šebek","Male","","Central Bohemian Region","CZ","M25-29","FIN","7:52:57","0:48:28","0:09:07","3:49:26","0:05:55","3:00:00","1535","1237","206","700","1448","1173","187","1534","1240","206","1535","1237","206","28377","2908","547","13766","355","10800"
"807","Kryštof Hauser","Male","liberec","LIBEREC","CZ","M18-24","FIN","7:54:27","0:49:18","0:09:25","4:07:20","0:05:15","2:43:08","1536","1238","193","700","1466","1186","182","1542","1244","193","1536","1238","193","28467","2958","565","14840","315","9788"
"1323","Pawel Kaszynski","Male","Warszawa","mazowieckie","PL","M45-49","FIN","7:56:26","0:44:42","0:11:23","3:48:43","0:11:45","2:59:54","1537","1239","121","700","1321","1072","100","1529","1236","122","1537","1239","121","28586","2682","683","13723","705","10794"
"793","Jakub Michna","Male","Brno","CZ-642","CZ","M30-34","FIN","8:02:12","0:44:19","0:09:25","4:28:35","0:06:48","2:33:05","1538","1240","181","700","1296","1053","157","1543","1245","182","1538","1240","181","28932","2659","565","16115","408","9185"
"772","Tomáš Hovorka","Male","Pardubice","CZ-532","CZ","M50-54","FIN","8:02:35","0:59:27","0:09:20","3:26:25","0:05:47","3:21:36","1539","1241","104","700","1541","1243","105","1506","1221","104","1539","1241","104","28955","3567","560","12385","347","12096"
"1430","Kalpesh Doshi","Male","Mumbai","","IN","M50-54","FIN","8:04:31","0:58:38","0:08:53","3:48:37","0:08:10","3:00:13","1540","1242","105","700","1540","1242","104","1541","1243","106","1540","1242","105","29071","3518","533","13717","490","10813"
"1788","Przemyslaw Jurczak","Male","Legnica","dolnośląskie","PL","MGuide","FIN","8:05:23","0:50:54","0:08:14","4:31:00","0:08:48","2:26:26","1541","1243","1","3500","1491","1207","1","1545","1246","1","1541","1243","1","29123","3054","494","16260","528","8786"
"827","Robin Krejci","Male","Saint Petersburg","FL","CZ","M45-49","FIN","8:09:13","0:49:50","0:09:10","3:25:27","0:06:31","3:38:16","1542","1244","122","700","1475","1194","121","1467","1206","119","1542","1244","122","29353","2990","550","12327","391","13096"
"1051","Jan Vondrák","Male","Hostouň","Central Bohemian Region","CZ","M50-54","FIN","8:12:26","0:39:03","0:12:04","3:31:29","0:06:44","3:43:07","1543","1245","106","700","871","721","68","1457","1198","102","1543","1245","106","29546","2343","724","12689","404","13387"
"1330","Tomáš Voves","Male","Líbeznice","Central Bohemian Region","SK","M30-34","FIN","8:12:57","0:45:18","0:09:46","3:46:45","0:09:27","3:21:40","1544","1246","182","700","1347","1088","163","1522","1231","180","1544","1246","182","29577","2718","586","13605","567","12100"
"1014","Tanya Benito","Female","Chorvátsky Grob","foreigner","MX","F30-34","FIN","8:26:18","0:55:17","0:11:46","4:15:30","0:07:56","2:55:48","1545","299","53","700","1526","294","51","1544","299","53","1545","299","53","30378","3317","706","15330","476","10548"
"267","Adam Mojžíšek","Male","Dolní Lutyně","Moravian-Silesian Region","CZ","M40-44","FIN","","","0:00:00","","0:00:00","","99999","99999","99999","","99999","99999","99999","99999","99999","99999","99999","99999","99999","","","","","",""
"478","Roman Tyr","Male","Tetín","Central Bohemian Region","CZ","M45-49","FIN","","","0:00:00","","0:00:00","","99999","99999","99999","","99999","99999","99999","99999","99999","99999","99999","99999","99999","","","","","",""
"383","Tomáš Růžička","Male","Brno","BRNO-MESTO","CZ","M25-29","DNF","","0:39:43","0:08:17","","0:00:00","","99999","99999","99999","","99999","99999","99999","99999","99999","99999","99999","99999","99999","","2383","497","","",""
"1606","Jannis Hauerwaas","Male","Ergersheim","Bayern","DE","M25-29","FIN","","","0:00:00","","0:00:00","","99999","99999","99999","","99999","99999","99999","99999","99999","99999","99999","99999","99999","","","","","",""
"4","Jannik Schaufler","Male","Weingarten","BW","DE","MPRO","FIN","","","0:00:00","","0:00:00","","99999","99999","99999","","99999","99999","99999","99999","99999","99999","99999","99999","99999","","","","","",""
"339","Pavel Bonaventura","Male","Carlsbad","Karlovy Vary Region","CZ","M30-34","FIN","","","0:00:00","","0:00:00","","99999","99999","99999","","99999","99999","99999","99999","99999","99999","99999","99999","99999","","","","","",""
"974","Daniel Zajíc","Male","Stará Paka","Hradec Králové Region","CZ","M45-49","FIN","","","0:00:00","","0:00:00","","99999","99999","99999","","99999","99999","99999","99999","99999","99999","99999","99999","99999","","","","","",""
"1824","Jan Havranek","Male","Tábor","CZ-317","CZ","M25-29","FIN","","","0:00:00","","0:00:00","","99999","99999","99999","","99999","99999","99999","99999","99999","99999","99999","99999","99999","","","","","",""
"747","Klára Szromková","Female","Křelov","foreigner","CZ","F18-24","FIN","","","0:00:00","","0:00:00","","99999","99999","99999","","99999","99999","99999","99999","99999","99999","99999","99999","99999","","","","","",""
"1104","Matěj Gubiš","Male","Rožďalovice","Central Bohemian Region","CZ","M18-24","FIN","","","0:00:00","","0:00:00","","99999","99999","99999","","99999","99999","99999","99999","99999","99999","99999","99999","99999","","","","","",""
"1569","Petr Weisser","Male","Prague","Prague","CZ","M30-34","DNF","","0:55:06","0:12:08","3:45:51","0:15:40","","99999","99999","99999","","99999","99999","99999","99999","99999","99999","99999","99999","99999","","3306","728","13551","940",""
"983","Barbora Ježková","Female","Hradec Králové","Hradec Králové Region","CZ","F18-24","DNF","","","0:00:00","","0:00:00","","99999","99999","99999","","99999","99999","99999","99999","99999","99999","99999","99999","99999","","","","","",""
"24","Gui Muglia Campos","Male","Boulder","CO","US","MPRO","FIN","","","0:00:00","","0:00:00","","99999","99999","99999","","99999","99999","99999","99999","99999","99999","99999","99999","99999","","","","","",""
"701","Dominik Krejčí","Male","Bezděz","Liberec Region","CZ","M18-24","FIN","","","0:00:00","","0:00:00","","99999","99999","99999","","99999","99999","99999","99999","99999","99999","99999","99999","99999","","","","","",""
"567","Tereza Žilková","Female","Hradec Králové","Hradec Králové Region","CZ","F35-39","FIN","","","0:00:00","","0:00:00","","99999","99999","99999","","99999","99999","99999","99999","99999","99999","99999","99999","99999","","","","","",""
"1684","Giuseppe Esposito","Male","Canepina","","IT","M40-44","DNF","","0:49:51","0:09:39","3:40:28","0:04:31","","99999","99999","99999","","99999","99999","99999","99999","99999","99999","99999","99999","99999","","2991","579","13228","271",""
"1483","Ole Rasmussen","Male","EjbyLille Skensved","","DK","M55-59","FIN","","","0:00:00","","0:00:00","","99999","99999","99999","","99999","99999","99999","99999","99999","99999","99999","99999","99999","","","","","",""
"121","Verena Fetzer","Female","München","DE-BY","DE","F30-34","FIN","","","0:00:00","","0:00:00","","99999","99999","99999","","99999","99999","99999","99999","99999","99999","99999","99999","99999","","","","","",""
"1375","Milan Markovič","Male","Bašť","Central Bohemian Region","CZ","M45-49","FIN","","","0:00:00","","0:00:00","","99999","99999","99999","","99999","99999","99999","99999","99999","99999","99999","99999","99999","","","","","",""
"1547","Kirsten Smith","Female","Hamilton","Scotland","GB","F45-49","DNF","","0:40:41","0:10:38","3:47:59","0:00:00","","99999","99999","99999","","99999","99999","99999","99999","99999","99999","99999","99999","99999","","2441","638","13679","",""
"913","Marek Lukavský","Male","Pardubice","Pardubice Region","CZ","M18-24","FIN","","","0:00:00","","0:00:00","","99999","99999","99999","","99999","99999","99999","99999","99999","99999","99999","99999","99999","","","","","",""
"240","Daniela Kamarádová","Female","Dolní Lomnice","Central Bohemian Region","CZ","F50-54","FIN","","","0:00:00","","0:00:00","","99999","99999","99999","","99999","99999","99999","99999","99999","99999","99999","99999","99999","","","","","",""
"243","Marek Nevrklo","Male","Prague","Prague","CZ","M50-54","FIN","","","0:00:00","","0:00:00","","99999","99999","99999","","99999","99999","99999","99999","99999","99999","99999","99999","99999","","","","","",""
"844","Šimon Vostrý","Male","Prague","Prague","CZ","M45-49","FIN","","","0:00:00","","0:00:00","","99999","99999","99999","","99999","99999","99999","99999","99999","99999","99999","99999","99999","","","","","",""
"728","Juraj Tkáč","Male","Svratka","Vysočina Region","SK","M45-49","FIN","","","0:00:00","","0:00:00","","99999","99999","99999","","99999","99999","99999","99999","99999","99999","99999","99999","99999","","","","","",""
"502","Lukas Fritz","Male","Haar","BAYERN","DE","M30-34","FIN","","","0:00:00","","0:00:00","","99999","99999","99999","","99999","99999","99999","99999","99999","99999","99999","99999","99999","","","","","",""
"1776","Daniel Schager","","Pirching am Traubenberg","foreigner","AT","M40-44","FIN","","","0:00:00","","0:00:00","","99999","99999","99999","","99999","99999","99999","99999","99999","99999","99999","99999","99999","","","","","",""
"1553","Filip Koutecký","Male","Prague","Prague","CZ","M18-24","FIN","","","0:00:00","","0:00:00","","99999","99999","99999","","99999","99999","99999","99999","99999","99999","99999","99999","99999","","","","","",""
"5004","Lisa-Maria Dornauer","Female","Finkenberg","TIROL","AT","FPRO","DNF","","0:25:56","0:03:27","2:19:41","0:03:16","","99999","99999","99999","","99999","99999","99999","99999","99999","99999","99999","99999","99999","","1556","207","8381","196",""
"1010","Lena Martens","Female","Hamburg","","DE","F25-29","FIN","","","0:00:00","","0:00:00","","99999","99999","99999","","99999","99999","99999","99999","99999","99999","99999","99999","99999","","","","","",""
"425","Jan Mašek","Male","Blatno","Ústí nad Labem Region","CZ","M40-44","FIN","","","0:00:00","","0:00:00","","99999","99999","99999","","99999","99999","99999","99999","99999","99999","99999","99999","99999","","","","","",""
"592","Štefan Kuchtiak","Male","Topoľčany","SK-NI","SK","M35-39","FIN","","","0:00:00","","0:00:00","","99999","99999","99999","","99999","99999","99999","99999","99999","99999","99999","99999","99999","","","","","",""
"1432","Fatih Ören","Male","Istanbul","TR-34","TR","M40-44","FIN","","","0:00:00","","0:00:00","","99999","99999","99999","","99999","99999","99999","99999","99999","99999","99999","99999","99999","","","","","",""
"5014","Dorka Soós","Female","","","HU","FPRO","DNF","","0:25:57","0:03:18","","0:00:00","","99999","99999","99999","","99999","99999","99999","99999","99999","99999","99999","99999","99999","","1557","198","","",""
"539","Tomas Toman","Male","Suchohrdly u Miroslavi","South Moravian Region","CZ","M40-44","FIN","","","0:00:00","","0:00:00","","99999","99999","99999","","99999","99999","99999","99999","99999","99999","99999","99999","99999","","","","","",""
"1429","dhanraj sansare","Male","Mumbai","foreigner","IN","M55-59","DNF","","","0:00:00","","0:00:00","","99999","99999","99999","","99999","99999","99999","99999","99999","99999","99999","99999","99999","","","","","",""
"516","Przemyslaw Kossakowski","Male","Warszawa","mazowieckie","PL","M35-39","FIN","","","0:00:00","","0:00:00","","99999","99999","99999","","99999","99999","99999","99999","99999","99999","99999","99999","99999","","","","","",""
"1100","Tomas Krenc","Male","Most","CZ-USTECKY KRAJ","CZ","M50-54","FIN","","","0:00:00","","0:00:00","","99999","99999","99999","","99999","99999","99999","99999","99999","99999","99999","99999","99999","","","","","",""
"1073","Michal Ryba","Male","Střezimíř","Central Bohemian Region","CZ","M35-39","FIN","","","0:00:00","","0:00:00","","99999","99999","99999","","99999","99999","99999","99999","99999","99999","99999","99999","99999","","","","","",""
"176","Martin Andrs","Male","Zeleneč","Central Bohemian Region","CZ","M35-39","DNF","","0:26:08","0:03:56","","0:00:00","","99999","99999","99999","","99999","99999","99999","99999","99999","99999","99999","99999","99999","","1568","236","","",""
"1344","Vladimir Wunsch","Male","Liberec","Liberec Region","CZ","M25-29","FIN","","","0:00:00","","0:00:00","","99999","99999","99999","","99999","99999","99999","99999","99999","99999","99999","99999","99999","","","","","",""
"152","Josef Vomacka","Male","Hradec Kralove","Hradec Králové Region","CZ","M45-49","DNF","","0:32:27","0:04:32","","0:00:00","","99999","99999","99999","","99999","99999","99999","99999","99999","99999","99999","99999","99999","","1947","272","","",""
"973","Matthias Hadwiger","Male","Jihlava","Vysočina Region","CZ","M18-24","FIN","","","0:00:00","","0:00:00","","99999","99999","99999","","99999","99999","99999","99999","99999","99999","99999","99999","99999","","","","","",""
"1258","Lukáš Křižánek","Male","Těrlicko","Moravian-Silesian Region","CZ","M30-34","FIN","","","0:00:00","","0:00:00","","99999","99999","99999","","99999","99999","99999","99999","99999","99999","99999","99999","99999","","","","","",""
"1120","Martin Lacko","Male","Považská Bystrica","foreigner","SK","M30-34","FIN","","","0:00:00","","0:00:00","","99999","99999","99999","","99999","99999","99999","99999","99999","99999","99999","99999","99999","","","","","",""
"1234","Hugo Gál","Male","Michalovce","foreigner","SK","M18-24","DNF","","0:36:40","0:07:01","","0:00:00","","99999","99999","99999","","99999","99999","99999","99999","99999","99999","99999","99999","99999","","2200","421","","",""
"622","Khoi Nguyen Vu","Male","Olomouc","foreigner","VN","M18-24","DNF","","","0:00:00","","0:00:00","","99999","99999","99999","","99999","99999","99999","99999","99999","99999","99999","99999","99999","","","","","",""
"864","Filip Zárobský","Male","Svrkyně","Central Bohemian Region","CZ","M25-29","FIN","","","0:00:00","","0:00:00","","99999","99999","99999","","99999","99999","99999","99999","99999","99999","99999","99999","99999","","","","","",""
"923","Michal Terka","Male","Stratford-upon-Avon","Warwickshire","PL","M40-44","FIN","","","0:00:00","","0:00:00","","99999","99999","99999","","99999","99999","99999","99999","99999","99999","99999","99999","99999","","","","","",""
"606","Martin Šostok","Male","Šenov u Nového Jičína","Moravian-Silesian Region","CZ","M18-24","FIN","","","0:00:00","","0:00:00","","99999","99999","99999","","99999","99999","99999","99999","99999","99999","99999","99999","99999","","","","","",""
"6","Arne Leiss","Male","Freiburg","BW","DE","MPRO","FIN","","","0:00:00","","0:00:00","","99999","99999","99999","","99999","99999","99999","99999","99999","99999","99999","99999","99999","","","","","",""
"1698","Stanislav Zemach","Male","Pardubice","Pardubice Region","CZ","M30-34","FIN","","","0:00:00","","0:00:00","","99999","99999","99999","","99999","99999","99999","99999","99999","99999","99999","99999","99999","","","","","",""
"1054","Nicolas Hostaléry","Male","Orphin","foreigner","FR","M40-44","FIN","","","0:00:00","","0:00:00","","99999","99999","99999","","99999","99999","99999","99999","99999","99999","99999","99999","99999","","","","","",""
"1789","Jakub Jurczak","Male","Legnica","dolnośląskie","PL","PC/ID","FIN","8:05:22","0:50:54","0:08:15","4:31:00","0:08:47","2:26:27","99999","99999","99999","700","99999","99999","99999","99999","99999","99999","99999","99999","99999","29122","3054","495","16260","527","8787"
"1778","Lauren Davenport","Female","Scranton","PA","US","F30-34","FIN","","","0:00:00","","0:00:00","","99999","99999","99999","","99999","99999","99999","99999","99999","99999","99999","99999","99999","","","","","",""
"371","Luboš Kunc","Male","Žďár nad Metují","Hradec Králové Region","CZ","M40-44","FIN","","","0:00:00","","0:00:00","","99999","99999","99999","","99999","99999","99999","99999","99999","99999","99999","99999","99999","","","","","",""
"558","Jakub Mokrý","Male","Holice","Pardubice Region","CZ","M35-39","FIN","","","0:00:00","","0:00:00","","99999","99999","99999","","99999","99999","99999","99999","99999","99999","99999","99999","99999","","","","","",""
"1690","Tarassov Nikita","Male","Slapy, Rabyně, Buš, Štěchovice","Prague","KZ","M25-29","FIN","","","0:00:00","","0:00:00","","99999","99999","99999","","99999","99999","99999","99999","99999","99999","99999","99999","99999","","","","","",""
"1730","Stanislav Fischer","Male","Loket","Karlovy Vary Region","CZ","M35-39","FIN","","","0:00:00","","0:00:00","","99999","99999","99999","","99999","99999","99999","99999","99999","99999","99999","99999","99999","","","","","",""
"1681","Julia Jedwabny","Female","Calpe","ES-A","PL","F40-44","DNF","","0:49:09","0:06:07","2:42:11","0:06:37","","99999","99999","99999","","99999","99999","99999","99999","99999","99999","99999","99999","99999","","2949","367","9731","397",""
"1658","Hana Štefaničová","Female","Čáslav","Central Bohemian Region","CZ","F50-54","FIN","","","0:00:00","","0:00:00","","99999","99999","99999","","99999","99999","99999","99999","99999","99999","99999","99999","99999","","","","","",""
"787","Dana Klempírová","Female","Vrané nad Vltavou","Central Bohemian Region","CZ","F50-54","FIN","","","0:00:00","","0:00:00","","99999","99999","99999","","99999","99999","99999","99999","99999","99999","99999","99999","99999","","","","","",""
"1108","Gustavo Hernandez","Male","Ingelheim am Rhein","foreigner","MX","M35-39","FIN","","","0:00:00","","0:00:00","","99999","99999","99999","","99999","99999","99999","99999","99999","99999","99999","99999","99999","","","","","",""
"1202","Daria Alic","Female","Vienna","foreigner","DE","F18-24","FIN","","","0:00:00","","0:00:00","","99999","99999","99999","","99999","99999","99999","99999","99999","99999","99999","99999","99999","","","","","",""
"1231","Emma Moretzsohn","Female","Philadelphia","PA","US","F35-39","FIN","","","0:00:00","","0:00:00","","99999","99999","99999","","99999","99999","99999","99999","99999","99999","99999","99999","99999","","","","","",""
"1727","Aneta Brozova","Female","Belp","","CZ","F30-34","DNF","","0:47:46","0:09:17","","0:00:00","","99999","99999","99999","","99999","99999","99999","99999","99999","99999","99999","99999","99999","","2866","557","","",""
"1648","Steven Ho","Male","Central","CN-91","HK","M50-54","FIN","","","0:00:00","","0:00:00","","99999","99999","99999","","99999","99999","99999","99999","99999","99999","99999","99999","99999","","","","","",""
"851","Gyula VOLLÁR","Male","Szigetszentmiklós","HU-PE","HU","M55-59","DNF","","0:45:43","0:08:39","3:30:05","0:09:16","","99999","99999","99999","","99999","99999","99999","99999","99999","99999","99999","99999","99999","","2743","519","12605","556",""
"1316","Filip Funiok","Male","Janovice","Moravian-Silesian Region","CZ","M25-29","FIN","","","0:00:00","","0:00:00","","99999","99999","99999","","99999","99999","99999","99999","99999","99999","99999","99999","99999","","","","","",""
"784","David Brenner","Male","Brno","South Moravian Region","CZ","M30-34","FIN","","","0:00:00","","0:00:00","","99999","99999","99999","","99999","99999","99999","99999","99999","99999","99999","99999","99999","","","","","",""
"1271","Jan Macháček","Male","Březnice","Central Bohemian Region","CZ","M30-34","FIN","","","0:00:00","","0:00:00","","99999","99999","99999","","99999","99999","99999","99999","99999","99999","99999","99999","99999","","","","","",""
"1310","Pavel Bohatec","Male","Kutná Hora","Central Bohemian Region","CZ","M35-39","FIN","","","0:00:00","","0:00:00","","99999","99999","99999","","99999","99999","99999","99999","99999","99999","99999","99999","99999","","","","","",""
"1695","Martin Špacek","Male","Trutnov","Hradec Králové Region","CZ","M45-49","FIN","","","0:00:00","","0:00:00","","99999","99999","99999","","99999","99999","99999","99999","99999","99999","99999","99999","99999","","","","","",""
"1357","Martin Vais","","","","CZ","M60-64","FIN","","","0:00:00","","0:00:00","","99999","99999","99999","","99999","99999","99999","99999","99999","99999","99999","99999","99999","","","","","",""
"1453","Nelly Wojtasinski","Female","CADOLIVE","","FR","F65-69","FIN","","","0:00:00","","0:00:00","","99999","99999","99999","","99999","99999","99999","99999","99999","99999","99999","99999","99999","","","","","",""
"377","Lucie Fialová","Female","Slavkov u Bna","South Moravian Region","CZ","F45-49","DNF","","0:33:36","0:04:57","2:33:21","0:03:31","","99999","99999","99999","","99999","99999","99999","99999","99999","99999","99999","99999","99999","","2016","297","9201","211",""
"1318","Jaromír Korístka","Male","Loučka","Moravian-Silesian Region","CZ","M40-44","FIN","","","0:00:00","","0:00:00","","99999","99999","99999","","99999","99999","99999","99999","99999","99999","99999","99999","99999","","","","","",""
"1474","Marko Krajnc","Male","Ptuj","","SI","M40-44","FIN","","","0:00:00","","0:00:00","","99999","99999","99999","","99999","99999","99999","99999","99999","99999","99999","99999","99999","","","","","",""
"1436","Kamila Surovcova","Female","Blučina","South Moravian Region","CZ","F25-29","FIN","","","0:00:00","","0:00:00","","99999","99999","99999","","99999","99999","99999","99999","99999","99999","99999","99999","99999","","","","","",""
"193","Robert Pirnbacher","Male","Weyregg am Attersee","OBEROSTERREICH","AT","M55-59","DNF","","0:30:27","0:06:05","2:17:50","0:00:00","","99999","99999","99999","","99999","99999","99999","99999","99999","99999","99999","99999","99999","","1827","365","8270","",""
"410","Norbert Paňko","Male","Prague","foreigner","SK","M30-34","FIN","","","0:00:00","","0:00:00","","99999","99999","99999","","99999","99999","99999","99999","99999","99999","99999","99999","99999","","","","","",""
"1092","Martin Dvorák","Male","Březí","Central Bohemian Region","CZ","M50-54","FIN","","","0:00:00","","0:00:00","","99999","99999","99999","","99999","99999","99999","99999","99999","99999","99999","99999","99999","","","","","",""
"541","Eugen Prichodko","Male","Praha","Prague","CZ","M45-49","FIN","","","0:00:00","","0:00:00","","99999","99999","99999","","99999","99999","99999","99999","99999","99999","99999","99999","99999","","","","","",""
"854","Antonio Rodriguez Castellanos","Male","Salamanca","","ES","M45-49","FIN","","","0:00:00","","0:00:00","","99999","99999","99999","","99999","99999","99999","99999","99999","99999","99999","99999","99999","","","","","",""
"725","Jiří Krejčí","Male","Stašov","Central Bohemian Region","CZ","M35-39","FIN","","","0:00:00","","0:00:00","","99999","99999","99999","","99999","99999","99999","99999","99999","99999","99999","99999","99999","","","","","",""
"335","David Sebek","Male","","Central Bohemian Region","CZ","M25-29","FIN","","","0:00:00","","0:00:00","","99999","99999","99999","","99999","99999","99999","99999","99999","99999","99999","99999","99999","","","","","",""
"322","Zbynek Šmejkal","Male","Poříčany","Central Bohemian Region","CZ","M40-44","DNF","","0:37:11","0:05:43","","0:00:00","","99999","99999","99999","","99999","99999","99999","99999","99999","99999","99999","99999","99999","","2231","343","","",""
"1339","Jakub Mičulka","Male","Protivín, Žďár, Paseky, Skály, Heřmaň, Ražice, Albrechtice nad Vltavou, Tálín","Jihočeský kraj","CZ","M35-39","FIN","","","0:00:00","","0:00:00","","99999","99999","99999","","99999","99999","99999","99999","99999","99999","99999","99999","99999","","","","","",""
"1128","Martin Busa","Male","Prague 4 - Kunratice","Czech Republic","CZ","M50-54","FIN","","","0:00:00","","0:00:00","","99999","99999","99999","","99999","99999","99999","99999","99999","99999","99999","99999","99999","","","","","",""
"961","Vojtěch Herel","Male","Hradec Králové","Hradec Králové Region","CZ","M30-34","FIN","","","0:00:00","","0:00:00","","99999","99999","99999","","99999","99999","99999","99999","99999","99999","99999","99999","99999","","","","","",""
"216","Lukáš Tomko","Male","Prague","Prague","CZ","M30-34","FIN","","","0:00:00","","0:00:00","","99999","99999","99999","","99999","99999","99999","99999","99999","99999","99999","99999","99999","","","","","",""
"115","Vladimír Machácek","Male","Olšany u Prostějova","CZ-712","CZ","M45-49","FIN","","","0:00:00","","0:00:00","","99999","99999","99999","","99999","99999","99999","99999","99999","99999","99999","99999","99999","","","","","",""
"1491","Christian Teufel","Male","Illerkirchberg","BADEN-WURTTEMBERG","DE","M45-49","FIN","","","0:00:00","","0:00:00","","99999","99999","99999","","99999","99999","99999","99999","99999","99999","99999","99999","99999","","","","","",""
"673","Petr Janýr","Male","Rudná","Central Bohemian Region","CZ","M50-54","FIN","","","0:00:00","","0:00:00","","99999","99999","99999","","99999","99999","99999","99999","99999","99999","99999","99999","99999","","","","","",""
"1503","Viljami Hökkä","Male","Oulu","foreigner","FI","M18-24","FIN","","","0:00:00","","0:00:00","","99999","99999","99999","","99999","99999","99999","99999","99999","99999","99999","99999","99999","","","","","",""
"159","Lukas Czerny-Reindl","Male","Mistelbach","foreigner","AT","M40-44","FIN","","","0:00:00","","0:00:00","","99999","99999","99999","","99999","99999","99999","99999","99999","99999","99999","99999","99999","","","","","",""
"1217","James Camilleri","Male","Birkirkara","MT-04","MT","M40-44","FIN","","","0:00:00","","0:00:00","","99999","99999","99999","","99999","99999","99999","99999","99999","99999","99999","99999","99999","","","","","",""
"1435","Jakub Lorenc","Male","Praha","PRAHA 7","CZ","M30-34","FIN","","","0:00:00","","0:00:00","","99999","99999","99999","","99999","99999","99999","99999","99999","99999","99999","99999","99999","","","","","",""
"471","Lukáš Tondl","Male","Prague","Prague","CZ","M30-34","FIN","","","0:00:00","","0:00:00","","99999","99999","99999","","99999","99999","99999","99999","99999","99999","99999","99999","99999","","","","","",""
"1733","David Jurčo","Male","Protivín, Žďár, Paseky, Skály, Heřmaň, Ražice, Albrechtice nad Vltavou, Tálín","South Bohemian Region","CZ","M25-29","FIN","","","0:00:00","","0:00:00","","99999","99999","99999","","99999","99999","99999","99999","99999","99999","99999","99999","99999","","","","","",""
"617","Michal Polách","Male","Otrokovice","South Moravian Region","CZ","M50-54","FIN","","","0:00:00","","0:00:00","","99999","99999","99999","","99999","99999","99999","99999","99999","99999","99999","99999","99999","","","","","",""
"1096","Petr Nejedly","Male","Brno","South Moravian Region","CZ","M30-34","FIN","","","0:00:00","","0:00:00","","99999","99999","99999","","99999","99999","99999","99999","99999","99999","99999","99999","99999","","","","","",""
"325","Marek Jantošovic","Male","Mokrá","South Moravian Region","CZ","M50-54","DNF","","","0:00:00","","0:00:00","","99999","99999","99999","","99999","99999","99999","99999","99999","99999","99999","99999","99999","","","","","",""
"5009","Hannah Arlom","Female","Emsdetten","Nordrhein-Westfalen","DE","FPRO","FIN","","","0:00:00","","0:00:00","","99999","99999","99999","","99999","99999","99999","99999","99999","99999","99999","99999","99999","","","","","",""
"327","Boleslav Novák","Male","Praha 6 - Suchdol","Prague","CZ","M55-59","FIN","","","0:00:00","","0:00:00","","99999","99999","99999","","99999","99999","99999","99999","99999","99999","99999","99999","99999","","","","","",""
"1063","Marie Kubátová","Female","Opatov","Vysočina Region","CZ","F18-24","FIN","","","0:00:00","","0:00:00","","99999","99999","99999","","99999","99999","99999","99999","99999","99999","99999","99999","99999","","","","","",""
"1222","Miloslav Blažek","Male","Ústí Nad Labem","Moravian-Silesian Region","CZ","M40-44","FIN","","","0:00:00","","0:00:00","","99999","99999","99999","","99999","99999","99999","99999","99999","99999","99999","99999","99999","","","","","",""
"116","Marek Svoboda","Male","Hustopeče u Brna","CZ-South Moravian Region","CZ","M55-59","FIN","","","0:00:00","","0:00:00","","99999","99999","99999","","99999","99999","99999","99999","99999","99999","99999","99999","99999","","","","","",""
"1780","Karin Hochschornerová","Female","Bratislava","Slovakia","SK","F35-39","FIN","","","0:00:00","","0:00:00","","99999","99999","99999","","99999","99999","99999","99999","99999","99999","99999","99999","99999","","","","","",""
"1697","Pavel Moravec","Male","Bohdašín","Hradec Králové Region","CZ","M45-49","FIN","","","0:00:00","","0:00:00","","99999","99999","99999","","99999","99999","99999","99999","99999","99999","99999","99999","99999","","","","","",""
"1493","Michal Malát","Male","Borek","Jihočeský kraj","CZ","M18-24","FIN","","","0:00:00","","0:00:00","","99999","99999","99999","","99999","99999","99999","99999","99999","99999","99999","99999","99999","","","","","",""
"1023","Robert Crisan","Male","Bucharest","foreigner","RO","M30-34","FIN","","","0:00:00","","0:00:00","","99999","99999","99999","","99999","99999","99999","99999","99999","99999","99999","99999","99999","","","","","",""
"1762","Máté Hadházi","Male","Erdőkertes","foreigner","HU","M35-39","FIN","","","0:00:00","","0:00:00","","99999","99999","99999","","99999","99999","99999","99999","99999","99999","99999","99999","99999","","","","","",""
"1663","Filip Roden","Male","Prague","Prague","CZ","M25-29","DNF","","","0:00:00","","0:00:00","","99999","99999","99999","","99999","99999","99999","99999","99999","99999","99999","99999","99999","","","","","",""
"374","Vojtěch Sodomka","Male","Prague","Prague","CZ","M25-29","FIN","","","0:00:00","","0:00:00","","99999","99999","99999","","99999","99999","99999","99999","99999","99999","99999","99999","99999","","","","","",""
"1413","Václav Havlík","","","","CZ","M30-34","FIN","","","0:00:00","","0:00:00","","99999","99999","99999","","99999","99999","99999","99999","99999","99999","99999","99999","99999","","","","","",""
"1566","Martin Mlsna","Male","Horoušany","Central Bohemian Region","CZ","M40-44","FIN","","","0:00:00","","0:00:00","","99999","99999","99999","","99999","99999","99999","99999","99999","99999","99999","99999","99999","","","","","",""
"1837","Jakub Stadnik","Male","Simonovice","Liberecky kraj","CZ","M18-24","FIN","","","0:00:00","","0:00:00","","99999","99999","99999","","99999","99999","99999","99999","99999","99999","99999","99999","99999","","","","","",""
"505","Filip Koršňák","Male","Hodonín","South Moravian Region","CZ","M18-24","FIN","","","0:00:00","","0:00:00","","99999","99999","99999","","99999","99999","99999","99999","99999","99999","99999","99999","99999","","","","","",""
"1151","Jakub Trojek","Male","Budisovice","CZ-Moravian-Silesian Region","CZ","M40-44","FIN","","","0:00:00","","0:00:00","","99999","99999","99999","","99999","99999","99999","99999","99999","99999","99999","99999","99999","","","","","",""
"1683","Daniel Hendrych","Male","Klasterec nad ohri","Ústí nad Labem Region","CZ","M35-39","DNF","","0:36:38","0:06:23","2:38:01","0:07:14","","99999","99999","99999","","99999","99999","99999","99999","99999","99999","99999","99999","99999","","2198","383","9481","434",""
"806","Adriana Gaňová","Female","Prague","Prague","CZ","F18-24","FIN","","","0:00:00","","0:00:00","","99999","99999","99999","","99999","99999","99999","99999","99999","99999","99999","99999","99999","","","","","",""
"1674","Lukas Liska","Male","Zvolen","foreigner","SK","M40-44","DNF","","0:58:09","0:08:46","3:13:51","0:06:05","","99999","99999","99999","","99999","99999","99999","99999","99999","99999","99999","99999","99999","","3489","526","11631","365",""
"261","Lukáš Rumian","Male","Říčany","CZ-20","CZ","M30-34","FIN","","","0:00:00","","0:00:00","","99999","99999","99999","","99999","99999","99999","99999","99999","99999","99999","99999","99999","","","","","",""
"977","Karel Kubík","Male","Praha 4 - Modřany","Prague","CZ","M18-24","FIN","","","0:00:00","","0:00:00","","99999","99999","99999","","99999","99999","99999","99999","99999","99999","99999","99999","99999","","","","","",""
"627","Jaromir SANTRUCEK","Male","Zdiby","CZ-209","CZ","M45-49","DNF","","","0:00:00","","0:00:00","","99999","99999","99999","","99999","99999","99999","99999","99999","99999","99999","99999","99999","","","","","",""
"870","Radek Švajcr","Male","Plzeň 6","Wes Bohemian Region","CZ","M50-54","FIN","","","0:00:00","","0:00:00","","99999","99999","99999","","99999","99999","99999","99999","99999","99999","99999","99999","99999","","","","","",""
"903","Filip Morávek","Male","Horní Benešov","Moravian-Silesian Region","CZ","M25-29","FIN","","","0:00:00","","0:00:00","","99999","99999","99999","","99999","99999","99999","99999","99999","99999","99999","99999","99999","","","","","",""
"845","Linda Kmoch skodova","Female","Poděbrady","Central Bohemian Region","CZ","F45-49","FIN","","","0:00:00","","0:00:00","","99999","99999","99999","","99999","99999","99999","99999","99999","99999","99999","99999","99999","","","","","",""
"1396","Isabelle Mair-Köck","Female","","","AT","F45-49","DNF","","0:38:28","0:09:11","","0:00:00","","99999","99999","99999","","99999","99999","99999","99999","99999","99999","99999","99999","99999","","2308","551","","",""
"1206","Zuzka Bacíková","Female","Havlíčkův Brod","Vysočina Region","CZ","F35-39","FIN","","","0:00:00","","0:00:00","","99999","99999","99999","","99999","99999","99999","99999","99999","99999","99999","99999","99999","","","","","",""
"1232","Juan Macias","Male","STEINHAUSEN AN DER ROTTUM","foreigner","MX","M40-44","FIN","","","0:00:00","","0:00:00","","99999","99999","99999","","99999","99999","99999","99999","99999","99999","99999","99999","99999","","","","","",""
"1153","David Vaculík","Male","Havířov","Moravian-Silesian Region","CZ","M25-29","FIN","","","0:00:00","","0:00:00","","99999","99999","99999","","99999","99999","99999","99999","99999","99999","99999","99999","99999","","","","","",""
"1598","Radim Frolík","Male","Hradec Králové","Hradec Králové Region","CZ","M30-34","FIN","","","0:00:00","","0:00:00","","99999","99999","99999","","99999","99999","99999","99999","99999","99999","99999","99999","99999","","","","","",""
"1270","Markéta Zvolská","Female","Brno","South Moravian Region","CZ","F35-39","DNF","","","0:00:00","","0:00:00","","99999","99999","99999","","99999","99999","99999","99999","99999","99999","99999","99999","99999","","","","","",""
"1484","Lukas Buzek","Male","Bratislava","Bratislava","SK","M40-44","DNF","","0:41:02","0:07:06","","0:00:00","","99999","99999","99999","","99999","99999","99999","99999","99999","99999","99999","99999","99999","","2462","426","","",""
"230","František Kareš","Male","Nymburk","Central Bohemian Region","CZ","M18-24","FIN","","","0:00:00","","0:00:00","","99999","99999","99999","","99999","99999","99999","99999","99999","99999","99999","99999","99999","","","","","",""
"1253","Juraj Holeček","Male","Ročov","Liberec Region","CZ","M35-39","DNF","","","0:00:00","","0:00:00","","99999","99999","99999","","99999","99999","99999","99999","99999","99999","99999","99999","99999","","","","","",""
"1827","Petr Švarc","Male","Příbram","Central Bohemian Region","CZ","M60-64","DNF","","0:35:27","0:05:04","2:49:52","0:04:19","","99999","99999","99999","","99999","99999","99999","99999","99999","99999","99999","99999","99999","","2127","304","10192","259",""
"758","Andreas Harloff","Male","39619 Arendsee","foreigner","DE","M55-59","DNF","","0:34:33","0:07:34","3:06:08","0:00:00","","99999","99999","99999","","99999","99999","99999","99999","99999","99999","99999","99999","99999","","2073","454","11168","",""
"969","Susanne Ort","Female","Germany","foreigner","DE","F40-44","FIN","","","0:00:00","","0:00:00","","99999","99999","99999","","99999","99999","99999","99999","99999","99999","99999","99999","99999","","","","","",""
"1487","Yelyzaveta Shebalkova","Female","Ceské Budejovice","Jihočeský kraj","UA","F25-29","FIN","","","0:00:00","","0:00:00","","99999","99999","99999","","99999","99999","99999","99999","99999","99999","99999","99999","99999","","","","","",""
"744","Denis Křižánek","Male","","Moravian-Silesian Region","CZ","M30-34","FIN","","","0:00:00","","0:00:00","","99999","99999","99999","","99999","99999","99999","99999","99999","99999","99999","99999","99999","","","","","",""
"323","Vojtech Licman","Male","Žlutava","Hradec Králové Region","CZ","M35-39","FIN","","","0:00:00","","0:00:00","","99999","99999","99999","","99999","99999","99999","99999","99999","99999","99999","99999","99999","","","","","",""
"809","Jirí Prášek","Male","Děčín","Ústí nad Labem Region","CZ","M55-59","FIN","","","0:00:00","","0:00:00","","99999","99999","99999","","99999","99999","99999","99999","99999","99999","99999","99999","99999","","","","","",""
"822","Miroslav Wolf","Male","Vrchlabí","Hradec Králové Region","CZ","M50-54","DNF","","0:39:19","0:08:37","3:30:02","0:04:32","","99999","99999","99999","","99999","99999","99999","99999","99999","99999","99999","99999","99999","","2359","517","12602","272",""
"715","Antonín Ježek","Male","Prague","Prague","CZ","M18-24","FIN","","","0:00:00","","0:00:00","","99999","99999","99999","","99999","99999","99999","99999","99999","99999","99999","99999","99999","","","","","",""
"1508","Tomáš Král","Male","Větřní","South Bohemian Region","CZ","M35-39","FIN","","","0:00:00","","0:00:00","","99999","99999","99999","","99999","99999","99999","99999","99999","99999","99999","99999","99999","","","","","",""
"198","Kristofe Shu","Male","TKO","CN-71","TW","M45-49","FIN","","","0:00:00","","0:00:00","","99999","99999","99999","","99999","99999","99999","99999","99999","99999","99999","99999","99999","","","","","",""
"27","Sebastian Waldschütz","Male","Burgschleinitz","","AT","MPRO","DNF","","0:28:27","0:02:57","2:23:43","0:00:00","","99999","99999","99999","","99999","99999","99999","99999","99999","99999","99999","99999","99999","","1707","177","8623","",""
"348","Filip Le","Male","Liberec","Liberec Region","CZ","M30-34","FIN","","","0:00:00","","0:00:00","","99999","99999","99999","","99999","99999","99999","99999","99999","99999","99999","99999","99999","","","","","",""
"1352","Torbjörn Wernersson","Male","Uddevalla","foreigner","SE","M40-44","DNF","","0:37:32","0:06:54","3:02:38","0:08:15","","99999","99999","99999","","99999","99999","99999","99999","99999","99999","99999","99999","99999","","2252","414","10958","495",""
"174","Franziska Gimbel","Female","Darmstadt","DE-HE","DE","F30-34","FIN","","","0:00:00","","0:00:00","","99999","99999","99999","","99999","99999","99999","99999","99999","99999","99999","99999","99999","","","","","",""
"1154","Ondřej Novák","Male","Prague","Czech republic ","CZ","M18-24","DNF","","0:33:11","0:06:33","2:46:58","0:04:19","","99999","99999","99999","","99999","99999","99999","99999","99999","99999","99999","99999","99999","","1991","393","10018","259",""
"1654","Markus Krupp","Male","Leverkusen","NW","DE","M50-54","DNF","","0:39:02","0:08:43","","0:00:00","","99999","99999","99999","","99999","99999","99999","99999","99999","99999","99999","99999","99999","","2342","523","","",""
"1525","Juraj Durec","Male","Stará Myjava","foreigner","SK","M30-34","FIN","","","0:00:00","","0:00:00","","99999","99999","99999","","99999","99999","99999","99999","99999","99999","99999","99999","99999","","","","","",""
"624","Jičí Soldán","Male","Ostrava","Moravian-Silesian Region","CZ","M18-24","DNF","","0:57:42","0:08:52","4:20:54","0:00:00","","99999","99999","99999","","99999","99999","99999","99999","99999","99999","99999","99999","99999","","3462","532","15654","",""
"1275","Vit Štrupl","Male","Týn nad Vltavou","Jihočeský kraj","CZ","M45-49","FIN","","","0:00:00","","0:00:00","","99999","99999","99999","","99999","99999","99999","99999","99999","99999","99999","99999","99999","","","","","",""
"1021","Bianca Kretschmer","Female","Leipzig","SN","DE","F50-54","FIN","","","0:00:00","","0:00:00","","99999","99999","99999","","99999","99999","99999","99999","99999","99999","99999","99999","99999","","","","","",""
"1580","Vojtech Hansl","Male","Výrava","Hradec Králové Region","CZ","M35-39","DNF","","0:29:05","0:05:20","2:44:50","0:02:44","","99999","99999","99999","","99999","99999","99999","99999","99999","99999","99999","99999","99999","","1745","320","9890","164",""
"1205","Romana Vlasakova","Female","Česká Lipa ","Liberec Region","CZ","F55-59","FIN","","","0:00:00","","0:00:00","","99999","99999","99999","","99999","99999","99999","99999","99999","99999","99999","99999","99999","","","","","",""
"175","Ondrej Brokeš","Male","Vysoká lhota","Central Bohemian Region","CZ","M25-29","DNF","","0:32:34","0:04:16","2:23:35","0:02:26","","99999","99999","99999","","99999","99999","99999","99999","99999","99999","99999","99999","99999","","1954","256","8615","146",""
"136","Denisa Dvorská","Female","Hôrka","Central Bohemian Region","SK","F30-34","FIN","","","0:00:00","","0:00:00","","99999","99999","99999","","99999","99999","99999","99999","99999","99999","99999","99999","99999","","","","","",""
"625","Samuel Evinic","Male","Praha 9","Prague","SK","M40-44","DNF","","0:45:34","0:08:17","2:53:14","0:00:00","","99999","99999","99999","","99999","99999","99999","99999","99999","99999","99999","99999","99999","","2734","497","10394","",""
"1611","Martin Glajch","","","","CZ","M50-54","FIN","","","0:00:00","","0:00:00","","99999","99999","99999","","99999","99999","99999","99999","99999","99999","99999","99999","99999","","","","","",""
"154","Ricardo Aguilar Laudo","Male","MADRID","ES-MD","ES","M50-54","DNF","","0:32:38","0:06:02","2:48:11","0:03:54","","99999","99999","99999","","99999","99999","99999","99999","99999","99999","99999","99999","99999","","1958","362","10091","234",""
"647","Robert Balla","Male","Prague","Prague","SK","M30-34","DNF","","0:55:54","0:10:22","4:01:52","0:06:14","","99999","99999","99999","","99999","99999","99999","99999","99999","99999","99999","99999","99999","","3354","622","14512","374",""
"661","Adam Šebesta","Male","Plzeň","South Bohemian Region","CZ","M18-24","FIN","","","0:00:00","","0:00:00","","99999","99999","99999","","99999","99999","99999","99999","99999","99999","99999","99999","99999","","","","","",""
"1729","Martin Bystroň","Male","","Pardubice Region","CZ","M30-34","FIN","","","0:00:00","","0:00:00","","99999","99999","99999","","99999","99999","99999","99999","99999","99999","99999","99999","99999","","","","","",""
"1263","Marta Dmochowska","Female","Gdynia","pomorskie","PL","F35-39","FIN","","","0:00:00","","0:00:00","","99999","99999","99999","","99999","99999","99999","99999","99999","99999","99999","99999","99999","","","","","",""
"874","Lukas Belovsky","Male","Jilove u Prahy","Central Bohemian Region","CZ","M40-44","DNF","","0:38:44","0:09:46","3:44:57","0:00:00","","99999","99999","99999","","99999","99999","99999","99999","99999","99999","99999","99999","99999","","2324","586","13497","",""
"897","Kristína Fulleová","Female","Bratislava","Slovensko","SK","F30-34","DNF","","0:58:31","0:10:27","4:13:52","0:08:03","","99999","99999","99999","","99999","99999","99999","99999","99999","99999","99999","99999","99999","","3511","627","15232","483",""
"892","Matthias Gimbel","Male","Weiterstadt","DE-HE","DE","M30-34","FIN","","","0:00:00","","0:00:00","","99999","99999","99999","","99999","99999","99999","99999","99999","99999","99999","99999","99999","","","","","",""
"221","Jakub Hájek","Male","Hradec Králové","Hradec Králové Region","CZ","M18-24","DNF","","0:37:33","0:08:10","","0:00:00","","99999","99999","99999","","99999","99999","99999","99999","99999","99999","99999","99999","99999","","2253","490","","",""
"5012","Aurelia Boulanger","Female","PARIS","","FR","FPRO","FIN","","","0:00:00","","0:00:00","","99999","99999","99999","","99999","99999","99999","99999","99999","99999","99999","99999","99999","","","","","",""
"1329","Bjoern Scheele","Male","Wendisch Evern","foreigner","DE","M50-54","FIN","","","0:00:00","","0:00:00","","99999","99999","99999","","99999","99999","99999","99999","99999","99999","99999","99999","99999","","","","","",""
"847","Lydie Urbankova","Female","Nusle","Prague","CZ","F35-39","FIN","","","0:00:00","","0:00:00","","99999","99999","99999","","99999","99999","99999","99999","99999","99999","99999","99999","99999","","","","","",""
"1393","Ulf Toense","Male","Lüneburg","","DE","M50-54","FIN","","","0:00:00","","0:00:00","","99999","99999","99999","","99999","99999","99999","99999","99999","99999","99999","99999","99999","","","","","",""
"1386","Vlastislav Brabec","Male","Praha 10","Prague","CZ","M45-49","FIN","","","0:00:00","","0:00:00","","99999","99999","99999","","99999","99999","99999","99999","99999","99999","99999","99999","99999","","","","","",""
"635","Martin Chyba","Male","Žďár","Central Bohemian Region","CZ","M30-34","FIN","","","0:00:00","","0:00:00","","99999","99999","99999","","99999","99999","99999","99999","99999","99999","99999","99999","99999","","","","","",""
"1470","Michael Wintersberger","Male","Vienna","AT-9","AT","M18-24","FIN","","","0:00:00","","0:00:00","","99999","99999","99999","","99999","99999","99999","99999","99999","99999","99999","99999","99999","","","","","",""
"736","Adam Marcinik","Male","Prague","Prague","CZ","M35-39","FIN","","","0:00:00","","0:00:00","","99999","99999","99999","","99999","99999","99999","99999","99999","99999","99999","99999","99999","","","","","",""
"204","Matthias Elwart","Male","Seevetal","foreigner","DE","M60-64","FIN","","","0:00:00","","0:00:00","","99999","99999","99999","","99999","99999","99999","99999","99999","99999","99999","99999","99999","","","","","",""
"1754","Milan Dvorak","Male","Most","Central Bohemian Region","CZ","M45-49","FIN","","","0:00:00","","0:00:00","","99999","99999","99999","","99999","99999","99999","99999","99999","99999","99999","99999","99999","","","","","",""
"342","Lukas Piwowarski","Male","Kopřivnice","Moravian-Silesian Region","CZ","M25-29","FIN","","","0:00:00","","0:00:00","","99999","99999","99999","","99999","99999","99999","99999","99999","99999","99999","99999","99999","","","","","",""
"1629","Jan Kalivoda","Male","Mainz","foreigner","CZ","M30-34","FIN","","","0:00:00","","0:00:00","","99999","99999","99999","","99999","99999","99999","99999","99999","99999","99999","99999","99999","","","","","",""
"510","Matej Svoboda","Male","Praha 6 Dejvice","Prague","CZ","M25-29","DNF","","0:32:43","0:06:57","2:43:40","0:00:00","","99999","99999","99999","","99999","99999","99999","99999","99999","99999","99999","99999","99999","","1963","417","9820","",""
"1771","David Strnad","Male","Prague","Prague","CZ","M35-39","FIN","","","0:00:00","","0:00:00","","99999","99999","99999","","99999","99999","99999","99999","99999","99999","99999","99999","99999","","","","","",""
"681","Petr Valo","Male","Praha 1","Prague","CZ","M50-54","FIN","","","0:00:00","","0:00:00","","99999","99999","99999","","99999","99999","99999","99999","99999","99999","99999","99999","99999","","","","","",""
"931","Tomáš Brokeš","Male","Čerčany","Central Bohemian Region","CZ","M30-34","DNF","","0:39:21","0:06:45","3:10:33","0:05:39","","99999","99999","99999","","99999","99999","99999","99999","99999","99999","99999","99999","99999","","2361","405","11433","339",""
"662","Radek Czichon","Male","Prague","Prague","CZ","M30-34","FIN","","","0:00:00","","0:00:00","","99999","99999","99999","","99999","99999","99999","99999","99999","99999","99999","99999","99999","","","","","",""
"480","Václav Bureš","Male","Pardubice","Pardubice Region","CZ","M35-39","FIN","","","0:00:00","","0:00:00","","99999","99999","99999","","99999","99999","99999","99999","99999","99999","99999","99999","99999","","","","","",""
"1077","Lukáš Hodan","Male","Plzeň","South Bohemian Region","CZ","M45-49","FIN","","","0:00:00","","0:00:00","","99999","99999","99999","","99999","99999","99999","99999","99999","99999","99999","99999","99999","","","","","",""
"527","Lukáš Kyrián","Male","Hradec Králové","Hradec Králové Region","CZ","M18-24","FIN","","","0:00:00","","0:00:00","","99999","99999","99999","","99999","99999","99999","99999","99999","99999","99999","99999","99999","","","","","",""
"1651","Roman Furo","Male","Prievidza","foreigner","SK","M40-44","FIN","","","0:00:00","","0:00:00","","99999","99999","99999","","99999","99999","99999","99999","99999","99999","99999","99999","99999","","","","","",""
"1168","Ivan Klimcak","Male","Prague","","SK","M35-39","FIN","","","0:00:00","","0:00:00","","99999","99999","99999","","99999","99999","99999","99999","99999","99999","99999","99999","99999","","","","","",""
"1600","Pavel Hep","Male","Hradec Králové","Hradec Králové Region","CZ","M45-49","FIN","","","0:00:00","","0:00:00","","99999","99999","99999","","99999","99999","99999","99999","99999","99999","99999","99999","99999","","","","","",""
"1167","Žiga Leskovšek","","Tržič","foreigner","SI","M25-29","FIN","","","0:00:00","","0:00:00","","99999","99999","99999","","99999","99999","99999","99999","99999","99999","99999","99999","99999","","","","","",""
"1538","Maciej Glowacki","Male","Zabrze","śląskie","PL","M40-44","FIN","","","0:00:00","","0:00:00","","99999","99999","99999","","99999","99999","99999","99999","99999","99999","99999","99999","99999","","","","","",""
"1802","Miroslav Capoušek","Male","Hradec Králové","Hradec Králové Region","CZ","M55-59","DNF","","0:29:51","0:04:53","2:56:04","0:05:12","","99999","99999","99999","","99999","99999","99999","99999","99999","99999","99999","99999","99999","","1791","293","10564","312",""
"168","Manfred Seybold","Male","Neu-Ulm","foreigner","DE","M50-54","FIN","","","0:00:00","","0:00:00","","99999","99999","99999","","99999","99999","99999","99999","99999","99999","99999","99999","99999","","","","","",""
"1181","Dominik Hájek","Male","Ořech","Central Bohemian Region","CZ","M18-24","FIN","","","0:00:00","","0:00:00","","99999","99999","99999","","99999","99999","99999","99999","99999","99999","99999","99999","99999","","","","","",""
"1385","Minh Duc Pham","Male","Prague","Prague","CZ","M30-34","FIN","","","0:00:00","","0:00:00","","99999","99999","99999","","99999","99999","99999","99999","99999","99999","99999","99999","99999","","","","","",""
"405","Kateřina Suchá","Female","Rychnovek","Hradec Králové Region","CZ","F25-29","DNF","","0:47:24","0:10:52","3:50:54","0:05:14","","99999","99999","99999","","99999","99999","99999","99999","99999","99999","99999","99999","99999","","2844","652","13854","314",""
"1237","Vaclav Janecek","Male","Kutná Hora","Central Bohemian Region","CZ","M25-29","FIN","","","0:00:00","","0:00:00","","99999","99999","99999","","99999","99999","99999","99999","99999","99999","99999","99999","99999","","","","","",""
"1465","Pavel Mikulecký","Male","Tisová","Pardubice Region","CZ","M35-39","DNF","","0:43:48","0:06:11","2:38:27","0:22:09","","99999","99999","99999","","99999","99999","99999","99999","99999","99999","99999","99999","99999","","2628","371","9507","1329",""
"1129","Ema Kalenska","Female","Dresden","","SK","F30-34","FIN","","","0:00:00","","0:00:00","","99999","99999","99999","","99999","99999","99999","99999","99999","99999","99999","99999","99999","","","","","",""
"1457","Mirka Pachutová","Female","Hrabovčík","foreigner","SK","F30-34","FIN","","","0:00:00","","0:00:00","","99999","99999","99999","","99999","99999","99999","99999","99999","99999","99999","99999","99999","","","","","",""
"1545","Daniel Stehula","Male","Zurich","foreigner","CH","M45-49","FIN","","","0:00:00","","0:00:00","","99999","99999","99999","","99999","99999","99999","99999","99999","99999","99999","99999","99999","","","","","",""
"1047","Petr Kadlec","Male","Prague","Prague","CZ","M30-34","FIN","","","0:00:00","","0:00:00","","99999","99999","99999","","99999","99999","99999","99999","99999","99999","99999","99999","99999","","","","","",""
"597","Michal Vnenk","Male","Praha","Central Bohemia","CZ","M35-39","FIN","","","0:00:00","","0:00:00","","99999","99999","99999","","99999","99999","99999","99999","99999","99999","99999","99999","99999","","","","","",""