Bib Number,Athlete Name,Gender,City,State,Country,Division,Status,Finish Time,Swim Time,T1 Time,Bike Time,T2 Time,Run Time,Overall Rank,Gender Rank,Division Rank,AWA Points,Swim Rank (Overall),Swim Rank (Gender),Swim Rank (Division),Bike Rank (Overall),Bike Rank (Gender),Bike Rank (Division),Run Rank (Overall),Run Rank (Gender),Run Rank (Division),Finish (Seconds),Swim (Seconds),T1 (Seconds),Bike (Seconds),T2 (Seconds),Run (Seconds)
"3","Wilhelm Hirsch","Male","Halle","DE-ST","DE","MPRO","FIN","3:30:59","0:21:32","0:01:35","1:56:51","0:02:36","1:08:26","1","1","1","3500","2","2","2","4","4","4","1","1","1","12659","1292","95","7011","156","4106"
"1","Rico Bogen","Male","Leipzig","DE-SN","DE","MPRO","FIN","3:32:59","0:21:37","0:01:42","1:53:44","0:02:36","1:13:20","2","2","2","3464","5","5","5","1","1","1","2","2","2","12779","1297","102","6824","156","4400"
"6","Pierre Dupuy","Male","Savigneux","FR-ARA","FR","MPRO","FIN","3:34:14","0:21:31","0:01:53","1:56:29","0:02:37","1:11:43","3","3","3","3441","1","1","1","2","2","2","3","3","3","12854","1291","113","6989","157","4303"
"8","Josh Ferris","Male","Bogangar","AU-NSW","AU","MPRO","FIN","3:34:26","0:21:33","0:01:49","1:56:32","0:02:38","1:11:54","4","4","4","3437","3","3","3","3","3","3","4","4","4","12866","1293","109","6992","158","4314"
"31","Arthur Serrieres","Male","Usson","","FR","MPRO","FIN","3:38:28","0:23:25","0:01:59","2:00:21","0:03:07","1:09:36","5","5","5","3365","12","12","12","9","9","9","5","5","5","13108","1405","119","7221","187","4176"
"11","Rémi Delagarde","Male","Fontaine-le-Comte","Nouvelle-Aquitaine","FR","MPRO","FIN","3:38:59","0:23:22","0:02:00","2:00:15","0:02:38","1:10:44","6","6","6","3356","8","8","8","8","8","8","6","6","6","13139","1402","120","7215","158","4244"
"15","Thomas Ott","Male","Langenselbold","foreigner","DE","MPRO","FIN","3:39:36","0:23:24","0:02:02","1:59:57","0:02:48","1:11:25","7","7","7","3344","10","10","10","7","7","7","7","7","7","13176","1404","122","7197","168","4285"
"4","Cedric Osterholt","Male","SAABRÜCKEN","SL","DE","MPRO","FIN","3:40:27","0:21:36","0:01:54","2:00:56","0:02:43","1:13:19","8","8","8","3329","4","4","4","5","5","5","8","8","8","13227","1296","114","7256","163","4399"
"10","Dorian Muller","Male","Strasbourg","Grand Est","FR","MPRO","FIN","3:40:51","0:26:22","0:01:49","1:58:25","0:02:42","1:11:34","9","9","9","3322","34","27","18","12","12","12","9","9","9","13251","1582","109","7105","162","4294"
"23","Denis Chevrot","Male","Sorbiers","","FR","MPRO","FIN","3:41:35","0:23:21","0:01:56","1:59:59","0:02:27","1:13:52","10","10","10","3309","7","7","7","6","6","6","10","10","10","13295","1401","116","7199","147","4432"
"12","Nicholas Holmes","Male","GLENDALE","WI","US","MPRO","FIN","3:42:46","0:24:34","0:01:55","2:05:04","0:02:32","1:08:40","11","11","11","3287","19","19","17","18","18","16","11","11","11","13366","1474","115","7504","152","4120"
"33","Thomas Nielsen","Male","Esbjerg V","foreigner","DK","MPRO","FIN","3:42:55","0:23:23","0:02:09","2:00:30","0:03:10","1:13:43","12","12","12","3285","9","9","9","10","10","10","12","12","12","13375","1403","129","7230","190","4423"
"5","Lars Lomholt","Male","Herning","","DK","MPRO","FIN","3:43:14","0:27:08","0:02:37","1:56:42","0:02:50","1:13:56","13","13","13","3279","44","37","19","11","11","11","13","13","13","13394","1628","157","7002","170","4436"
"36","Arthur Berland","Male","Toulouse","Occitania","FR","MPRO","FIN","3:43:58","0:23:20","0:01:55","2:04:26","0:02:53","1:11:25","14","14","14","3266","6","6","6","16","16","14","14","14","14","13438","1400","115","7466","173","4285"
"35","Karl Diedrich","Male","Rostock","MV","DE","MPRO","FIN","3:45:13","0:23:24","0:02:03","2:06:20","0:02:56","1:10:29","15","15","15","3243","11","11","11","20","20","18","15","15","15","13513","1404","123","7580","176","4229"
"2311","Christoph Matner","Male","Pinnow","MV","DE","M35-39","FIN","3:45:23","0:25:45","0:02:35","2:03:57","0:02:37","1:10:29","16","16","1","3500","28","24","3","21","21","1","16","16","1","13523","1545","155","7437","157","4229"
"32","Simon Wendlandt","Male","Berlin","foreigner","DE","MPRO","FIN","3:46:07","0:23:26","0:02:23","2:05:47","0:03:13","1:11:18","17","17","16","3227","14","14","14","19","19","17","17","17","16","13567","1406","143","7547","193","4278"
"30","Alex Trabucchi","Male","Emmen","Luzern","CH","MPRO","FIN","3:48:10","0:23:25","0:02:00","2:04:14","0:03:11","1:15:21","18","18","17","3190","13","13","13","15","15","13","18","18","17","13690","1405","120","7454","191","4521"
"127","Thorben Werner","Male","Sankt Augustin","NW","DE","M18-24","FIN","3:48:21","0:25:37","0:02:32","2:00:19","0:03:05","1:16:47","19","19","1","3500","25","23","2","13","13","1","19","19","1","13701","1537","152","7219","185","4607"
"25","Sebastian Marx","Male","Chemnitz","SN","DE","MPRO","FIN","3:48:58","0:24:33","0:02:02","2:04:00","0:02:55","1:15:27","20","20","18","3176","18","18","16","17","17","15","20","20","18","13738","1473","122","7440","175","4527"
"1857","Niklas Garms","Male","Bremen","BREMEN","DE","M30-34","FIN","3:50:34","0:24:13","0:02:20","2:02:04","0:02:54","1:19:03","21","21","1","3500","16","16","1","14","14","1","21","21","1","13834","1453","140","7324","174","4743"
"5004","Caroline Pohle","Female","Leipzig","DE-SN","DE","FPRO","FIN","3:53:42","0:24:46","0:01:46","2:06:08","0:02:56","1:18:06","22","1","1","3500","20","1","1","22","1","1","22","1","1","14022","1486","106","7568","176","4686"
"2337","Marcel Ottiger","Male","Langenbach","DE-SN","DE","M30-34","FIN","3:55:28","0:30:07","0:02:26","2:04:32","0:03:20","1:15:02","23","22","2","3411","137","109","17","26","25","2","23","22","2","14128","1807","146","7472","200","4502"
"22","Jacob Lind Knudsen","Male","Hillerød","","DK","MPRO","FIN","3:56:26","0:28:41","0:02:23","2:07:57","0:03:47","1:13:37","24","23","19","3041","84","68","23","32","30","21","24","23","19","14186","1721","143","7677","227","4417"
"20","Thomas Williams","Male","Wellington","","NZ","MPRO","FIN","3:57:40","0:27:11","0:02:21","2:08:31","0:03:02","1:16:35","25","24","20","3019","47","40","21","27","26","20","25","24","20","14260","1631","141","7711","182","4595"
"26","Brecht Roelans","Male","Nijlen","Vlaams Gewest","BE","MPRO","FIN","3:58:06","0:24:13","0:02:10","2:09:30","0:03:06","1:19:07","26","25","21","3011","15","15","15","23","22","19","26","25","21","14286","1453","130","7770","186","4747"
"527","Per Van Vlerken","Male","Markranstädt","DE-SN","DE","M40-44","FIN","4:00:35","0:26:05","0:02:13","2:08:15","0:03:47","1:20:15","27","26","1","3500","32","26","1","24","23","1","27","26","1","14435","1565","133","7695","227","4815"
"2518","Robin Ernst","Male","Jena","DE-TH","DE","M25-29","FIN","4:02:39","0:28:48","0:02:55","2:09:08","0:03:12","1:18:36","28","27","1","3500","87","69","7","38","36","3","28","27","1","14559","1728","175","7748","192","4716"
"2318","Jannes Rehlig","Male","Dresden","Saxony","DE","M18-24","FIN","4:02:40","0:30:17","0:03:06","2:05:20","0:03:37","1:20:21","29","28","2","3242","147","118","14","29","28","2","29","28","2","14560","1817","186","7520","217","4821"
"130","Sjirk Bijma","Male","Joure","NL-FR","NL","M30-34","FIN","4:02:47","0:30:43","0:02:32","2:07:48","0:03:24","1:18:22","30","29","3","3280","171","140","27","40","38","4","30","29","3","14567","1843","152","7668","204","4702"
"2353","Christian Haupt","Male","Hemmingen","NI","DE","M45-49","FIN","4:03:03","0:27:30","0:02:56","2:11:44","0:03:05","1:17:48","31","30","1","3500","54","47","1","45","42","1","31","30","1","14583","1650","176","7904","185","4668"
"18","Xabier Tijero","Male","Barakaldo","BIZKAIA","ES","MPRO","FIN","4:03:25","0:27:10","0:02:08","2:11:48","0:04:05","1:18:14","32","31","22","2916","46","39","20","42","39","22","32","31","22","14605","1630","128","7908","245","4694"
"1597","Andreas Lenz","Male","Miesbach","BY","DE","M35-39","FIN","4:03:48","0:30:36","0:04:13","2:08:07","0:03:16","1:17:36","33","32","2","3168","164","133","23","50","47","6","33","32","2","14628","1836","253","7687","196","4656"
"219","Felix Berger","Male","Naumburg","foreigner","DE","M25-29","FIN","4:04:40","0:26:51","0:02:31","2:08:53","0:03:49","1:22:36","34","33","2","3463","40","33","2","28","27","1","34","33","2","14680","1611","151","7733","229","4956"
"1706","Sebastian König","Male","Kemberg","DE-ST","DE","M35-39","FIN","4:04:58","0:32:34","0:02:40","2:09:39","0:03:17","1:16:48","35","34","3","3147","304","251","39","60","57","9","35","34","3","14698","1954","160","7779","197","4608"
"5003","Bianca Bogen","Female","Leipzig","DE-SN","DE","FPRO","FIN","4:05:06","0:24:47","0:01:50","2:12:24","0:02:51","1:23:14","36","2","2","3294","21","2","2","31","2","2","36","2","2","14706","1487","110","7944","171","4994"
"114","Benjamin Bräutigam","Male","Kusterdingen","DE-BW","DE","M35-39","FIN","4:05:10","0:28:25","0:03:01","2:09:06","0:03:20","1:21:18","37","35","4","3143","71","58","11","36","34","4","37","35","4","14710","1705","181","7746","200","4878"
"5011","Brooke Gillies","","Loughborough","LEI","GB","FPRO","FIN","4:05:13","0:25:43","0:02:05","2:13:16","0:02:40","1:21:29","38","3","3","3292","27","4","3","41","3","3","38","3","3","14713","1543","125","7996","160","4889"
"1494","Andreas Besold","Male","Waldershof","BY","DE","M30-34","FIN","4:06:12","0:26:30","0:02:55","2:10:08","0:03:20","1:23:20","39","36","4","3218","35","28","2","33","31","3","39","36","4","14772","1590","175","7808","200","5000"
"1429","Florian Weyerhäuser","Male","Saarbrücken","DE-SL","DE","M30-34","FIN","4:06:54","0:28:33","0:04:02","2:14:05","0:03:15","1:16:58","40","37","5","3206","79","63","9","76","73","16","40","37","5","14814","1713","242","8045","195","4618"
"218","Sören Oester","Male","Markkleeberg","SN","DE","M35-39","FIN","4:07:16","0:28:30","0:02:58","2:14:12","0:03:20","1:18:16","41","38","5","3106","73","59","12","65","62","10","41","38","5","14836","1710","178","8052","200","4696"
"1731","Andreas Tschishakowski","Male","Klingenberg","BY","DE","M35-39","FIN","4:07:21","0:27:05","0:03:11","2:12:34","0:03:15","1:21:16","42","39","6","3104","42","35","5","49","46","5","42","39","6","14841","1625","191","7954","195","4876"
"180","Julian Scheibenbogen","Male","Schwabmünchen","DE-BY","DE","M25-29","FIN","4:07:48","0:29:43","0:02:47","2:08:20","0:03:52","1:23:07","43","40","3","3407","127","100","10","37","35","2","43","40","3","14868","1783","167","7700","232","4987"
"189","Antonio Eterovic","Male","München","DE-BY","HR","M35-39","FIN","4:08:00","0:29:42","0:02:17","2:08:28","0:03:21","1:24:12","44","41","7","3092","126","99","19","35","33","3","44","41","7","14880","1782","137","7708","201","5052"
"198","Nicolas Rohde","Male","Pattensen","DE-NI","DE","M30-34","FIN","4:08:30","0:28:32","0:02:42","2:14:47","0:02:59","1:19:29","45","42","6","3177","78","62","8","71","68","15","45","42","6","14910","1712","162","8087","179","4769"
"124","Oliver Sefrin","Male","Neukirchen","HESSEN","DE","M25-29","FIN","4:08:51","0:30:20","0:02:54","2:09:22","0:03:14","1:23:01","46","43","4","3388","149","120","12","46","43","4","46","43","4","14931","1820","174","7762","194","4981"
"228","Thilo Kühne","Male","Nordhausen","DE-TH","DE","M18-24","FIN","4:09:13","0:25:18","0:02:07","2:15:16","0:03:33","1:22:59","47","44","3","3124","23","21","1","47","44","5","47","44","3","14953","1518","127","8116","213","4979"
"2287","Fabian Günther","Male","Bremen","HB","DE","M35-39","FIN","4:09:20","0:24:19","0:03:11","2:09:23","0:03:25","1:29:02","48","45","8","3068","17","17","1","25","24","2","48","45","8","14960","1459","191","7763","205","5342"
"21","Felix fschulz96@gmx.de","Male","Beeskow","Brandenburg","DE","MPRO","FIN","4:09:53","0:27:17","0:02:52","2:20:01","0:03:04","1:16:40","49","46","23","2799","50","43","22","109","102","24","49","46","23","14993","1637","172","8401","184","4600"
"112","Daniel Müller","Male","Hanau-Steinheim","HESSEN","DE","M35-39","FIN","4:10:45","0:29:33","0:03:03","2:12:07","0:03:28","1:22:34","50","47","9","3043","118","93","18","59","56","8","50","47","9","15045","1773","183","7927","208","4954"
"121","Jens Schumann","Male","Edertal","DE-HE","DE","M40-44","FIN","4:10:47","0:28:49","0:03:11","2:14:41","0:03:16","1:20:49","51","48","2","3316","88","70","3","77","74","6","51","48","2","15047","1729","191","8081","196","4849"
"2141","Alexander Peim","Male","Zeulenroda-Triebes","TH","DE","M45-49","FIN","4:11:06","0:30:34","0:02:50","2:11:59","0:03:24","1:22:19","52","49","2","3355","160","130","8","63","60","2","52","49","2","15066","1834","170","7919","204","4939"
"28","Mathias Schenk","Male","Klagenfurt","","AT","MPRO","FIN","4:11:35","0:28:53","0:03:29","2:12:34","0:04:07","1:22:33","53","50","24","2769","90","72","24","61","58","23","53","50","24","15095","1733","209","7954","247","4953"
"963","Malte Hilbing","Male","Hamburg","HAMBURG","DE","M30-34","FIN","4:12:02","0:26:51","0:03:34","2:12:33","0:03:19","1:25:45","54","51","7","3113","39","32","4","51","48","7","54","51","7","15122","1611","214","7953","199","5145"
"1406","Gernot Poerner","Male","Leipzig","Germany","DE","M50-54","FIN","4:12:09","0:31:13","0:05:42","2:06:25","0:03:49","1:25:00","55","52","1","3500","196","160","9","53","50","2","55","52","1","15129","1873","342","7585","229","5100"
"1713","Yannick Friese","Male","Gießen","HE","DE","M25-29","FIN","4:12:10","0:28:39","0:03:14","2:14:09","0:03:45","1:22:23","56","53","5","3328","83","67","6","72","69","6","56","53","5","15130","1719","194","8049","225","4943"
"1693","Pascal Höche","Male","Großbodungen","TH","DE","M35-39","FIN","4:12:20","0:29:46","0:03:53","2:10:18","0:03:08","1:25:15","57","54","10","3014","128","101","20","56","53","7","57","54","10","15140","1786","233","7818","188","5115"
"197","Magnus Astrup","Male","Aarhus","DK-82","DK","M25-29","FIN","4:12:29","0:29:04","0:03:21","2:12:36","0:03:45","1:23:43","58","55","6","3323","99","80","8","62","59","5","58","55","6","15149","1744","201","7956","225","5023"
"1631","Mirko Witte","Male","Neu-Eichenberg","NI","DE","M45-49","FIN","4:12:47","0:27:30","0:02:29","2:16:05","0:04:22","1:22:21","59","56","3","3324","56","49","2","74","71","3","59","56","3","15167","1650","149","8165","262","4941"
"117","Ralf Preissl","Male","Regenstauf","DE-BY","DE","M50-54","FIN","4:12:48","0:28:23","0:02:50","2:09:45","0:03:53","1:27:57","60","57","2","3488","68","55","1","39","37","1","60","57","2","15168","1703","170","7785","233","5277"
"1697","Lars Hahnefeldt","Male","Hamburg","DE-HH","DE","M18-24","FIN","4:12:58","0:27:09","0:02:23","2:12:07","0:03:16","1:28:03","61","58","4","3056","45","38","5","43","40","4","61","58","4","15178","1629","143","7927","196","5283"
"5019","Alice Fritzsche","Female","Emmen","Luzern","CH","FPRO","FIN","4:13:05","0:28:30","0:02:08","2:18:12","0:03:13","1:21:02","62","4","4","3151","74","15","5","96","6","5","62","4","4","15185","1710","128","8292","193","4862"
"2435","Cosimo Tasch","Male","Würzburg","BY","DE","M30-34","FIN","4:13:37","0:29:28","0:03:28","2:08:46","0:03:28","1:28:26","63","59","8","3085","114","89","14","44","41","5","63","59","8","15217","1768","208","7726","208","5306"
"141","Giulio Vanni","Male","Berlin","DE-BE","IT","M35-39","FIN","4:14:13","0:29:01","0:03:30","2:18:19","0:03:33","1:19:50","64","60","11","2981","96","78","16","118","111","19","64","60","11","15253","1741","210","8299","213","4790"
"1481","Marco Bradshaw","Male","Regensburg ","Bavaria","GB","M45-49","FIN","4:14:31","0:29:00","0:03:12","2:15:01","0:03:45","1:23:34","65","61","4","3293","95","77","5","82","78","4","65","61","4","15271","1740","192","8101","225","5014"
"2438","Yannik Rennebaum","Male","Halle","Saxony-Anhalt","DE","M30-34","FIN","4:14:54","0:32:26","0:03:38","2:08:33","0:03:40","1:26:38","66","62","9","3062","295","245","44","58","55","11","66","62","9","15294","1946","218","7713","220","5198"
"1276","Marc Werner","Male","Beucha","SN","DE","M45-49","FIN","4:15:00","0:31:37","0:04:24","2:16:53","0:03:56","1:18:11","67","63","5","3284","227","188","14","157","146","13","67","63","5","15300","1897","264","8213","236","4691"
"1622","Stephan Preden","Male","Haan","NW","DE","M40-44","FIN","4:15:05","0:28:58","0:03:03","2:07:00","0:04:00","1:32:04","68","64","3","3239","94","76","5","30","29","2","68","64","3","15305","1738","183","7620","240","5524"
"2261","Patrick Mix","Male","Dürrhennersdorf","SN","DE","M35-39","FIN","4:15:08","0:33:57","0:02:56","2:12:04","0:03:03","1:23:08","69","65","12","2964","430","355","53","98","92","16","69","65","12","15308","2037","176","7924","183","4988"
"2469","Fabian Nienhaus","Male","Hannover","DE-NI","DE","M30-34","FIN","4:15:17","0:30:12","0:02:55","2:12:21","0:03:32","1:26:18","70","66","10","3055","142","113","18","64","61","12","70","66","10","15317","1812","175","7941","212","5178"
"2098","dominic Meier","Male","Magdeburg","Saxony-Anhalt","DE","M25-29","FIN","4:16:02","0:33:44","0:04:07","2:12:25","0:03:28","1:22:19","71","67","7","3259","411","339","39","111","104","12","71","67","7","15362","2024","247","7945","208","4939"
"5013","Marit Lindemann","Female","Unna","Nordrhein-Westfalen","DE","FPRO","FIN","4:16:42","0:35:41","0:02:26","2:15:23","0:03:23","1:19:50","72","5","5","3086","661","114","8","163","12","7","72","5","5","15402","2141","146","8123","203","4790"
"2106","Jonas Zschornak","Male","Landshut","DE-BY","DE","M30-34","FIN","4:16:46","0:31:12","0:03:52","2:13:41","0:02:56","1:25:06","73","68","11","3028","194","158","29","95","90","19","73","68","11","15406","1872","232","8021","176","5106"
"2315","Hinnerk Meyer","Male","Hamburg","Hamburg","DE","M30-34","FIN","4:16:58","0:28:35","0:02:47","2:13:02","0:03:49","1:28:45","74","69","12","3024","80","64","10","57","54","10","74","69","12","15418","1715","167","7982","229","5325"
"175","Dan Lochmann","Male","Holzweissig","DE-ST","DE","M35-39","FIN","4:17:01","0:28:57","0:03:09","2:13:45","0:04:34","1:26:37","75","70","13","2930","93","75","15","67","64","11","75","70","13","15421","1737","189","8025","274","5197"
"2087","Stefan Wegner","Male","Kurort Rathen","SACHSEN","DE","M40-44","FIN","4:17:02","0:30:12","0:03:05","2:12:25","0:03:12","1:28:08","76","71","4","3203","143","114","12","66","63","3","76","71","4","15422","1812","185","7945","192","5288"
"2045","Fabian Knauft","Male","Neu Isenburg","DE-HE","DE","M40-44","FIN","4:17:12","0:33:04","0:03:19","2:13:28","0:04:37","1:22:44","77","72","5","3200","347","284","34","106","99","13","77","72","5","15432","1984","199","8008","277","4964"
"174","Emily Bogen","Female","Leipzig","SN","DE","F18-24","FIN","4:17:16","0:26:01","0:02:05","2:20:31","0:03:07","1:25:33","78","6","1","3500","30","6","2","94","5","1","78","6","1","15436","1561","125","8431","187","5133"
"1285","Konrad Gawel","Male","Leipzig","Sachsen","DE","M25-29","FIN","4:17:19","0:27:26","0:03:15","2:20:05","0:04:10","1:22:22","79","73","8","3236","51","44","4","117","110","13","79","73","8","15439","1646","195","8405","250","4942"
"1802","Matthieu Roy","Male","Halle (Saale)","ST","DE","M30-34","FIN","4:17:28","0:26:47","0:02:28","2:13:31","0:03:50","1:30:52","80","74","13","3015","37","30","3","48","45","6","80","74","13","15448","1607","148","8011","230","5452"
"731","Niklas Herold","Male","Leipzig","SN","DE","M18-24","FIN","4:17:40","0:28:08","0:02:58","2:16:50","0:02:55","1:26:49","81","75","5","2972","63","52","6","87","83","7","81","75","5","15460","1688","178","8210","175","5209"
"1395","Julian Prölß","Male","Bremen","DE-HB","DE","M45-49","FIN","4:17:40","0:31:27","0:03:07","2:12:42","0:04:11","1:26:13","82","76","6","3236","213","176","11","83","79","5","82","76","6","15460","1887","187","7962","251","5173"
"1489","Alexander Kriebel","Male","Hamburg","DE-HH","DE","M45-49","FIN","4:17:41","0:32:36","0:02:48","2:14:21","0:03:47","1:24:08","83","77","7","3236","309","256","28","104","97","7","83","77","7","15461","1956","168","8061","227","5048"
"201","Robert Moeller","Male","Halberstadt","ST","DE","M45-49","FIN","4:18:00","0:32:46","0:02:28","2:13:06","0:03:26","1:26:15","84","78","8","3230","325","271","30","92","88","6","84","78","8","15480","1966","148","7986","206","5175"
"766","Denis Bennecke","Male","Erkrath","SN","DE","M30-34","FIN","4:18:13","0:31:55","0:04:44","2:06:47","0:03:48","1:30:59","85","79","14","3002","253","210","41","55","52","9","85","79","14","15493","1915","284","7607","228","5459"
"204","Ralph Zirkler","Male","Regensburg","foreigner","DE","M30-34","FIN","4:18:17","0:31:54","0:03:21","2:17:23","0:04:29","1:21:09","86","80","15","3001","249","206","39","154","143","28","86","80","15","15497","1914","201","8243","269","4869"
"641","Henry Buggenthin","Male","Leipzig","Sachsen","DE","M35-39","FIN","4:18:21","0:28:04","0:02:45","2:20:27","0:03:49","1:23:16","87","81","14","2906","61","51","9","123","116","21","87","81","14","15501","1684","165","8427","229","4996"
"1115","Patrick Diessner","Male","München","Bavaria","DE","M35-39","FIN","4:18:22","0:30:58","0:03:07","2:12:45","0:04:25","1:27:07","88","82","15","2906","186","151","25","78","75","12","88","82","15","15502","1858","187","7965","265","5227"
"1458","Patrik Wedlich","Male","Linz","Upper Austria","DE","M18-24","FIN","4:18:48","0:30:30","0:04:23","2:18:28","0:03:47","1:21:40","89","83","6","2951","159","129","15","159","148","15","89","83","6","15528","1830","263","8308","227","4900"
"143","Marc Wenzel","Male","Sebnitz","SN","DE","M40-44","FIN","4:18:51","0:29:28","0:02:26","2:14:24","0:03:22","1:29:11","90","84","6","3171","116","91","8","75","72","5","90","84","6","15531","1768","146","8064","202","5351"
"477","Jonas Mix","Male","Ingolstadt","DE-BY","DE","M30-34","FIN","4:18:56","0:30:16","0:03:39","2:14:21","0:03:59","1:26:41","91","85","16","2989","146","117","20","90","86","18","91","85","16","15536","1816","219","8061","239","5201"
"5014","Christine Verdonck","Female","Brecht","Flemish Region","BE","FPRO","FIN","4:19:01","0:28:26","0:02:10","2:16:36","0:03:17","1:28:32","92","7","6","3044","72","14","4","81","4","4","92","7","6","15541","1706","130","8196","197","5312"
"2094","Ian Kulick","Male","Ludwigsfelde","BRANDENBURG","DE","M18-24","FIN","4:19:05","0:32:33","0:03:40","2:19:45","0:03:58","1:19:10","93","86","7","2946","302","249","27","216","200","22","93","86","7","15545","1953","220","8385","238","4750"
"1420","Jan Gutscher","Male","Markkleeberg ","SN","DE","M40-44","FIN","4:19:06","0:30:08","0:03:23","2:13:29","0:03:59","1:28:08","94","87","7","3166","138","110","11","80","77","7","94","87","7","15546","1808","203","8009","239","5288"
"593","Torben Müller","Male","Wiesbaden","RP","DE","M30-34","FIN","4:19:08","0:28:23","0:03:51","2:19:03","0:04:54","1:22:57","95","88","17","2985","69","56","7","124","117","23","95","88","17","15548","1703","231","8343","294","4977"
"199","Niklas Schweer","Male","Düsseldorf","DE-NW","DE","M40-44","FIN","4:19:12","0:29:41","0:03:39","2:12:40","0:03:57","1:29:14","96","89","8","3164","125","98","10","70","67","4","96","89","8","15552","1781","219","7960","237","5354"
"267","Till Wischerath","Male","Mettmann","DE-NW","DE","M40-44","FIN","4:19:29","0:35:04","0:04:13","2:09:39","0:03:04","1:27:31","97","90","9","3159","582","479","64","97","91","9","97","90","9","15569","2104","253","7779","184","5251"
"203","Stefan Schulz","Male","Neuruppin","DE-BB","DE","M40-44","FIN","4:19:34","0:28:57","0:03:11","2:16:01","0:04:31","1:26:54","98","91","10","3158","92","74","4","88","84","8","98","91","10","15574","1737","191","8161","271","5214"
"165","Yannic Brückner","Male","Klagenfurt am Wörthersee","AT-2","DE","M35-39","FIN","4:19:38","0:28:31","0:03:54","2:14:54","0:03:48","1:28:31","99","92","16","2883","75","60","13","85","81","14","99","92","16","15578","1711","234","8094","228","5311"
"2498","Dominik Hüttig","Male","Dresden","Sachsen","DE","M30-34","FIN","4:19:56","0:27:30","0:03:41","2:14:47","0:03:24","1:30:33","100","93","18","2971","55","48","6","69","66","14","100","93","18","15596","1650","221","8087","204","5433"
"806","Florian Ettner","Male","Endingen am Kaiserstuhl","BW","DE","M18-24","FIN","4:20:32","0:31:51","0:03:13","2:16:56","0:03:28","1:25:04","101","94","8","2920","240","198","22","145","136","14","101","94","8","15632","1911","193","8216","208","5104"
"753","Sergiy Yeroshov","Male","Brovary","UA-32","UA","M40-44","FIN","4:20:38","0:33:16","0:02:18","2:13:53","0:04:09","1:27:02","102","95","11","3139","366","301","37","102","95","12","102","95","11","15638","1996","138","8033","249","5222"
"1901","Maximilian Wulff","Male","Hofheim am Taunus","HE","DE","M18-24","FIN","4:20:39","0:31:42","0:04:50","2:10:18","0:03:36","1:30:12","103","96","9","2918","232","192","19","79","76","6","103","96","9","15639","1902","290","7818","216","5412"
"1659","Raphael Gabel","Male","Frankfurt am Main","DE","DE","M35-39","FIN","4:20:43","0:32:07","0:05:24","2:13:55","0:04:41","1:24:36","104","97","17","2864","267","222","33","126","119","22","104","97","17","15643","1927","324","8035","281","5076"
"525","Clemens Hopfer","Male","Muenster","NW","DE","M18-24","FIN","4:20:46","0:32:09","0:03:39","2:14:22","0:03:46","1:26:50","105","98","10","2916","270","225","24","110","103","8","105","98","10","15646","1929","219","8062","226","5210"
"2156","Marco Albert","Male","Detmold","NORDRHEIN-WESTFALEN","DE","M30-34","FIN","4:21:54","0:30:50","0:03:41","2:13:14","0:03:23","1:30:46","106","99","19","2936","178","147","28","86","82","17","106","99","19","15714","1850","221","7994","203","5446"
"1804","Marianne Juliane Kulling","Female","Fürstenwalde","BB","DE","F25-29","FIN","4:22:15","0:34:18","0:03:01","2:14:08","0:03:55","1:26:53","107","8","1","3500","474","81","15","128","8","1","107","8","1","15735","2058","181","8048","235","5213"
"764","Ben Löer","Male","FRIEDRICHSDORF","Hesse","DE","M18-24","FIN","4:22:30","0:33:21","0:06:06","2:15:55","0:04:45","1:22:22","108","100","11","2885","373","306","33","200","185","20","108","100","11","15750","2001","366","8155","285","4942"
"2317","Dustin Knappe","Male","Dresden","SACHSEN","DE","M25-29","FIN","4:22:44","0:32:17","0:04:21","2:12:52","0:04:08","1:29:08","109","101","9","3138","284","236","26","103","96","9","109","101","9","15764","1937","261","7972","248","5348"
"1074","Sebastian Müller","Male","Dresden","SACHSEN","DE","M30-34","FIN","4:22:59","0:28:39","0:02:31","2:14:48","0:04:56","1:32:06","110","102","20","2916","82","66","11","68","65","13","110","102","20","15779","1719","151","8088","296","5526"
"746","Manuel Dirnberger","Male","93047","Bavaria","DE","M30-34","FIN","4:23:07","0:32:37","0:04:22","2:16:44","0:03:25","1:25:59","111","103","21","2914","311","258","45","168","156","31","111","103","21","15787","1957","262","8204","205","5159"
"462","Luis Drechsler","Male","Leipzig","Saxony","DE","M18-24","FIN","4:23:17","0:33:56","0:02:48","2:13:51","0:02:56","1:29:47","112","104","12","2871","428","353","43","114","107","9","112","104","12","15797","2036","168","8031","176","5387"
"1718","Michal Kovacik","Male","Garbsen","NI","DE","M40-44","FIN","4:23:17","0:29:12","0:03:43","2:23:42","0:04:21","1:22:19","113","105","12","3091","103","83","6","230","213","30","113","105","12","15797","1752","223","8622","261","4939"
"715","Aron Scheffler","Male","Gräfenhainichen","Saxony-Anhalt","DE","M35-39","FIN","4:23:25","0:32:13","0:04:29","2:15:01","0:04:26","1:27:15","114","106","18","2815","277","230","34","137","128","24","114","106","18","15805","1933","269","8101","266","5235"
"741","Dennis van Ras","Male","Eindhoven","North Brabant","NL","M40-44","FIN","4:23:39","0:31:55","0:06:07","2:17:20","0:04:49","1:23:28","115","107","13","3084","251","208","25","201","186","25","115","107","13","15819","1915","367","8240","289","5008"
"2512","René Verheij","Male","Puttershoek","ZUID-HOLLAND","NL","M40-44","FIN","4:23:45","0:27:30","0:04:16","2:17:28","0:05:06","1:29:26","116","108","14","3083","53","46","2","100","93","10","116","108","14","15825","1650","256","8248","306","5366"
"128","Verena Fetzer","Female","München","DE-BY","DE","F30-34","FIN","4:23:51","0:27:39","0:02:25","2:18:58","0:03:18","1:31:31","117","9","1","3500","57","8","2","99","7","1","117","9","1","15831","1659","145","8338","198","5491"
"372","Christopher Beil","Male","Leipzig","SACHSEN","DE","M35-39","FIN","4:23:51","0:30:40","0:03:17","2:17:09","0:02:58","1:29:47","118","109","19","2807","168","137","24","121","114","20","118","109","19","15831","1840","197","8229","178","5387"
"2154","Hans Tränkner","Male","Leipzig","SN","DE","M30-34","FIN","4:23:51","0:36:21","0:03:06","2:12:32","0:02:50","1:29:02","119","110","22","2900","736","610","87","143","134","27","119","110","22","15831","2181","186","7952","170","5342"
"185","Michael Pohrebniak","Male","Schliersee","DE-BY","UA","M25-29","FIN","4:24:06","0:32:51","0:02:54","2:14:13","0:03:58","1:30:10","120","111","10","3113","332","276","31","108","101","11","120","111","10","15846","1971","174","8053","238","5410"
"5015","Zoé Leurs","Female","Autre-Église","","BE","FPRO","FIN","4:24:11","0:29:28","0:02:41","2:19:32","0:03:31","1:28:59","121","10","7","2951","112","25","6","135","9","6","121","10","7","15851","1768","161","8372","211","5339"
"118","Jonas Sebastian Neumann","Male","Liederbach am Taunus","DE-HE","DE","M18-24","FIN","4:24:16","0:26:42","0:02:16","2:27:03","0:04:07","1:24:08","122","112","13","2853","36","29","3","219","202","23","122","112","13","15856","1602","136","8823","247","5048"
"2241","Sascha Steiniger","Male","Falkenstein","DE-SN","DE","M35-39","FIN","4:24:17","0:34:42","0:05:00","2:16:43","0:04:53","1:22:59","123","113","20","2799","530","437","69","228","211","40","123","113","20","15857","2082","300","8203","293","4979"
"173","Hendrik Starkloff","Male","Chemnitz","SACHSEN","DE","M35-39","FIN","4:24:39","0:33:19","0:04:15","2:18:16","0:04:06","1:24:43","124","114","21","2793","369","303","48","212","197","36","124","114","21","15879","1999","255","8296","246","5083"
"918","Sebastian Pflüger","Male","Markkleeberg","Saxony","DE","M35-39","FIN","4:24:48","0:28:31","0:03:32","2:15:14","0:03:33","1:33:57","125","115","22","2790","76","61","14","84","80","13","125","115","22","15888","1711","212","8114","213","5637"
"382","David Bozicevic","Male","Leipzig","DE-SN","DE","M25-29","FIN","4:24:48","0:30:10","0:03:21","2:17:51","0:03:52","1:29:34","126","116","11","3101","141","112","11","125","118","14","126","116","11","15888","1810","201","8271","232","5374"
"2017","Christian Springer","Male","Stolberg ","NW","DE","M30-34","FIN","4:25:01","0:31:57","0:03:19","2:16:15","0:02:46","1:30:44","127","117","23","2879","255","212","42","130","122","24","127","117","23","15901","1917","199","8175","166","5444"
"2496","René Dolge","Male","Salzatal","ST","DE","M40-44","FIN","4:25:07","0:34:46","0:03:41","2:16:30","0:04:16","1:25:53","128","118","15","3058","536","440","55","189","175","22","128","118","15","15907","2086","221","8190","256","5153"
"839","Marcel Jenzewski","Male","Leipzig","DE","DE","M40-44","FIN","4:25:20","0:33:37","0:05:08","2:13:54","0:04:15","1:28:26","129","119","16","3054","400","329","38","155","144","16","129","119","16","15920","2017","308","8034","255","5306"
"2163","Max Menzel","Male","Naumburg","ST","DE","M30-34","FIN","4:25:25","0:27:06","0:02:52","2:13:27","0:03:20","1:38:39","130","120","24","2872","43","36","5","54","51","8","130","120","24","15925","1626","172","8007","200","5919"
"2457","Joel Hawle","Male","Berlin","DE-BE","DE","M30-34","FIN","4:25:26","0:33:37","0:04:12","2:17:30","0:03:45","1:26:22","131","121","25","2872","402","331","56","197","182","33","131","121","25","15926","2017","252","8250","225","5182"
"137","Markus Reise","Male","Jena","DE-TH","DE","M40-44","FIN","4:25:43","0:35:52","0:04:07","2:13:59","0:03:47","1:27:58","132","122","17","3047","679","563","73","173","161","20","132","122","17","15943","2152","247","8039","227","5278"
"216","Marcus Conrad","Male","Querfurt","ST","DE","M40-44","FIN","4:25:47","0:39:01","0:02:51","2:18:29","0:03:55","1:21:31","133","123","18","3046","1125","916","123","303","279","45","133","123","18","15947","2341","171","8309","235","4891"
"1729","Lucas Peixoto","Male","Vila Nova de santo andré","PT-15","PT","M30-34","FIN","4:25:53","0:30:17","0:04:43","2:15:32","0:05:34","1:29:47","134","124","26","2864","148","119","21","113","106","21","134","124","26","15953","1817","283","8132","334","5387"
"508","Leander Scheer","Male","Plauen","SACHSEN","DE","M18-24","FIN","4:25:59","0:28:38","0:02:23","2:09:11","0:02:57","1:42:50","135","125","14","2822","81","65","8","34","32","3","135","125","14","15959","1718","143","7751","177","6170"
"1728","Jan Peitz","Male","Pohlheim","DE-HE","DE","M25-29","FIN","4:26:03","0:30:20","0:03:42","2:20:39","0:03:17","1:28:04","136","126","12","3078","150","121","13","186","172","23","136","126","12","15963","1820","222","8439","197","5284"
"486","Julien Grunert","Male","Adelsheim","BW","DE","M30-34","FIN","4:26:09","0:34:10","0:02:54","2:13:42","0:04:19","1:31:05","137","127","27","2859","451","374","62","116","109","22","137","127","27","15969","2050","174","8022","259","5465"
"1210","Yassine Ben Houssine","Male","Berlin","BE","MA","M30-34","FIN","4:26:21","0:34:15","0:04:36","2:19:56","0:03:15","1:24:17","138","128","28","2855","466","387","65","272","250","42","138","128","28","15981","2055","276","8396","195","5057"
"111","Jana Müller","Female","Offenbach am Main","HE","DE","F30-34","FIN","4:26:36","0:29:06","0:02:53","2:22:14","0:03:51","1:28:32","139","11","2","3450","100","20","4","178","13","4","139","11","2","15996","1746","173","8534","231","5312"
"1298","Fabian Zangl","Male","Augsburg","BY","DE","M30-34","FIN","4:26:41","0:30:25","0:03:48","2:23:16","0:04:44","1:24:27","140","129","29","2849","154","124","23","248","227","39","140","129","29","16001","1825","228","8596","284","5067"
"1339","Naima Madlen Diesner","Female","Göttingen","NI","DE","F35-39","FIN","4:26:42","0:32:54","0:03:05","2:19:03","0:03:23","1:28:17","141","12","1","3500","336","58","9","193","15","1","141","12","1","16002","1974","185","8343","203","5297"
"2372","Laurenz Hirsch","Male","Frankfurt am Main","DE-HE","DE","M25-29","FIN","4:26:45","0:36:44","0:04:07","2:16:57","0:03:51","1:25:07","142","130","13","3066","790","653","79","253","232","27","142","130","13","16005","2204","247","8217","231","5107"
"125","Tim Ziegler","Male","Esslingen am Neckar","DE-BW","DE","M25-29","FIN","4:26:50","0:33:51","0:04:21","2:14:23","0:03:26","1:30:48","143","131","14","3064","423","350","42","153","142","19","143","131","14","16010","2031","261","8063","206","5448"
"183","Louis Reichelt","Male","Würzburg","DE-BY","DE","M25-29","FIN","4:26:51","0:34:11","0:03:42","2:16:13","0:05:27","1:27:19","144","132","15","3064","455","377","46","175","163","21","144","132","15","16011","2051","222","8173","327","5239"
"1560","Marc-Kevin Baier","Male","Zerbst/Anhalt","SACHSEN-ANHALT","DE","M30-34","FIN","4:26:55","0:33:40","0:03:34","2:19:58","0:04:08","1:25:34","145","133","30","2845","407","335","57","240","222","37","145","133","30","16015","2020","214","8398","248","5134"
"1294","Quinten Peeters","Male","Heemskerk","NL-NH","NL","M25-29","FIN","4:26:58","0:29:35","0:03:43","2:22:51","0:03:51","1:26:57","146","134","16","3062","119","94","9","223","206","25","146","134","16","16018","1775","223","8571","231","5217"
"2298","Cedrik Miksch","Male","Olching","BY","DE","M25-29","FIN","4:27:03","0:30:36","0:04:30","2:14:42","0:03:18","1:33:57","147","135","17","3060","165","134","14","105","98","10","147","135","17","16023","1836","270","8082","198","5637"
"2497","Thomas Richter","Male","Halle/Saale","ST","DE","M40-44","FIN","4:27:29","0:34:23","0:04:54","2:15:23","0:03:18","1:29:30","148","136","19","3015","489","405","50","185","171","21","148","136","19","16049","2063","294","8123","198","5370"
"2429","David Hutchins","Male","Tavistock","DEV","GB","M40-44","FIN","4:27:44","0:31:27","0:03:16","2:22:07","0:03:32","1:27:22","149","137","20","3011","212","175","22","238","220","32","149","137","20","16064","1887","196","8527","212","5242"
"1162","Syver Ljøkjel","Male","Fannrem","Trøndelag","NO","M18-24","FIN","4:27:49","0:32:42","0:04:54","2:20:45","0:04:19","1:25:09","150","138","15","2789","319","265","30","261","240","25","150","138","15","16069","1962","294","8445","259","5109"
"511","Markus Tollert","Male","Leipzig","SACHSEN","DE","M35-39","FIN","4:27:59","0:35:11","0:06:59","2:13:31","0:04:38","1:27:40","151","139","23","2733","593","488","80","209","194","35","151","139","23","16079","2111","419","8011","278","5260"
"1089","Richard Mrusek","Male","Halle (Saale)","ST","DE","M35-39","FIN","4:28:20","0:33:30","0:04:11","2:15:26","0:03:39","1:31:34","152","140","24","2726","387","319","51","158","147","27","152","140","24","16100","2010","251","8126","219","5494"
"2103","Christopher Webb","Male","Woerden","UTRECHT","GB","M35-39","FIN","4:28:29","0:31:19","0:03:48","2:19:02","0:03:29","1:30:50","153","141","25","2724","203","167","28","177","165","30","153","141","25","16109","1879","228","8342","209","5450"
"1193","Simon Freund","Male","Fürth","Bavaria","DE","M18-24","FIN","4:28:35","0:28:09","0:03:19","2:19:45","0:04:34","1:32:48","154","142","16","2775","64","53","7","122","115","11","154","142","16","16115","1689","199","8385","274","5568"
"1190","Thomas Gerischer","Male","Hausham","BY","DE","M40-44","FIN","4:28:35","0:30:54","0:02:52","2:19:36","0:04:23","1:30:50","155","143","21","2996","182","149","19","160","149","17","155","143","21","16115","1854","172","8376","263","5450"
"1260","Eric Michel","Male","Großpösna","Saxony","DE","M35-39","FIN","4:28:43","0:27:12","0:02:36","2:18:23","0:03:56","1:36:37","156","144","26","2720","48","41","6","89","85","15","156","144","26","16123","1632","156","8303","236","5797"
"2292","Kim Heilemann","Female","Halle (Saale)","DE-ST","DE","F25-29","FIN","4:28:56","0:33:37","0:02:43","2:18:11","0:02:58","1:31:27","157","13","2","3379","398","71","9","182","14","2","157","13","2","16136","2017","163","8291","178","5487"
"155","Nico Freund","Male","Leipzig","SACHSEN","DE","M45-49","FIN","4:29:04","0:32:10","0:03:33","2:16:09","0:04:09","1:33:04","158","145","9","3031","271","226","22","140","131","11","158","145","9","16144","1930","213","8169","249","5584"
"1625","Denny Kuhn","Male","Göttingen","NI","DE","M45-49","FIN","4:29:07","0:35:03","0:03:14","2:17:59","0:03:56","1:28:56","159","146","10","3030","580","477","54","225","208","21","159","146","10","16147","2103","194","8279","236","5336"
"224","Tobias Flemming","Male","Bad Homburg","foreigner","DE","M35-39","FIN","4:29:11","0:36:34","0:03:26","2:18:22","0:04:33","1:26:16","160","147","27","2711","766","633","99","263","241","43","160","147","27","16151","2194","206","8302","273","5176"
"131","Melanie Altenbeck-Zorn","Female","Leonberg","DE-BW","DE","F35-39","FIN","4:29:45","0:32:11","0:03:19","2:21:48","0:03:11","1:29:15","161","14","2","3445","275","47","7","244","20","3","161","14","2","16185","1931","199","8508","191","5355"
"156","Marvin Neumann","Male","Nürnberg","DE-BY","DE","M30-34","FIN","4:29:46","0:33:02","0:03:37","2:17:00","0:03:37","1:32:30","162","148","31","2794","345","282","49","166","154","30","162","148","31","16186","1982","217","8220","217","5550"
"2037","Axel Yuta Warnke","Male","Garbsen","NIEDERSACHSEN","DE","M35-39","FIN","4:29:48","0:28:24","0:04:33","2:26:14","0:05:03","1:25:34","163","149","28","2700","70","57","10","280","258","47","163","149","28","16188","1704","273","8774","303","5134"
"1464","Thomas Grüttner","Male","Leipzig","DE-SN","DE","M45-49","FIN","4:29:50","0:37:29","0:04:22","2:18:02","0:03:28","1:26:29","164","150","11","3017","898","742","93","298","275","28","164","150","11","16190","2249","262","8282","208","5189"
"2144","Martin Prost","Male","Möser","ST","DE","M40-44","FIN","4:29:51","0:30:49","0:03:30","2:19:38","0:05:30","1:30:25","165","151","22","2973","176","145","17","170","158","19","165","151","22","16191","1849","210","8378","330","5425"
"1899","Florian Krämer","Male","Ravensburg","Baden-Württemberg","DE","M35-39","FIN","4:29:56","0:39:09","0:04:19","2:19:54","0:03:57","1:22:37","166","152","29","2698","1140","927","141","373","344","58","166","152","29","16196","2349","259","8394","237","4957"
"120","Mark Hummel","Male","Ubstadt-Weiher","DE-BW","DE","M55-59","FIN","4:29:59","0:35:16","0:04:21","2:12:24","0:04:11","1:33:47","167","153","1","3500","609","503","39","146","137","2","167","153","1","16199","2116","261","7944","251","5627"
"2458","Nicolas Stephan","Male","Berlin","BE","DE","M40-44","FIN","4:30:03","0:32:57","0:04:48","2:14:19","0:03:59","1:34:00","168","154","23","2969","340","280","32","147","138","15","168","154","23","16203","1977","288","8059","239","5640"
"1702","Frederik Herres","Male","Schweich","DE-RP","DE","M55-59","FIN","4:30:07","0:35:54","0:05:36","2:15:13","0:04:55","1:28:30","169","155","2","3497","684","566","47","235","217","6","169","155","2","16207","2154","336","8113","295","5310"
"2062","Nik Jaschhof","Male","Gilching","BY","DE","M18-24","FIN","4:30:10","0:31:51","0:04:12","2:17:28","0:04:02","1:32:37","170","156","17","2747","241","199","23","164","152","16","170","156","17","16210","1911","252","8248","242","5557"
"2207","Simon Mellin","Male","Regensburg","DE-BY","DE","M25-29","FIN","4:30:12","0:32:00","0:04:38","2:18:34","0:04:10","1:30:50","171","157","18","3004","260","217","23","195","180","24","171","157","18","16212","1920","278","8314","250","5450"
"802","Silvia Weishäupl","Female","Regenstauf","DE-BY","DE","F45-49","FIN","4:30:14","0:30:56","0:03:43","2:21:14","0:04:29","1:29:52","172","15","1","3500","184","34","4","214","16","1","172","15","1","16214","1856","223","8474","269","5392"
"349","Christian Schwarzloos","Male","Leipzig","SN","DE","M35-39","FIN","4:30:15","0:31:27","0:03:59","2:19:55","0:04:17","1:30:37","173","158","30","2692","211","174","29","198","183","33","173","158","30","16215","1887","239","8395","257","5437"
"1556","Martin Riedl","Male","House","foreigner","DE","M35-39","FIN","4:30:19","0:29:10","0:02:52","2:17:57","0:04:02","1:36:19","174","159","31","2691","102","82","17","107","100","17","174","159","31","16219","1750","172","8277","242","5779"
"2130","fabio bernardoni","Male","Dresden","Saxony","IT","M45-49","FIN","4:30:29","0:30:48","0:03:58","2:21:22","0:05:37","1:28:45","175","160","12","3006","175","144","9","221","204","20","175","160","12","16229","1848","238","8482","337","5325"
"1400","Werner Van Den Broeck","Male","Kapellen","BE-VAN","BE","M45-49","FIN","4:30:30","0:28:56","0:04:47","2:17:59","0:04:29","1:34:19","176","161","13","3005","91","73","4","136","127","9","176","161","13","16230","1736","287","8279","269","5659"
"1584","Claude Kaiser","Male","Esch-Alzette","LU-ES","LU","M50-54","FIN","4:30:35","0:30:43","0:03:26","2:14:10","0:04:24","1:37:52","177","162","3","3168","170","139","7","91","87","3","177","162","3","16235","1843","206","8050","264","5872"
"29","Patrik Krelke","Male","Suhl","foreigner","DE","MPRO","FIN","4:30:56","0:31:54","0:02:18","2:24:02","0:03:34","1:29:08","178","163","25","2420","248","205","25","259","238","25","178","163","25","16256","1914","138","8642","214","5348"
"1417","Daan Ehlers","Male","Wolfsburg","Niedersachsen","DE","M18-24","FIN","4:30:59","0:29:20","0:02:59","2:22:15","0:03:27","1:32:57","179","164","18","2732","107","86","10","184","170","18","179","164","18","16259","1760","179","8535","207","5577"
"2500","Tobias Piekatz","Male","Hamburg","Hamburg","DE","M40-44","FIN","4:31:03","0:36:50","0:05:10","2:13:51","0:04:40","1:30:33","180","165","24","2951","798","658","88","213","198","28","180","165","24","16263","2210","310","8031","280","5433"
"736","Lorenz Niedrig","Male","Bochum","DE-NW","DE","M25-29","FIN","4:31:14","0:33:26","0:02:50","2:17:40","0:04:13","1:33:05","181","166","19","2985","379","312","35","171","159","20","181","166","19","16274","2006","170","8260","253","5585"
"211","Kai Biermann","Male","Aurich","DE-NI","DE","M35-39","FIN","4:31:19","0:34:10","0:04:15","2:17:42","0:04:01","1:31:11","182","167","32","2673","453","375","59","220","203","38","182","167","32","16279","2050","255","8262","241","5471"
"619","Philipp Schulze","Male","Dortmund","NW","DE","M25-29","FIN","4:31:23","0:34:23","0:04:06","2:13:16","0:04:47","1:34:51","183","168","20","2982","488","404","49","138","129","16","183","168","20","16283","2063","246","7996","287","5691"
"734","Nicole Schuldt","Female","Markkleeberg","Saxony","DE","F35-39","FIN","4:31:27","0:29:38","0:02:17","2:24:04","0:03:17","1:32:11","184","16","3","3414","122","26","5","218","17","2","184","16","3","16287","1778","137","8644","197","5531"
"212","Armin Ross","Male","Aurich","DE-NI","DE","M40-44","FIN","4:31:32","0:37:51","0:05:09","2:21:35","0:04:19","1:22:37","185","169","25","2942","955","787","110","408","376","63","185","169","25","16292","2271","309","8495","259","4957"
"192","Henrik Johnsdorf","Male","Frankfurt/Main","DE-HE","DE","M35-39","FIN","4:31:33","0:34:02","0:03:42","2:17:49","0:05:21","1:30:38","186","170","33","2669","439","363","55","206","191","34","186","170","33","16293","2042","222","8269","321","5438"
"2307","Norbert Junghanns","Male","Ilmenau","TH","DE","M40-44","FIN","4:31:37","0:33:07","0:03:27","2:19:07","0:03:52","1:32:04","187","171","26","2941","353","289","35","210","195","27","187","171","26","16297","1987","207","8347","232","5524"
"2454","Anna Heyder","Female","Gerichshain","SN","DE","F30-34","FIN","4:31:43","0:26:15","0:03:22","2:22:41","0:03:42","1:35:44","188","17","3","3358","33","7","1","149","10","2","188","17","3","16303","1575","202","8561","222","5744"
"2484","Markus Heinrich","Male","Magdeburg","ST","DE","M25-29","FIN","4:31:57","0:33:26","0:06:21","2:22:15","0:05:48","1:24:07","189","172","21","2972","378","311","34","340","315","39","189","172","21","16317","2006","381","8535","348","5047"
"2387","Stig Sander","Male","Bremen","HB","DE","M25-29","FIN","4:31:57","0:34:33","0:04:07","2:15:48","0:05:05","1:32:24","190","173","22","2972","509","420","53","181","168","22","190","173","22","16317","2073","247","8148","305","5544"
"443","Folkert Behrends","Male","Altmünster","OBEROSTERREICH","DE","M60-64","FIN","4:32:01","0:30:46","0:03:09","2:20:12","0:03:43","1:34:10","191","174","1","3500","172","141","1","176","164","1","191","174","1","16321","1846","189","8412","223","5650"
"1775","Stefan Scheufler","Male","Neuruppin","DE-BB","DE","M45-49","FIN","4:32:03","0:34:22","0:03:29","2:15:56","0:04:16","1:34:01","192","175","14","2978","481","398","43","169","157","15","192","175","14","16323","2062","209","8156","256","5641"
"1970","Jonas Wogatzky","Male","Innsbruck","Tyrol","DE","M25-29","FIN","4:32:04","0:31:26","0:03:51","2:17:09","0:04:23","1:35:15","193","176","23","2970","210","173","18","151","140","17","193","176","23","16324","1886","231","8229","263","5715"
"213","Stefan Schwerin","Male","Wackerow","DE-MV","DE","M40-44","FIN","4:32:09","0:34:17","0:03:42","2:16:59","0:04:16","1:32:54","194","177","27","2931","470","391","48","190","176","23","194","177","27","16329","2057","222","8219","256","5574"
"1958","Michael Wachtendonk","Male","München","DE-BY","DE","M45-49","FIN","4:32:09","0:31:52","0:04:16","2:15:32","0:05:00","1:35:29","195","178","15","2976","243","200","16","134","126","8","195","178","15","16329","1912","256","8132","300","5729"
"969","Claudio Blösch","Male","port","CH-BE","CH","M40-44","FIN","4:32:13","0:29:14","0:03:44","2:17:58","0:05:03","1:36:14","196","179","28","2930","104","84","7","119","112","14","196","179","28","16333","1754","224","8278","303","5774"
"2066","Sebastian Schnitzler","Male","Göttingen","NI","DE","M35-39","FIN","4:32:13","0:35:42","0:02:52","2:21:12","0:03:52","1:28:35","197","180","34","2657","666","551","89","294","271","50","197","180","34","16333","2142","172","8472","232","5315"
"132","Nelson Reichert","Male","Hamburg","DE-HAMBURG","DE","M30-34","FIN","4:32:13","0:35:22","0:03:03","2:22:08","0:04:11","1:27:30","198","181","32","2750","628","519","76","306","282","46","198","181","32","16333","2122","183","8528","251","5250"
"1159","Jørgen Ljøkjel","Male","Fannrem","NO-16","NO","M25-29","FIN","4:32:22","0:39:29","0:04:01","2:14:20","0:03:17","1:31:15","199","182","24","2965","1184","961","124","254","233","28","199","182","24","16342","2369","241","8060","197","5475"
"1046","Fabrice Szakal","Male","Chemnitz","SACHSEN","DE","M18-24","FIN","4:32:43","0:31:24","0:04:27","2:15:42","0:03:41","1:37:29","200","183","19","2701","206","169","18","132","124","13","200","183","19","16363","1884","267","8142","221","5849"
"437","Stefan Jockisch","Male","Ludwigsburg","BW","DE","M45-49","FIN","4:32:51","0:34:33","0:05:03","2:18:48","0:04:11","1:30:16","201","184","16","2963","511","422","44","264","242","24","201","184","16","16371","2073","303","8328","251","5416"
"397","Maximilian Stief","Male","Leipzig","SACHSEN","DE","M18-24","FIN","4:32:51","0:35:15","0:03:02","2:23:39","0:03:56","1:27:00","202","185","20","2699","600","495","53","336","311","32","202","185","20","16371","2115","182","8619","236","5220"
"1786","Philipp Neuhaus","Male","Gießen","HESSEN","DE","M30-34","FIN","4:32:58","0:33:58","0:04:05","2:19:48","0:03:18","1:31:49","203","186","33","2736","432","357","60","255","234","40","203","186","33","16378","2038","245","8388","198","5509"
"1085","Yannik Bornholdt","Male","Hamburg","DE-HH","DE","M25-29","FIN","4:33:01","0:35:54","0:04:15","2:21:44","0:04:39","1:26:30","204","187","25","2953","685","567","68","334","309","38","204","187","25","16381","2154","255","8504","279","5190"
"2040","Clemens Koster","Male","Aurich","DE-NI","DE","M50-54","FIN","4:33:02","0:31:35","0:04:25","2:19:26","0:03:44","1:33:53","205","188","4","3124","224","186","11","203","188","7","205","188","4","16382","1895","265","8366","224","5633"
"2069","Leon Frank","Male","Erfurt","DE-Thüringen","DE","M25-29","FIN","4:33:07","0:44:01","0:04:48","2:17:00","0:03:51","1:23:27","206","189","26","2951","1726","1367","185","444","410","45","206","189","26","16387","2641","288","8220","231","5007"
"1585","Niklas Muc","Male","Möckmühl ","Baden-Württemberg","DE","M30-34","FIN","4:33:10","0:29:06","0:04:55","2:17:36","0:05:07","1:36:26","207","190","34","2733","101","81","12","133","125","25","207","190","34","16390","1746","295","8256","307","5786"
"629","Tobias Zientek","Male","Pegau","SN","DE","M45-49","FIN","4:33:16","0:34:15","0:04:06","2:17:06","0:05:52","1:31:56","208","191","17","2956","463","384","39","205","190","18","208","191","17","16396","2055","246","8226","352","5516"
"380","Christoph Kovac","Male","Leipzig","SACHSEN","DE","M35-39","FIN","4:33:22","0:32:35","0:04:03","2:23:19","0:03:28","1:29:57","209","192","35","2636","306","253","41","300","277","51","209","192","35","16402","1955","243","8599","208","5397"
"1792","Louis Hofmann","Male","Korbach","HESSEN","DE","M18-24","FIN","4:33:23","0:29:57","0:04:20","2:24:24","0:03:18","1:31:24","210","193","21","2689","134","106","11","267","245","26","210","193","21","16403","1797","260","8664","198","5484"
"601","Marco Sander","Male","Leipzig","Saxony","DE","M35-39","FIN","4:33:28","0:33:17","0:03:18","2:22:10","0:04:04","1:30:40","211","194","36","2634","368","302","47","270","248","44","211","194","36","16408","1997","198","8530","244","5440"
"1208","Henrik Mack","Male","Berlin","BE","DE","M25-29","FIN","4:33:28","0:33:05","0:03:02","2:29:15","0:03:38","1:24:28","212","195","27","2945","350","287","32","435","403","44","212","195","27","16408","1985","182","8955","218","5068"
"390","Friedrich Hartmann","Male","Leipzig","Sachsen","DE","M40-44","FIN","4:33:32","0:35:57","0:04:10","2:22:45","0:04:21","1:26:18","213","196","29","2906","694","575","75","365","338","54","213","196","29","16412","2157","250","8565","261","5178"
"2456","Viktor Kimmel","Male","Braunschweig","NI","DE","M35-39","FIN","4:33:53","0:34:46","0:03:48","2:17:57","0:04:06","1:33:16","214","197","37","2627","537","441","70","229","212","41","214","197","37","16433","2086","228","8277","246","5596"
"2470","Erik Hänel","Male","Böhlen","Saxony","DE","M40-44","FIN","4:33:58","0:30:30","0:03:51","2:15:04","0:04:43","1:39:50","215","198","30","2899","157","127","13","101","94","11","215","198","30","16438","1830","231","8104","283","5990"
"2349","Dennis Boehm","Male","Sulzbach","DE-HE","DE","M45-49","FIN","4:34:02","0:37:41","0:04:06","2:17:29","0:04:51","1:29:56","216","199","18","2942","924","762","99","283","261","27","216","199","18","16442","2261","246","8249","291","5396"
"345","Timofei Potjomkin","Male","Leipzig","DE-SACHSEN","DE","M35-39","FIN","4:34:14","0:30:04","0:03:03","2:18:24","0:04:51","1:37:53","217","200","38","2620","136","108","22","129","121","23","217","200","38","16454","1804","183","8304","291","5873"
"408","Julien Lefebvre","Male","Genech","Hauts-de-France","FR","M18-24","FIN","4:34:19","0:34:22","0:04:10","2:22:29","0:04:27","1:28:51","218","201","22","2672","483","400","48","320","296","29","218","201","22","16459","2062","250","8549","267","5331"
"1586","Morten Winter","Male","Bad Friedrichshall","Baden-Württemberg","DE","M25-29","FIN","4:34:19","0:31:33","0:03:54","2:16:00","0:05:10","1:37:43","219","202","28","2930","222","184","21","127","120","15","219","202","28","16459","1893","234","8160","310","5863"
"1759","Sophia Ibert","Female","Allersberg","","DE","F30-34","FIN","4:34:40","0:29:14","0:02:44","2:20:26","0:03:53","1:38:22","220","18","4","3305","105","21","5","150","11","3","220","18","4","16480","1754","164","8426","233","5902"
"2386","Lasse Kreytenberg","Male","Geesthacht","Schleswig-Holstein","DE","M30-34","FIN","4:34:40","0:30:37","0:05:59","2:17:58","0:05:34","1:34:32","221","203","35","2706","167","136","26","183","169","32","221","203","35","16480","1837","359","8278","334","5672"
"1032","Johannes Scharr","Male","Leipzig","DE-SN","DE","M25-29","FIN","4:34:43","0:36:04","0:04:06","2:18:15","0:04:26","1:31:52","222","204","29","2922","703","583","72","265","243","30","222","204","29","16483","2164","246","8295","266","5512"
"885","Janes Kasper","Male","Krumbach (Schwaben)","Bavaria","DE","M18-24","FIN","4:34:57","0:29:16","0:02:59","2:18:49","0:04:22","1:39:30","223","205","23","2661","106","85","9","120","113","10","223","205","23","16497","1756","179","8329","262","5970"
"539","Lars Winkler","Male","Leipzig","DE-SN","DE","M45-49","FIN","4:35:05","0:31:28","0:04:08","2:23:32","0:04:24","1:31:33","224","206","19","2923","214","177","12","278","256","26","224","206","19","16505","1888","248","8612","264","5493"
"2142","Christoph Kempf","Male","Frankfurt","HESSEN","DE","M35-39","FIN","4:35:08","0:32:02","0:06:51","2:17:04","0:04:14","1:34:56","225","207","39","2604","261","218","32","217","201","37","225","207","39","16508","1922","411","8224","254","5696"
"778","Rim Dudek","Male","Hamburg","DE-HH","DE","M18-24","FIN","4:35:12","0:33:07","0:04:14","2:18:28","0:04:06","1:35:16","226","208","24","2656","354","290","32","211","196","21","226","208","24","16512","1987","254","8308","246","5716"
"2035","Ronny Bock","Male","Gifhorn","NIEDERSACHSEN","DE","M35-39","FIN","4:35:21","0:34:07","0:03:45","2:14:53","0:03:59","1:38:37","227","209","40","2600","446","369","57","156","145","26","227","209","40","16521","2047","225","8093","239","5917"
"1434","Tim Viertel","Male","Backnang","DE-BW","DE","M18-24","FIN","4:35:22","0:35:47","0:04:32","2:23:32","0:04:05","1:27:25","228","210","25","2653","670","554","59","388","357","37","228","210","25","16522","2147","272","8612","245","5245"
"1119","Paul Jelinek","Male","Kempen","North Rhine-Westphalia","DE","M40-44","FIN","4:35:22","0:35:30","0:04:56","2:20:25","0:04:52","1:29:40","229","211","31","2873","640","528","66","313","289","47","229","211","31","16522","2130","296","8425","292","5380"
"169","Kevin Sabitzer","Male","Lampertheim","DE-DE-DE-HESSEN","DE","M30-34","FIN","4:35:33","0:34:14","0:03:40","2:23:37","0:04:49","1:29:13","230","212","36","2690","461","382","63","328","303","47","230","212","36","16533","2054","220","8617","289","5353"
"928","Franz Mache","Male","Leipzig","Sachsen","DE","M30-34","FIN","4:35:36","0:30:16","0:03:33","2:21:48","0:04:55","1:35:04","231","213","37","2689","145","116","19","207","192","34","231","213","37","16536","1816","213","8508","295","5704"
"2467","Peter Seidel","Male","Nordhausen","","DE","M35-39","FIN","4:35:36","0:32:54","0:03:58","2:16:36","0:03:23","1:38:45","232","214","41","2596","337","279","44","162","151","28","232","214","41","16536","1974","238","8196","203","5925"
"917","Sebastian Huhn","Male","Leipzig","SACHSEN","DE","M35-39","FIN","4:35:53","0:35:30","0:05:04","2:20:27","0:03:22","1:31:31","233","215","42","2591","638","527","83","319","295","52","233","215","42","16553","2130","304","8427","202","5491"
"1145","Stefan Riehm","Male","Uslar","NI","DE","M45-49","FIN","4:35:53","0:33:09","0:03:35","2:23:49","0:05:43","1:29:37","234","216","20","2909","356","292","35","307","283","30","234","216","20","16553","1989","215","8629","343","5377"
"150","Philippe Jacoby","Male","Weiler-la-Tour","LU-LU","LU","M40-44","FIN","4:36:00","0:34:26","0:04:54","2:20:30","0:04:34","1:31:36","235","217","32","2862","494","410","51","296","273","42","235","217","32","16560","2066","294","8430","274","5496"
"1951","Felix Roth","Male","Lübeck","DE-SH","DE","M30-34","FIN","4:36:01","0:31:41","0:04:11","2:17:30","0:04:43","1:37:55","236","218","38","2681","230","190","35","161","150","29","236","218","38","16561","1901","251","8250","283","5875"
"110","Kevin Rolfe","Male","Rellingen","DE-SH","US","M55-59","FIN","4:36:17","0:33:02","0:05:25","2:26:39","0:04:50","1:26:20","237","219","3","3386","346","283","19","428","396","19","237","219","3","16577","1982","325","8799","290","5180"
"888","Max Horn","Male","Irschenberg","BY","DE","M35-39","FIN","4:36:18","0:35:35","0:04:23","2:19:05","0:04:20","1:32:56","238","220","43","2583","648","535","86","277","255","45","238","220","43","16578","2135","263","8345","260","5576"
"2172","Leonhard Kerscher","Male","Vaihingen an der Enz","BW","DE","M40-44","FIN","4:36:23","0:31:53","0:05:16","2:21:18","0:05:52","1:32:05","239","221","33","2855","247","204","24","266","244","37","239","221","33","16583","1913","316","8478","352","5525"
"113","Christian Dembowski","Male","Frankfurt am Main","DE-HESSEN","DE","M50-54","FIN","4:36:24","0:33:26","0:04:29","2:13:59","0:05:01","1:39:28","240","222","5","3063","376","309","20","141","132","4","240","222","5","16584","2006","269","8039","301","5968"
"1366","Bastian Reusch","Male","Werneck","Bavaria","DE","M30-34","FIN","4:36:26","0:36:06","0:05:20","2:24:27","0:03:59","1:26:35","241","223","39","2674","710","590","81","447","413","62","241","223","39","16586","2166","320","8667","239","5195"
"938","Benjamin Miller","Male","Frankfurt am Main","HESSEN","DE","M35-39","FIN","4:36:27","0:34:25","0:04:26","2:20:21","0:05:10","1:32:05","242","224","44","2580","492","408","62","281","259","48","242","224","44","16587","2065","266","8421","310","5525"
"1134","Ian Todd Brandt","Male","Berlin","BE","DE","M18-24","FIN","4:36:28","0:35:22","0:04:16","2:14:48","0:05:01","1:37:01","243","225","26","2633","624","517","55","180","167","17","243","225","26","16588","2122","256","8088","301","5821"
"1317","Laurenz Thomas","Male","Magdeburg ","Saxony-Anhalt","DE","M18-24","FIN","4:36:30","0:33:36","0:05:51","2:18:34","0:05:39","1:32:49","244","226","27","2633","396","327","38","256","235","24","244","226","27","16590","2016","351","8314","339","5569"
"1156","Timon Mehlhose","Male","Leipzig","SN","DE","M18-24","FIN","4:36:31","0:30:03","0:04:20","2:17:08","0:04:59","1:40:01","245","227","28","2633","135","107","12","131","123","12","245","227","28","16591","1803","260","8228","299","6001"
"1614","Matthias Nolte","Male","Kipfenberg","BY","DE","M40-44","FIN","4:36:35","0:35:38","0:03:35","2:20:35","0:04:15","1:32:32","246","228","34","2852","653","540","68","295","272","41","246","228","34","16595","2138","215","8435","255","5552"
"1665","Peter Buettner","Male","Rattelsdorf","DE-Bavaria","DE","M30-34","FIN","4:36:43","0:37:57","0:04:13","2:26:09","0:03:50","1:24:34","247","229","40","2669","969","797","106","521","478","72","247","229","40","16603","2277","253","8769","230","5074"
"354","Stefan Oertel","Male","Leipzig","","DE","M40-44","FIN","4:36:49","0:32:21","0:05:04","2:21:48","0:04:38","1:32:58","248","230","35","2847","288","239","28","282","260","39","248","230","35","16609","1941","304","8508","278","5578"
"2272","Roman Pitsch","Male","Nürnberg","BY","DE","M35-39","FIN","4:36:50","0:38:32","0:04:36","2:11:57","0:05:10","1:36:35","249","231","45","2573","1051","868","128","194","179","31","249","231","45","16610","2312","276","7917","310","5795"
"1250","Robert Krempler","Male","Leipzig","SACHSEN","DE","M40-44","FIN","4:36:54","0:35:41","0:05:02","2:14:39","0:03:50","1:37:41","250","232","36","2846","664","549","72","199","184","24","250","232","36","16614","2141","302","8079","230","5861"
"875","Thomas Baierl","Male","Paehl","DE-BY","DE","M55-59","FIN","4:36:54","0:30:26","0:03:08","2:21:10","0:05:12","1:36:58","251","233","4","3375","155","125","6","187","173","4","251","233","4","16614","1826","188","8470","312","5818"
"2249","Robert Lüderitz","Male","Dresden","SN","DE","M25-29","FIN","4:36:54","0:33:27","0:03:04","2:16:03","0:04:38","1:39:43","252","234","30","2883","381","314","36","152","141","18","252","234","30","16614","2007","184","8163","278","5983"
"1454","Gregor Bogen","Male","Leipzig","Saxony","DE","M55-59","FIN","4:36:58","0:31:29","0:03:44","2:18:46","0:04:24","1:38:35","253","235","5","3374","216","179","12","174","162","3","253","235","5","16618","1889","224","8326","264","5915"
"2449","Timo Zeitler","Male","Potsdam","BB","DE","M50-54","FIN","4:36:58","0:31:30","0:03:24","2:26:03","0:05:16","1:30:46","254","236","6","3053","219","181","10","318","294","12","254","236","6","16618","1890","204","8763","316","5446"
"2388","Jörg Singer","Male","Chemnitz","SN","DE","M40-44","FIN","4:37:06","0:34:51","0:04:34","2:23:44","0:03:45","1:30:12","255","237","37","2842","549","451","58","369","341","55","255","237","37","16626","2091","274","8624","225","5412"
"1868","Jakub Zak","Male","Zürich","CH-ZH","SK","M25-29","FIN","4:37:10","0:38:05","0:04:55","2:24:30","0:05:42","1:23:59","256","238","31","2878","988","814","108","499","456","53","256","238","31","16630","2285","295","8670","342","5039"
"2507","Tom Scholz","Male","Bitterfeld-Wolfen","Saxony-Anhalt","DE","M25-29","FIN","4:37:13","0:31:19","0:03:36","2:13:39","0:04:56","1:43:44","257","239","32","2877","201","165","16","93","89","8","257","239","32","16633","1879","216","8019","296","6224"
"2384","Yannik Dittmann","Male","Bremen","Bremen","DE","M30-34","FIN","4:37:14","0:31:15","0:04:50","2:15:53","0:03:56","1:41:20","258","240","41","2660","198","162","31","142","133","26","258","240","41","16634","1875","290","8153","236","6080"
"1457","Niklas Faubel","Male","Trier","DE-RP","DE","M30-34","FIN","4:37:32","0:39:36","0:04:12","2:22:53","0:04:09","1:26:42","259","241","42","2654","1204","973","128","478","437","65","259","241","42","16652","2376","252","8573","249","5202"
"226","Gonzalo Yokota","Male","Leipzig","foreigner","CL","M30-34","FIN","4:37:35","0:31:53","0:03:19","2:23:39","0:03:03","1:35:42","260","242","43","2653","246","203","38","275","253","44","260","242","43","16655","1913","199","8619","183","5742"
"902","Nick Bretschneider","Male","Leipzig","SN","DE","M45-49","FIN","4:37:37","0:37:27","0:03:48","2:17:29","0:03:36","1:35:17","261","243","21","2877","892","736","91","269","247","25","261","243","21","16657","2247","228","8249","216","5717"
"311","Stephan Ende","Male","Waltrop","NORDRHEIN-WESTFALEN","DE","M30-34","FIN","4:37:38","0:31:46","0:03:30","2:23:33","0:04:12","1:34:36","262","244","44","2652","236","194","36","274","252","43","262","244","44","16658","1906","210","8613","252","5676"
"2028","Thilo Voß","Male","Hildesheim","Niedersachsen","DE","M35-39","FIN","4:37:46","0:35:21","0:03:28","2:15:07","0:04:58","1:38:51","263","245","46","2557","622","515","82","172","160","29","263","245","46","16666","2121","208","8107","298","5931"
"1281","Anne-Katrin Leich","Female","Freiburg","DE","DE","F35-39","FIN","4:37:47","0:31:44","0:04:10","2:26:48","0:03:50","1:31:16","264","19","4","3300","235","42","6","357","27","6","264","19","4","16667","1904","250","8808","230","5476"
"1057","Daniel Loch","Male","Bremen","DE-HB","DE","M30-34","FIN","4:37:58","0:36:10","0:04:52","2:23:37","0:03:56","1:29:22","265","246","45","2646","718","596","82","410","378","57","265","246","45","16678","2170","292","8617","236","5362"
"2219","Conrad Roemhild","Male","München - Bogenhausen","DE-BY","DE","M40-44","FIN","4:38:04","0:29:39","0:03:18","2:24:16","0:03:32","1:37:20","266","247","38","2825","123","97","9","241","223","33","266","247","38","16684","1779","198","8656","212","5840"
"1331","Hans-Peter Ziob","Male","Jesewitz","Saxony","DE","M55-59","FIN","4:38:06","0:31:11","0:02:49","2:23:00","0:05:03","1:36:02","267","248","6","3353","193","157","10","239","221","8","267","248","6","16686","1871","169","8580","303","5762"
"906","Paul Keller","Male","Lübeck","DE-SH","DE","M30-34","FIN","4:38:07","0:31:52","0:05:12","2:19:20","0:04:45","1:36:57","268","249","46","2644","245","202","37","227","210","35","268","249","46","16687","1912","312","8360","285","5817"
"735","Stephan Schuldt","Male","Markkleeberg","DE-SN","DE","M40-44","FIN","4:38:12","0:30:47","0:03:01","2:22:50","0:03:11","1:38:23","269","250","39","2822","173","142","15","231","214","31","269","250","39","16692","1847","181","8570","191","5903"
"1327","Florian Rosch","Male","Quierschied","DE-SL","DE","M35-39","FIN","4:38:17","0:32:16","0:07:58","2:16:33","0:04:59","1:36:31","270","251","47","2547","282","234","37","237","219","42","270","251","47","16697","1936","478","8193","299","5791"
"1441","Hannes Cornelius Jülich","Male","Taucha","SACHSEN","DE","M25-29","FIN","4:38:36","0:31:24","0:04:17","2:23:53","0:04:38","1:34:24","271","252","33","2852","207","170","17","293","270","34","271","252","33","16716","1884","257","8633","278","5664"
"1620","Henrik-Alexander Cammin","Male","Hamburg","HAMBURG","DE","M35-39","FIN","4:38:40","0:37:35","0:04:54","2:24:52","0:05:02","1:26:17","272","253","48","2540","911","752","115","495","453","81","272","253","48","16720","2255","294","8692","302","5177"
"1240","Matthias Plarre","Male","Leipzig","Saxony","DE","M30-34","FIN","4:38:52","0:40:47","0:06:15","2:14:38","0:04:48","1:32:23","273","254","47","2630","1350","1090","146","331","306","48","273","254","47","16732","2447","375","8078","288","5543"
"849","Michael Gentsch","Male","Markkleeberg","SACHSEN","DE","M50-54","FIN","4:38:53","0:35:17","0:04:29","2:19:34","0:03:23","1:36:10","274","255","7","3018","612","505","37","285","263","10","274","255","7","16733","2117","269","8374","203","5770"
"101","Ulrike Servos","Female","Kerpen","DE-NW","DE","F30-34","FIN","4:38:57","0:27:46","0:03:24","2:26:03","0:03:51","1:37:53","275","20","5","3228","58","9","3","242","19","5","275","20","5","16737","1666","204","8763","231","5873"
"2047","Andre Hallbauer","Male","Halle (Saale)","Saxony-Anhalt","DE","M45-49","FIN","4:38:59","0:35:10","0:04:44","2:13:38","0:04:07","1:41:19","276","256","22","2853","589","484","55","165","153","14","276","256","22","16739","2110","284","8018","247","6079"
"573","Florian Kiock","Male","Lichtenberg","SACHSEN","DE","M25-29","FIN","4:39:03","0:35:40","0:04:01","2:06:23","0:05:18","1:47:41","277","257","34","2844","660","547","66","73","70","7","277","257","34","16743","2140","241","7583","318","6461"
"367","Thomas Galle-Lüth","Male","Leipzig","SN","DE","M45-49","FIN","4:39:05","0:31:19","0:02:58","2:17:30","0:05:08","1:42:11","278","258","23","2851","202","166","10","139","130","10","278","258","23","16745","1879","178","8250","308","6131"
"1734","Roman Kobylinski","Male","Leipzig","Saxony","DE","M18-24","FIN","4:39:08","0:26:50","0:04:27","2:23:45","0:03:48","1:40:18","279","259","29","2585","38","31","4","192","178","19","279","259","29","16748","1610","267","8625","228","6018"
"1767","Ole Johannsen","Male","Leipzig","Saxony","DE","M45-49","FIN","4:39:12","0:29:21","0:04:50","2:26:17","0:04:02","1:34:42","280","260","24","2849","108","87","6","305","281","29","280","260","24","16752","1761","290","8777","242","5682"
"1055","Michael Kreis","Male","München","DE-BY","DE","M35-39","FIN","4:39:16","0:32:15","0:03:08","2:15:16","0:05:28","1:43:08","281","261","49","2530","280","232","36","115","108","18","281","261","49","16756","1935","188","8116","328","6188"
"1796","Julius Siegel","Male","Hannover","NI","DE","M25-29","FIN","4:39:49","0:38:04","0:06:13","2:20:39","0:04:39","1:30:14","282","262","35","2831","987","813","107","419","387","43","282","262","35","16789","2284","373","8439","279","5414"
"135","Johann Valentin Weishaupt","Male","München","DE-BY","DE","M25-29","FIN","4:39:53","0:32:04","0:03:17","2:23:00","0:04:40","1:36:52","283","263","36","2829","264","220","24","260","239","29","283","263","36","16793","1924","197","8580","280","5812"
"2313","Siegmar Schoß","Male","Lohmen","SN","DE","M45-49","FIN","4:39:55","0:32:26","0:03:55","2:18:29","0:04:04","1:41:01","284","264","25","2836","296","246","26","188","174","16","284","264","25","16795","1946","235","8309","244","6061"
"2440","Erik Backes","Male","Wegberg","NORDRHEIN-WESTFALEN","DE","M35-39","FIN","4:39:58","0:39:08","0:04:16","2:22:43","0:03:58","1:29:54","285","265","50","2517","1138","926","140","456","420","72","285","265","50","16798","2348","256","8563","238","5394"
"1275","Simon Schroth","Male","Neubiberg","DE-Bayern","DE","M18-24","FIN","4:40:06","0:33:37","0:05:07","2:23:28","0:04:45","1:33:09","286","266","30","2568","399","328","39","342","317","33","286","266","30","16806","2017","307","8608","285","5589"
"1703","Joris van Nieuwkerk","Male","Amsterdam","North Holland","NL","M30-34","FIN","4:40:09","0:35:28","0:05:33","2:09:17","0:07:48","1:42:02","287","267","48","2607","635","525","79","112","105","20","287","267","48","16809","2128","333","7757","468","6122"
"181","Björn Maywald","Male","Nordenham","DE-NI","DE","M55-59","FIN","4:40:11","0:33:44","0:03:38","2:20:19","0:05:20","1:37:09","288","268","7","3316","413","341","24","251","230","9","288","268","7","16811","2024","218","8419","320","5829"
"684","Moritz Micus","Male","Wuppertal","DE-DE-NW","DE","M40-44","FIN","4:40:15","0:36:07","0:04:08","2:22:28","0:04:35","1:32:57","289","269","40","2786","712","591","77","358","331","52","289","269","40","16815","2167","248","8548","275","5577"
"1680","Nils Niedernostheide","Male","Freilassing","BY","DE","M25-29","FIN","4:40:17","0:33:39","0:03:35","2:29:42","0:06:07","1:27:15","290","270","37","2822","404","333","38","487","446","52","290","270","37","16817","2019","215","8982","367","5235"
"2385","Thorben Maaß","Male","Riede","Lower Saxony","DE","M30-34","FIN","4:40:23","0:36:50","0:04:58","2:24:22","0:04:42","1:29:32","291","271","49","2603","800","660","96","458","422","64","291","271","49","16823","2210","298","8662","282","5372"
"818","Philipp Thieme","Male","Elsterberg","Saxony","DE","M30-34","FIN","4:40:24","0:35:23","0:04:57","2:22:24","0:04:32","1:33:08","292","272","50","2603","630","520","77","359","332","51","292","272","50","16824","2123","297","8544","272","5588"
"957","Christopher Lenkmann","Male","Birkenwerder","DE-BB","DE","M25-29","FIN","4:40:26","0:34:04","0:05:15","2:24:03","0:04:31","1:32:32","293","273","38","2819","443","366","43","372","343","42","293","273","38","16826","2044","315","8643","271","5552"
"1788","Jenny Hänseroth","Female","Frankfurt am Main","HE","DE","F45-49","FIN","4:40:29","0:32:03","0:02:53","2:23:26","0:03:35","1:38:33","294","21","2","3315","263","44","7","262","22","2","294","21","2","16829","1923","173","8606","215","5913"
"1725","Erik Marbach","Male","München","BY","DE","M45-49","FIN","4:40:45","0:35:16","0:02:53","2:25:48","0:04:45","1:32:02","295","274","26","2821","605","499","56","391","360","41","295","274","26","16845","2116","173","8748","285","5522"
"1323","Andriy Romanov","Male","Mannheim","BW","UA","M35-39","FIN","4:40:49","0:32:00","0:05:08","2:24:01","0:05:33","1:34:08","296","275","51","2502","259","216","31","324","300","54","296","275","51","16849","1920","308","8641","333","5648"
"186","Jannes Müller","Male","Otterndorf","DE-NI","DE","M25-29","FIN","4:40:51","0:32:36","0:05:45","2:21:07","0:05:39","1:35:44","297","276","39","2812","310","257","28","290","267","32","297","276","39","16851","1956","345","8467","339","5744"
"107","Daniel Kaestner","Male","Flöha","DE-SN","DE","M50-54","FIN","4:40:52","0:36:06","0:02:34","2:16:44","0:03:34","1:41:54","298","277","8","2983","709","589","44","202","187","6","298","277","8","16852","2166","154","8204","214","6114"
"393","Stephan Hopf","Male","Leipzig","SN","DE","M45-49","FIN","4:40:56","0:31:56","0:02:40","2:17:23","0:04:46","1:44:11","299","278","27","2818","254","211","17","144","135","12","299","278","27","16856","1916","160","8243","286","6251"
"1179","Andre Bachmann","Male","Leipzig","SACHSEN","DE","M35-39","FIN","4:41:12","0:35:10","0:04:33","2:22:29","0:03:52","1:35:08","300","279","52","2495","591","486","79","344","319","56","300","279","52","16872","2110","273","8549","232","5708"
"2188","Jeremy Lemaire","Male","Kettenis","","BE","M30-34","FIN","4:41:19","0:38:15","0:03:20","2:21:32","0:04:06","1:34:06","301","280","51","2586","1017","839","111","368","340","54","301","280","51","16879","2295","200","8492","246","5646"
"980","Lukas Calmbach","Male","Rosenheim","Bavaria","DE","M18-24","FIN","4:41:23","0:36:27","0:04:42","2:25:23","0:03:16","1:31:35","302","281","31","2545","749","619","62","470","430","49","302","281","31","16883","2187","282","8723","196","5495"
"1480","Ines Bradshaw","Female","Regensburg","BY","DE","F35-39","FIN","4:41:29","0:29:01","0:02:28","2:31:01","0:04:38","1:34:21","303","22","5","3233","97","19","3","351","26","5","303","22","5","16889","1741","148","9061","278","5661"
"395","Jonas Retschlag","Male","Leipzig","SN","DE","M18-24","FIN","4:41:30","0:36:35","0:03:50","2:21:28","0:04:55","1:34:42","304","282","32","2543","770","637","64","335","310","31","304","282","32","16890","2195","230","8488","295","5682"
"2022","Matthias Jauernig","Male","Friedberg","HESSEN","DE","M40-44","FIN","4:41:43","0:32:37","0:05:01","2:26:14","0:04:29","1:33:22","305","283","41","2759","312","259","30","389","358","59","305","283","41","16903","1957","301","8774","269","5602"
"2269","Julian Schulze","Male","Freiberg","Sachsen","DE","M25-29","FIN","4:41:54","0:40:41","0:04:02","2:17:55","0:04:23","1:34:54","306","284","40","2793","1334","1078","135","354","328","41","306","284","40","16914","2441","242","8275","263","5694"
"939","Phong Dao","Male","Frankfurt am Main","HE","DE","M40-44","FIN","4:41:58","0:37:16","0:04:02","2:18:01","0:04:53","1:37:45","307","285","42","2755","862","714","100","284","262","40","307","285","42","16918","2236","242","8281","293","5865"
"2536","Torben Kröhn","Male","München","DE-BY","DE","M45-49","FIN","4:42:00","0:32:47","0:05:00","2:23:47","0:05:25","1:35:01","308","286","28","2798","328","274","32","329","304","34","308","286","28","16920","1967","300","8627","325","5701"
"507","Stefan Fritzke","Male","Thallwitz","SN","DE","M40-44","FIN","4:42:03","0:35:58","0:04:14","2:26:53","0:03:56","1:31:01","309","287","43","2753","698","578","76","489","448","73","309","287","43","16923","2158","254","8813","236","5461"
"108","Martin Janker","Male","Pentling","DE-BY","DE","M40-44","FIN","4:42:11","0:35:38","0:03:45","2:21:31","0:05:30","1:35:47","310","288","44","2751","655","542","69","316","292","48","310","288","44","16931","2138","225","8491","330","5747"
"1699","Patrick Ritter","Male","Hamburg","DE-HAMBURG","DE","M30-34","FIN","4:42:18","0:35:18","0:04:26","2:25:20","0:05:16","1:31:58","311","289","52","2568","614","507","73","424","392","60","311","289","52","16938","2118","266","8720","316","5518"
"1265","Christina Nothaft","Female","Rieden","BAYERN","DE","F18-24","FIN","4:42:20","0:25:56","0:03:20","2:30:49","0:03:29","1:38:46","312","23","2","3048","29","5","1","301","24","3","312","23","2","16940","1556","200","9049","209","5926"
"126","Marco Parlato","Male","Cremona","IT-CR","IT","M50-54","FIN","4:42:21","0:40:12","0:04:50","2:25:22","0:03:43","1:28:13","313","290","9","2956","1279","1033","79","592","540","34","313","290","9","16941","2412","290","8722","223","5293"
"2391","Martin Wehlert","Male","Halle","Saxony-Anhalt","DE","M35-39","FIN","4:42:24","0:34:25","0:04:55","2:24:02","0:05:12","1:33:49","314","291","53","2473","493","409","63","374","345","59","314","291","53","16944","2065","295","8642","312","5629"
"2301","Stefan Büchner","Male","Magdeburg","ST","DE","M40-44","FIN","4:42:28","0:32:37","0:04:03","2:23:15","0:07:45","1:34:48","315","292","45","2746","313","260","31","299","276","44","315","292","45","16948","1957","243","8595","465","5688"
"170","Timo Küthe","Male","Finnentrop","DE-DE-NW","DE","M25-29","FIN","4:42:33","0:38:05","0:03:23","2:18:05","0:04:22","1:38:37","316","293","41","2781","990","816","109","292","269","33","316","293","41","16953","2285","203","8285","262","5917"
"603","Jasmin Eisold","Female","Dresden","Saxony","DE","F25-29","FIN","4:42:34","0:31:36","0:03:03","2:24:41","0:03:32","1:39:42","317","24","3","3134","226","39","4","286","23","3","317","24","3","16954","1896","183","8681","212","5982"
"1707","Clara Ellevang Vad","Female","Aalborg","","DK","F30-34","FIN","4:42:36","0:29:23","0:03:50","2:24:06","0:04:05","1:41:11","318","25","6","3162","109","22","6","246","21","6","318","25","6","16956","1763","230","8646","245","6071"
"786","Vojtech Zigo","Male","Pohořelice","South Moravian Region","CZ","M30-34","FIN","4:42:36","0:33:31","0:03:51","2:19:56","0:04:02","1:41:16","319","294","53","2563","390","322","55","245","225","38","319","294","53","16956","2011","231","8396","242","6076"
"2116","Mario Liepe","Male","Markkleeberg","DE-SN","DE","M45-49","FIN","4:42:42","0:32:09","0:03:03","2:26:31","0:04:30","1:36:29","320","295","29","2786","268","223","21","332","307","35","320","295","29","16962","1929","183","8791","270","5789"
"997","Michael Könner","Male","Leipzig","SACHSEN","DE","M35-39","FIN","4:42:50","0:34:05","0:04:39","2:25:58","0:05:20","1:32:49","321","296","54","2465","444","367","56","411","379","65","321","296","54","16970","2045","279","8758","320","5569"
"1932","Stefan Kilian","Male","Marktbergel","Bavaria","DE","M35-39","FIN","4:42:53","0:36:51","0:04:18","2:24:16","0:03:33","1:33:55","322","297","55","2465","801","661","101","436","404","70","322","297","55","16973","2211","258","8656","213","5635"
"1573","Thomas Weber","Male","Halle","ST","DE","M45-49","FIN","4:43:04","0:35:03","0:03:23","2:18:50","0:03:53","1:41:55","323","298","30","2779","579","476","53","243","224","22","323","298","30","16984","2103","203","8330","233","6115"
"2350","Andreas Bunk","Male","Döbeln","Sachsen","DE","M50-54","FIN","4:43:26","0:37:19","0:03:47","2:24:05","0:03:49","1:34:27","324","299","10","2936","867","718","54","432","400","26","324","299","10","17006","2239","227","8645","229","5667"
"1433","Tom Bellmann","Male","Freiberg","DE-SN","DE","M25-29","FIN","4:43:36","0:27:13","0:04:31","2:28:53","0:06:25","1:36:34","325","300","42","2762","49","42","3","308","284","35","325","300","42","17016","1633","271","8933","385","5794"
"1860","David Klopp","Male","Falkenstein","DE-SACHSEN","DE","M45-49","FIN","4:43:36","0:31:39","0:04:30","2:28:53","0:04:19","1:34:16","326","301","31","2770","229","189","15","421","389","45","326","301","31","17016","1899","270","8933","259","5656"
"1425","Ronny Lehmann","Male","Leipzig","SN","DE","M45-49","FIN","4:43:36","0:32:46","0:04:36","2:26:22","0:05:27","1:34:25","327","302","32","2770","327","273","31","384","354","40","327","302","32","17016","1966","276","8782","327","5665"
"916","Marcel Mucke","Male","Leipzig","Sachsen","DE","M35-39","FIN","4:43:36","0:39:02","0:04:37","2:28:05","0:04:26","1:27:26","328","303","56","2452","1129","919","138","630","571","95","328","303","56","17016","2342","277","8885","266","5246"
"1273","Andrej Sipták","Male","Prague","CZ-Prague","SK","M35-39","FIN","4:43:42","0:35:03","0:05:37","2:28:53","0:05:18","1:28:52","329","304","57","2450","576","474","76","563","513","89","329","304","57","17022","2103","337","8933","318","5332"
"799","Fabian Murach","Male","Schwalbach am Taunus","DE-HE","DE","M35-39","FIN","4:43:44","0:33:36","0:06:02","2:23:10","0:05:43","1:35:13","330","305","58","2449","395","326","52","362","335","57","330","305","58","17024","2016","362","8590","343","5713"
"438","Yvonne Beumer","Female","De Meern","","NL","F45-49","FIN","4:43:46","0:30:56","0:02:46","2:30:26","0:03:33","1:36:04","331","26","3","3256","185","35","5","395","32","6","331","26","3","17026","1856","166","9026","213","5764"
"1887","Thorsten Lauck","Male","Nidderau","HESSEN","DE","M40-44","FIN","4:43:52","0:33:48","0:04:23","2:22:36","0:03:31","1:39:34","332","306","46","2720","418","345","40","311","287","46","332","306","46","17032","2028","263","8556","211","5974"
"225","Rico Richter","Male","Falkensee","BB","DE","M55-59","FIN","4:43:55","0:37:40","0:02:28","2:16:36","0:03:29","1:43:41","333","307","8","3249","923","761","63","236","218","7","333","307","8","17035","2260","148","8196","209","6221"
"2412","Paul Seitzt","Male","Leipzig","Saxony","DE","M18-24","FIN","4:43:55","0:34:15","0:05:15","2:23:03","0:05:00","1:36:23","334","308","33","2499","464","385","47","352","326","35","334","308","33","17035","2055","315","8583","300","5783"
"1288","Michael Noll","Male","Berlin","BE","DE","M55-59","FIN","4:43:59","0:29:56","0:04:50","2:21:26","0:05:56","1:41:50","335","309","9","3248","133","105","4","224","207","5","335","309","9","17039","1796","290","8486","356","6110"
"1747","Tim Sauer","","Wedemark","Lower Saxony","DE","M18-24","FIN","4:44:03","0:33:49","0:06:13","2:21:05","0:06:20","1:36:37","336","310","34","2497","419","346","42","323","299","30","336","310","34","17043","2029","373","8465","380","5797"
"140","Paul Barth","Male","Colditz","AS","DE","M40-44","FIN","4:44:05","0:37:18","0:03:39","2:17:50","0:05:04","1:40:13","337","311","47","2717","865","716","101","271","249","38","337","311","47","17045","2238","219","8270","304","6013"
"176","Daniel Grobmeier","Male","Stuttgart","DE-BW","DE","M40-44","FIN","4:44:09","0:32:16","0:02:33","2:21:07","0:04:18","1:43:56","338","312","48","2715","281","233","27","215","199","29","338","312","48","17049","1936","153","8467","258","6236"
"152","Dennis Schmidt","Male","Heddesheim","DE-BW","DE","M40-44","FIN","4:44:12","0:34:51","0:03:20","2:20:00","0:04:59","1:41:01","339","313","49","2714","547","449","57","258","237","36","339","313","49","17052","2091","200","8400","299","6061"
"2390","Stefan Fischer","Male","Hemmingen","BADEN-WURTTEMBERG","DE","M40-44","FIN","4:44:14","0:34:07","0:06:42","2:21:10","0:04:19","1:37:56","340","314","50","2714","445","368","45","338","313","50","340","314","50","17054","2047","402","8470","259","5876"
"202","Steffen Urbansky","Male","Jena","DE-TH","DE","M40-44","FIN","4:44:26","0:33:56","0:05:23","2:31:51","0:04:46","1:28:29","341","315","51","2710","429","354","43","616","559","94","341","315","51","17066","2036","323","9111","286","5309"
"2515","Kevin Schwager","Male","Oschatz","Saxony","DE","M30-34","FIN","4:44:29","0:35:21","0:04:31","2:19:32","0:04:52","1:40:13","342","316","54","2529","620","513","74","288","265","45","342","316","54","17069","2121","271","8372","292","6013"
"496","Torsten Rau","Male","Leipzig","SACHSEN","DE","M25-29","FIN","4:44:30","0:25:24","0:04:14","2:31:01","0:04:22","1:39:28","343","317","43","2746","24","22","1","309","285","36","343","317","43","17070","1524","254","9061","262","5968"
"2537","Tobias Baron-Ahmedi","Male","Schiffdorf","DE-NI","DE","M45-49","FIN","4:44:34","0:35:16","0:05:11","2:24:42","0:03:58","1:35:27","344","318","33","2752","610","504","59","431","399","46","344","318","33","17074","2116","311","8682","238","5727"
"2042","Ingolf Liebold","Male","Weimar","THURINGEN","DE","M55-59","FIN","4:44:42","0:29:29","0:05:45","2:23:36","0:04:33","1:41:19","345","319","10","3235","117","92","3","273","251","11","345","319","10","17082","1769","345","8616","273","6079"
"1010","RONEI GARCIA DE OLIVEIRA","Male","VARZEA GRANDE","MT","BR","M40-44","FIN","4:44:50","0:32:09","0:04:18","2:29:26","0:04:07","1:34:49","346","320","52","2703","269","224","26","448","414","65","346","320","52","17090","1929","258","8966","247","5689"
"2018","Samuel Giesse","Male","München ","Bayern","DE","M18-24","FIN","4:44:52","0:35:00","0:04:55","2:28:24","0:03:53","1:32:40","347","321","35","2482","566","466","51","519","476","53","347","321","35","17092","2100","295","8904","233","5560"
"868","Nico Wedekind","Male","München","DE-BY","DE","M40-44","FIN","4:44:52","0:33:48","0:05:08","2:26:07","0:05:46","1:34:03","348","322","53","2702","417","344","39","422","390","64","348","322","53","17092","2028","308","8767","346","5643"
"1795","Matthias Schoen","Male","Rostock","Mecklenburg Vorpommern","DE","M50-54","FIN","4:44:58","0:37:02","0:04:14","2:18:10","0:04:09","1:41:24","349","323","11","2909","829","685","51","289","266","11","349","323","11","17098","2222","254","8290","249","6084"
"217","Andreas Miersch","Male","Göda","SACHSEN","DE","M55-59","FIN","4:45:01","0:38:17","0:04:33","2:24:35","0:04:34","1:33:02","350","324","11","3229","1021","843","72","496","454","22","350","324","11","17101","2297","273","8675","274","5582"
"1450","Jan Hövener","Male","Leonberg","DE-BW","DE","M35-39","FIN","4:45:02","0:31:18","0:03:53","2:20:57","0:05:30","1:43:24","351","325","59","2426","200","164","27","222","205","39","351","325","59","17102","1878","233","8457","330","6204"
"978","Jan Raming","Male","Hamburg","DE-HH","DE","M40-44","FIN","4:45:07","0:37:30","0:03:39","2:24:54","0:04:12","1:34:52","352","326","54","2698","901","745","103","452","417","66","352","326","54","17107","2250","219","8694","252","5692"
"2133","Tom Richter","Male","Leipzig","Saxony","DE","M40-44","FIN","4:45:10","0:36:43","0:03:41","2:27:24","0:04:27","1:32:55","353","327","55","2697","787","652","87","505","462","75","353","327","55","17110","2203","221","8844","267","5575"
"439","Michael Hugot","Male","Lier","ANTWERPEN","BE","M30-34","FIN","4:45:14","0:36:17","0:04:24","2:18:03","0:05:58","1:40:32","354","328","55","2516","730","606","85","268","246","41","354","328","55","17114","2177","264","8283","358","6032"
"166","Albin Kesselbacher","Male","Klagenfurt","AT-undefined-KARNTEN","AT","M45-49","FIN","4:45:18","0:35:39","0:04:40","2:17:21","0:04:14","1:43:24","355","329","34","2739","658","545","62","250","229","23","355","329","34","17118","2139","280","8241","254","6204"
"1865","Felix Jacob","Male","Oberkotzau","BY","DE","M18-24","FIN","4:45:24","0:37:56","0:03:35","2:23:49","0:05:19","1:34:44","356","330","36","2473","968","796","79","434","402","43","356","330","36","17124","2276","215","8629","319","5684"
"160","Conny Blumert","Female","Leipzig","DE-SN","DE","F45-49","FIN","4:45:28","0:29:55","0:02:45","2:30:31","0:03:58","1:38:19","357","27","4","3225","132","28","2","370","29","4","357","27","4","17128","1795","165","9031","238","5899"
"1427","Michael Schumacher","Male","Reinbek","SH","DE","M45-49","FIN","4:45:35","0:28:52","0:03:56","2:28:05","0:05:29","1:39:13","358","331","35","2734","89","71","3","315","291","33","358","331","35","17135","1732","236","8885","329","5953"
"576","Vincent Moritz","Male","Leipzig","Saxony","DE","M35-39","FIN","4:45:36","0:27:27","0:02:39","2:25:09","0:05:09","1:45:11","359","332","60","2416","52","45","7","196","181","32","359","332","60","17136","1647","159","8709","309","6311"
"645","Jonas Kasten","Male","Braunschweig","Lower Saxony","DE","M30-34","FIN","4:45:40","0:33:30","0:03:52","2:28:17","0:05:58","1:34:03","360","333","56","2508","388","320","54","440","406","61","360","333","56","17140","2010","232","8897","358","5643"
"495","Markus Zuber","Male","Heusenstamm","DE-HE","DE","M50-54","FIN","4:45:51","0:34:54","0:04:35","2:29:04","0:03:56","1:33:21","361","334","12","2893","554","455","31","533","487","30","361","334","12","17151","2094","275","8944","236","5601"
"871","Madlen Nehring","Female","Neubrandenburg","SN","DE","F50-54","FIN","4:45:54","0:32:50","0:04:13","2:26:44","0:04:02","1:38:03","362","28","1","3500","331","56","5","386","31","1","362","28","1","17154","1970","253","8804","242","5883"
"391","Patrick Stephani","Male","Leipzig","Saxony","DE","M40-44","FIN","4:45:55","0:32:33","0:03:27","2:27:28","0:04:04","1:38:24","363","335","56","2684","301","248","29","376","347","56","363","335","56","17155","1953","207","8848","244","5904"
"1627","Leon Lutter","Male","Kastl","Bayern","DE","M18-24","FIN","4:45:58","0:32:16","0:04:39","2:29:11","0:04:46","1:35:07","364","336","37","2462","283","235","25","455","419","46","364","336","37","17158","1936","279","8951","286","5707"
"1998","Nico Dahlmanns","Male","Erkelenz","North Rhine-Westphalia","DE","M30-34","FIN","4:45:58","0:41:10","0:06:40","2:24:41","0:06:00","1:27:27","365","337","57","2502","1389","1121","151","651","589","87","365","337","57","17158","2470","400","8681","360","5247"
"1679","Lars Hänel","Male","Oberwiesenthal","SACHSEN","DE","M40-44","FIN","4:45:59","0:34:58","0:10:10","2:19:21","0:04:39","1:36:52","366","338","57","2682","559","460","60","404","372","62","366","338","57","17159","2098","610","8361","279","5812"
"394","Sabbe Stephane","Male","Roncq","FR-59","FR","M55-59","FIN","4:46:10","0:34:03","0:04:31","2:30:19","0:04:59","1:32:17","367","339","12","3208","441","365","28","545","498","26","367","339","12","17170","2043","271","9019","299","5537"
"1661","Andreas Facchinelli","Male","Eppan","South Tyrol","IT","M50-54","FIN","4:46:13","0:34:12","0:05:16","2:23:13","0:05:10","1:38:22","368","340","13","2886","457","379","23","356","330","17","368","340","13","17173","2052","316","8593","310","5902"
"1202","Tim Paulsen","Male","München","Bavaria","DE","M30-34","FIN","4:46:21","0:34:01","0:03:51","2:26:52","0:04:28","1:37:09","369","341","58","2495","437","361","61","414","382","58","369","341","58","17181","2041","231","8812","268","5829"
"1965","Carlo Brömel","Male","Unteriberg ","Schwyz","DE","M35-39","FIN","4:46:21","0:34:51","0:07:17","2:27:52","0:06:18","1:30:03","370","342","61","2402","545","447","72","581","529","92","370","342","61","17181","2091","437","8872","378","5403"
"1874","Robert Heim","Male","München","DE-BY","DE","M25-29","FIN","4:46:26","0:34:19","0:05:17","2:28:22","0:05:13","1:33:14","371","343","44","2711","476","394","48","507","464","57","371","343","44","17186","2059","317","8902","313","5594"
"1644","Christopher Bleimehl","Male","Düsseldorf","North-Rhine Westphalia","DE","M25-29","FIN","4:46:26","0:33:11","0:05:19","2:33:15","0:05:03","1:29:37","372","344","45","2711","361","296","33","632","573","69","372","344","45","17186","1991","319","9195","303","5377"
"1826","Alan Rizzuti","Male","El Prat de Llobregat","Catalonia","ES","M35-39","FIN","4:46:28","0:29:48","0:05:08","2:30:01","0:03:53","1:37:37","373","345","62","2400","130","103","21","420","388","66","373","345","62","17188","1788","308","9001","233","5857"
"781","Marco Hahn","Male","Fraureuth","DE-SN","DE","M18-24","FIN","4:46:38","0:34:01","0:04:55","2:21:24","0:05:31","1:40:46","374","346","38","2450","436","360","44","302","278","27","374","346","38","17198","2041","295","8484","331","6046"
"1216","Luc Berthouze","Male","Haywards Heath","SXW","FR","M55-59","FIN","4:46:42","0:34:00","0:04:50","2:30:41","0:04:17","1:32:54","375","347","13","3199","434","358","26","562","512","29","375","347","13","17202","2040","290","9041","257","5574"
"644","Markus Schridde","Male","Markranstädt","DE-SN","DE","M40-44","FIN","4:46:44","0:37:23","0:04:22","2:27:44","0:03:42","1:33:34","376","348","58","2669","880","727","102","558","509","84","376","348","58","17204","2243","262","8864","222","5614"
"1452","Mario Britz","Male","Leipzig","GER","DE","M50-54","FIN","4:46:46","0:29:28","0:04:01","2:22:49","0:05:16","1:45:12","377","349","14","2876","115","90","2","226","209","8","377","349","14","17206","1768","241","8569","316","6312"
"896","Lars Böning","Male","Leipzig","SN","DE","M40-44","FIN","4:46:50","0:39:43","0:06:02","2:25:05","0:05:40","1:30:21","378","350","59","2667","1214","979","131","607","553","93","378","350","59","17210","2383","362","8705","340","5421"
"227","Stefan Pankonien","Male","Erfurt","THURINGEN","DE","M45-49","FIN","4:46:56","0:32:04","0:03:13","2:32:56","0:05:15","1:33:27","379","351","36","2710","266","221","20","512","469","51","379","351","36","17216","1924","193","9176","315","5607"
"473","Johannes Kellner","Male","Leipzig","foreigner","DE","M35-39","FIN","4:46:58","0:26:59","0:03:25","2:21:50","0:04:58","1:49:47","380","352","63","2391","41","34","4","148","139","25","380","352","63","17218","1619","205","8510","298","6587"
"2499","Christian Dielenschneider","Male","Haynrode","THURINGEN","DE","M35-39","FIN","4:46:59","0:35:50","0:03:13","2:27:12","0:03:57","1:36:47","381","353","64","2391","676","560","91","460","424","73","381","353","64","17219","2150","193","8832","237","5807"
"1195","Lars Hartmann","Male","Wolfsburg","NIEDERSACHSEN","DE","M45-49","FIN","4:47:00","0:37:24","0:03:25","2:22:36","0:04:14","1:39:21","382","354","37","2708","884","731","89","375","346","39","382","354","37","17220","2244","205","8556","254","5961"
"1830","Yannick Lebherz","Male","Potsdam","BB","DE","M35-39","FIN","4:47:00","0:24:53","0:03:46","2:35:25","0:05:54","1:37:01","383","355","65","2390","22","20","2","393","362","63","383","355","65","17220","1493","226","9325","354","5821"
"1688","Oliver Ronzheimer","Male","Faistenau","","DE","M55-59","FIN","4:47:02","0:36:02","0:04:19","2:24:09","0:05:35","1:36:58","384","356","14","3193","702","582","50","405","373","18","384","356","14","17222","2162","259","8649","335","5818"
"1701","Strahil Dimitrov","Male","Essen","NORDRHEIN-WESTFALEN","BG","M30-34","FIN","4:47:04","0:36:55","0:07:40","2:22:33","0:04:23","1:35:33","385","357","59","2483","814","672","97","490","449","67","385","357","59","17224","2215","460","8553","263","5733"
"115","Christian Hübner","Male","Könnern","DE-ST","DE","M45-49","FIN","4:47:07","0:40:35","0:03:37","2:25:03","0:05:11","1:32:42","386","358","38","2706","1323","1069","136","552","505","56","386","358","38","17227","2435","217","8703","311","5562"
"2430","Marc Decker","Male","Chemnitz","Saxony","DE","M25-29","FIN","4:47:12","0:42:05","0:04:24","2:24:04","0:03:45","1:32:54","387","359","46","2698","1500","1199","154","599","546","64","387","359","46","17232","2525","264","8644","225","5574"
"2101","Marcus Petzold","Male","Leipzig","SN","DE","M40-44","FIN","4:47:12","0:35:34","0:04:11","2:23:47","0:04:14","1:39:25","388","360","60","2660","647","534","67","379","350","57","388","360","60","17232","2134","251","8627","254","5965"
"2176","Jonah Mario Bacigalupo","Male","Lübeck","Schleswig-Holstein","DE","M18-24","FIN","4:47:31","0:31:50","0:05:21","2:27:31","0:05:40","1:37:08","389","361","39","2435","238","196","21","412","380","40","389","361","39","17251","1910","321","8851","340","5828"
"2339","Alexander Keßler","Male","Lichtentanne","SN","DE","M40-44","FIN","4:47:31","0:41:09","0:04:13","2:23:46","0:06:47","1:31:36","390","362","61","2655","1386","1119","152","550","503","82","390","362","61","17251","2469","253","8626","407","5496"
"861","Sören Wallmen","Male","Köln","DE-NW","DE","M45-49","FIN","4:47:35","0:33:04","0:04:06","2:17:50","0:04:16","1:48:19","391","363","39","2698","349","286","33","191","177","17","391","363","39","17255","1984","246","8270","256","6499"
"476","Karsten Kuhnla","Male","Leipzig","SN","DE","M35-39","FIN","4:47:36","0:31:06","0:02:50","2:27:08","0:04:14","1:42:17","392","364","66","2380","189","153","26","321","297","53","392","364","66","17256","1866","170","8828","254","6137"
"1028","Attila Nagy","Male","Bronzolo","Trentino-South Tyrol","HU","M35-39","FIN","4:47:39","0:35:48","0:05:51","2:27:16","0:06:14","1:32:30","393","365","67","2379","673","557","90","547","500","88","393","365","67","17259","2148","351","8836","374","5550"
"2027","Pascal Frank","Male","Ebersdorf bei Coburg","Bayern","DE","M35-39","FIN","4:47:39","0:38:47","0:04:41","2:21:42","0:05:33","1:36:54","394","366","68","2379","1093","893","133","433","401","69","394","366","68","17259","2327","281","8502","333","5814"
"869","Maurice Debatin","Male","Leipzig","Sachsen","DE","M40-44","FIN","4:47:44","0:40:15","0:04:33","2:24:03","0:05:52","1:33:02","395","367","62","2651","1284","1037","140","543","496","81","395","367","62","17264","2415","273","8643","352","5582"
"1674","Coralie Andorf","Female","Heuchlingen","DE-BW","DE","F18-24","FIN","4:47:46","0:33:09","0:02:46","2:30:29","0:03:41","1:37:40","396","29","3","2951","358","65","9","465","37","4","396","29","3","17266","1989","166","9029","221","5860"
"1052","Gunnar Herzog","Male","Leipzig","SACHSEN","DE","M45-49","FIN","4:47:51","0:29:47","0:04:51","2:27:45","0:05:11","1:40:17","397","368","40","2693","129","102","7","347","322","37","397","368","40","17271","1787","291","8865","311","6017"
"2513","Patrice Voigt","Male","Bad Endorf/Antwort","DE-BY","DE","M45-49","FIN","4:47:52","0:38:17","0:04:54","2:21:02","0:05:38","1:38:00","398","369","41","2693","1020","842","108","397","365","43","398","369","41","17272","2297","294","8462","338","5880"
"1259","Mirko Edling","Male","Kerpen","DE-NW","DE","M50-54","FIN","4:47:53","0:33:05","0:04:05","2:24:08","0:05:30","1:41:05","399","370","15","2856","351","288","17","325","301","13","399","370","15","17273","1985","245","8648","330","6065"
"1291","Tobias Metschkoll","Male","Gröbenzell","GA","DE","M25-29","FIN","4:47:53","0:34:34","0:04:59","2:33:29","0:05:08","1:29:43","400","371","47","2685","512","423","54","673","607","71","400","371","47","17273","2074","299","9209","308","5383"
"229","Lars Kock","Male","Hamburg","foreigner","DE","M55-59","FIN","4:47:56","0:34:24","0:03:37","2:19:42","0:05:15","1:44:58","401","372","15","3176","490","406","29","252","231","10","401","372","15","17276","2064","217","8382","315","6298"
"1603","Patrick von der Grün","Male","Oberschleißheim","Bavaria","DE","M35-39","FIN","4:47:57","0:32:30","0:04:27","2:29:55","0:08:11","1:32:54","402","373","69","2373","298","247","38","484","443","79","402","373","69","17277","1950","267","8995","491","5574"
"810","Benjamin Kessler","Male","Hülsede","NIEDERSACHSEN","DE","M45-49","FIN","4:47:58","0:35:58","0:03:41","2:15:58","0:06:15","1:46:06","403","374","42","2691","695","576","67","208","193","19","403","374","42","17278","2158","221","8158","375","6366"
"191","Alexander Flunk","Male","Berlin","foreigner","DE","M40-44","FIN","4:48:01","0:33:11","0:06:05","2:20:36","0:05:58","1:42:12","404","375","63","2646","362","297","36","297","274","43","404","375","63","17281","1991","365","8436","358","6132"
"1070","Oliver Klatt","Male","Leipzig","Saxony","DE","M40-44","FIN","4:48:04","0:31:07","0:04:24","2:33:12","0:05:15","1:34:06","405","376","64","2645","190","154","21","539","493","80","405","376","64","17284","1867","264","9192","315","5646"
"106","Allard Holthaus","Male","Wagenberg","NOORD-BRABANT","NL","M55-59","FIN","4:48:07","0:39:27","0:04:21","2:23:31","0:04:58","1:35:50","406","377","16","3173","1177","956","85","494","452","21","406","377","16","17287","2367","261","8611","298","5750"
"2231","Jens Springer","Male","Wolfsburg","DE-NI","DE","M40-44","FIN","4:48:11","0:31:03","0:03:42","2:18:57","0:04:57","1:49:31","407","378","65","2643","188","152","20","167","155","18","407","378","65","17291","1863","222","8337","297","6571"
"2029","Max Alter","Male","Baunatal","HE","DE","M30-34","FIN","4:48:20","0:40:53","0:05:56","2:21:26","0:03:57","1:36:08","408","379","60","2460","1358","1096","148","515","472","70","408","379","60","17300","2453","356","8486","237","5768"
"1557","Sascha Welten","Male","Aachen","DE-NW","DE","M30-34","FIN","4:48:27","0:37:09","0:04:56","2:26:06","0:04:39","1:35:37","409","380","61","2458","845","699","99","511","468","69","409","380","61","17307","2229","296","8766","279","5737"
"405","Jaro Weigold","Male","Coburg","Bavaria","DE","M25-29","FIN","4:48:32","0:32:21","0:04:45","2:22:15","0:06:32","1:42:38","410","381","48","2674","289","240","27","287","264","31","410","381","48","17312","1941","285","8535","392","6158"
"468","Karsten Görlich","Male","Garbsen","DE-NI","DE","M50-54","FIN","4:48:32","0:38:07","0:03:54","2:23:49","0:05:43","1:37:00","411","382","16","2845","995","819","60","443","409","27","411","382","16","17312","2287","234","8629","343","5820"
"386","Yves Behnisch","Male","Markkleeberg","Sachsen","DE","M30-34","FIN","4:48:32","0:41:15","0:04:48","2:25:55","0:03:36","1:32:59","412","383","62","2456","1397","1128","152","635","575","82","412","383","62","17312","2475","288","8755","216","5579"
"1847","Pelle Pellenwessel","Male","Damme","DE-NI","DE","M30-34","FIN","4:48:36","0:35:12","0:04:10","2:39:14","0:04:06","1:25:55","413","384","63","2455","595","490","72","883","790","113","413","384","63","17316","2112","250","9554","246","5155"
"1810","Yannick Scholl","Male","Stuttgart","BW","DE","M18-24","FIN","4:48:36","0:35:46","0:06:33","2:25:10","0:04:21","1:36:46","414","385","40","2415","668","553","58","498","455","51","414","385","40","17316","2146","393","8710","261","5806"
"996","Simon Edel","Male","Stetten","Baden-Württemberg","DE","M30-34","FIN","4:48:44","0:38:25","0:03:40","2:31:04","0:03:34","1:32:01","415","386","64","2453","1040","858","113","685","618","91","415","386","64","17324","2305","220","9064","214","5521"
"2208","Christian Förster","Male","Hürth","North Rhine-Westphalia","DE","M25-29","FIN","4:48:47","0:36:42","0:06:16","2:24:49","0:04:54","1:36:06","416","387","49","2669","784","649","78","504","461","56","416","387","49","17327","2202","376","8689","294","5766"
"1112","Clara Nitschmann","Female","Leipzig","Saxony","DE","F18-24","FIN","4:48:57","0:29:39","0:03:41","2:23:19","0:04:31","1:47:48","417","30","4","2929","124","27","6","232","18","2","417","30","4","17337","1779","221","8599","271","6468"
"2334","Niklas Theisen","Male","München","DE-BY","DE","M25-29","FIN","4:49:13","0:28:12","0:04:24","2:24:03","0:04:09","1:48:25","418","388","50","2661","66","54","5","233","215","26","418","388","50","17353","1692","264","8643","249","6505"
"1921","Jens Oswald","Male","Hamburg","Hamburg","DE","M50-54","FIN","4:49:15","0:40:07","0:06:18","2:16:06","0:04:28","1:42:17","419","389","17","2832","1268","1023","77","350","325","16","419","389","17","17355","2407","378","8166","268","6137"
"2267","Philipp Herbst","Male","Leipzig","Saxony","DE","M18-24","FIN","4:49:36","0:33:39","0:04:46","2:28:23","0:04:05","1:38:43","420","390","41","2397","405","334","40","483","442","50","420","390","41","17376","2019","286","8903","245","5923"
"1263","Holger Staab","Male","Leipzig","SN","DE","M50-54","FIN","4:49:41","0:34:20","0:04:16","2:24:09","0:05:36","1:41:20","421","391","18","2824","477","395","25","360","333","18","421","391","18","17381","2060","256","8649","336","6080"
"1663","Anna Schneiderbanger","Female","Rattelsdorf","DE-Bavaria","DE","F25-29","FIN","4:49:46","0:35:17","0:04:08","2:37:10","0:05:15","1:27:57","422","31","4","3004","611","107","18","822","86","15","422","31","4","17386","2117","248","9430","315","5277"
"119","Andreas Meyer","Male","Altenburg","DE-TH","DE","M65-69","FIN","4:49:48","0:35:14","0:03:55","2:25:54","0:04:21","1:40:22","423","392","1","3500","599","494","2","425","393","1","423","392","1","17388","2114","235","8754","261","6022"
"2280","Lars Lieske","Male","Coswig","SN","DE","M35-39","FIN","4:49:48","0:40:30","0:04:46","2:26:59","0:03:59","1:33:34","424","393","70","2340","1308","1056","159","643","583","96","424","393","70","17388","2430","286","8819","239","5614"
"1963","Sebastian Juette","Male","Damme","NI","DE","M40-44","FIN","4:49:49","0:30:47","0:03:58","2:23:21","0:06:38","1:45:05","425","394","66","2613","174","143","16","257","236","35","425","394","66","17389","1847","238","8601","398","6305"
"1075","Cedric Zwosta","Male","Sonnefeld","BY","DE","M18-24","FIN","4:49:54","0:34:30","0:04:21","2:26:14","0:03:57","1:40:53","426","395","42","2392","503","416","50","427","395","42","426","395","42","17394","2070","261","8774","237","6053"
"2495","Thomas Stimpel","Male","Halle (Saale)","ST","DE","M45-49","FIN","4:50:27","0:34:41","0:04:25","2:23:06","0:03:18","1:44:57","427","396","43","2646","526","433","47","343","318","36","427","396","43","17427","2081","265","8586","198","6297"
"492","Anne Engel","Female","Löbnitz","Saxony","DE","F30-34","FIN","4:50:31","0:32:04","0:03:34","2:30:26","0:03:57","1:40:30","428","32","7","3020","265","45","11","454","36","8","428","32","7","17431","1924","214","9026","237","6030"
"979","Moritz Wimmer","Male","Rosenheim","Bavaria","DE","M18-24","FIN","4:50:31","0:35:00","0:04:49","2:24:32","0:03:58","1:42:11","429","397","43","2381","567","467","52","401","369","38","429","397","43","17431","2100","289","8672","238","6131"
"1570","Sven Schön","Male","Leipzig","SN","DE","M40-44","FIN","4:50:38","0:42:58","0:04:30","2:27:12","0:03:33","1:32:25","430","398","67","2599","1605","1282","169","751","673","105","430","398","67","17438","2578","270","8832","213","5545"
"1710","Tom Ryom Jensen","Male","Horsens","DK-82","DK","M50-54","FIN","4:50:40","0:30:36","0:03:23","2:20:18","0:04:00","1:52:24","431","399","19","2806","166","135","6","179","166","5","431","399","19","17440","1836","203","8418","240","6744"
"2148","Jakob Schneider","Male","Erfurt","Thuringia","DE","M25-29","FIN","4:50:44","0:42:11","0:04:43","2:19:44","0:03:44","1:40:22","432","400","51","2634","1518","1217","157","475","434","48","432","400","51","17444","2531","283","8384","224","6022"
"1280","Alexander Malorny","Male","Leipzig","Sachsen","DE","M45-49","FIN","4:50:46","0:37:07","0:05:30","2:29:02","0:04:41","1:34:28","433","401","44","2641","840","696","84","627","568","65","433","401","44","17446","2227","330","8942","281","5668"
"882","Federico Carossino","Male","Boadilla del Monte","ES-M","AR","M35-39","FIN","4:50:47","0:34:18","0:03:06","2:29:13","0:03:57","1:40:13","434","402","71","2322","472","393","61","474","433","76","434","402","71","17447","2058","186","8953","237","6013"
"1824","Andreas Fiedler","Male","Salzburg","AT-5","AT","M35-39","FIN","4:50:47","0:36:14","0:05:10","2:29:47","0:04:54","1:34:42","435","403","72","2322","726","603","96","617","560","93","435","403","72","17447","2174","310","8987","294","5682"
"2143","David Böhlecke","Male","Hohenwarthe","SACHSEN-ANHALT","DE","M45-49","FIN","4:50:51","0:32:11","0:04:33","2:24:08","0:04:36","1:45:23","436","404","45","2639","274","228","24","314","290","32","436","404","45","17451","1931","273","8648","276","6323"
"347","Max Schubert","Male","Leipzig","Saxony","DE","M40-44","FIN","4:51:09","0:36:58","0:05:28","2:28:53","0:04:47","1:35:03","437","405","68","2589","821","679","92","619","562","95","437","405","68","17469","2218","328","8933","287","5703"
"102","Saskia Hopfer","Female","Langnselbold","DE-HE","DE","F25-29","FIN","4:51:10","0:34:04","0:02:56","2:29:28","0:04:14","1:40:27","438","33","5","2979","442","77","12","466","38","5","438","33","5","17470","2044","176","8968","254","6027"
"383","Christian Haase","Male","Leipzig","SACHSEN","DE","M45-49","FIN","4:51:16","0:34:51","0:04:35","2:25:17","0:03:59","1:42:34","439","406","46","2632","548","450","51","413","381","44","439","406","46","17476","2091","275","8717","239","6154"
"1927","Dimitri Fuss","Male","Nürnberg","Bavaria","DE","M50-54","FIN","4:51:17","0:33:22","0:05:01","2:25:58","0:05:08","1:41:47","440","407","20","2795","374","307","19","400","368","22","440","407","20","17477","2002","301","8758","308","6107"
"1087","Torsten Zaddach","Male","Rißtissen","BW","DE","M55-59","FIN","4:51:21","0:32:19","0:04:28","2:27:29","0:05:24","1:41:41","441","408","17","3115","285","237","14","398","366","16","441","408","17","17481","1939","268","8849","324","6101"
"1407","Robin Diekmann","Male","Wolfsburg","NI","DE","M18-24","FIN","4:51:25","0:33:04","0:05:08","2:30:06","0:04:23","1:38:44","442","409","44","2364","348","285","31","518","475","52","442","409","44","17485","1984","308","9006","263","5924"
"1691","Andrew Shortall","Male","London","CHS","GB","M25-29","FIN","4:51:29","0:34:08","0:05:23","2:26:39","0:04:57","1:40:22","443","410","52","2621","449","372","44","459","423","47","443","410","52","17489","2048","323","8799","297","6022"
"122","Manfred Eberwein","Male","Regenstauf","DE-DE-BY","DE","M55-59","FIN","4:51:30","0:35:16","0:06:04","2:19:04","0:05:06","1:46:01","444","411","18","3112","608","502","38","304","280","12","444","411","18","17490","2116","364","8344","306","6361"
"2041","Ralf Graumüller","Male","Berga-Wünschendorf","Thüringen","DE","M55-59","FIN","4:51:31","0:36:22","0:02:56","2:31:01","0:04:32","1:36:41","445","412","19","3112","737","611","53","586","534","31","445","412","19","17491","2182","176","9061","272","5801"
"1785","Marian Wollborn","Male","Erfurt","Thuringia","DE","M40-44","FIN","4:51:32","0:31:44","0:03:17","2:27:36","0:03:47","1:45:08","446","413","69","2582","234","193","23","353","327","51","446","413","69","17492","1904","197","8856","227","6308"
"1619","Johannes Thoß","Male","Markkleeberg","Saxony","DE","M40-44","FIN","4:51:36","0:43:18","0:05:38","2:19:17","0:05:44","1:37:39","447","414","70","2581","1645","1312","172","513","470","77","447","414","70","17496","2598","338","8357","344","5859"
"450","Stephan Plate","Male","Bremen","DE-HB","DE","M60-64","FIN","4:51:39","0:34:49","0:04:40","2:30:42","0:04:24","1:37:03","448","415","2","3146","542","445","7","585","533","9","448","415","2","17499","2089","280","9042","264","5823"
"2373","Alexander Heink","Male","Frankfurt am Main","Hesse","DE","M30-34","FIN","4:51:45","0:37:29","0:05:01","2:21:17","0:03:55","1:44:03","449","416","65","2398","899","743","101","385","355","55","449","416","65","17505","2249","301","8477","235","6243"
"1638","Dennis Bauer","Male","Wildenberg","DE-BY","DE","M30-34","FIN","4:51:46","0:44:10","0:04:34","2:23:13","0:04:22","1:35:26","450","417","66","2398","1743","1379","183","637","577","83","450","417","66","17506","2650","274","8593","262","5726"
"1660","Jan Köppe","Male","Körner","TH","DE","M40-44","FIN","4:51:47","0:36:55","0:04:07","2:28:36","0:04:16","1:37:53","451","418","71","2578","815","673","90","567","517","86","451","418","71","17507","2215","247","8916","256","5873"
"1272","Jannis Gerstenberg","Male","Leipzig","Saxony","DE","M18-24","FIN","4:51:53","0:36:04","0:05:16","2:32:40","0:05:00","1:32:53","452","419","45","2356","706","586","61","717","646","61","452","419","45","17513","2164","316","9160","300","5573"
"200","Bastian Baethge","Male","Langen","DE-HE","DE","M40-44","FIN","4:51:53","0:39:37","0:03:50","2:18:09","0:04:38","1:45:38","453","420","72","2576","1208","975","130","330","305","49","453","420","72","17513","2377","230","8289","278","6338"
"1456","Mirko Czerny","Male","Hamburg","HAMBURG","DE","M45-49","FIN","4:51:56","0:35:26","0:05:24","2:32:15","0:07:14","1:31:37","454","421","47","2620","634","524","61","678","612","71","454","421","47","17516","2126","324","9135","434","5497"
"384","Christoph Schaupp","Male","Leipzig","Saxony","GB","M30-34","FIN","4:51:56","0:34:22","0:04:22","2:23:07","0:04:22","1:45:44","455","422","67","2395","484","401","67","333","308","49","455","422","67","17516","2062","262","8587","262","6344"
"2367","Ewa Kottsieper","Female","Hamburg","HAMBURG","DE","F45-49","FIN","4:52:07","0:37:43","0:04:21","2:32:31","0:05:01","1:32:30","456","34","5","3106","933","165","23","746","78","11","456","34","5","17527","2263","261","9151","301","5550"
"1118","Stephanie Bahr","Female","Adelberg","DE-Baden-Württemberg","DE","F30-34","FIN","4:52:10","0:34:33","0:03:42","2:32:15","0:04:25","1:37:16","457","35","8","2990","507","89","19","593","53","10","457","35","8","17530","2073","222","9135","265","5836"
"1609","René Engelhorn","Male","Leipzig","Saxony","DE","M35-39","FIN","4:52:12","0:35:38","0:05:05","2:21:25","0:06:47","1:43:17","458","423","73","2297","652","539","87","341","316","55","458","423","73","17532","2138","305","8485","407","6197"
"842","Carsten Heine","Male","Leipzig","SACHSEN","DE","M50-54","FIN","4:52:12","0:31:50","0:04:44","2:25:25","0:05:50","1:44:23","459","424","21","2779","239","197","12","339","314","14","459","424","21","17532","1910","284","8725","350","6263"
"172","Nicole KOLPER","Female","Ettlingen","DE-BW","DE","F40-44","FIN","4:52:15","0:35:41","0:04:20","2:35:35","0:03:46","1:32:53","460","36","1","3500","663","115","9","781","84","7","460","36","1","17535","2141","260","9335","226","5573"
"2105","Sarah Westerholt","Female","Landshut","Bavaria","DE","F30-34","FIN","4:52:22","0:34:28","0:04:00","2:33:10","0:04:32","1:36:12","461","37","9","2986","498","85","16","626","59","11","461","37","9","17542","2068","240","9190","272","5772"
"446","Laura Pieroni","Female","Geel","Antwerpen","BE","F30-34","FIN","4:52:22","0:30:54","0:03:49","2:33:44","0:04:16","1:39:39","462","38","10","2986","181","33","8","524","44","9","462","38","10","17542","1854","229","9224","256","5979"
"931","Stephan Seifert","Male"," Leipzig","SACHSEN","DE","M40-44","FIN","4:52:27","0:36:58","0:05:24","2:27:05","0:05:14","1:37:46","463","425","73","2566","823","681","93","557","508","83","463","425","73","17547","2218","324","8825","314","5866"
"1444","Martin Spiller","Male","Bochum","NW","DE","M40-44","FIN","4:52:30","0:36:55","0:05:35","2:30:33","0:06:31","1:32:56","464","426","74","2565","813","671","89","675","609","98","464","426","74","17550","2215","335","9033","391","5576"
"1611","Justus Eichhorn","Male","Leipzig","SN","DE","M30-34","FIN","4:52:30","0:29:35","0:04:36","2:22:29","0:04:36","1:51:13","465","427","68","2385","120","95","15","234","216","36","465","427","68","17550","1775","276","8549","276","6673"
"2135","Dominik Kosak","Male","Munich","Bavaria","DE","M30-34","FIN","4:52:35","0:40:26","0:06:11","2:26:16","0:05:42","1:34:00","466","428","69","2383","1303","1051","140","666","600","90","466","428","69","17555","2426","371","8776","342","5640"
"1999","Svenja Rehr","Female","Shanghai","Shanghai","DE","F35-39","FIN","4:52:38","0:33:31","0:05:05","2:29:52","0:04:14","1:39:56","467","39","6","3033","391","69","13","526","46","9","467","39","6","17558","2011","305","8992","254","5996"
"530","Ryan Nash","Male","Abergavenny","GB-UKM","GB","M30-34","FIN","4:52:52","0:38:08","0:06:01","2:24:25","0:05:46","1:38:31","468","429","70","2378","1000","824","107","536","490","73","468","429","70","17572","2288","361","8665","346","5911"
"1387","Julian Bichler","Male","Saalfelden am Steinernen Meer","AT-5","AT","M18-24","FIN","4:52:58","0:38:25","0:06:10","2:29:29","0:04:09","1:34:44","469","430","46","2336","1041","859","87","723","651","62","469","430","46","17578","2305","370","8969","249","5684"
"1201","Felix Knobloch","Male","Velden","Bavaria","DE","M18-24","FIN","4:53:03","0:37:26","0:08:00","2:29:43","0:05:03","1:32:51","470","431","47","2335","890","734","74","768","686","68","470","431","47","17583","2246","480","8983","303","5571"
"1346","Thomas Krempler","Male","Rackwitz","Saxony","DE","M40-44","FIN","4:53:06","0:33:50","0:05:26","2:26:48","0:04:30","1:42:33","471","432","75","2554","421","348","42","453","418","67","471","432","75","17586","2030","326","8808","270","6153"
"1157","Henrik Uv Værnes","Male","Rennebu","SØR-TRØNDELAG","NO","M25-29","FIN","4:53:08","0:50:33","0:04:27","2:18:27","0:04:02","1:35:38","472","433","53","2591","2100","1603","230","700","630","74","472","433","53","17588","3033","267","8307","242","5738"
"2526","Martin Otto","Male","Dresden","SN","DE","M45-49","FIN","4:53:21","0:41:12","0:04:45","2:23:55","0:04:44","1:38:45","473","434","48","2594","1391","1122","143","574","523","60","473","434","48","17601","2472","285","8635","284","5925"
"1673","Steffi Lemke","Female","Ahnatal","HE","DE","F40-44","FIN","4:53:22","0:34:20","0:03:32","2:36:08","0:04:37","1:34:45","474","40","2","3479","478","83","6","718","72","4","474","40","2","17602","2060","212","9368","277","5685"
"686","Stavro Petri","Male","Wuppertal","DE-NW","DE","M55-59","FIN","4:53:23","0:32:50","0:04:59","2:26:36","0:05:11","1:43:47","475","435","20","3078","330","275","17","402","370","17","475","435","20","17603","1970","299","8796","311","6227"
"164","Valentina Noventa","Female","Villafranca Padovana","IT-PD","IT","F45-49","FIN","4:53:27","0:33:00","0:04:33","2:29:46","0:03:55","1:42:14","476","41","6","3082","343","63","9","493","42","7","476","41","6","17607","1980","273","8986","235","6134"
"2478","Marco Troglia","Male","Darmstadt","Hessen","IT","M25-29","FIN","4:53:29","0:37:47","0:05:46","2:28:10","0:05:31","1:36:15","477","436","54","2585","946","780","100","629","570","68","477","436","54","17609","2267","346","8890","331","5775"
"2524","Matthieu Guillon","Male","Buckenhof","BY","FR","M45-49","FIN","4:53:30","0:33:43","0:04:00","2:29:04","0:05:54","1:40:49","478","437","49","2591","410","338","38","479","438","49","478","437","49","17610","2023","240","8944","354","6049"
"1567","Simon Muschler","Male","Berlin","","DE","M25-29","FIN","4:53:33","0:40:37","0:04:30","2:31:51","0:05:38","1:30:56","479","438","55","2583","1328","1074","133","834","745","91","479","438","55","17613","2437","270","9111","338","5456"
"797","Klaus Jüttner","Male","Mainz","DE-RP","DE","M55-59","FIN","4:53:33","0:35:00","0:05:17","2:28:57","0:05:14","1:39:05","480","439","21","3075","565","465","34","551","504","28","480","439","21","17613","2100","317","8937","314","5945"
"2132","Peter Ringeisen","Male","Idstein","DE-HE","DE","M50-54","FIN","4:53:34","0:40:05","0:05:43","2:25:30","0:04:23","1:37:53","481","440","22","2754","1264","1020","76","620","563","37","481","440","22","17614","2405","343","8730","263","5873"
"968","Andreas Sußbauer","Male","Sinzing","Bavaria","DE","M25-29","FIN","4:53:35","0:38:02","0:04:57","2:33:12","0:04:03","1:33:21","482","441","56","2583","983","810","106","805","720","88","482","441","56","17615","2282","297","9192","243","5601"
"103","Sven Masser","Male","Lambsborn","DE-RP","DE","M50-54","FIN","4:53:41","0:36:12","0:04:57","2:22:19","0:05:08","1:45:05","483","442","23","2752","722","600","46","377","348","20","483","442","23","17621","2172","297","8539","308","6305"
"2036","Paul Krenz","Male","Straußfurt ","Thuringia","DE","M35-39","FIN","4:53:43","0:37:13","0:04:53","2:21:38","0:04:29","1:45:30","484","443","74","2270","856","709","111","383","353","62","484","443","74","17623","2233","293","8498","269","6330"
"1023","Harald Mechler","Male","Wiesbaden","HE","DE","M60-64","FIN","4:53:45","0:34:34","0:03:49","2:26:30","0:04:42","1:44:10","485","444","3","3108","513","424","6","417","385","5","485","444","3","17625","2074","229","8790","282","6250"
"1337","Christian Strasser","Male","Eschlikon","","CH","M55-59","FIN","4:53:49","0:35:55","0:05:15","2:27:07","0:05:33","1:39:59","486","445","22","3071","688","570","48","517","474","23","486","445","22","17629","2155","315","8827","333","5999"
"1844","Markus Spöcker","Male","Berlin","BE","DE","M55-59","FIN","4:53:50","0:32:42","0:05:16","2:35:25","0:05:09","1:35:19","487","446","23","3070","320","266","16","697","628","41","487","446","23","17630","1962","316","9325","309","5719"
"1217","Jens Pisareck","Male","Garbsen","NI","DE","M45-49","FIN","4:53:52","0:37:52","0:05:01","2:31:39","0:04:55","1:34:24","488","447","50","2585","957","789","103","741","664","78","488","447","50","17632","2272","301","9099","295","5664"
"1888","Sabine Volz","Female","Schirrhoffen","FR-67","DE","F35-39","FIN","4:53:57","0:39:07","0:05:49","2:28:29","0:05:39","1:34:54","489","42","7","3009","1136","212","34","698","70","13","489","42","7","17637","2347","349","8909","339","5694"
"2111","Alexander Thiele","Male","Zschopau ","Saxony","DE","M45-49","FIN","4:54:01","0:40:03","0:06:15","2:30:37","0:04:33","1:32:32","490","448","51","2582","1262","1018","130","832","744","94","490","448","51","17641","2403","375","9037","273","5552"
"2246","Stephan Pfitzner","Male","Dessau-Roßlau","SACHSEN-ANHALT","DE","M35-39","FIN","4:54:01","0:31:58","0:03:31","2:30:51","0:04:35","1:43:06","491","449","75","2264","257","214","30","461","425","74","491","449","75","17641","1918","211","9051","275","6186"
"157","Ingo Weber","Male","Naumburg","DE-ST","DE","M60-64","FIN","4:54:06","0:35:14","0:03:54","2:24:58","0:04:08","1:45:52","492","450","4","3102","598","493","10","394","363","4","492","450","4","17646","2114","234","8698","248","6352"
"640","Koen Mulder","Male","'t Veld","NL-NH","NL","M25-29","FIN","4:54:06","0:37:43","0:04:11","2:34:10","0:04:54","1:33:06","493","451","57","2573","932","768","97","800","715","87","493","451","57","17646","2263","251","9250","294","5586"
"2483","Sebastian Schmager","Male","Leipzig","SN","DE","M35-39","FIN","4:54:06","0:34:59","0:04:34","2:25:31","0:04:00","1:45:03","494","452","76","2263","562","462","73","423","391","67","494","452","76","17646","2099","274","8731","240","6303"
"558","Justus Hahn","Male","Stralendorf","Mecklenburg-West Pomerania","DE","M18-24","FIN","4:54:07","0:37:44","0:03:54","2:31:13","0:03:13","1:38:04","495","453","48","2316","937","771","77","662","596","57","495","453","48","17647","2264","234","9073","193","5884"
"1732","Emily Groeschke","Female","Jena","DE-TH","DE","F25-29","FIN","4:54:13","0:36:09","0:03:36","2:25:41","0:03:33","1:45:13","496","43","6","2924","716","122","20","437","33","4","496","43","6","17653","2169","216","8741","213","6313"
"2153","Steve Herrmann","Male","Brand-Erbisdorf","SN","DE","M40-44","FIN","4:54:14","0:34:29","0:04:21","2:24:46","0:04:09","1:46:29","497","454","76","2534","500","414","53","380","351","58","497","454","76","17654","2069","261","8686","249","6389"
"2351","Christian Partzsch","Male","Döbeln","Sachsen","DE","M40-44","FIN","4:54:17","0:34:26","0:04:21","2:25:07","0:04:02","1:46:21","498","455","77","2533","495","411","52","390","359","60","498","455","77","17657","2066","261","8707","242","6381"
"1292","Dirk Ziegener","Male","Leipzig","SACHSEN","DE","M40-44","FIN","4:54:19","0:35:41","0:04:47","2:30:19","0:05:17","1:38:15","499","456","78","2532","662","548","71","606","552","92","499","456","78","17659","2141","287","9019","317","5895"
"2093","Till Schink","Male","Berlin","Berlin","DE","M30-34","FIN","4:54:19","0:35:51","0:05:08","2:25:00","0:04:54","1:43:26","500","457","71","2352","677","561","80","451","416","63","500","457","71","17659","2151","308","8700","294","6206"
"744","Jens Burkhardt","Male","Leipzig","Saxony","DE","M30-34","FIN","4:54:28","0:34:23","0:05:20","2:22:13","0:06:02","1:46:28","501","458","72","2349","486","402","68","337","312","50","501","458","72","17668","2063","320","8533","362","6388"
"1344","Felix Brosch","Male","Hanau","HESSEN","DE","M30-34","FIN","4:54:34","0:36:28","0:04:51","2:29:16","0:05:17","1:38:42","502","459","73","2348","751","621","89","603","549","79","502","459","73","17674","2188","291","8956","317","5922"
"2340","Philipp Marko Maurice Weimer","Male","Lübeck","DE-SH","DE","M18-24","FIN","4:54:43","0:34:08","0:04:47","2:27:30","0:04:59","1:43:19","503","460","49","2305","450","373","46","464","428","48","503","460","49","17683","2048","287","8850","299","6199"
"1355","Stefan Hutter","Male","Schliesee","BY","DE","M60-64","FIN","4:54:48","0:39:28","0:05:16","2:16:23","0:05:55","1:47:47","504","461","5","3089","1181","958","29","322","298","3","504","461","5","17688","2368","316","8183","355","6467"
"1867","Christian Feht","Male","Hamburg","Hamburg","DE","M25-29","FIN","4:54:49","0:33:48","0:04:04","2:29:01","0:04:45","1:43:10","505","462","58","2561","416","343","41","486","445","51","505","462","58","17689","2028","244","8941","285","6190"
"328","Andreas Scheithauer","Male","Ilmenau","DE-TH","DE","M40-44","FIN","4:54:51","0:47:41","0:06:40","2:21:48","0:05:03","1:33:39","506","463","79","2523","1978","1534","193","803","718","112","506","463","79","17691","2861","400","8508","303","5619"
"514","Paul Heisig","Male","Leipzig","SN","DE","M40-44","FIN","4:54:52","0:40:33","0:06:00","2:17:37","0:04:14","1:46:28","507","464","80","2522","1315","1061","145","396","364","61","507","464","80","17692","2433","360","8257","254","6388"
"2082","Nick Kutschke","Male","Großdubrau","Saxony","DE","M25-29","FIN","4:54:55","0:35:03","0:06:28","2:31:37","0:06:59","1:34:49","508","465","59","2559","578","475","60","684","617","72","508","465","59","17695","2103","388","9097","419","5689"
"1056","Clara Hartlieb","Female","Freiburg","DE-BW","DE","F25-29","FIN","4:54:57","0:32:49","0:04:13","2:30:27","0:04:31","1:42:58","509","44","7","2911","329","55","6","497","43","6","509","44","7","17697","1969","253","9027","271","6178"
"459","Albert Block","Male","Rostock","foreigner","DE","M55-59","FIN","4:55:00","0:38:01","0:04:14","2:20:02","0:06:48","1:45:55","510","466","24","3049","981","808","68","345","320","14","510","466","24","17700","2281","254","8402","408","6355"
"109","Ella-Marie Neu","Female","Bergisch Gladbach","NW","DE","F18-24","FIN","4:55:09","0:29:24","0:03:49","2:41:14","0:05:21","1:35:20","511","45","5","2818","110","23","5","737","76","8","511","45","5","17709","1764","229","9674","321","5720"
"1525","Johannes Wohlschlegel","Male","Offenburg","DE-BW","DE","M35-39","FIN","4:55:11","0:33:10","0:06:16","2:25:06","0:05:23","1:45:16","512","467","77","2243","359","294","46","407","375","64","512","467","77","17711","1990","376","8706","323","6316"
"2239","Michael Jost","Male","Rostock","DE-MV","DE","M35-39","FIN","4:55:14","0:32:13","0:04:46","2:22:33","0:05:40","1:50:02","513","468","78","2242","278","231","35","291","268","49","513","468","78","17714","1933","286","8553","340","6602"
"2248","Konstantin Wagner","Male","Frankfurt am Main","HE","DE","M25-29","FIN","4:55:16","0:41:50","0:04:57","2:26:57","0:04:18","1:37:14","514","469","60","2552","1465","1174","147","710","640","76","514","469","60","17716","2510","297","8817","258","5834"
"134","Marcus Aberl","Male","Gauting","DE-BY","DE","M55-59","FIN","4:55:25","0:40:02","0:05:24","2:27:06","0:04:08","1:38:44","515","470","25","3042","1259","1015","90","653","591","38","515","470","25","17725","2402","324","8826","248","5924"
"643","Tobias Felix","Male","Leipzig","SN","DE","M25-29","FIN","4:55:39","0:37:47","0:04:38","2:24:13","0:04:10","1:44:51","516","471","61","2546","944","778","99","476","435","49","516","471","61","17739","2267","278","8653","250","6291"
"162","Frank Siman","Male","Blankenfelde-Mahlow","DE-BB","DE","M45-49","FIN","4:55:40","0:36:38","0:05:03","2:28:05","0:05:12","1:40:42","517","472","52","2552","775","642","78","572","521","59","517","472","52","17740","2198","303","8885","312","6042"
"947","Tobias Seiler","Male","Marzling","foreigner","DE","M18-24","FIN","4:55:43","0:38:24","0:05:05","2:30:50","0:04:06","1:37:18","518","473","50","2287","1035","853","85","729","655","63","518","473","50","17743","2304","305","9050","246","5838"
"264","Petr Nohel","Male","Philadelphia","US-PA","CZ","M25-29","FIN","4:55:55","0:46:57","0:04:33","2:20:27","0:04:29","1:39:30","519","474","62","2541","1928","1505","209","634","574","70","519","474","62","17755","2817","273","8427","269","5970"
"2054","Charlotte Will","Female","Plauen","SN","DE","F25-29","FIN","4:55:56","0:33:40","0:05:18","2:32:00","0:04:12","1:40:45","520","46","8","2893","406","72","10","613","56","10","520","46","8","17756","2020","318","9120","252","6045"
"2033","Sascha Hausmann","Male","Seelze","Lower Saxony","DE","M35-39","FIN","4:55:59","0:28:02","0:03:18","2:27:50","0:05:04","1:51:46","521","475","79","2229","60","50","8","279","257","46","521","475","79","17759","1682","198","8870","304","6706"
"673","Jonas Dorn","Male","Leipzig","SN","DE","M30-34","FIN","4:56:03","0:39:40","0:05:28","2:29:26","0:05:07","1:36:22","522","476","74","2321","1211","977","129","745","668","96","522","476","74","17763","2380","328","8966","307","5782"
"133","Laura Marie Asche","Female","Langen (Hessen)","DE-HE","DE","F25-29","FIN","4:56:06","0:33:36","0:02:49","2:36:47","0:03:41","1:39:13","523","47","9","2890","397","70","8","690","69","14","523","47","9","17766","2016","169","9407","221","5953"
"2331","Martin Hantusch","Male","Dresden","SN","DE","M35-39","FIN","4:56:07","0:35:06","0:04:57","2:29:33","0:06:16","1:40:15","524","477","80","2226","586","481","78","566","516","90","524","477","80","17767","2106","297","8973","376","6015"
"1853","Christian Schnack","Male","Bremen","DE-HB","DE","M45-49","FIN","4:56:11","0:36:08","0:04:20","2:36:12","0:05:18","1:34:14","525","478","53","2543","715","594","72","825","739","92","525","478","53","17771","2168","260","9372","318","5654"
"2420","Torsten Körner","Male","Jena","foreigner","DE","M40-44","FIN","4:56:12","0:36:30","0:07:46","2:35:25","0:05:51","1:30:40","526","479","81","2498","754","623","82","920","825","120","526","479","81","17772","2190","466","9325","351","5440"
"2323","Marcel Kühn","Male","Mainz","RP","DE","M45-49","FIN","4:56:14","0:42:13","0:07:41","2:26:45","0:07:18","1:32:17","527","480","54","2542","1521","1220","156","826","740","93","527","480","54","17774","2533","461","8805","438","5537"
"2511","Carola Verheij","Female","Puttershoek","NL-ZH","NL","F30-34","FIN","4:56:18","0:34:29","0:04:13","2:33:55","0:04:26","1:39:14","528","48","11","2915","502","87","17","656","64","14","528","48","11","17778","2069","253","9235","266","5954"
"5017","Mareike Guhl","Female","Erlangen","Bavaria","DE","FPRO","FIN","4:56:18","0:33:52","0:02:42","2:32:45","0:04:45","1:42:14","529","49","8","2373","424","74","7","554","48","8","529","49","8","17778","2032","162","9165","285","6134"
"139","Sebastian Lohse","Male","Dachau","DE-BY","DE","M35-39","FIN","4:56:19","0:36:53","0:03:14","2:26:27","0:04:14","1:45:31","530","481","81","2223","803","663","103","471","431","75","530","481","81","17779","2213","194","8787","254","6331"
"2160","Tim Graefe","Male","Hecklingen","Saxony-Anhalt","DE","M18-24","FIN","4:56:24","0:32:36","0:04:18","2:28:45","0:04:36","1:46:08","531","482","51","2275","308","255","29","442","408","45","531","482","51","17784","1956","258","8925","276","6368"
"142","Michael Mueller","Male","Kelkheim","HE","DE","M45-49","FIN","4:56:29","0:36:50","0:06:14","2:30:38","0:03:56","1:38:50","532","483","55","2538","799","659","79","708","638","74","532","483","55","17789","2210","374","9038","236","5930"
"1359","Oliver Michel","Male","Nürnberg","DE-BAYERN","DE","M55-59","FIN","4:56:30","0:35:56","0:06:06","2:34:22","0:04:54","1:35:12","533","484","26","3022","691","572","49","813","728","49","533","484","26","17790","2156","366","9262","294","5712"
"1048","Lars Kiene","Male","Seelze","foreigner","DE","M35-39","FIN","4:56:39","0:32:45","0:02:56","2:27:51","0:04:17","1:48:50","534","485","82","2217","324","270","42","378","349","60","534","485","82","17799","1965","176","8871","257","6530"
"275","Michael Casper","Male","Wadgassen","SL","DE","M50-54","FIN","4:56:43","0:40:02","0:04:06","2:20:18","0:04:48","1:47:29","535","486","24","2697","1257","1013","75","403","371","23","535","486","24","17803","2402","246","8418","288","6449"
"1931","Marcell Bodrogi","Male","Nagykovácsi","","HU","M30-34","FIN","4:56:44","0:35:10","0:06:06","2:31:17","0:05:10","1:39:01","536","487","75","2309","590","485","71","652","590","88","536","487","75","17804","2110","366","9077","310","5941"
"2466","Andreas Willenbockel","Male","Hamburg","DE-HH","DE","M45-49","FIN","4:56:45","0:42:26","0:05:22","2:24:56","0:05:31","1:38:29","537","488","56","2533","1548","1243","159","660","595","67","537","488","56","17805","2546","322","8696","331","5909"
"403","Fabian Jenne","Male","Weisweil","BADEN-WURTTEMBERG","DE","M25-29","FIN","4:56:56","0:38:34","0:05:34","2:25:45","0:05:46","1:41:17","538","489","63","2522","1058","874","114","576","525","58","538","489","63","17816","2314","334","8745","346","6077"
"1632","Sebastian Scholz","Male","Königslutter","NI","DE","M50-54","FIN","4:56:58","0:35:19","0:04:04","2:25:24","0:05:25","1:46:46","539","490","25","2693","616","509","39","416","384","24","539","490","25","17818","2119","244","8724","325","6406"
"599","Johannes Franz","Male","Berlin","Berlin","DE","M30-34","FIN","4:56:58","0:38:38","0:05:09","2:23:56","0:04:38","1:44:36","540","491","76","2304","1067","881","116","503","460","68","540","491","76","17818","2318","309","8636","278","6276"
"178","Anne Hildebrandt","Female","Neustrelitz","MV","DE","F35-39","FIN","4:56:59","0:37:26","0:04:47","2:24:22","0:04:40","1:45:44","541","50","8","2954","889","156","29","472","41","8","541","50","8","17819","2246","287","8662","280","6344"
"534","Uwe Ockert","Male","Leipzig","SN","DE","M60-64","FIN","4:57:00","0:36:53","0:03:48","2:27:57","0:05:11","1:43:10","542","492","6","3050","807","667","18","537","491","8","542","492","6","17820","2213","228","8877","311","6190"
"151","Stephan Kampe","Male","Hann. Münden","DE-NI","DE","M60-64","FIN","4:57:05","0:31:42","0:04:43","2:21:11","0:03:44","1:55:46","543","493","7","3048","231","191","2","249","228","2","543","493","7","17825","1902","283","8471","224","6946"
"1147","Robert Schmidt","Male","Leipzig ","Saxony","DE","M18-24","FIN","4:57:07","0:37:06","0:06:13","2:34:03","0:04:53","1:34:52","544","494","52","2262","836","692","69","846","754","75","544","494","52","17827","2226","373","9243","293","5692"
"371","Christopher Zenker","Male","Leipzig","Saxony","DE","M45-49","FIN","4:57:08","0:38:01","0:05:10","2:30:55","0:05:02","1:38:01","545","495","57","2526","980","807","105","724","652","76","545","495","57","17828","2281","310","9055","302","5881"
"1635","Thomas Ziener","Male","Heidesheim","DE-RP","DE","M50-54","FIN","4:57:11","0:35:21","0:05:09","2:35:32","0:05:01","1:36:07","546","496","26","2689","621","514","40","798","713","51","546","496","26","17831","2121","309","9332","301","5767"
"2290","Axel Ruell","Male","München","DE-BY","DE","M55-59","FIN","4:57:13","0:31:21","0:05:31","2:24:02","0:04:17","1:52:02","547","497","27","3009","205","168","11","317","293","13","547","497","27","17833","1881","331","8642","257","6722"
"1233","Martin Liebing","Male","Löbnitz","DE-Saxony","DE","M35-39","FIN","4:57:18","0:45:39","0:06:28","2:32:17","0:04:42","1:28:11","548","498","83","2205","1854","1459","217","1089","961","153","548","498","83","17838","2739","388","9137","282","5291"
"762","Danny Lenk","Male","Frankfurt","DE-HE","DE","M35-39","FIN","4:57:21","0:36:52","0:04:10","2:26:12","0:04:52","1:45:15","549","499","84","2204","802","662","102","491","450","80","549","499","84","17841","2212","250","8772","292","6315"
"1378","Elena Helmreich","Female","Würzburg","DE-Bavaria","DE","F18-24","FIN","4:57:24","0:38:40","0:04:05","2:28:13","0:03:33","1:42:53","550","51","6","2777","1074","191","28","612","55","6","550","51","6","17844","2320","245","8893","213","6173"
"1335","Holm Hofmann","Male","Essen","DE-NW","DE","M45-49","FIN","4:57:27","0:42:19","0:05:16","2:28:30","0:04:56","1:36:26","551","500","58","2520","1534","1231","157","799","714","84","551","500","58","17847","2539","316","8910","296","5786"
"2044","Tobias Krämer","Male","Ochtendung","RP","DE","M45-49","FIN","4:57:31","0:34:47","0:07:03","2:27:44","0:06:03","1:41:53","552","501","59","2519","539","443","50","564","514","58","552","501","59","17851","2087","423","8864","363","6113"
"1652","Arthur Lescure","Male","Asnières-sur-Seine","FR-IDF","FR","M25-29","FIN","4:57:34","0:36:35","0:04:33","2:35:10","0:04:05","1:37:11","553","502","64","2511","771","638","75","810","725","90","553","502","64","17854","2195","273","9310","245","5831"
"357","Julian Schroeder","Male","Leipzig","DE-Sachsen","DE","M35-39","FIN","4:57:35","0:44:36","0:05:06","2:28:41","0:04:24","1:34:48","554","503","85","2200","1781","1410","205","878","785","124","554","503","85","17855","2676","306","8921","264","5688"
"2491","Rouven Salewsky","Male","Bremerhaven","DE-HB","DE","M25-29","FIN","4:57:38","0:35:39","0:07:10","2:38:26","0:04:35","1:31:48","555","504","65","2510","657","544","65","973","870","108","555","504","65","17858","2139","430","9506","275","5508"
"325","Thomas Schober","Male","Bietigheim-Bissingen","DE-BADEN-WURTTEMBERG","DE","M35-39","FIN","4:57:39","0:38:08","0:05:35","2:23:05","0:06:50","1:44:00","556","505","86","2199","997","821","122","480","439","77","556","505","86","17859","2288","335","8585","410","6240"
"2096","Phil Büning","Male","Münster","North Rhine-Westphalia","DE","M25-29","FIN","4:57:40","0:37:06","0:05:16","2:28:10","0:06:18","1:40:49","557","506","66","2509","839","695","84","596","543","63","557","506","66","17860","2226","316","8890","378","6049"
"448","Fiete Jesper Meyer","Male","Uelzen","Lower Saxony","DE","M18-24","FIN","4:57:40","0:38:24","0:03:55","2:21:30","0:04:59","1:48:52","558","507","53","2252","1036","854","86","387","356","36","558","507","53","17860","2304","235","8490","299","6532"
"136","Lothar Richthammer","Male","Weiden","DE-BY","DE","M65-69","FIN","4:57:42","0:39:48","0:05:42","2:26:35","0:05:29","1:40:09","559","508","2","3357","1224","986","10","640","580","3","559","508","2","17862","2388","342","8795","329","6009"
"167","Martin Soukup","Male","Wiesbaden","HESSEN","DE","M35-39","FIN","4:57:54","0:38:14","0:03:09","2:25:25","0:05:09","1:45:58","560","509","87","2194","1013","835","124","481","440","78","560","509","87","17874","2294","189","8725","309","6358"
"1700","Mirte van de Louw","Female","Amsterdam","North Holland","NL","F30-34","FIN","4:57:57","0:38:47","0:04:21","2:31:06","0:05:12","1:38:31","561","52","12","2886","1092","200","39","727","73","15","561","52","12","17877","2327","261","9066","312","5911"
"697","Ben Janus","Male","Radolfzell am Bodensee","DE-Baden-Württemberg","DE","M18-24","FIN","4:58:02","0:45:55","0:06:13","2:31:18","0:05:50","1:28:46","562","510","54","2245","1877","1477","149","1052","931","84","562","510","54","17882","2755","373","9078","350","5326"
"1854","Tamy Saxinger","Female","Bexbach","DE-SL","DE","F40-44","FIN","4:58:05","0:35:22","0:06:20","2:32:48","0:06:04","1:37:30","563","53","3","3395","629","110","8","738","77","5","563","53","3","17885","2122","380","9168","364","5850"
"1708","Sven Wolff","Male","Pattensen","DE-NI","DE","M50-54","FIN","4:58:05","0:34:52","0:04:35","2:33:50","0:05:18","1:39:30","564","511","27","2673","550","452","29","694","625","44","564","511","27","17885","2092","275","9230","318","5970"
"958","Daniel Schröder","Male","Muldestausee","ST","DE","M50-54","FIN","4:58:05","0:36:09","0:07:30","2:23:37","0:05:48","1:45:02","565","512","28","2673","717","595","45","492","451","28","565","512","28","17885","2169","450","8617","348","6302"
"545","Justus Kollatzsch","Male","Leipzig","Sachsen","DE","M25-29","FIN","4:58:10","0:31:34","0:04:29","2:34:17","0:06:23","1:41:28","566","513","67","2500","223","185","22","590","538","62","566","513","67","17890","1894","269","9257","383","6088"
"652","Philipp George","Male","Leipzig","SACHSEN","DE","M35-39","FIN","4:58:10","0:39:17","0:03:36","2:32:45","0:04:18","1:38:15","567","514","88","2189","1159","942","144","783","698","114","567","514","88","17890","2357","216","9165","258","5895"
"1749","Carlo Cordes","Male","Den Haag","NW","DE","M25-29","FIN","4:58:13","0:31:31","0:03:41","2:34:43","0:05:01","1:43:17","568","515","68","2499","220","182","20","577","526","59","568","515","68","17893","1891","221","9283","301","6197"
"342","Mathias Lieber","Male","Leipzig","DE-SACHSEN","DE","M45-49","FIN","4:58:13","0:41:27","0:06:18","2:27:29","0:05:30","1:37:29","569","516","60","2507","1421","1143","146","771","689","80","569","516","60","17893","2487","378","8849","330","5849"
"1717","André Abalhid","Male","Weimar","Hessen","DE","M35-39","FIN","4:58:18","0:38:36","0:04:53","2:36:11","0:05:06","1:33:32","570","517","89","2187","1062","877","130","919","824","131","570","517","89","17898","2316","293","9371","306","5612"
"1516","Michaela Krieger","Female","Usingen","DE-HE","DE","F45-49","FIN","4:58:20","0:28:07","0:03:44","2:31:04","0:04:28","1:50:56","571","54","7","2994","62","11","1","367","28","3","571","54","7","17900","1687","224","9064","268","6656"
"1543","Bastian Riedl","Male","Stadlern","foreigner","DE","M25-29","FIN","4:58:21","0:34:46","0:03:29","2:24:09","0:04:09","1:51:48","572","518","69","2497","535","439","56","348","323","40","572","518","69","17901","2086","209","8649","249","6708"
"1209","Michaela Koester","Female","Miesbach","BY","DE","F30-34","FIN","4:58:28","0:34:31","0:03:46","2:38:49","0:05:38","1:35:43","573","55","13","2876","504","88","18","839","92","18","573","55","13","17908","2071","226","9529","338","5743"
"1412","Eva Klemisch","Female","Mühldorf","DE-BY","DE","F25-29","FIN","4:58:32","0:38:53","0:04:32","2:25:56","0:04:48","1:44:24","574","56","10","2846","1106","203","33","556","49","8","574","56","10","17912","2333","272","8756","288","6264"
"2369","Mirko Arnold","Male","Bietigheim-Bissingen","BW","DE","M45-49","FIN","4:58:34","0:43:59","0:04:16","2:28:23","0:05:26","1:36:30","575","519","61","2500","1725","1366","174","824","738","91","575","519","61","17914","2639","256","8903","326","5790"
"463","Thomas Jakobler","Male","Wolfsburg","NI","DE","M60-64","FIN","4:58:35","0:37:51","0:05:16","2:27:12","0:05:42","1:42:33","576","520","8","3021","953","785","21","589","537","10","576","520","8","17915","2271","316","8832","342","6153"
"2487","Benjamin Bergmann","Male","Magdeburg","Sachsen-Anhalt","DE","M35-39","FIN","4:58:37","0:34:07","0:03:31","2:31:16","0:03:53","1:45:50","577","521","90","2181","447","370","58","546","499","87","577","521","90","17917","2047","211","9076","233","6350"
"2416","Robert Bajura","Male","Burkhardtsdorf","SACHSEN","DE","M40-44","FIN","4:58:41","0:34:13","0:04:35","2:28:11","0:05:24","1:46:19","578","522","82","2454","458","380","47","488","447","72","578","522","82","17921","2053","275","8891","324","6379"
"745","Vahid Delic","Male","Vogosca","FEDERACIJA BOSNE I HERCEGOVINE","BA","M35-39","FIN","4:58:45","0:38:57","0:04:53","2:35:04","0:03:51","1:35:59","579","523","91","2179","1114","909","136","893","800","125","579","523","91","17925","2337","293","9304","231","5759"
"1213","Axel Holdgrün","Male","Leipzig","Saxony","DE","M40-44","FIN","4:58:49","0:35:06","0:04:41","2:17:35","0:04:12","1:57:15","580","524","83","2451","587","482","65","247","226","34","580","524","83","17929","2106","281","8255","252","7035"
"419","Andre Höhne","Male","Hotel","foreigner","DE","M50-54","FIN","4:58:49","0:35:53","0:03:46","2:33:25","0:04:07","1:41:38","581","525","29","2660","683","565","43","677","611","42","581","525","29","17929","2153","226","9205","247","6098"
"1096","Lars Busch","Male","Hamburg","DE-HH","DE","M35-39","FIN","4:58:50","0:35:02","0:05:05","2:28:25","0:05:28","1:44:49","582","526","92","2177","571","471","74","530","484","85","582","526","92","17930","2102","305","8905","328","6289"
"1076","Paula Gredig","Female","Leipzig","śląskie","DE","F30-34","FIN","4:58:50","0:37:08","0:06:01","2:40:01","0:06:34","1:29:06","583","57","14","2870","844","146","30","1034","118","24","583","57","14","17930","2228","361","9601","394","5346"
"324","Anton Thome","Male","Leipzig","Saxony","DE","M25-29","FIN","4:58:51","0:38:51","0:04:13","2:32:10","0:04:54","1:38:42","584","527","70","2488","1101","900","117","769","687","84","584","527","70","17931","2331","253","9130","294","5922"
"1801","Marco Taufer","Male","Hanau","DE-HE","DE","M40-44","FIN","4:58:51","0:37:44","0:04:42","2:24:10","0:04:34","1:47:41","585","528","84","2451","936","770","107","473","432","70","585","528","84","17931","2264","282","8650","274","6461"
"1496","Wout Joore","Male","Neer","Limburg","NL","M18-24","FIN","4:58:54","0:40:06","0:05:52","2:16:31","0:04:50","1:51:34","586","529","55","2230","1265","1021","104","349","324","34","586","529","55","17934","2406","352","8191","290","6694"
"1372","Laurenz Huber","Male","Leipzig","SACHSEN","DE","M18-24","FIN","4:58:58","0:36:43","0:09:02","2:29:29","0:05:30","1:38:14","587","530","56","2228","785","650","66","770","688","69","587","530","56","17938","2203","542","8969","330","5894"
"1003","Hannes Kreutzmann","Male","Halle (Saale)","SACHSEN-ANHALT","DE","M30-34","FIN","4:59:03","0:34:15","0:04:55","2:29:06","0:04:26","1:46:20","588","531","77","2267","465","386","64","516","473","71","588","531","77","17943","2055","295","8946","266","6380"
"321","Florian Gersten","Male","München","BAYERN","DE","M25-29","FIN","4:59:06","0:34:32","0:03:37","2:32:09","0:04:45","1:44:02","589","532","71","2483","506","418","51","588","536","61","589","532","71","17946","2072","217","9129","285","6242"
"1798","Martin Seller","Male","Berlin","BE","DE","M40-44","FIN","4:59:07","0:34:32","0:04:39","2:16:16","0:05:06","1:58:34","590","533","85","2446","505","417","54","204","189","26","590","533","85","17947","2072","279","8176","306","7114"
"1287","Tim Schlender","Male","Winterbach","Baden-Württemberg","DE","M18-24","FIN","4:59:08","0:41:21","0:05:07","2:14:12","0:05:04","1:53:23","591","534","57","2225","1408","1133","116","310","286","28","591","534","57","17948","2481","307","8052","304","6803"
"2360","Christoph Ernst","Male","Dresden","DE-SN","DE","M30-34","FIN","4:59:10","0:36:20","0:04:48","2:28:32","0:04:40","1:44:49","592","535","78","2265","735","609","86","568","518","75","592","535","78","17950","2180","288","8912","280","6289"
"1657","Luis Josupeit","Male","Bad Salzuflen","NW","DE","M18-24","FIN","4:59:11","0:35:15","0:04:36","2:24:41","0:04:55","1:49:44","593","536","58","2225","601","496","54","406","374","39","593","536","58","17951","2115","276","8681","295","6584"
"1137","Michel Lerch","Male","Nierstein","DE-RP","DE","M18-24","FIN","4:59:14","0:37:45","0:04:29","2:27:17","0:04:55","1:44:48","594","537","59","2224","939","773","78","561","511","56","594","537","59","17954","2265","269","8837","295","6288"
"1709","Tobias Jähn","Male","Lüneburg","NI","DE","M35-39","FIN","4:59:15","0:41:07","0:04:22","2:25:49","0:04:52","1:43:05","595","538","93","2170","1381","1115","166","618","561","94","595","538","93","17955","2467","262","8749","292","6185"
"123","Melanie Witzke","Female","Köln","DE-NW","DE","F40-44","FIN","4:59:16","0:31:21","0:05:12","2:38:36","0:05:18","1:38:50","596","58","4","3373","204","37","2","766","81","6","596","58","4","17956","1881","312","9516","318","5930"
"2011","Ferenc SZÜCS","Male","Pér","HU-GS","HU","M50-54","FIN","4:59:19","0:34:24","0:05:57","2:31:42","0:05:35","1:41:42","597","539","30","2651","491","407","28","639","579","39","597","539","30","17959","2064","357","9102","335","6102"
"2504","Bauer Marcus","Male","Pliening","BY","DE","M35-39","FIN","4:59:20","0:35:02","0:04:48","2:25:18","0:05:48","1:48:23","598","540","94","2168","574","472","75","430","398","68","598","540","94","17960","2102","288","8718","348","6503"
"1919","Thomas Dressel","Male","Plauen","Saxony","DE","M50-54","FIN","4:59:23","0:30:08","0:04:56","2:23:50","0:04:53","1:55:37","599","541","31","2649","139","111","4","276","254","9","599","541","31","17963","1808","296","8630","293","6937"
"1645","Marco Lampe","Male","Melbeck","DE-NI","DE","M45-49","FIN","4:59:24","0:33:08","0:04:49","2:24:43","0:06:03","1:50:41","600","542","62","2485","355","291","34","355","329","38","600","542","62","17964","1988","289","8683","363","6641"
"194","Linda Striebing","Female","Leipzig","SN","DE","F40-44","FIN","4:59:26","0:39:15","0:03:39","2:25:34","0:03:42","1:47:16","601","59","5","3370","1152","215","17","525","45","2","601","59","5","17966","2355","219","8734","222","6436"
"1763","Jan Steinmüller","Male","Ilsfeld","BW","DE","M35-39","FIN","4:59:27","0:40:20","0:05:03","2:29:16","0:05:51","1:38:57","602","543","95","2166","1295","1045","157","750","672","111","602","543","95","17967","2420","303","8956","351","5937"
"2520","Gerd Ludwig","Male","Halle Saale","ST","DE","M40-44","FIN","4:59:33","0:38:19","0:07:05","2:22:15","0:05:44","1:46:10","603","544","86","2438","1027","847","117","501","458","74","603","544","86","17973","2299","425","8535","344","6370"
"1686","Jessica Kottas","Female","Leipzig","Saxony","DE","F25-29","FIN","4:59:34","0:30:10","0:04:48","2:37:46","0:05:05","1:41:46","604","60","11","2828","140","29","3","659","65","12","604","60","11","17974","1810","288","9466","305","6106"
"1846","Moritz Richter","Male","München","Bavaria","DE","M30-34","FIN","4:59:46","0:37:38","0:06:14","2:26:07","0:06:23","1:43:23","605","545","79","2254","918","756","104","580","528","78","605","545","79","17986","2258","374","8767","383","6203"
"288","Holger Ewen","Male","Fürth","BY","DE","M55-59","FIN","4:59:46","0:35:48","0:06:15","2:31:02","0:05:20","1:41:20","606","546","28","2963","671","555","45","680","614","39","606","546","28","17986","2148","375","9062","320","6080"
"1608","Marc Gay","Male","Markgröningen","Baden-Württemberg","DE","M35-39","FIN","4:59:48","0:37:11","0:05:58","2:29:12","0:05:15","1:42:12","607","547","96","2160","851","704","109","644","584","97","607","547","96","17988","2231","358","8952","315","6132"
"672","Christoph Groth","Male","Odenthal ","NRW","DE","M30-34","FIN","4:59:49","0:47:44","0:04:16","2:33:13","0:05:47","1:28:49","608","548","80","2253","1980","1536","201","1132","1001","139","608","548","80","17989","2864","256","9193","347","5329"
"177","Pawel Kosla","Male","Żyrardów","mazowieckie","PL","M40-44","FIN","4:59:50","0:41:38","0:03:28","2:34:49","0:03:50","1:36:06","609","549","87","2433","1440","1156","156","929","832","122","609","549","87","17990","2498","208","9289","230","5766"
"2210","Jakob Baumgartner","Male","Falkensee","DE-BB","DE","M18-24","FIN","4:59:53","0:33:28","0:04:53","2:30:13","0:06:20","1:44:59","610","550","60","2212","382","315","34","532","486","55","610","550","60","17993","2008","293","9013","380","6299"
"171","Frederike Schneider","Female","Frankfurt","DE-HE","DE","F30-34","FIN","4:59:59","0:33:05","0:03:50","2:38:42","0:04:02","1:40:19","611","61","15","2849","352","64","13","782","85","17","611","61","15","17999","1985","230","9522","242","6019"
"430","Ralf Zenker","Male","Ingolstadt","BY","DE","M40-44","FIN","5:00:03","0:34:51","0:04:53","2:30:50","0:04:25","1:45:04","612","551","88","2429","546","448","56","602","548","91","612","551","88","18003","2091","293","9050","265","6304"
"2137","Sarah Heber","Female","Wachau","SN","DE","F35-39","FIN","5:00:04","0:33:16","0:04:01","2:28:39","0:03:51","1:50:16","613","62","9","2899","367","66","12","449","35","7","613","62","9","18004","1996","241","8919","231","6616"
"2444","Michael Schorcht","Male","Waltershausen","Thuringia","DE","M55-59","FIN","5:00:07","0:29:04","0:05:19","2:34:26","0:04:48","1:46:31","614","552","29","2957","98","79","2","541","495","25","614","552","29","18007","1744","319","9266","288","6391"
"2316","Tino Birkenmaier","Male","Nürnberg ","BY","DE","M50-54","FIN","5:00:08","0:39:44","0:04:08","2:29:18","0:05:02","1:41:56","615","553","32","2636","1217","980","73","688","621","43","615","553","32","18008","2384","248","8958","302","6116"
"1790","Joost Kroeb","Male","Amsterdam","foreigner","NL","M35-39","FIN","5:00:14","0:34:33","0:04:21","2:34:22","0:03:30","1:43:28","616","554","97","2152","510","421","65","692","623","105","616","554","97","18014","2073","261","9262","210","6208"
"2437","Moritz Ohlendorf","Male","Aying","Bavaria","DE","M18-24","FIN","5:00:18","0:34:07","0:05:35","2:36:13","0:05:42","1:38:41","617","555","61","2204","448","371","45","793","708","72","617","555","61","18018","2047","335","9373","342","5921"
"2124","Colin Schikora","Male","Langenbernsdorf OT Trünzig","śląskie","DE","M25-29","FIN","5:00:18","0:37:31","0:03:28","2:30:00","0:04:31","1:44:49","618","556","72","2462","903","746","94","614","558","66","618","556","72","18018","2251","208","9000","271","6289"
"161","Juergen Klindworth","Male","Sittensen","NIEDERSACHSEN","DE","M65-69","FIN","5:00:21","0:32:42","0:04:44","2:31:35","0:05:20","1:46:00","619","557","3","3310","322","268","1","548","501","2","619","557","3","18021","1962","284","9095","320","6360"
"2381","Alejandro Perez Iglesias","Male","Berlin","foreigner","ES","M45-49","FIN","5:00:27","0:39:44","0:08:16","2:34:47","0:06:44","1:30:55","620","558","63","2466","1218","981","124","1021","906","118","620","558","63","18027","2384","496","9287","404","5455"
"444","Charlotte Smith","Female","Thetford","GB-NFK","GB","F45-49","FIN","5:00:31","0:33:29","0:04:35","2:32:29","0:04:40","1:45:18","621","63","8","2954","385","68","11","601","54","8","621","63","8","18031","2009","275","9149","280","6318"
"1918","Jordy van Egmond","Male","Tilburg","North Brabant","NL","M18-24","FIN","5:00:37","0:40:46","0:05:01","2:38:27","0:05:02","1:31:21","622","559","62","2199","1346","1088","111","1080","954","88","622","559","62","18037","2446","301","9507","302","5481"
"676","Ismael Pedraza","Male","Berlin","DE-BE","CO","M35-39","FIN","5:00:43","0:36:34","0:06:59","2:35:40","0:06:11","1:35:19","623","560","98","2144","769","636","100","903","809","128","623","560","98","18043","2194","419","9340","371","5719"
"1021","Mathias Falkenberg","Male","Markkleeberg","SACHSEN","DE","M35-39","FIN","5:00:47","0:36:53","0:04:52","2:31:10","0:05:28","1:42:24","624","561","99","2142","804","664","104","669","603","101","624","561","99","18047","2213","292","9070","328","6144"
"1447","Ralf Dragon","Male","Coswig","DE-SN","DE","M35-39","FIN","5:00:51","0:35:04","0:04:50","2:33:27","0:03:44","1:43:47","625","562","100","2141","583","480","77","695","626","106","625","562","100","18051","2104","290","9207","224","6227"
"1500","Marcus WITTER","Male","Karben","HE","DE","M45-49","FIN","5:00:55","0:36:07","0:06:34","2:30:46","0:04:51","1:42:36","626","563","64","2458","714","593","71","699","629","72","626","563","64","18055","2167","394","9046","291","6156"
"1148","Maria Marrocu","Female","Henstedt-Ulzburg","SH","DE","F35-39","FIN","5:00:58","0:37:25","0:03:53","2:33:36","0:05:23","1:40:41","627","64","10","2883","887","155","28","760","79","16","627","64","10","18058","2245","233","9216","323","6041"
"1360","Volker Riffert","Male","Halle","ST","DE","M60-64","FIN","5:01:00","0:35:28","0:05:31","2:27:35","0:05:03","1:47:23","628","564","9","2978","636","526","12","535","489","7","628","564","9","18060","2128","331","8855","303","6443"
"1102","Leopold Steinbömer","Male","04107","Leipzig","DE","M25-29","FIN","5:01:01","0:42:10","0:04:04","2:25:10","0:03:57","1:45:41","629","565","73","2449","1511","1210","155","621","564","67","629","565","73","18061","2530","244","8710","237","6341"
"2379","André Hinkel","Male","Maxdorf","DE-RP","DE","M25-29","FIN","5:01:09","0:33:37","0:05:29","2:31:05","0:05:55","1:45:03","630","566","74","2447","401","330","37","584","532","60","630","566","74","18069","2017","329","9065","355","6303"
"2021","Amelie Kaas","Female","nottingham","England","CH","F18-24","FIN","5:01:11","0:36:15","0:04:09","2:48:32","0:04:34","1:27:41","631","65","7","2709","729","124","15","1254","155","18","631","65","7","18071","2175","249","10112","274","5261"
"2030","Jonas Albers","Male","Korschenbroich","NORDRHEIN-WESTFALEN","DE","M30-34","FIN","5:01:12","0:31:13","0:04:34","2:39:05","0:05:20","1:40:59","632","567","81","2228","195","159","30","758","680","98","632","567","81","18072","1873","274","9545","320","6059"
"1171","Anh Duc Nguyen","Male","Celle","DE-DE-NI","DE","M40-44","FIN","5:01:15","0:36:33","0:07:36","2:25:40","0:05:17","1:46:08","633","568","89","2408","763","631","83","573","522","87","633","568","89","18075","2193","456","8740","317","6368"
"1086","Dáire Power","Male","Kildare","IE-KE","IE","M25-29","FIN","5:01:28","0:37:39","0:05:06","2:32:40","0:05:14","1:40:48","634","569","75","2441","922","760","96","777","695","86","634","569","75","18088","2259","306","9160","314","6048"
"803","Andrej Synnatzschke","Male","Markranstädt","DE-SN","DE","M50-54","FIN","5:01:29","0:42:06","0:05:50","2:33:34","0:05:48","1:34:10","635","570","33","2612","1505","1204","91","978","874","62","635","570","33","18089","2526","350","9214","348","5650"
"340","Michael Perlhofer","Male","Leipzig","śląskie","DE","M50-54","FIN","5:01:31","0:34:17","0:04:52","2:31:10","0:05:13","1:46:00","636","571","34","2611","468","389","24","587","535","33","636","571","34","18091","2057","292","9070","313","6360"
"168","Dirk Bröll","Male","Langen","HESSEN","DE","M50-54","FIN","5:01:34","0:36:46","0:03:43","2:31:02","0:03:29","1:46:34","637","572","35","2610","794","656","48","624","566","38","637","572","35","18094","2206","223","9062","209","6394"
"2306","Sascha Kolokowsky","Male","Halle","ST","DE","M40-44","FIN","5:01:39","0:30:36","0:04:25","2:38:09","0:05:33","1:42:56","638","573","90","2400","163","132","14","686","619","101","638","573","90","18099","1836","265","9489","333","6176"
"1738","Pierre List","Male","Ludwigsfelde","Brandenburg","DE","M50-54","FIN","5:01:42","0:39:09","0:04:44","2:24:37","0:05:15","1:47:58","639","574","36","2608","1141","928","69","527","481","29","639","574","36","18102","2349","284","8677","315","6478"
"2394","Miriam Warnke","Female","Bremen","Bremen","DE","F30-34","FIN","5:01:47","0:38:44","0:05:04","2:28:45","0:04:32","1:44:42","640","66","16","2817","1079","193","38","654","63","13","640","66","16","18107","2324","304","8925","272","6282"
"2015","Lars Graube","Male","Chemnitz","SACHSEN","DE","M45-49","FIN","5:01:50","0:34:17","0:04:59","2:33:19","0:04:19","1:44:56","641","575","65","2441","469","390","41","655","592","66","641","575","65","18110","2057","299","9199","259","6296"
"2227","Caroline Krauß","Female","München","Bavaria","DE","F30-34","FIN","5:01:50","0:34:14","0:04:11","2:33:58","0:05:57","1:43:30","642","67","17","2816","459","79","14","646","61","12","642","67","17","18110","2054","251","9238","357","6210"
"2221","Malte Baier","Male","Hainichen","Saxony","DE","M18-24","FIN","5:01:55","0:32:25","0:04:06","2:31:59","0:05:05","1:48:19","643","576","63","2175","294","244","26","529","483","54","643","576","63","18115","1945","246","9119","305","6499"
"1534","Andreas Thieme","Male","Dresden","DE-SN","DE","M45-49","FIN","5:01:56","0:36:56","0:06:00","2:27:06","0:06:09","1:45:44","644","577","66","2440","817","675","81","583","531","62","644","577","66","18116","2216","360","8826","369","6344"
"1150","Konrad Wagner","Male","Schenefeld","Schleswig-Holstein","DE","M40-44","FIN","5:01:58","0:42:06","0:06:21","2:30:28","0:05:16","1:37:48","645","578","91","2395","1501","1200","162","892","799","118","645","578","91","18118","2526","381","9028","316","5868"
"2488","Thimo Küsel","Male","Norderstedt","DE-SCHLESWIG-HOLSTEIN","DE","M45-49","FIN","5:01:59","0:33:15","0:04:39","2:27:45","0:06:54","1:49:26","646","579","67","2439","364","299","36","441","407","47","646","579","67","18119","1995","279","8865","414","6566"
"2338","Torsten Kraft","Male","Werdau","DE-SN","DE","M45-49","FIN","5:02:02","0:40:55","0:03:51","2:31:00","0:04:31","1:41:46","647","580","68","2438","1360","1098","140","788","703","81","647","580","68","18122","2455","231","9060","271","6106"
"1866","Miriam Engelhardt","Female","Basel","CH-BASEL-STADT","DE","F25-29","FIN","5:02:10","0:33:53","0:04:30","2:30:26","0:05:17","1:48:05","648","68","12","2781","426","75","11","542","47","7","648","68","12","18130","2033","270","9026","317","6485"
"1462","Damjan Kelemen","Male","Wien","AT-foreigner","HU","M18-24","FIN","5:02:14","0:33:29","0:05:10","2:26:14","0:04:57","1:52:24","649","581","64","2170","383","316","35","418","386","41","649","581","64","18134","2009","310","8774","297","6744"
"1502","Lars Weyer","Male","Essen","NORDRHEIN-WESTFALEN","DE","M50-54","FIN","5:02:17","0:33:19","0:04:56","2:34:37","0:04:29","1:44:56","650","582","37","2597","371","304","18","665","599","40","650","582","37","18137","1999","296","9277","269","6296"
"1345","Markus Flade","Male","Willich","NW","DE","M50-54","FIN","5:02:19","0:39:28","0:06:23","2:25:04","0:06:08","1:45:16","651","583","38","2597","1182","959","72","608","554","36","651","583","38","18139","2368","383","8704","368","6316"
"685","Debby Motte","Female","Wuppertal","DE-NW","DE","F35-39","FIN","5:02:19","0:32:13","0:03:32","2:25:33","0:04:41","1:56:20","652","69","11","2858","279","48","8","326","25","4","652","69","11","18139","1933","212","8733","281","6980"
"1684","Alexander Klemm","Male","Torgau","Saxony","DE","M45-49","FIN","5:02:28","0:33:33","0:05:46","2:31:15","0:05:21","1:46:34","653","584","69","2430","394","325","37","600","547","63","653","584","69","18148","2013","346","9075","321","6394"
"2218","Mike Buettner","Male","Baunach","BY","DE","M45-49","FIN","5:02:29","0:35:59","0:03:29","2:28:51","0:04:19","1:49:51","654","585","70","2430","700","580","68","520","477","52","654","585","70","18149","2159","209","8931","259","6591"
"2343","Mickael Khan","Male","Münster","NW","DE","M35-39","FIN","5:02:35","0:41:03","0:08:49","2:30:56","0:05:10","1:36:37","655","586","101","2110","1371","1106","164","957","858","138","655","586","101","18155","2463","529","9056","310","5797"
"379","Marco Engelhardt","Male","Leipzig","SN","DE","M50-54","FIN","5:02:35","0:37:11","0:04:48","2:42:02","0:05:07","1:33:27","656","587","39","2592","852","705","52","1074","949","69","656","587","39","18155","2231","288","9722","307","5607"
"1459","Denny Krahl","Male","Radebeul","Saxony","DE","M35-39","FIN","5:02:36","0:35:40","0:05:01","2:35:01","0:06:54","1:40:00","657","588","102","2110","659","546","88","786","701","115","657","588","102","18156","2140","301","9301","414","6000"
"1318","Tony Viehweg","Male","Wurzen","Saxony","DE","M35-39","FIN","5:02:40","0:34:14","0:07:30","2:31:43","0:05:45","1:43:27","658","589","103","2108","462","383","60","701","631","107","658","589","103","18160","2054","450","9103","345","6207"
"2233","Stefan Bauer","Male","Zwickau","SN","DE","M55-59","FIN","5:02:44","0:39:05","0:07:05","2:25:30","0:06:16","1:44:47","659","590","30","2910","1134","923","81","628","569","33","659","590","30","18164","2345","425","8730","376","6287"
"447","Daniel Babor","Male","Wolfsburg","DE-NI","DE","M50-54","FIN","5:02:48","0:29:49","0:03:29","2:29:05","0:06:10","1:54:16","660","591","40","2588","131","104","3","346","321","15","660","591","40","18168","1789","209","8945","370","6856"
"2146","Matthias Kuhn","Male","Dresden","DE-Sachsen","DE","M55-59","FIN","5:02:49","0:43:00","0:04:15","2:25:55","0:05:36","1:44:03","661","592","31","2909","1608","1284","113","687","620","40","661","592","31","18169","2580","255","8755","336","6243"
"2240","Lars Bergau","Male","Hamburg","DE-HH","DE","M45-49","FIN","5:02:54","0:32:42","0:03:05","2:25:02","0:07:18","1:54:47","662","593","71","2422","321","267","29","312","288","31","662","593","71","18174","1962","185","8702","438","6887"
"509","Falk Berger","Male","Leipzig","Saxony","DE","M45-49","FIN","5:02:55","0:41:22","0:05:05","2:36:48","0:05:00","1:34:40","663","594","72","2422","1409","1134","145","1037","919","120","663","594","72","18175","2482","305","9408","300","5680"
"588","Tobias Samland","Male","Kolbeinsvik","Vestland","NO","M18-24","FIN","5:02:55","0:37:08","0:04:21","2:33:20","0:04:53","1:43:13","664","595","65","2157","843","698","70","757","679","66","664","595","65","18175","2228","261","9200","293","6193"
"1589","Fabian Mayerhofer","Male","Bad Waldsee","Baden-Württemberg","DE","M40-44","FIN","5:02:55","0:36:07","0:04:15","2:26:17","0:04:13","1:52:03","665","596","92","2378","713","592","78","477","436","71","665","596","92","18175","2167","255","8777","253","6723"
"940","Jörg Petersohn","Male","Dessau","DE-ST","DE","M55-59","FIN","5:03:05","0:32:53","0:04:59","2:27:16","0:08:56","1:49:02","666","597","32","2904","334","277","18","429","397","20","666","597","32","18185","1973","299","8836","536","6542"
"1037","Alina Kraft","Female","Leipzig","Saxony","DE","F25-29","FIN","5:03:11","0:37:18","0:04:29","2:30:37","0:04:11","1:46:36","667","70","13","2763","864","149","24","647","62","11","667","70","13","18191","2238","269","9037","251","6396"
"2542","Nico Eckel","Male","Erlangen","Bavaria","DE","M25-29","FIN","5:03:13","0:31:28","0:06:21","2:37:27","0:07:05","1:40:51","668","598","76","2409","215","178","19","774","692","85","668","598","76","18193","1888","381","9447","425","6051"
"206","Laura Himmelmann","Female","Oldenburg","NI","DE","F30-34","FIN","5:03:16","0:30:50","0:03:59","2:40:15","0:06:24","1:41:48","669","71","18","2790","179","32","7","765","80","16","669","71","18","18196","1850","239","9615","384","6108"
"847","Lilly Lips","Female","Leipzig","SN","DE","F18-24","FIN","5:03:16","0:27:57","0:03:11","2:42:03","0:04:40","1:45:25","670","72","8","2672","59","10","3","689","68","7","670","72","8","18196","1677","191","9723","280","6325"
"615","Dennis Fieder","Male","Leipzig","Saxony","DE","M30-34","FIN","5:03:22","0:32:53","0:03:50","2:34:48","0:03:49","1:48:03","671","599","82","2189","335","278","48","623","565","81","671","599","82","18202","1973","230","9288","229","6483"
"1960","Uwe Neuner","Male","Halle (Saale)","SACHSEN-ANHALT","DE","M50-54","FIN","5:03:23","0:39:20","0:04:55","2:25:04","0:04:50","1:49:14","672","600","41","2577","1165","947","70","555","507","32","672","600","41","18203","2360","295","8704","290","6554"
"222","Sebastian Beer","Male","München","DE-BY","DE","M45-49","FIN","5:03:24","0:37:28","0:05:52","2:26:42","0:06:55","1:46:27","673","601","73","2413","895","739","92","582","530","61","673","601","73","18204","2248","352","8802","415","6387"
"154","Mara Solari","Female","Bellinzona","","CH","F35-39","FIN","5:03:25","0:37:41","0:04:17","2:29:28","0:05:11","1:46:48","674","73","12","2839","925","163","30","622","58","11","674","73","12","18205","2261","257","8968","311","6408"
"2138","Felix Pennig","Male","Quedlinburg","Sachsen-Anhalt ","DE","M35-39","FIN","5:03:26","0:40:31","0:04:43","2:32:20","0:03:47","1:42:05","675","602","104","2095","1310","1058","160","853","761","120","675","602","104","18206","2431","283","9140","227","6125"
"1599","Martin Tenke","Male","Leipzig","Saxony","HU","M25-29","FIN","5:03:28","0:35:22","0:03:31","2:37:22","0:05:02","1:42:11","676","603","77","2405","623","516","63","807","722","89","676","603","77","18208","2122","211","9442","302","6131"
"1808","Lars Reuther","Male","Bad Oldesloh","SH","DE","M40-44","FIN","5:03:30","0:38:57","0:05:55","2:25:28","0:05:06","1:48:03","677","604","93","2367","1115","910","122","591","539","88","677","604","93","18210","2337","355","8728","306","6483"
"1322","Valentin Goetz-Bendokat","Male","Gifhorn","Lower Saxony","DE","M35-39","FIN","5:03:31","0:38:07","0:04:43","2:20:51","0:05:10","1:54:40","678","605","105","2093","996","820","121","382","352","61","678","605","105","18211","2287","283","8451","310","6880"
"2206","Markus Halm","Male","Machern","SACHSEN","DE","M45-49","FIN","5:03:31","0:38:18","0:07:25","2:34:12","0:05:20","1:38:15","679","606","74","2411","1024","845","109","930","833","107","679","606","74","18211","2298","445","9252","320","5895"
"1906","Willi Stein","Male","Schönebeck ","Saxony-Anhalt","DE","M18-24","FIN","5:03:35","0:35:56","0:05:38","2:33:48","0:05:19","1:42:55","680","607","66","2145","689","571","60","776","694","70","680","607","66","18215","2156","338","9228","319","6175"
"504","Julion Gallagher","Female","Letterkenny","IE-DL","NL","F40-44","FIN","5:03:36","0:36:24","0:03:18","2:26:50","0:04:19","1:52:46","681","74","6","3295","743","129","11","469","40","1","681","74","6","18216","2184","198","8810","259","6766"
"1983","Fynn Paschhoff","Male","Sprockhövel","Nord-Rhein-Westfahlen","DE","M18-24","FIN","5:03:38","0:37:44","0:06:30","2:29:23","0:06:24","1:43:37","682","608","67","2144","935","769","76","705","635","60","682","608","67","18218","2264","390","8963","384","6217"
"1937","Johannes Nausedat","Male","Sankt Johann in Tirol","Tirol","DE","M25-29","FIN","5:03:41","0:36:46","0:05:51","2:31:16","0:05:35","1:44:14","683","609","78","2401","793","655","80","714","643","78","683","609","78","18221","2206","351","9076","335","6254"
"474","Marco Keese","Male","Hamburg","HH","DE","M25-29","FIN","5:03:42","0:37:21","0:04:43","2:28:52","0:04:56","1:47:50","684","610","79","2401","876","725","90","609","555","65","684","610","79","18222","2241","283","8932","296","6470"
"857","Dominic-Felix Langer","Male","Stahnsdorf","DE-BB","DE","M35-39","FIN","5:03:43","0:34:38","0:04:38","2:26:41","0:05:14","1:52:33","685","611","106","2090","519","430","66","450","415","71","685","611","106","18223","2078","278","8801","314","6753"
"1220","Felix Tischendorf","Male","Zeitz","Saxony-Anhalt","DE","M25-29","FIN","5:03:44","0:34:10","0:05:35","2:27:52","0:05:48","1:50:18","686","612","80","2400","454","376","45","500","457","54","686","612","80","18224","2050","335","8872","348","6618"
"2084","Paul Lange","Male","Jena","Thüringen","DE","M40-44","FIN","5:03:45","0:35:00","0:05:27","2:33:03","0:05:54","1:44:21","687","613","94","2363","564","464","63","702","632","103","687","613","94","18225","2100","327","9183","354","6261"
"2152","Michael Laqua","Male","Sundern","NW","DE","M60-64","FIN","5:03:47","0:40:36","0:06:23","2:41:13","0:06:40","1:28:55","688","614","10","2928","1327","1073","32","1229","1081","32","688","614","10","18227","2436","383","9673","400","5335"
"794","Michael Kosmis","Male","Seelisberg","CH-UR","DE","M30-34","FIN","5:03:47","0:38:45","0:06:14","2:24:44","0:06:55","1:47:09","689","615","83","2182","1080","887","118","570","520","77","689","615","83","18227","2325","374","8684","415","6429"
"425","Michael Schröter","Male","Rochlitz","Saxony","DE","M35-39","FIN","5:03:50","0:40:16","0:03:27","2:29:11","0:04:25","1:46:31","690","616","107","2087","1288","1041","156","668","602","100","690","616","107","18230","2416","207","8951","265","6391"
"733","Andreas Niedrig","Male","Oer-Erkenschwick","NW","DE","M55-59","FIN","5:03:50","0:26:01","0:03:16","2:13:59","0:06:45","2:13:49","691","617","33","2890","31","25","1","52","49","1","691","617","33","18230","1561","196","8039","405","8029"
"1227","Robin Rieger","Male","Schwäbisch Hall","BW","DE","M18-24","FIN","5:03:59","0:38:33","0:05:30","2:40:18","0:04:50","1:34:48","692","618","68","2138","1056","872","89","1086","958","89","692","618","68","18239","2313","330","9618","290","5688"
"585","Benedikt Rupp","Male","Weinheim","Baden-Württemberg","DE","M30-34","FIN","5:03:59","0:29:28","0:04:30","2:32:50","0:06:09","1:51:02","693","619","84","2178","113","88","13","482","441","66","693","619","84","18239","1768","270","9170","369","6662"
"1174","Robin Kaiser","Male","Rodgau","Hesse","DE","M30-34","FIN","5:04:01","0:36:33","0:07:02","2:30:52","0:06:11","1:43:23","694","620","85","2177","762","630","93","734","659","95","694","620","85","18241","2193","422","9052","371","6203"
"1678","tom kohse","Male","Leipzig","SN","DE","M30-34","FIN","5:04:05","0:41:06","0:05:40","2:27:12","0:04:59","1:45:08","695","621","86","2176","1378","1113","150","715","644","92","695","621","86","18245","2466","340","8832","299","6308"
"215","Rico Werner","Male","Leipzig","SACHSEN","DE","M40-44","FIN","5:04:06","0:41:52","0:03:49","2:17:09","0:04:47","1:56:30","696","622","95","2356","1469","1177","158","363","336","53","696","622","95","18246","2512","229","8229","287","6990"
"1241","Florian Kühne","Male","Bad Lausick","SN","DE","M30-34","FIN","5:04:07","0:32:38","0:04:39","2:32:12","0:05:57","1:48:42","697","623","87","2176","316","262","47","559","510","74","697","623","87","18247","1958","279","9132","357","6522"
"1042","Jan Roeder","Male","Magdeburg","ST","DE","M60-64","FIN","5:04:09","0:40:44","0:05:38","2:20:08","0:03:53","1:53:46","698","624","11","2921","1340","1083","33","468","429","6","698","624","11","18249","2444","338","8408","233","6826"
"607","Nikolai Potemkin","Male","Klagenfurt","AT-AT-2","AT","M35-39","FIN","5:04:16","0:33:27","0:03:53","2:36:24","0:04:54","1:45:39","699","625","108","2080","380","313","49","709","639","108","699","625","108","18256","2007","233","9384","294","6339"
"1820","Fabian Walter","Male","Empfingen","Hohenzollern ","DE","M30-34","FIN","5:04:18","0:35:22","0:07:10","2:31:47","0:06:08","1:43:50","700","626","88","2172","625","518","75","730","656","93","700","626","88","18258","2122","430","9107","368","6230"
"1735","Ralf Meier","Male","Hetlingen","SH","DE","M55-59","FIN","5:04:27","0:39:13","0:05:19","2:31:42","0:05:27","1:42:46","701","627","34","2879","1150","936","82","806","721","47","701","627","34","18267","2353","319","9102","327","6166"
"375","Aaron Winkler","Male","Leipzig","SACHSEN","DE","M25-29","FIN","5:04:28","0:37:56","0:04:00","2:32:03","0:03:46","1:46:43","702","628","81","2387","967","795","102","716","645","79","702","628","81","18268","2276","240","9123","226","6403"
"360","Rene Forberger","Male","Leipzig","SACHSEN","DE","M40-44","FIN","5:04:32","0:43:25","0:03:37","2:33:46","0:04:15","1:39:30","703","629","96","2348","1657","1320","173","956","857","125","703","629","96","18272","2605","217","9226","255","5970"
"401","Marc Schneider","Male","Mannheim","BADEN-WURTTEMBERG","DE","M30-34","FIN","5:04:33","0:45:57","0:06:31","2:29:40","0:07:12","1:35:13","704","630","89","2168","1879","1479","194","992","885","128","704","630","89","18273","2757","391","8980","432","5713"
"205","Thomas Weilenmann","Male","Winterthur","śląskie","CH","M55-59","FIN","5:04:35","0:36:04","0:05:37","2:30:04","0:06:08","1:46:42","705","631","35","2877","705","585","51","631","572","34","705","631","35","18275","2164","337","9004","368","6402"
"783","Heiko Cornehls","Male","Norderstedt","SH","DE","M45-49","FIN","5:04:38","0:37:19","0:06:12","2:24:39","0:07:36","1:48:52","706","632","75","2391","868","719","87","510","467","50","706","632","75","18278","2239","372","8679","456","6532"
"1448","Rafael Barrios Cueto","Male","Berlin","BE","MX","M40-44","FIN","5:04:41","0:30:51","0:05:36","2:46:34","0:05:25","1:36:15","707","633","97","2346","180","148","18","1029","912","130","707","633","97","18281","1851","336","9994","325","5775"
"2139","Andre Winkelmann","Male","Gernsheim","Hesse","DE","M25-29","FIN","5:04:41","0:35:58","0:05:07","2:43:30","0:05:57","1:34:10","708","634","82","2383","696","577","70","1099","971","123","708","634","82","18281","2158","307","9810","357","5650"
"2262","Carsten Löffler","Male","Groitzsch","SN","DE","M55-59","FIN","5:04:44","0:44:38","0:05:18","2:27:25","0:04:40","1:42:43","709","635","36","2874","1783","1411","123","844","752","52","709","635","36","18284","2678","318","8845","280","6163"
"370","Maja Kaminski","Female","Leipzig","DE-SN","DE","F35-39","FIN","5:04:45","0:33:59","0:03:16","2:32:41","0:04:24","1:50:26","710","75","13","2815","433","76","15","578","52","10","710","75","13","18285","2039","196","9161","264","6626"
"2158","Falk Tränkner","Male","Leipzig","SN","DE","M25-29","FIN","5:04:52","0:37:12","0:04:39","2:24:01","0:05:13","1:53:48","711","636","83","2380","853","706","86","445","411","46","711","636","83","18292","2232","279","8641","313","6828"
"1602","Nikos Moeller","Male","Alzenau","Bavaria","DE","M40-44","FIN","5:04:54","0:37:04","0:04:51","2:26:19","0:04:02","1:52:38","712","637","98","2342","834","690","96","514","471","78","712","637","98","18294","2224","291","8779","242","6758"
"2031","Nils Kemmerzell","Male","Rosenheim","Bayern","DE","M30-34","FIN","5:04:58","0:32:20","0:07:26","2:32:54","0:05:17","1:47:01","713","638","90","2160","286","238","43","657","593","89","713","638","90","18298","1940","446","9174","317","6421"
"850","Steffen Frei","Male","Markkleeberg","SN","DE","M60-64","FIN","5:05:13","0:36:10","0:05:36","2:34:41","0:04:03","1:44:42","714","639","12","2902","719","597","15","817","732","19","714","639","12","18313","2170","336","9281","243","6282"
"2177","Robert Schultz","Male","Dresden","SN","DE","M45-49","FIN","5:05:17","0:43:01","0:05:08","2:20:39","0:06:21","1:50:07","715","640","76","2379","1609","1285","163","540","494","55","715","640","76","18317","2581","308","8439","381","6607"
"1922","Antje Föhlisch","Female","Radeburg ","Saxony","DE","F45-49","FIN","5:05:25","0:36:07","0:04:21","2:42:02","0:03:52","1:39:04","716","76","9","2866","711","121","18","1004","111","16","716","76","9","18325","2167","261","9722","232","5944"
"2389","Elias Thieme","Male","Dresden","Saxony","DE","Unknown","FIN","5:05:28","0:47:54","0:05:27","2:36:16","0:03:31","1:32:19","717","641","1","3500","1994","1545","1","1275","1116","1","717","641","1","18328","2874","327","9376","211","5539"
"1024","Kai Schäfer","Male","Leipzig","Saxony","DE","M45-49","FIN","5:05:33","0:32:34","0:07:21","2:43:06","0:05:12","1:37:20","718","642","77","2375","303","250","27","1028","911","119","718","642","77","18333","1954","441","9786","312","5840"
"608","Tino Möhring","Male","Leipzig","Saxony","DE","M40-44","FIN","5:05:34","0:40:45","0:08:36","2:30:34","0:08:58","1:36:42","719","643","99","2330","1343","1086","148","928","831","121","719","643","99","18334","2445","516","9034","538","5802"
"1198","Florian Bergmann","Male","Damme","NI","DE","M45-49","FIN","5:05:35","0:34:37","0:05:10","2:29:27","0:05:36","1:50:45","720","644","78","2374","518","429","45","553","506","57","720","644","78","18335","2077","310","8967","336","6645"
"1959","Jannis Liebscher","Male","Freiberg","SN","DE","M18-24","FIN","5:05:39","0:39:36","0:05:33","2:43:25","0:06:17","1:30:47","721","645","69","2108","1205","974","99","1244","1092","101","721","645","69","18339","2376","333","9805","377","5447"
"2288","Marcus Oertelt","Male","Chemnitz","foreigner","DE","M40-44","FIN","5:05:41","0:37:00","0:05:56","2:26:38","0:05:15","1:50:51","722","646","100","2328","826","684","94","565","515","85","722","646","100","18341","2220","356","8798","315","6651"
"104","Andrew SHORT","Male","North Adelaide","AU-SA","AU","M65-69","FIN","5:05:41","0:37:13","0:05:08","2:32:55","0:04:57","1:45:28","723","647","4","3214","855","708","4","773","691","4","723","647","4","18341","2233","308","9175","297","6328"
"993","Vasyl Sentimrey","Male","Uzhhorod","UA-21","UA","M45-49","FIN","5:05:44","0:34:47","0:03:38","2:30:15","0:06:13","1:50:51","724","648","79","2371","538","442","49","538","492","54","724","648","79","18344","2087","218","9015","373","6651"
"2333","Samuel Wolf","Male","Zwickau","DE-SN","DE","M40-44","FIN","5:05:46","0:37:48","0:05:46","2:40:59","0:05:42","1:35:31","725","649","101","2326","947","781","109","1097","969","137","725","649","101","18346","2268","346","9659","342","5731"
"441","Anton Moritz Lüttge","Male","Leipzig","DE-SN","DE","M18-24","FIN","5:05:48","0:38:36","0:05:58","2:39:27","0:06:03","1:35:44","726","650","70","2105","1060","876","90","1073","948","86","726","650","70","18348","2316","358","9567","363","5744"
"583","Frederick Zimmermann","Male","München","BY","DE","M18-24","FIN","5:05:49","0:41:38","0:03:01","2:21:43","0:04:12","1:55:15","727","651","71","2105","1442","1158","117","463","427","47","727","651","71","18349","2498","181","8503","252","6915"
"2257","Jonas Rojahn","Male","Arnstein","Saxony-Anhalt","DE","M18-24","FIN","5:05:49","0:39:22","0:06:47","2:39:27","0:03:51","1:36:22","728","652","72","2105","1166","948","96","1143","1011","95","728","652","72","18349","2362","407","9567","231","5782"
"1803","Christoph Franzke","Male","Frankfurt","HE","DE","M40-44","FIN","5:05:51","0:35:57","0:06:40","2:32:27","0:04:57","1:45:49","729","653","102","2325","692","573","74","764","685","107","729","653","102","18351","2157","400","9147","297","6349"
"1154","Yvonne Brinkmann","Female","Schenefeld","DE-SH","DE","F40-44","FIN","5:05:52","0:39:00","0:04:06","2:35:03","0:04:52","1:42:51","730","77","7","3254","1121","209","16","867","93","8","730","77","7","18352","2340","246","9303","292","6171"
"646","Julian Bartels","Male","Leiferde","DE-Niedersachsen","DE","M30-34","FIN","5:05:52","0:30:20","0:04:21","2:28:12","0:04:43","1:58:16","731","654","91","2144","151","122","22","366","339","53","731","654","91","18352","1820","261","8892","283","7096"
"2214","David Ulrich","Male","Markkleeberg","SN","DE","M35-39","FIN","5:05:59","0:38:25","0:05:03","2:31:29","0:05:24","1:45:39","732","655","109","2049","1038","856","125","762","683","113","732","655","109","18359","2305","303","9089","324","6339"
"1562","Jonas Fleischer","Male","Berlin","Berlin","DE","M25-29","FIN","5:06:03","0:46:50","0:06:24","2:31:41","0:05:23","1:35:44","733","656","84","2358","1922","1500","208","1112","984","127","733","656","84","18363","2810","384","9101","323","5744"
"2277","Michael Weigl","Male","Obersüßbach","Bayern","DE","M40-44","FIN","5:06:08","0:38:06","0:05:18","2:35:07","0:05:58","1:41:39","734","657","103","2320","993","818","114","882","789","116","734","657","103","18368","2286","318","9307","358","6099"
"712","Sören Jahn","Male","Doberschütz","Sachsen","DE","M40-44","FIN","5:06:11","0:38:47","0:05:17","2:34:46","0:04:39","1:42:42","735","658","104","2319","1088","892","121","889","796","117","735","658","104","18371","2327","317","9286","279","6162"
"220","Martin Flüeler","Male","Alpnach","","CH","M50-54","FIN","5:06:12","0:35:11","0:05:02","2:37:08","0:06:19","1:42:33","736","659","42","2527","592","487","36","843","751","54","736","659","42","18372","2111","302","9428","379","6153"
"1539","Annette Baumbach-Goetze","Female","Leipzig","Saxony","DE","F50-54","FIN","5:06:14","0:30:35","0:03:32","2:36:59","0:05:49","1:49:18","737","78","2","3134","161","31","1","615","57","2","737","78","2","18374","1835","212","9419","349","6558"
"728","Marco Holz Auf Der Heide","Male","Frankfurt","Hesse","DE","M35-39","FIN","5:06:17","0:37:41","0:07:07","2:35:19","0:06:40","1:39:29","738","660","110","2043","928","765","117","937","839","136","738","660","110","18377","2261","427","9319","400","5969"
"898","Daniel Sohni","Male","Ergolding","Bavaria","DE","M50-54","FIN","5:06:20","0:34:01","0:05:05","2:41:52","0:03:37","1:41:46","739","661","43","2524","435","359","22","962","862","61","739","661","43","18380","2041","305","9712","217","6106"
"2501","Steffen Fleischer","Male","Aschersleben","","DE","M60-64","FIN","5:06:27","0:39:11","0:04:51","2:26:37","0:05:15","1:50:34","740","662","13","2880","1144","930","27","605","551","12","740","662","13","18387","2351","291","8797","315","6634"
"1000","Felix Zenker","Male","72829","Baden-Württemberg","DE","M40-44","FIN","5:06:28","0:36:42","0:06:53","2:41:36","0:05:33","1:35:44","741","663","105","2314","783","648","86","1128","997","143","741","663","105","18388","2202","413","9696","333","5744"
"1956","Anja Ziemer","Female","Rostock","DE-foreigner","DE","F40-44","FIN","5:06:30","0:36:20","0:03:45","2:38:53","0:04:10","1:43:22","742","79","8","3243","734","126","10","894","94","9","742","79","8","18390","2180","225","9533","250","6202"
"1108","Michael Flüß","Male","Stuttgart","BADEN-WURTTEMBERG","DE","M55-59","FIN","5:06:30","0:33:38","0:03:42","2:32:34","0:05:19","1:51:18","743","664","37","2842","403","332","23","575","524","30","743","664","37","18390","2018","222","9154","319","6678"
"557","Sebastian Arndt","Male","Böhlen","Saxony","DE","M40-44","FIN","5:06:32","0:34:02","0:05:50","2:30:41","0:05:39","1:50:20","744","665","106","2312","438","362","44","598","545","90","744","665","106","18392","2042","350","9041","339","6620"
"570","Kevin Madaj-Becker","Male","Leipzig","Saxony","DE","M25-29","FIN","5:06:38","0:34:50","0:04:57","2:44:33","0:04:58","1:37:21","745","666","85","2348","544","446","57","1084","956","121","745","666","85","18398","2090","297","9873","298","5841"
"153","Jose Zorrilla","Male","Calgary","AB","CA","M60-64","FIN","5:06:39","0:33:53","0:04:59","2:35:52","0:05:19","1:46:37","746","667","14","2876","425","351","5","755","677","16","746","667","14","18399","2033","299","9352","319","6397"
"937","Marco Zimmermann","Male","Leipzig","SACHSEN","DE","M45-49","FIN","5:06:40","0:38:35","0:05:20","2:35:59","0:06:08","1:40:39","747","668","80","2354","1059","875","114","927","830","106","747","668","80","18400","2315","320","9359","368","6039"
"664","Dagmar Gard","Female","Wangen","DE-BW","DE","F45-49","FIN","5:06:41","0:33:19","0:03:32","2:36:59","0:04:57","1:47:55","748","80","10","2843","370","67","10","713","71","10","748","80","10","18401","1999","212","9419","297","6475"
"1900","Maximilian Kube","Male","Saarlouis","Saarland","DE","M30-34","FIN","5:06:48","0:33:40","0:04:50","2:35:49","0:05:03","1:47:26","749","669","92","2127","408","336","58","731","657","94","749","669","92","18408","2020","290","9349","303","6446"
"776","Andrea Stebler","Female","Dübendorf","","CH","F45-49","FIN","5:07:04","0:34:39","0:05:04","2:37:16","0:04:15","1:45:50","750","81","11","2837","524","92","13","833","89","13","750","81","11","18424","2079","304","9436","255","6350"
"1385","Julian Stroscher","Male","München","Bavaria","DE","M30-34","FIN","5:07:08","0:35:25","0:04:31","2:39:18","0:04:09","1:43:46","751","670","93","2121","632","522","78","902","808","116","751","670","93","18428","2125","271","9558","249","6226"
"1636","Lothar Schulz","Male","Berlin","Berlin","DE","M50-54","FIN","5:07:12","0:35:07","0:03:39","2:24:30","0:04:55","1:59:01","752","671","44","2509","588","483","35","371","342","19","752","671","44","18432","2107","219","8670","295","7141"
"1319","Guy Rosseels","Male","Schilde","ANTWERPEN","BE","M60-64","FIN","5:07:16","0:35:35","0:04:59","2:35:37","0:06:59","1:44:06","753","672","15","2865","649","536","13","804","719","18","753","672","15","18436","2135","299","9337","419","6246"
"1221","Zimmer Zimmer","Male","04229","Saxony","DE","M35-39","FIN","5:07:18","0:43:31","0:06:21","2:29:22","0:06:13","1:41:50","754","673","111","2025","1668","1327","194","905","811","129","754","673","111","18438","2611","381","8962","373","6110"
"2081","Jamie Clarke","Male","Dublin","Dublin","IE","M25-29","FIN","5:07:19","0:47:04","0:04:07","2:26:10","0:04:34","1:45:23","755","674","86","2336","1940","1511","210","845","753","92","755","674","86","18439","2824","247","8770","274","6323"
"1842","Emily Mücklich","Female","Kleinmachnow","DE-foreigner","DE","F18-24","FIN","5:07:19","0:37:31","0:04:44","2:37:45","0:06:07","1:41:12","756","82","9","2599","904","158","21","931","98","11","756","82","9","18439","2251","284","9465","367","6072"
"912","Klaus Schmidt","Male","Tettnang","BW","DE","M40-44","FIN","5:07:24","0:38:13","0:04:18","2:23:51","0:06:04","1:54:57","757","675","107","2297","1010","832","115","462","426","69","757","675","107","18444","2293","258","8631","364","6897"
"1256","Jeremy Reichardt","Male","Dresden","foreigner","DE","M25-29","FIN","5:07:24","0:40:58","0:04:35","2:36:01","0:06:00","1:39:50","758","676","87","2334","1365","1101","137","980","876","109","758","676","87","18444","2458","275","9361","360","5990"
"1669","Tanja Mörstedt","Female","Lampertheim","DE-HE","DE","F18-24","FIN","5:07:28","0:28:18","0:04:01","2:34:09","0:05:33","1:55:27","759","83","10","2596","67","13","4","467","39","5","759","83","10","18448","1698","241","9249","333","6927"
"2431","Leon Henze","Male","Leipzig","Saxony","DE","M25-29","FIN","5:07:29","0:42:36","0:04:02","2:28:00","0:03:50","1:49:01","760","677","88","2333","1562","1254","164","749","671","83","760","677","88","18449","2556","242","8880","230","6541"
"2452","Sebastian Ewald","Male","Frankfurt","HE","DE","M30-34","FIN","5:07:35","0:34:21","0:05:57","2:22:32","0:05:12","1:59:34","761","678","94","2113","479","396","66","364","337","52","761","678","94","18455","2061","357","8552","312","7174"
"526","Danny Seidel","Male","Mörtitz","SACHSEN","DE","M40-44","FIN","5:07:36","0:40:28","0:05:35","2:29:39","0:06:47","1:45:07","762","679","108","2293","1304","1052","144","785","700","109","762","679","108","18456","2428","335","8979","407","6307"
"1836","Angeliki Sophocleous","Female","Nicosia","CY-01","CY","F45-49","FIN","5:07:36","0:40:40","0:05:37","2:37:31","0:06:40","1:37:08","763","84","12","2827","1333","256","30","1064","123","17","763","84","12","18456","2440","337","9451","400","5828"
"1131","René Krutzer","Male","Leipzig","SN","DE","M55-59","FIN","5:07:37","0:36:33","0:05:19","2:32:50","0:06:04","1:46:50","764","680","38","2822","764","632","55","754","676","46","764","680","38","18457","2193","319","9170","364","6410"
"506","Marco Schmidt","Male","Grönwohld","DE-foreigner","DE","M55-59","FIN","5:07:39","0:36:34","0:05:29","2:31:37","0:04:54","1:49:06","765","681","39","2822","767","634","56","707","637","42","765","681","39","18459","2194","329","9097","294","6546"
"290","Jeffrey Bervoets","","Sliedrecht","South Holland","NL","M35-39","FIN","5:07:39","0:38:49","0:04:51","2:36:20","0:05:58","1:41:41","766","682","112","2019","1097","896","134","932","834","133","766","682","112","18459","2329","291","9380","358","6101"
"158","Marcus Schulz","Male","Ruttersdorf","DE-foreigner","DE","M50-54","FIN","5:07:39","0:37:16","0:06:49","2:30:25","0:06:15","1:46:53","767","683","45","2501","863","715","53","739","662","47","767","683","45","18459","2236","409","9025","375","6413"
"1391","Wiebke Wessels","Female","Centennial Park","NSW","DE","F35-39","FIN","5:07:41","0:34:23","0:04:00","2:35:59","0:04:49","1:48:30","768","85","14","2762","485","84","16","732","75","15","768","85","14","18461","2063","240","9359","289","6510"
"2383","Torsten Scholz","Male","Weißenfels","Sachsen-Anhalt ","DE","M50-54","FIN","5:07:41","0:37:00","0:07:35","2:52:56","0:05:33","1:24:38","769","684","46","2500","825","683","50","1550","1301","100","769","684","46","18461","2220","455","10376","333","5078"
"1976","Dustin Matthies","Male","Munich","Bavaria","DE","M30-34","FIN","5:07:42","0:36:30","0:07:30","2:34:12","0:06:38","1:42:52","770","685","95","2111","755","624","90","871","778","110","770","685","95","18462","2190","450","9252","398","6172"
"2529","Patrick Paubandt","Male","Schmölln","DE-TH","DE","M35-39","FIN","5:07:44","0:39:08","0:07:26","2:36:42","0:05:42","1:38:46","771","686","113","2017","1137","925","139","1039","921","147","771","686","113","18464","2348","446","9402","342","5926"
"1522","Gerald Hiller","Male","Falkensee","DE-BB","DE","M55-59","FIN","5:07:46","0:34:02","0:05:41","2:37:25","0:05:33","1:45:04","772","687","40","2819","440","364","27","840","748","51","772","687","40","18466","2042","341","9445","333","6304"
"1507","Thomas Vogt","Male","Schkeuditz","SN","DE","M45-49","FIN","5:07:55","0:39:12","0:05:48","2:33:01","0:05:28","1:44:27","773","688","81","2332","1146","932","120","865","773","99","773","688","81","18475","2352","348","9181","328","6267"
"718","Sandro Boccoli","Male","Leipzig","Saxony","DE","M25-29","FIN","5:07:58","0:36:24","0:06:38","2:23:51","0:05:55","1:55:09","774","689","89","2324","744","615","73","485","444","50","774","689","89","18478","2184","398","8631","355","6909"
"1326","Alexandra Heim","Female","Saarbrücken","DE-SL","DE","F35-39","FIN","5:08:04","0:32:54","0:04:54","2:33:57","0:04:40","1:51:38","775","86","15","2755","338","59","10","633","60","12","775","86","15","18484","1974","294","9237","280","6698"
"355","Markus Schubert","Male","Schkeuditz","DE","DE","M50-54","FIN","5:08:08","0:31:57","0:05:17","2:27:02","0:05:55","1:57:57","776","690","47","2492","256","213","14","399","367","21","776","690","47","18488","1917","317","8822","355","7077"
"2122","Daniel Stegmann","Male","Leipzig","Saxony","DE","M40-44","FIN","5:08:24","0:40:07","0:05:01","2:28:08","0:05:37","1:49:31","777","691","109","2279","1269","1024","138","693","624","102","777","691","109","18504","2407","301","8888","337","6571"
"877","Jan Schönke","Male","Hamburg","HH","DE","M30-34","FIN","5:08:25","0:39:18","0:04:42","2:31:19","0:04:09","1:48:57","778","692","96","2098","1161","944","126","775","693","99","778","692","96","18505","2358","282","9079","249","6537"
"2186","Jannik Koletzko","Male","Stuttgart","BADEN-WURTTEMBERG","DE","M25-29","FIN","5:08:31","0:44:07","0:03:52","2:33:06","0:04:27","1:43:00","779","693","90","2314","1738","1376","186","967","866","107","779","693","90","18511","2647","232","9186","267","6180"
"1261","Jan Patzschke","Male","Großpösna","SN","DE","M40-44","FIN","5:08:31","0:35:39","0:03:47","2:36:22","0:04:19","1:48:25","780","694","110","2277","656","543","70","790","705","110","780","694","110","18511","2139","227","9382","259","6505"
"2088","Yohaan Kudtarkar","Male","Dresden","SACHSEN","IN","M25-29","FIN","5:08:38","0:39:12","0:05:05","2:37:28","0:05:11","1:41:42","781","695","91","2312","1147","933","120","983","878","110","781","695","91","18518","2352","305","9448","311","6102"
"318","Jan Hitzke","Male","Berlin","BERLIN","DE","M30-34","FIN","5:08:38","0:33:20","0:05:15","2:37:00","0:05:48","1:47:15","782","696","97","2094","372","305","52","780","697","100","782","696","97","18518","2000","315","9420","348","6435"
"2085","Jens Kühn","Male","Frankfurt am Main","DE-HE","DE","M45-49","FIN","5:08:38","0:35:54","0:05:35","2:33:26","0:04:24","1:49:19","783","697","82","2319","686","568","65","761","682","79","783","697","82","18518","2154","335","9206","264","6559"
"689","Frank Martin Leineweber","Male","Leipzig","Saxony","DE","M40-44","FIN","5:08:50","0:48:38","0:07:45","2:28:00","0:07:36","1:36:50","784","698","111","2271","2035","1568","198","1088","960","136","784","698","111","18530","2918","465","8880","456","5810"
"2251","Til Zimmermann","Male","Chemnitz","DE-Saxony","DE","M30-34","FIN","5:08:56","0:34:35","0:05:40","2:24:21","0:04:57","1:59:22","785","699","98","2089","516","427","70","409","377","56","785","699","98","18536","2075","340","8661","297","7162"
"2126","Richard Schwittay","Male","Rötha ","SN","DE","M25-29","FIN","5:09:05","0:35:57","0:06:06","2:35:52","0:05:20","1:45:49","786","700","92","2304","693","574","69","862","770","94","786","700","92","18545","2157","366","9352","320","6349"
"833","Alina Felicia Schläger","Female","Heimenkirch","DE-BY","DE","F25-29","FIN","5:09:06","0:35:22","0:03:31","2:30:52","0:04:11","1:55:10","787","87","14","2656","626","108","19","571","51","9","787","87","14","18546","2122","211","9052","251","6910"
"2415","Jana Schütte","Female","Kleinmachnow","Brandenburg","DE","F25-29","FIN","5:09:09","0:39:47","0:04:01","2:45:55","0:05:16","1:34:10","788","88","15","2655","1221","238","41","1280","160","26","788","88","15","18549","2387","241","9955","316","5650"
"729","Patrick Clemens","Male","Hannover","NI","DE","M40-44","FIN","5:09:10","0:41:56","0:06:24","2:39:08","0:04:26","1:37:16","789","701","112","2265","1479","1183","159","1206","1064","151","789","701","112","18550","2516","384","9548","266","5836"
"2297","Michael Schreckenberg","Male","München","Bavaria","DE","M30-34","FIN","5:09:13","0:40:23","0:06:19","2:32:17","0:05:44","1:44:30","790","702","99","2084","1301","1050","139","896","802","114","790","702","99","18553","2423","379","9137","344","6270"
"670","Colin Giles","Male","Taipei","TW-Taipei City","AU","M60-64","FIN","5:09:15","0:33:26","0:03:45","2:33:46","0:06:45","1:51:33","791","703","16","2829","377","310","4","611","557","13","791","703","16","18555","2006","225","9226","405","6693"
"182","Lorena Kinas","Female","Wendeburg","DE-NI","DE","F35-39","FIN","5:09:16","0:36:49","0:04:07","2:44:07","0:04:15","1:39:57","792","89","16","2733","797","140","25","1117","130","21","792","89","16","18556","2209","247","9847","255","5997"
"1855","Noah Igerl","Male","Mühldorf am Inn","DE-Bayern","DE","M25-29","FIN","5:09:17","0:31:16","0:04:37","2:38:19","0:05:05","1:50:00","793","704","93","2300","199","163","15","726","654","81","793","704","93","18557","1876","277","9499","305","6600"
"1503","Pia Ronge","Female","Waldaschaff","Bavaria","DE","F25-29","FIN","5:09:18","0:39:16","0:04:30","2:32:54","0:04:24","1:48:14","794","90","16","2653","1156","217","37","827","87","16","794","90","16","18558","2356","270","9174","264","6494"
"2503","Stefan Horvath","Male","Dessau","ST","DE","M45-49","FIN","5:09:20","0:35:16","0:03:54","2:35:12","0:05:15","1:49:43","795","705","83","2306","607","501","58","733","658","77","795","705","83","18560","2116","234","9312","315","6583"
"923","Andy Gläsmann-Sturm","Male","Potsdam","BB","DE","M45-49","FIN","5:09:20","0:35:42","0:06:27","2:34:19","0:05:59","1:46:53","796","706","84","2306","667","552","63","818","733","88","796","706","84","18560","2142","387","9259","359","6413"
"1461","Sebastian Seiffarth","Male","Neuenhagen bei Berlin","BB","DE","M45-49","FIN","5:09:25","0:38:24","0:04:23","2:30:04","0:05:47","1:50:48","797","707","85","2305","1034","852","111","663","597","68","797","707","85","18565","2304","263","9004","347","6648"
"2268","Maybritt Walter","Female","Erfurt","TH","DE","F18-24","FIN","5:09:28","0:35:52","0:05:48","2:47:33","0:04:25","1:35:51","798","91","11","2560","680","117","14","1265","157","19","798","91","11","18568","2152","348","10053","265","5751"
"2489","Denny Herbrich","Male","Weinböhla","Saxony","DE","M35-39","FIN","5:09:29","0:43:49","0:06:21","2:32:48","0:05:56","1:40:35","799","708","114","1986","1704","1351","199","1027","910","146","799","708","114","18569","2629","381","9168","356","6035"
"2442","Florian Pohle","Male","Köln","NW","DE","M30-34","FIN","5:09:32","0:40:23","0:04:37","2:33:28","0:05:07","1:45:58","800","709","100","2078","1300","1049","138","880","787","112","800","709","100","18572","2423","277","9208","307","6358"
"1246","Steffen Lenk","Male","Zwickau","DE-SACHSEN","DE","M50-54","FIN","5:09:32","0:34:56","0:06:08","2:38:29","0:05:34","1:44:25","801","710","48","2467","556","457","32","913","819","57","801","710","48","18572","2096","368","9509","334","6265"
"2371","Rico Winkler","Male","Olbersdorf","SN","DE","M35-39","FIN","5:09:36","0:38:46","0:05:14","2:28:26","0:05:22","1:51:49","802","711","115","1984","1085","890","132","649","587","98","802","711","115","18576","2326","314","8906","322","6709"
"309","Max Sötmelk","Male","Greifswald","DE-MV","DE","M30-34","FIN","5:09:36","0:30:35","0:06:06","2:40:42","0:06:42","1:45:31","803","712","101","2077","162","131","25","848","756","107","803","712","101","18576","1835","366","9642","402","6331"
"1117","Marius Hofmann","Male","Leipzig","Saxony","DE","M18-24","FIN","5:09:43","0:45:38","0:07:10","2:25:07","0:05:41","1:46:07","804","713","73","2035","1851","1457","143","860","768","76","804","713","73","18583","2738","430","8707","341","6367"
"1979","Tristan Wachtel","Male","Neuenhagen bei Berlin","BB","DE","M25-29","FIN","5:09:45","0:34:29","0:04:05","2:22:54","0:04:08","2:04:09","805","714","94","2292","501","415","50","327","302","37","805","714","94","18585","2069","245","8574","248","7449"
"985","Sebastian Woitas","Male","Frankfurt am Main","HE","DE","M45-49","FIN","5:09:50","0:35:49","0:04:28","2:28:17","0:04:28","1:56:48","806","715","86","2297","674","558","64","531","485","53","806","715","86","18590","2149","268","8897","268","7008"
"1449","Tristan den Hartog","Male","Velp","NL-GE","NL","M18-24","FIN","5:09:50","0:43:22","0:05:54","2:30:36","0:05:59","1:43:59","807","716","74","2033","1653","1318","132","924","827","78","807","716","74","18590","2602","354","9036","359","6239"
"1823","Lennart Hartje","Male","Bassum","DE-NI","DE","M25-29","FIN","5:09:51","0:36:26","0:07:57","2:33:44","0:07:43","1:44:01","808","717","95","2290","748","618","74","866","774","96","808","717","95","18591","2186","477","9224","463","6241"
"388","Patrick Bieling","Male","Sandersdorf","ST","DE","M45-49","FIN","5:09:51","0:38:43","0:05:46","2:35:42","0:05:26","1:44:14","809","718","87","2297","1077","885","117","940","842","108","809","718","87","18591","2323","346","9342","326","6254"
"815","Lutz Kummich","Male","Leipzig","Saxony","DE","M55-59","FIN","5:09:52","0:35:50","0:05:29","2:36:50","0:07:38","1:44:04","810","719","41","2782","675","559","46","869","776","54","810","719","41","18592","2150","329","9410","458","6244"
"1423","Rebekka Heß","Female","Auerbach","Saxony","DE","F30-34","FIN","5:09:56","0:35:53","0:04:35","2:43:15","0:04:23","1:41:50","811","92","19","2670","681","118","24","1060","122","26","811","92","19","18596","2153","275","9795","263","6110"
"1062","Uli Hußenether","Male","Nürnberg","BY","DE","M50-54","FIN","5:09:56","0:32:25","0:04:04","2:28:36","0:07:27","1:57:24","812","720","49","2459","293","243","16","426","394","25","812","720","49","18596","1945","244","8916","447","7044"
"1513","Robert Mayer","Male","Leipzig","SN","DE","M45-49","FIN","5:09:57","0:38:16","0:07:05","2:30:46","0:05:45","1:48:04","813","721","88","2295","1018","840","107","802","717","85","813","721","88","18597","2296","425","9046","345","6484"
"1442","Hannah Mayer","Female","Hamburg","DE-Hamburg","DE","F25-29","FIN","5:10:00","0:38:47","0:04:54","2:40:35","0:05:04","1:40:39","814","93","17","2640","1090","198","32","1082","128","22","814","93","17","18600","2327","294","9635","304","6039"
"2260","Rodrigo Medina Chacon","Male","Leinfelden-Echterdingen","BADEN-WURTTEMBERG","MX","M50-54","FIN","5:10:03","0:36:53","0:04:38","2:29:01","0:05:00","1:54:30","815","722","50","2457","805","665","49","597","544","35","815","722","50","18603","2213","278","8941","300","6870"
"210","Jirka Neveceral","Male","Dubné-Ceske Budejovice","CZ-311","CZ","M45-49","FIN","5:10:07","0:34:41","0:07:29","2:23:43","0:05:49","1:58:26","816","723","89","2292","527","434","48","446","412","48","816","723","89","18607","2081","449","8623","349","7106"
"2533","Tilo Kischlat","Male","Geithain ","Saxony","DE","M50-54","FIN","5:10:13","0:32:23","0:06:36","2:35:05","0:04:29","1:51:41","817","724","51","2454","291","242","15","720","648","45","817","724","51","18613","1943","396","9305","269","6701"
"369","Andy Ott","Male","Leipzig","SACHSEN","DE","M35-39","FIN","5:10:18","0:33:09","0:03:14","2:33:35","0:04:14","1:56:07","818","725","116","1971","357","293","45","579","527","91","818","725","116","18618","1989","194","9215","254","6967"
"1666","Joachim Reiter","Male","Grünwald","BY","DE","M60-64","FIN","5:10:21","0:37:41","0:06:25","2:44:47","0:07:17","1:34:10","819","726","17","2810","926","763","20","1252","1098","35","819","726","17","18621","2261","385","9887","437","5650"
"1814","Johann Daniel Schmidt","Male","Langen","DE-HE","DE","M30-34","FIN","5:10:25","0:38:49","0:03:50","2:29:26","0:05:00","1:53:19","820","727","102","2062","1098","897","120","641","581","84","820","727","102","18625","2329","230","8966","300","6799"
"528","Marcel Pischel","Male","Leipzig","SACHSEN","DE","M35-39","FIN","5:10:26","0:39:53","0:04:50","2:41:13","0:04:03","1:40:26","821","728","117","1969","1233","994","153","1158","1023","158","821","728","117","18626","2393","290","9673","243","6026"
"811","Philipp Fehmel","Male","Leipzig","Saxony","DE","M18-24","FIN","5:10:28","0:32:36","0:05:32","2:27:22","0:06:27","1:58:31","822","729","75","2021","307","254","28","438","405","44","822","729","75","18628","1956","332","8842","387","7111"
"1375","Eckhard Orlamünder","Male","Saalburg-Ebersdorf","TH","DE","M55-59","FIN","5:10:34","0:33:11","0:05:23","2:29:48","0:06:00","1:56:11","823","730","42","2769","360","295","20","522","479","24","823","730","42","18634","1991","323","8988","360","6971"
"1571","René Gaubitz","Male","Zörbig","ST","DE","M45-49","FIN","5:10:49","0:40:14","0:05:15","2:33:24","0:06:13","1:45:43","824","731","90","2280","1283","1036","133","890","797","104","824","731","90","18649","2414","315","9204","373","6343"
"1018","Mario Mueller","Male","Leipzig","Sachsen","DE","M40-44","FIN","5:10:50","0:40:09","0:06:26","2:26:33","0:07:32","1:50:10","825","732","113","2235","1273","1027","139","683","616","100","825","732","113","18650","2409","386","8793","452","6610"
"883","Fernando Adrian Pol","Male","Malaga","ES-MA","AR","M35-39","FIN","5:10:59","0:46:11","0:03:41","2:30:01","0:04:27","1:46:39","826","733","118","1959","1894","1485","221","926","829","132","826","733","118","18659","2771","221","9001","267","6399"
"1848","David Moos","Male","Butzbach","Hesse","DE","M18-24","FIN","5:11:00","0:36:32","0:05:11","2:42:47","0:04:55","1:41:35","827","734","76","2012","758","627","63","1094","966","91","827","734","76","18660","2192","311","9767","295","6095"
"795","Jacob Pollack","Male","Leipzig","Sachsen","DE","M25-29","FIN","5:11:01","0:37:27","0:04:24","2:37:49","0:04:09","1:47:12","828","735","96","2269","891","735","92","918","823","102","828","735","96","18661","2247","264","9469","249","6432"
"1744","Sebastian Teubert","Male","Hannover","Niedersachsen","DE","M25-29","FIN","5:11:04","0:41:13","0:04:23","2:28:25","0:04:44","1:52:19","829","736","97","2268","1394","1125","141","719","647","80","829","736","97","18664","2473","263","8905","284","6739"
"1515","Sebastian Hömberg","Male","Paderborn","NW","DE","M45-49","FIN","5:11:09","0:38:56","0:08:04","2:26:39","0:05:33","1:51:57","830","737","91","2274","1110","906","118","706","636","73","830","737","91","18669","2336","484","8799","333","6717"
"1750","Christopher Montgomery Vollert","Male","Ixelles","BW","DE","M30-34","FIN","5:11:09","0:39:57","0:03:36","2:34:43","0:06:00","1:46:53","831","738","103","2049","1247","1005","132","874","781","111","831","738","103","18669","2397","216","9283","360","6413"
"2032","Fabian Hartung","Male","Nürnberg","BY","DE","M30-34","FIN","5:11:13","0:38:53","0:05:43","2:41:17","0:04:18","1:41:01","832","739","104","2048","1107","904","123","1154","1019","142","832","739","104","18673","2333","343","9677","258","6061"
"840","Michael Windt","Male","Leipzig","SACHSEN","DE","M45-49","FIN","5:11:20","0:36:23","0:04:53","2:34:30","0:05:08","1:50:27","833","740","92","2270","741","613","75","789","704","82","833","740","92","18680","2183","293","9270","308","6627"
"817","Henrik Fortmann","Male","07745 Jena","Thuringia","DE","M18-24","FIN","5:11:21","0:41:51","0:08:30","2:48:37","0:06:02","1:26:21","834","741","77","2006","1468","1176","118","1613","1342","131","834","741","77","18681","2511","510","10117","362","5181"
"2104","Sebastian Briel","Male","Dresden","Sachsen","DE","M40-44","FIN","5:11:25","0:39:50","0:05:30","2:27:46","0:06:50","1:51:28","835","742","114","2225","1227","989","134","682","615","99","835","742","114","18685","2390","330","8866","410","6688"
"2216","Hannes Grossegger","Male","Dresden","SACHSEN","AT","M35-39","FIN","5:11:25","0:38:27","0:05:03","2:35:31","0:04:52","1:47:32","836","743","119","1951","1046","864","126","898","804","126","836","743","119","18685","2307","303","9331","292","6452"
"1381","Alexandru Kroiß","Male","Ditzingen","Baden-Württemberg","DE","M18-24","FIN","5:11:30","0:37:03","0:03:44","2:33:46","0:03:56","1:53:02","837","744","78","2003","832","688","68","742","665","64","837","744","78","18690","2223","224","9226","236","6782"
"1138","Leonie Lehmann","Female","Mannheim","BW","DE","F35-39","FIN","5:11:31","0:35:03","0:05:16","2:33:56","0:04:52","1:52:23","838","94","17","2693","577","103","20","728","74","14","838","94","17","18691","2103","316","9236","292","6743"
"2443","Paul Pfennig","Male","Werder (Havel)","Brandenburg","DE","M30-34","FIN","5:11:31","0:42:01","0:05:25","2:37:59","0:04:38","1:41:27","839","745","105","2042","1488","1192","160","1140","1008","140","839","745","105","18691","2521","325","9479","278","6087"
"1742","David Brüschweiler","Male","Romanshorn","CH-TG","CH","M25-29","FIN","5:11:35","0:43:57","0:04:52","2:31:40","0:05:18","1:45:48","840","746","98","2259","1719","1362","184","945","846","105","840","746","98","18695","2637","292","9100","318","6348"
"703","Maximilian Frömter","Male","München","Bayern","DE","M35-39","FIN","5:11:40","0:42:56","0:05:13","2:30:12","0:05:07","1:48:11","841","747","120","1946","1603","1281","190","876","783","122","841","747","120","18700","2576","313","9012","307","6491"
"1696","Andreas Garvens","Female","Langenhagen","NIEDERSACHSEN","DE","F45-49","FIN","5:11:40","0:35:58","0:06:44","2:20:58","0:08:05","1:59:55","842","95","13","2754","697","120","17","381","30","5","842","95","13","18700","2158","404","8458","485","7195"
"2516","Simon Rinke","Male","Leipzig","Saxony","DE","M30-34","FIN","5:11:50","0:40:49","0:06:32","2:35:16","0:06:11","1:43:01","843","748","106","2037","1354","1094","147","1010","897","130","843","748","106","18710","2449","392","9316","371","6181"
"1850","Hendrik Himmelmann","Male","Oldenburg","NI","DE","M40-44","FIN","5:11:53","0:39:46","0:05:56","2:39:19","0:08:38","1:38:14","844","749","115","2216","1219","982","132","1114","986","141","844","749","115","18713","2386","356","9559","518","5894"
"605","Sven-Olaf Schellenberg","Male","Dortmund","NW","DE","M55-59","FIN","5:11:54","0:30:20","0:03:53","2:37:23","0:06:16","1:54:02","845","750","43","2745","153","123","5","625","567","32","845","750","43","18714","1820","233","9443","376","6842"
"2282","Anne Viktoria Behr","Female","Ottendorf-Okrilla","SN","DE","F35-39","FIN","5:11:55","0:36:42","0:05:01","2:35:23","0:04:34","1:50:16","846","96","18","2686","782","135","24","838","91","18","846","96","18","18715","2202","301","9323","274","6616"
"480","Robert Franz","Male","Halle (Saale)","Saxony-Anhalt","DE","M35-39","FIN","5:12:00","0:37:12","0:06:26","2:35:27","0:05:16","1:47:38","847","751","121","1940","854","707","110","899","805","127","847","751","121","18720","2232","386","9327","316","6458"
"1626","Alexander Aischmann","Male","Leipzig","Saxony","DE","M40-44","FIN","5:12:00","0:39:25","0:06:06","2:30:08","0:05:45","1:50:35","848","752","116","2214","1170","952","127","784","699","108","848","752","116","18720","2365","366","9008","345","6635"
"943","Simon Struzina","Male","Erlau","DE-SN","DE","M18-24","FIN","5:12:00","0:42:16","0:11:01","2:41:38","0:06:29","1:30:36","849","753","79","1994","1527","1224","122","1461","1246","120","849","753","79","18720","2536","661","9698","389","5436"
"1877","Dirk Bachmann","Male","Schmölln","Thuringia","DE","M45-49","FIN","5:12:01","0:36:00","0:03:51","2:38:52","0:04:06","1:49:12","850","754","93","2258","701","581","69","884","791","103","850","754","93","18721","2160","231","9532","246","6552"
"1232","Diego Bevilacqua","Male","Venezia","VENEZIA","IT","M25-29","FIN","5:12:05","0:32:12","0:04:50","2:30:38","0:09:23","1:55:03","851","755","99","2250","276","229","25","502","459","55","851","755","99","18725","1932","290","9038","563","6903"
"1920","Christoph Piolot","Male","Neuss","DE-DE-NW","DE","M35-39","FIN","5:12:09","0:35:34","0:06:31","2:25:59","0:05:59","1:58:06","852","756","122","1938","646","533","85","509","466","83","852","756","122","18729","2134","391","8759","359","7086"
"2195","Christian Guse","Male","Magdeburg","DE-ST","DE","M40-44","FIN","5:12:20","0:37:43","0:06:54","2:34:42","0:04:42","1:48:20","853","757","117","2208","931","767","106","907","813","119","853","757","117","18740","2263","414","9282","282","6500"
"1746","Strauch Ulrich Georg","Male","Woltersdorf","AK","DE","M45-49","FIN","5:12:25","0:40:43","0:06:14","2:30:23","0:05:38","1:49:27","854","758","94","2251","1338","1081","138","842","750","95","854","758","94","18745","2443","374","9023","338","6567"
"457","Andre Grugelke","Male","Stuttgart","BADEN-WURTTEMBERG","DE","M35-39","FIN","5:12:28","0:35:53","0:05:29","2:36:09","0:04:52","1:50:05","855","759","123","1932","682","564","92","850","758","119","855","759","123","18748","2153","329","9369","292","6605"
"188","Markus Unterleitner","Male","Brixlegg","AT-7","AT","M45-49","FIN","5:12:35","0:44:45","0:04:17","2:26:57","0:05:58","1:50:39","856","760","95","2248","1790","1416","181","795","710","83","856","760","95","18755","2685","257","8817","358","6639"
"1748","Helge Zeptner","Male","Bielefeld","NW","DE","M35-39","FIN","5:12:35","0:37:29","0:06:30","2:36:42","0:05:48","1:46:06","857","761","124","1930","897","741","114","953","854","137","857","761","124","18755","2249","390","9402","348","6366"
"2100","Silke Pieper","Female","14469","Brandenburg","DE","F55-59","FIN","5:12:36","0:39:37","0:05:06","2:36:08","0:04:06","1:47:39","858","97","1","3500","1207","233","7","959","100","1","858","97","1","18756","2377","306","9368","246","6459"
"2324","Peer Görke","Male","Achim","DE-NI","DE","M55-59","FIN","5:12:39","0:38:23","0:07:16","2:32:32","0:06:05","1:48:23","859","762","44","2732","1032","850","74","870","777","55","859","762","44","18759","2303","436","9152","365","6503"
"2521","David Tatzelt","Male","Zwickau","SACHSEN","DE","M40-44","FIN","5:12:44","0:37:03","0:04:57","2:38:09","0:05:45","1:46:51","860","763","118","2201","833","689","95","938","840","123","860","763","118","18764","2223","297","9489","345","6411"
"1754","Thomas Neumann","Male","Ringenberg","NRW","DE","M35-39","FIN","5:12:46","0:37:46","0:04:58","2:31:58","0:07:13","1:50:51","861","764","125","1927","943","777","119","753","675","112","861","764","125","18766","2266","298","9118","433","6651"
"1109","Niklas Greiff","Male","München","DE-BY","DE","M30-34","FIN","5:12:53","0:37:36","0:06:06","2:32:43","0:05:43","1:50:44","862","765","107","2018","913","754","103","814","729","104","862","765","107","18773","2256","366","9163","343","6644"
"1020","Felix Gläser","Male","Leipzig","foreigner","DE","M35-39","FIN","5:12:56","0:36:06","0:05:29","2:26:49","0:06:57","1:57:36","863","766","126","1924","708","588","94","523","480","84","863","766","126","18776","2166","329","8809","417","7056"
"1607","Adrian Nofz","Male","Eilenburg","SACHSEN","DE","M25-29","FIN","5:13:04","0:34:33","0:05:54","2:33:22","0:05:16","1:54:01","864","767","100","2232","508","419","52","711","641","77","864","767","100","18784","2073","354","9202","316","6841"
"1886","Lars Friedmann","Male","Erlensee","HE","DE","M55-59","FIN","5:13:11","0:35:25","0:05:06","2:22:16","0:04:39","2:05:45","865","768","45","2722","633","523","42","361","334","15","865","768","45","18791","2125","306","8536","279","7545"
"1730","Jonas Scholz","Male","Mittweida","Saxony","DE","M30-34","FIN","5:13:12","0:38:27","0:06:33","2:41:57","0:06:05","1:40:11","866","769","108","2012","1045","863","114","1185","1046","148","866","769","108","18792","2307","393","9717","365","6011"
"466","Franz Unger","Male","Leipzig","Saxony","DE","M35-39","FIN","5:13:12","0:43:41","0:05:38","2:32:55","0:06:47","1:44:12","867","770","127","1919","1684","1337","197","996","888","142","867","770","127","18792","2621","338","9175","407","6252"
"2274","Torsten Lautz","Male","Brandis","Saxony","DE","M50-54","FIN","5:13:13","0:37:59","0:06:35","2:38:36","0:04:30","1:45:32","868","771","52","2400","973","800","58","1033","916","68","868","771","52","18793","2279","395","9516","270","6332"
"674","Leon Wobus","Male","Elze","Lower Saxony","DE","M18-24","FIN","5:13:14","0:46:14","0:04:08","2:34:58","0:07:11","1:40:43","869","772","80","1972","1896","1487","151","1136","1005","94","869","772","80","18794","2774","248","9298","431","6043"
"913","Daniel Bauer","Male","Gießen","DE-Hesse","DE","M35-39","FIN","5:13:19","0:37:10","0:05:56","2:33:13","0:05:47","1:51:14","870","773","128","1917","849","702","108","811","726","117","870","773","128","18799","2230","356","9193","347","6674"
"596","Tobias Daum","Male","Leipzig","Saxony","DE","M35-39","FIN","5:13:20","0:36:12","0:07:34","2:34:38","0:07:31","1:47:26","871","774","129","1916","721","599","95","877","784","123","871","774","129","18800","2172","454","9278","451","6446"
"1536","Carlo Konerding","Male","Frankfurt am Main","DE-HE","DE","M18-24","FIN","5:13:21","0:43:09","0:04:58","2:43:56","0:04:22","1:36:56","872","775","81","1970","1632","1303","130","1354","1170","111","872","775","81","18801","2589","298","9836","262","5816"
"1234","Martin Kreil","Male","Stockerau","","AT","M45-49","FIN","5:13:22","0:38:19","0:06:29","2:44:00","0:04:03","1:40:31","873","776","96","2234","1026","846","110","1248","1096","147","873","776","96","18802","2299","389","9840","243","6031"
"732","Andreas Bauer","Male","Bodenwöhr","BY","DE","M60-64","FIN","5:13:26","0:36:48","0:04:25","2:40:18","0:05:45","1:46:09","874","777","18","2754","796","657","17","979","875","22","874","777","18","18806","2208","265","9618","345","6369"
"1736","Sylvester Mackensen","Male","Sondershausen","foreigner","DE","M50-54","FIN","5:13:30","0:42:39","0:04:10","2:29:48","0:06:34","1:50:19","875","778","53","2395","1568","1258","96","823","737","52","875","778","53","18810","2559","250","8988","394","6619"
"1723","Jörg Zotzmann","Male","Berlin","BE","DE","M55-59","FIN","5:13:30","0:40:12","0:05:38","2:31:48","0:05:34","1:50:19","876","779","46","2716","1278","1032","92","856","764","53","876","779","46","18810","2412","338","9108","334","6619"
"942","Vince Chevalier","Male","Denderhoutem","OOST-VLAANDEREN","BE","M18-24","FIN","5:13:39","0:34:27","0:06:18","2:38:14","0:05:46","1:48:54","877","780","82","1964","496","412","49","895","801","77","877","780","82","18819","2067","378","9494","346","6534"
"1944","Torsten Fähnrich","Male","Frankfurt Oder","AB","DE","M40-44","FIN","5:13:47","0:37:35","0:05:54","2:40:02","0:06:37","1:43:39","878","781","119","2182","912","753","104","1054","933","131","878","781","119","18827","2255","354","9602","397","6219"
"1249","Michael Feuerstein","Male","Leipzig","Saxony","DE","M30-34","FIN","5:13:48","0:36:56","0:04:12","2:31:22","0:05:41","1:55:37","879","782","109","2001","818","676","98","650","588","86","879","782","109","18828","2216","252","9082","341","6937"
"1548","Noah Bahce","Male","Lüneburg","Lower Saxony","DE","M18-24","FIN","5:13:48","0:38:26","0:05:21","2:36:49","0:05:53","1:47:20","880","783","83","1961","1042","860","88","949","850","79","880","783","83","18828","2306","321","9409","353","6440"
"1829","Christian Heering","Male","Düsseldorf","North Rhine-Westphalia","DE","M40-44","FIN","5:13:52","0:40:33","0:06:34","2:19:02","0:06:39","2:01:05","881","784","120","2180","1319","1065","146","457","421","68","881","784","120","18832","2433","394","8342","399","7265"
"116","Robert Welsh","Male","Edmonton","CA-AB","CA","M55-59","FIN","5:13:54","0:37:19","0:10:31","2:30:24","0:06:11","1:49:30","882","785","47","2709","866","717","62","872","779","56","882","785","47","18834","2239","631","9024","371","6570"
"2289","Dippi Dippmann","Male","Chemnitz","foreigner","DE","M40-44","FIN","5:13:57","0:44:18","0:04:14","2:24:09","0:05:35","1:55:41","883","786","121","2179","1753","1389","177","658","594","97","883","786","121","18837","2658","254","8649","335","6941"
"2212","Hanna Keppner","Female","Bamberg","Bavaria","DE","F30-34","FIN","5:14:03","0:38:23","0:05:12","2:37:24","0:04:33","1:48:32","884","98","20","2596","1031","182","35","963","101","21","884","98","20","18843","2303","312","9444","273","6512"
"223","Jan Pfitzner","Male","Gifhorn","NI","DE","M45-49","FIN","5:14:07","0:35:16","0:04:41","2:33:02","0:07:02","1:54:06","885","787","97","2220","606","500","57","671","605","70","885","787","97","18847","2116","281","9182","422","6846"
"2128","Mario Neumann","Male","Hoyerswerda","SN","DE","M55-59","FIN","5:14:14","0:41:21","0:06:22","2:31:47","0:07:02","1:47:43","886","788","48","2703","1407","1132","99","909","815","62","886","788","48","18854","2481","382","9107","422","6463"
"1797","Nick Alexej Wriedt","Male","Schleswig","DE-SH","DE","M30-34","FIN","5:14:19","0:37:48","0:04:31","2:22:27","0:04:45","2:04:49","887","789","110","1992","949","783","105","415","383","59","887","789","110","18859","2268","271","8547","285","7489"
"1722","Kai Marquardt","Male","Porta Westfalica","DE-NW","DE","M50-54","FIN","5:14:19","0:39:59","0:05:15","2:35:39","0:06:11","1:47:16","888","790","54","2381","1251","1008","74","960","860","60","888","790","54","18859","2399","315","9339","371","6436"
"1095","Christoph Blickhan","Male","Eppertshausen","DE-HE","DE","M35-39","FIN","5:14:36","0:41:41","0:05:29","2:38:04","0:04:25","1:44:57","889","791","130","1894","1449","1163","172","1133","1002","156","889","791","130","18876","2501","329","9484","265","6297"
"429","Michael Rückriem","Male","Halle","Saxony-Anhalt","DE","M40-44","FIN","5:14:38","0:33:49","0:03:32","2:33:09","0:06:05","1:58:04","890","792","122","2167","420","347","41","594","541","89","890","792","122","18878","2029","212","9189","365","7084"
"740","Marcel Dietrich","Male","Leipzig","Saxony","DE","M40-44","FIN","5:14:41","0:34:22","0:06:09","2:42:12","0:05:31","1:46:27","891","793","123","2166","480","397","49","1016","902","129","891","793","123","18881","2062","369","9732","331","6387"
"2026","Anna Grote","Female","Hildesheim","DE-NI","DE","F30-34","FIN","5:14:46","0:35:05","0:03:18","2:27:13","0:04:03","2:05:08","892","99","21","2583","585","105","22","439","34","7","892","99","21","18886","2105","198","8833","243","7508"
"1361","Michael Matthias","Male","Bern","CH-BE","DE","M55-59","FIN","5:14:47","0:35:21","0:08:19","2:33:09","0:06:45","1:51:13","893","794","49","2693","619","512","41","830","742","50","893","794","49","18887","2121","499","9189","405","6673"
"2472","Alexander Schuster","Male","Holzkirchen","Bavaria","DE","M25-29","FIN","5:14:48","0:52:14","0:05:07","2:36:25","0:06:23","1:34:38","894","795","101","2201","2134","1631","235","1413","1208","159","894","795","101","18888","3134","307","9385","383","5678"
"1533","Julian Zinßer","Male","München","BY","DE","M35-39","FIN","5:14:49","0:44:45","0:05:10","2:34:09","0:05:31","1:45:14","895","796","131","1890","1794","1420","208","1076","951","152","895","796","131","18889","2685","310","9249","331","6314"
"1508","Steffi Marzuck","Female","Altenbeken","NW","DE","F40-44","FIN","5:14:51","0:38:54","0:05:30","2:38:27","0:05:46","1:46:14","896","100","9","3093","1108","204","14","1023","116","12","896","100","9","18891","2334","330","9507","346","6374"
"2344","Julian Haupt","Male","Berlin","BE","DE","M35-39","FIN","5:14:52","0:41:23","0:05:33","2:21:39","0:06:45","1:59:33","897","797","132","1889","1413","1137","168","534","488","86","897","797","132","18892","2483","333","8499","405","7173"
"535","Philipp Bolz","Male","Leipzig","Saxony","DE","M30-34","FIN","5:14:54","0:32:38","0:04:54","2:32:10","0:05:27","1:59:45","898","798","111","1982","315","261","46","569","519","76","898","798","111","18894","1958","294","9130","327","7185"
"1653","Alexander Pritzl","Male","Bad Aibling","DE-Bavaria","DE","M30-34","FIN","5:14:56","0:33:24","0:04:37","2:36:46","0:05:15","1:54:54","899","799","112","1981","375","308","53","756","678","97","899","799","112","18896","2004","277","9406","315","6894"
"1681","Joshua Gössl","Male","Würzburg","DE-Bavaria","DE","M30-34","FIN","5:14:57","0:36:11","0:09:04","2:35:22","0:05:15","1:49:05","900","800","113","1981","720","598","83","952","853","123","900","800","113","18897","2171","544","9322","315","6545"
"897","Paul Pio O'Callaghan","Male","Sunday Well","IE-CO","IE","M45-49","FIN","5:14:59","0:38:40","0:05:27","2:39:24","0:04:53","1:46:35","901","801","98","2205","1071","883","116","1055","934","124","901","801","98","18899","2320","327","9564","293","6395"
"590","Justin Strauch","Male","Leipzig","Sachsen","DE","M25-29","FIN","5:15:03","0:40:00","0:04:11","2:40:58","0:04:42","1:45:12","902","802","102","2196","1252","1009","129","1125","994","129","902","802","102","18903","2400","251","9658","282","6312"
"600","Roger Pieruschka","Male","Leipzig","SN","DE","M60-64","FIN","5:15:04","0:36:41","0:04:14","2:33:38","0:07:16","1:53:14","903","803","19","2725","781","647","16","744","667","15","903","803","19","18904","2201","254","9218","436","6794"
"2244","Mirko Niemann","Male","Hamburg","foreigner","DE","M45-49","FIN","5:15:08","0:40:30","0:05:58","2:36:51","0:05:39","1:46:09","904","804","99","2202","1309","1057","135","1044","926","122","904","804","99","18908","2430","358","9411","339","6369"
"1350","Max Steger","Male","Berlin","Berlin","DE","M30-34","FIN","5:15:10","0:39:55","0:05:21","2:38:30","0:06:25","1:44:59","905","805","114","1977","1240","999","130","1061","939","133","905","805","114","18910","2395","321","9510","385","6299"
"1431","Alexander Schollbach","Male","Leipzig","DE-DE-Sachsen","DE","M35-39","FIN","5:15:16","0:48:34","0:07:31","2:32:55","0:05:46","1:40:29","906","806","133","1882","2029","1566","235","1257","1102","169","906","806","133","18916","2914","451","9175","346","6029"
"1279","André Hartmann","Male","Leipzig","SN","DE","M40-44","FIN","5:15:16","0:37:07","0:05:44","2:29:11","0:05:36","1:57:38","907","807","124","2155","841","697","98","638","578","96","907","807","124","18916","2227","344","8951","336","7058"
"2187","Adrian Adams","Male","Hamburg","Hamburg","DE","M25-29","FIN","5:15:17","0:41:21","0:03:45","2:29:22","0:05:00","1:55:48","908","808","103","2192","1406","1131","142","736","661","82","908","808","103","18917","2481","225","8962","300","6948"
"562","Diego Müller Contreras","Male","Leipzig","Saxony","MX","M18-24","FIN","5:15:18","0:40:33","0:06:02","2:37:52","0:06:49","1:44:03","909","809","84","1934","1316","1062","109","1090","962","90","909","809","84","18918","2433","362","9472","409","6243"
"1136","Bostjan Pohlen","Male","DOMZALE","Please Select","SI","M45-49","FIN","5:15:19","0:31:36","0:05:19","2:40:41","0:05:52","1:51:51","910","810","100","2199","225","187","13","855","763","96","910","810","100","18919","1896","319","9641","352","6711"
"837","Uwe Steingraeber","Male","Juelich","NW","DE","M60-64","FIN","5:15:24","0:43:14","0:05:52","2:28:41","0:05:12","1:52:24","911","811","20","2719","1639","1308","43","859","767","20","911","811","20","18924","2594","352","8921","312","6744"
"1419","Gunnar Glimm","Male","Großbodungen","TH","DE","M35-39","FIN","5:15:35","0:34:42","0:06:26","2:33:19","0:06:15","1:54:52","912","812","134","1876","529","436","68","735","660","109","912","812","134","18935","2082","386","9199","375","6892"
"899","Mattheus Zevenbergen","Male","Poortugaal","Zuid-Holland","NL","M55-59","FIN","5:15:35","0:34:53","0:06:08","2:33:30","0:07:06","1:53:57","913","813","50","2679","551","453","33","740","663","45","913","813","50","18935","2093","368","9210","426","6837"
"2102","Thomas Jülich","Male","Blankenburg","SACHSEN-ANHALT","DE","M55-59","FIN","5:15:36","0:42:01","0:05:55","2:31:13","0:05:03","1:51:25","914","814","51","2678","1487","1191","106","900","806","60","914","814","51","18936","2521","355","9073","303","6685"
"579","Stephanie Joshi","Female","biggleswade","GB-BDF","GB","F30-34","FIN","5:15:38","0:39:54","0:06:34","2:49:41","0:05:51","1:33:39","915","101","22","2567","1238","241","45","1508","231","46","915","101","22","18938","2394","394","10181","351","5619"
"1694","Frederic Honore Spinler","Male","Bad Soden","HE","FR","M30-34","FIN","5:15:39","0:38:10","0:06:14","2:37:53","0:05:36","1:47:47","916","815","115","1968","1005","827","108","999","890","129","916","815","115","18939","2290","374","9473","336","6467"
"381","Rick Ottilie","Male","Schkeuditz","SACHSEN","DE","M35-39","FIN","5:15:42","0:48:13","0:07:01","2:34:11","0:04:31","1:41:46","917","816","135","1874","2011","1555","231","1271","1112","171","917","816","135","18942","2893","421","9251","271","6106"
"936","Markus Althoff","Male","Oberhausen","DE-NW","DE","M55-59","FIN","5:15:42","0:30:55","0:06:20","2:36:49","0:07:14","1:54:24","918","817","52","2677","183","150","8","721","649","43","918","817","52","18942","1855","380","9409","434","6864"
"1187","Wolfgang Göttfried","Male","Fischbachau","BY","DE","M60-64","FIN","5:15:43","0:39:01","0:05:09","2:39:04","0:06:01","1:46:28","919","818","21","2713","1124","915","26","1035","917","24","919","818","21","18943","2341","309","9544","361","6388"
"1160","Philipp Heumann","Male","Regensburg","BY","DE","M35-39","FIN","5:15:54","0:33:30","0:04:53","2:34:49","0:05:38","1:57:04","920","819","136","1870","386","318","50","691","622","104","920","819","136","18954","2010","293","9289","338","7024"
"998","René Wölfer","Male","Leipzig","Saxony ","DE","M50-54","FIN","5:15:59","0:31:55","0:05:34","2:37:35","0:05:22","1:55:33","921","820","55","2351","252","209","13","763","684","48","921","820","55","18959","1915","334","9455","322","6933"
"1146","Barbaros Sancarbarlaz","Male","Hamburg","DE-HH","DE","M35-39","FIN","5:16:04","0:38:30","0:06:26","2:35:06","0:07:53","1:48:08","922","821","137","1867","1049","866","127","934","836","135","922","821","137","18964","2310","386","9306","473","6488"
"622","Stev Aladisch","Male","Erfurt","Thuringia","DE","M45-49","FIN","5:16:05","0:44:43","0:05:53","2:33:51","0:06:01","1:45:37","923","822","101","2185","1788","1414","179","1092","964","126","923","822","101","18965","2683","353","9231","361","6337"
"575","Sina Mikolaizik","Female","Ingolstadt","BY","DE","F45-49","FIN","5:16:07","0:38:40","0:05:52","2:36:44","0:07:12","1:47:39","924","102","14","2674","1070","188","25","974","104","15","924","102","14","18967","2320","352","9404","432","6459"
"491","Markus Schäfer","Male","Leipzig","SACHSEN","DE","M35-39","FIN","5:16:08","0:40:08","0:04:27","2:40:27","0:05:49","1:45:17","925","823","138","1866","1272","1026","154","1115","987","154","925","823","138","18968","2408","267","9627","349","6317"
"582","Asaf Montifiori","Male","rishon lezion","IL-M","IL","M18-24","FIN","5:16:09","0:39:49","0:06:05","2:50:58","0:07:13","1:32:04","926","824","85","1919","1226","988","100","1530","1288","126","926","824","85","18969","2389","365","10258","433","5524"
"523","Luca Hanschmann","Male","Münster","North Rhine-Westphalia","DE","M18-24","FIN","5:16:11","0:35:32","0:06:34","2:33:36","0:04:52","1:55:36","927","825","86","1919","644","532","56","787","702","71","927","825","86","18971","2132","394","9216","292","6936"
"2279","Kurt Putz","Male","Großenhain","Saxony","DE","M18-24","FIN","5:16:15","0:40:31","0:07:03","2:41:41","0:04:54","1:42:06","928","826","87","1917","1311","1059","108","1266","1109","104","928","826","87","18975","2431","423","9701","294","6126"
"1974","Konrad König","Male","Leipzig","Saxony","DE","M30-34","FIN","5:16:15","0:33:16","0:04:55","2:42:32","0:04:50","1:50:43","929","827","116","1957","365","300","51","955","856","124","929","827","116","18975","1996","295","9752","290","6643"
"1176","Marc-Kevin Croce","Male","Jembke","foreigner","DE","M35-39","FIN","5:16:16","0:37:45","0:04:24","2:35:35","0:05:44","1:52:47","930","828","139","1864","938","772","118","858","766","121","930","828","139","18976","2265","264","9335","344","6767"
"1094","Lucas Andraschko","Male","Leipzig","Saxony","DE","M30-34","FIN","5:16:23","0:43:26","0:04:59","2:31:07","0:07:00","1:49:51","931","829","117","1955","1661","1321","175","911","817","117","931","829","117","18983","2606","299","9067","420","6591"
"1329","Patrick Eikeler","Male","Bestwig","Nordrhein Westfalen","DE","M25-29","FIN","5:16:35","0:39:12","0:07:12","2:26:59","0:05:05","1:58:07","932","830","104","2169","1145","931","119","696","627","73","932","830","104","18995","2352","432","8819","305","7087"
"129","Knud Schneider","Male","Bischofsheim","DE-HE","DE","M55-59","FIN","5:16:37","0:33:33","0:04:49","2:50:43","0:06:58","1:40:35","933","831","53","2660","393","324","22","1259","1104","88","933","831","53","18997","2013","289","10243","418","6035"
"952","Lukas Hofmann","Male","Leipzig ","Saxony","DE","M30-34","FIN","5:16:37","0:44:05","0:04:14","2:42:46","0:04:48","1:40:45","934","832","118","1951","1734","1372","182","1320","1147","158","934","832","118","18997","2645","254","9766","288","6045"
"536","Thiemo Walter","Male","Elsteraue","Sachsen-Anhalt","DE","M55-59","FIN","5:16:39","0:31:32","0:04:57","2:39:47","0:06:59","1:53:24","935","833","54","2660","221","183","13","808","723","48","935","833","54","18999","1892","297","9587","419","6804"
"1872","Maximilian Fliegl","Male","Triptis","Thuringia","DE","M25-29","FIN","5:16:40","0:43:08","0:06:26","2:38:25","0:06:03","1:42:39","936","834","105","2167","1628","1299","171","1225","1077","137","936","834","105","19000","2588","386","9505","363","6159"
"774","Malte von Seht","Male","Wanna","Lower Saxony","DE","M25-29","FIN","5:16:45","0:34:14","0:04:39","2:39:51","0:04:30","1:53:31","937","835","106","2166","459","381","47","885","792","98","937","835","106","19005","2054","279","9591","270","6811"
"1655","Jan Wiemer","Male","Oerlinghausen","DE-DE-NW","DE","M18-24","FIN","5:16:46","0:45:48","0:05:49","2:40:27","0:05:52","1:38:50","938","836","88","1908","1868","1469","147","1356","1171","112","938","836","88","19006","2748","349","9627","352","5930"
"1505","Adrian Katzer","Male","Bischofswerda","SN","DE","M18-24","FIN","5:16:52","0:40:44","0:04:51","2:37:50","0:05:16","1:48:11","939","837","89","1906","1339","1082","110","1050","929","83","939","837","89","19012","2444","291","9470","316","6491"
"1506","Christian Brozek","Male","Großharthau","SACHSEN","DE","M25-29","FIN","5:16:52","0:37:39","0:08:43","2:44:01","0:07:01","1:39:28","940","838","107","2164","920","758","95","1298","1131","145","940","838","107","19012","2259","523","9841","421","5968"
"819","Stefan Holtz","Male","Leipzig","Saxony","DE","M45-49","FIN","5:17:00","0:32:22","0:10:46","2:33:10","0:06:41","1:54:01","941","839","102","2168","290","241","25","809","724","86","941","839","102","19020","1942","646","9190","401","6841"
"747","Zsolt Stenger","Male","Heilbronn","DE-BW","HU","M30-34","FIN","5:17:06","0:41:34","0:07:07","2:40:48","0:06:00","1:41:38","942","840","119","1942","1434","1153","155","1272","1113","154","942","840","119","19026","2494","427","9648","360","6098"
"1421","Marvin Nebe","Male","Leipzig","Sachsen","DE","M25-29","FIN","5:17:07","0:35:20","0:04:46","2:39:08","0:05:14","1:52:39","943","841","108","2159","618","511","62","904","810","99","943","841","108","19027","2120","286","9548","314","6759"
"2410","Marcel Spaan","Male","Berlin","DE-BE","DE","M35-39","FIN","5:17:16","0:35:13","0:05:11","2:32:28","0:05:04","1:59:20","944","842","140","1846","596","491","81","667","601","99","944","842","140","19036","2113","311","9148","304","7160"
"209","Michael Noll","Male","Hünfeld","DE-HE","DE","M55-59","FIN","5:17:18","0:40:34","0:07:21","2:39:55","0:06:38","1:42:49","945","843","55","2648","1322","1068","95","1222","1074","85","945","843","55","19038","2434","441","9595","398","6169"
"550","Rolf Brosius","Male","Aichtal","DE-BW","DE","M55-59","FIN","5:17:28","0:38:02","0:05:52","2:34:56","0:07:35","1:51:03","946","844","56","2645","984","811","69","888","795","59","946","844","56","19048","2282","352","9296","455","6663"
"1376","Sebastian Müller","Male","Landsberg","SACHSEN-ANHALT","DE","M40-44","FIN","5:17:31","0:39:04","0:06:57","2:39:50","0:05:34","1:46:07","947","845","125","2115","1131","921","124","1150","1016","145","947","845","125","19051","2344","417","9590","334","6367"
"1873","Marcel Schulze","Male","Dessau","ST","DE","M25-29","FIN","5:17:33","0:39:29","0:06:53","2:34:09","0:05:08","1:51:54","948","846","109","2151","1183","960","123","946","847","106","948","846","109","19053","2369","413","9249","308","6714"
"2067","Mike Schroeder","Male","Bremen","Bremen","DE","M35-39","FIN","5:17:39","0:40:47","0:04:48","2:38:26","0:05:36","1:48:03","949","847","141","1839","1351","1091","162","1072","947","150","949","847","141","19059","2447","288","9506","336","6483"
"2071","Martin Siehler","Male","Ulm","Baden-Württemberg","DE","M30-34","FIN","5:17:40","0:45:42","0:06:48","2:42:40","0:05:32","1:36:58","950","848","120","1932","1862","1464","193","1472","1254","170","950","848","120","19060","2742","408","9760","332","5818"
"1153","Dirk Motschenbacher","Male","Frankfurt","DE-HE","DE","M45-49","FIN","5:17:40","0:39:49","0:06:03","2:36:17","0:06:11","1:49:20","951","849","103","2156","1225","987","126","993","886","114","951","849","103","19060","2389","363","9377","371","6560"
"657","Anika Vetter","Female","Chemnitz","Saxony","GD","F30-34","FIN","5:17:40","0:34:18","0:03:17","2:46:15","0:03:48","1:50:02","952","103","23","2531","475","82","15","1066","124","27","952","103","23","19060","2058","197","9975","228","6602"
"1321","Daniel Rabe","Male","Leipzig ","Sachsen","DE","M45-49","FIN","5:17:42","0:42:10","0:06:38","2:32:03","0:05:30","1:51:21","953","850","104","2156","1515","1214","155","958","859","109","953","850","104","19062","2530","398","9123","330","6681"
"1909","Henrik Ostermann","Male","Georgsmarienhütte","NI","DE","M25-29","FIN","5:17:43","0:43:01","0:05:47","2:44:25","0:05:56","1:38:34","954","851","110","2148","1610","1286","169","1391","1192","157","954","851","110","19063","2581","347","9865","356","5914"
"1769","Marco Steinmann","Male","Gerlingen","DE-BW","DE","M45-49","FIN","5:17:44","0:39:55","0:05:20","2:41:31","0:05:06","1:45:53","955","852","105","2155","1241","1000","127","1180","1042","139","955","852","105","19064","2395","320","9691","306","6353"
"2455","Björn Petersen","Male","Norderstedt","SH","DE","M55-59","FIN","5:17:45","0:34:42","0:08:15","2:35:47","0:06:28","1:52:32","956","853","57","2640","528","435","31","886","793","57","956","853","57","19065","2082","495","9347","388","6752"
"1031","Konstantin Lange","Male","Leipzig","foreigner","DE","M45-49","FIN","5:17:46","0:39:26","0:05:17","2:40:57","0:06:08","1:45:59","957","854","106","2155","1174","954","123","1146","1013","134","957","854","106","19066","2366","317","9657","368","6359"
"1463","Maximilian Kirchhöfer","Male","Leipzig ","Saxony","DE","M30-34","FIN","5:17:46","0:39:05","0:06:09","2:38:42","0:05:23","1:48:28","958","855","121","1930","1133","922","124","1070","946","134","958","855","121","19066","2345","369","9522","323","6508"
"2332","Noah Tetik","Male","München","DE-BY","DE","M25-29","FIN","5:17:47","0:37:20","0:04:47","2:31:29","0:04:53","1:59:17","959","856","111","2147","869","720","87","704","634","75","959","856","111","19067","2240","287","9089","293","7157"
"1758","Konrad Ambroziewicz","Male","Düsseldorf","NW","DE","M40-44","FIN","5:17:50","0:41:29","0:06:28","2:29:29","0:06:14","1:54:09","960","857","126","2109","1426","1148","155","849","757","115","960","857","126","19070","2489","388","8969","374","6849"
"1510","Fides BERKEL","Female","Leipzig","DE-SN","DE","F30-34","FIN","5:17:55","0:37:49","0:05:00","2:36:58","0:04:38","1:53:31","961","104","24","2526","951","167","33","922","97","19","961","104","24","19075","2269","300","9418","278","6811"
"1504","Jens Kleinkauf","Male","Langen","Hesse","DE","M30-34","FIN","5:17:57","0:31:26","0:03:49","2:35:42","0:05:01","2:01:59","962","858","122","1927","209","172","33","610","556","80","962","858","122","19077","1886","229","9342","301","7319"
"1664","Ludger Mende","Male","Parthenstein","DE-SN","DE","M55-59","FIN","5:18:02","0:34:35","0:07:25","2:41:19","0:07:31","1:47:12","963","859","58","2635","515","426","30","1043","925","73","963","859","58","19082","2075","445","9679","451","6432"
"991","Hauke Kock","Male","Kronshagen","Schleswig-Holstein","DE","M60-64","FIN","5:18:04","0:38:14","0:07:20","2:45:48","0:05:04","1:41:38","964","860","22","2671","1012","834","23","1327","1151","36","964","860","22","19084","2294","440","9948","304","6098"
"2183","Victor Glukhov","Male","Hirzel","CH-ZH","CH","M45-49","FIN","5:18:07","0:39:16","0:07:15","2:38:44","0:06:10","1:46:43","965","861","107","2148","1157","940","122","1134","1003","133","965","861","107","19087","2356","435","9524","370","6403"
"253","Jens Schilhan","Male","Raschau-Markersbach","Sachsen","DE","M50-54","FIN","5:18:07","0:40:10","0:07:30","2:27:35","0:07:00","1:55:52","966","862","56","2312","1276","1030","78","772","690","49","966","862","56","19087","2410","450","8855","420","6952"
"908","Kurt Schrögendorfer","Male","Linz","Upper Austria","AT","M60-64","FIN","5:18:09","0:35:25","0:05:28","2:41:55","0:08:34","1:46:47","967","863","23","2669","631","521","11","1019","904","23","967","863","23","19089","2125","328","9715","514","6407"
"1634","Boudewijn Daalen","Male","Leiden","South Holland","NL","M30-34","FIN","5:18:14","0:45:04","0:08:18","2:32:33","0:06:57","1:45:21","968","864","123","1922","1809","1429","189","1157","1022","144","968","864","123","19094","2704","498","9153","417","6321"
"1082","Christian Zander","Male","Solingen","North Rhine-Westphalia","DE","M35-39","FIN","5:18:15","0:41:45","0:03:40","2:29:09","0:07:43","1:55:59","969","865","142","1828","1455","1167","173","743","666","110","969","865","142","19095","2505","220","8949","463","6959"
"2000","Joel Hartwig","Male","Bad Oeynhausen","NW","DE","M30-34","FIN","5:18:16","0:43:04","0:03:53","2:39:52","0:05:31","1:45:56","970","866","124","1921","1616","1291","167","1182","1043","147","970","866","124","19096","2584","233","9592","331","6356"
"554","Tom Ritter","Male","Berlin","DE-BE","DE","M50-54","FIN","5:18:18","0:36:41","0:05:56","2:31:28","0:05:33","1:58:40","971","867","57","2309","780","646","47","722","650","46","971","867","57","19098","2201","356","9088","333","7120"
"941","Karolin Kiefner","Female","Felsberg","Hesse","DE","F30-34","FIN","5:18:18","0:31:29","0:05:59","2:45:03","0:04:28","1:51:19","972","105","25","2519","217","38","9","1005","112","22","972","105","25","19098","1889","359","9903","268","6679"
"2530","Frank Weselmann","Male","Niedersachsen - Burgwedel","DE-NI","DE","M45-49","FIN","5:18:19","0:32:11","0:04:50","2:27:01","0:07:19","2:06:58","973","868","108","2145","272","227","23","392","361","42","973","868","108","19099","1931","290","8821","439","7618"
"1656","Marcus Torno","Male","Wolfenbüttel","DE-NI","DE","M35-39","FIN","5:18:21","0:39:32","0:04:03","2:24:24","0:06:26","2:03:55","974","869","143","1826","1191","966","146","508","465","82","974","869","143","19101","2372","243","8664","386","7435"
"2010","Andre Schäfer","Male","Maintal","HE","DE","M40-44","FIN","5:18:33","0:34:55","0:04:40","2:37:48","0:05:38","1:55:32","975","870","127","2096","555","456","59","847","755","114","975","870","127","19113","2095","280","9468","338","6932"
"1961","Caterina Schacht","Female","Hannover","Lower Saxony","DE","F30-34","FIN","5:18:34","0:37:53","0:05:03","2:46:51","0:04:31","1:44:16","976","106","26","2515","959","169","34","1283","161","33","976","106","26","19114","2273","303","10011","271","6256"
"2061","Felix Hellmich","Male","Leipzig","SN","DE","M35-39","FIN","5:18:38","0:38:38","0:05:45","2:28:36","0:06:28","1:59:10","977","871","144","1821","1066","880","131","672","606","102","977","871","144","19118","2318","345","8916","388","7150"
"1509","Sebastian Ramisch","Male","Leipzig","Saxony","DE","M30-34","FIN","5:18:40","0:38:14","0:07:43","2:41:15","0:06:00","1:45:28","978","872","125","1914","1014","836","110","1197","1056","150","978","872","125","19120","2294","463","9675","360","6328"
"2039","Gabriella Davey","Female","Manchester ","England","GB","F25-29","FIN","5:18:40","0:28:12","0:03:52","2:59:08","0:04:53","1:42:35","979","107","18","2484","65","12","1","1324","175","32","979","107","18","19120","1692","232","10748","293","6155"
"2275","Tobias Suckow","Male","London","GB-ENG","DE","M45-49","FIN","5:18:41","0:39:00","0:04:25","2:30:24","0:07:08","1:57:44","980","873","109","2138","1122","913","119","712","642","75","980","873","109","19121","2340","265","9024","428","7064"
"315","Claudia Grajek","Female","Leipzig","DE-SN","DE","F35-39","FIN","5:18:42","0:39:10","0:07:31","2:35:58","0:05:59","1:50:04","981","108","19","2564","1143","214","35","1011","114","19","981","108","19","19122","2350","451","9358","359","6604"
"1379","Alexander Schwarz","Male","Stuttgart","Baden-Württemberg","DE","M35-39","FIN","5:18:45","0:37:14","0:06:53","2:35:54","0:05:28","1:53:17","982","874","145","1819","858","711","112","933","835","134","982","874","145","19125","2234","413","9354","328","6797"
"252","Vincent Cremers","Male","Seoul","KR-11","BE","M50-54","FIN","5:18:46","0:35:41","0:06:56","2:40:30","0:06:15","1:49:24","983","875","58","2300","665","550","42","1032","915","67","983","875","58","19126","2141","416","9630","375","6564"
"610","Johanna Deutsch","Female","Halle (Saale)","ST","DE","F40-44","FIN","5:18:46","0:28:42","0:03:36","2:37:12","0:03:54","2:05:21","984","109","10","3022","85","17","1","560","50","3","984","109","10","19126","1722","216","9432","234","7521"
"2119","Carl Schumann","Male","Berlin","BE","DE","M25-29","FIN","5:18:49","0:36:53","0:06:47","2:43:13","0:07:02","1:44:54","985","876","112","2129","806","666","81","1183","1044","133","985","876","112","19129","2213","407","9793","422","6294"
"981","René Bausch","Male","Taucha","Saxony","DE","M45-49","FIN","5:18:49","0:37:24","0:05:26","2:38:11","0:05:06","1:52:42","986","877","110","2136","886","732","90","965","864","110","986","877","110","19129","2244","326","9491","306","6762"
"2368","Andreas Kottsieper","Male","Hamburg","DE-Hamburg","DE","M50-54","FIN","5:18:52","0:41:26","0:08:10","2:23:27","0:07:42","1:58:08","987","878","59","2299","1419","1142","88","674","608","41","987","878","59","19132","2486","490","8607","462","7088"
"2398","Corina Aschenbrenner","Female","Frankfurt","HESSEN","DE","F45-49","FIN","5:18:53","0:32:20","0:03:38","2:39:11","0:06:06","1:57:39","988","110","15","2624","287","49","8","767","82","12","988","110","15","19133","1940","218","9551","366","7059"
"695","Karsten Kortekamp","Male","Fehrbellin","Brandenburg","DE","M65-69","FIN","5:18:54","0:37:15","0:05:55","2:34:01","0:05:46","1:55:56","989","879","5","2976","860","713","5","841","749","5","989","879","5","19134","2235","355","9241","346","6956"
"465","Florian Wegener","Male","Markkleeberg","SN","DE","M25-29","FIN","5:19:00","0:42:17","0:05:51","2:42:11","0:04:49","1:43:52","990","880","113","2125","1529","1226","158","1294","1130","144","990","880","113","19140","2537","351","9731","289","6232"
"1724","Sven Jacob","Male","Thüringen","foreigner","DE","M55-59","FIN","5:19:07","0:36:41","0:07:17","2:36:31","0:06:17","1:52:22","991","881","59","2615","778","644","57","944","845","65","991","881","59","19147","2201","437","9391","377","6742"
"494","Tim Schmid","Male","Augsburg","Bavaria","DE","M18-24","FIN","5:19:15","0:38:45","0:04:53","2:29:28","0:03:46","2:02:24","992","882","90","1863","1082","888","92","679","613","58","992","882","90","19155","2325","293","8968","226","7344"
"2480","Michael Fischer","Male","Nagold","Baden-Württemberg","DE","M55-59","FIN","5:19:15","0:35:20","0:05:02","2:31:36","0:04:37","2:02:40","993","883","60","2613","617","510","40","636","576","35","993","883","60","19155","2120","302","9096","277","7360"
"2294","Wouter Vegter","Male","Groningen","NL-GR","NL","M18-24","FIN","5:19:16","0:42:23","0:08:39","2:38:04","0:05:37","1:44:34","994","884","91","1863","1543","1239","127","1261","1106","103","994","884","91","19156","2543","519","9484","337","6274"
"1403","Felix Dalichau","Male","Leipzig","Saxony","DE","M30-34","FIN","5:19:17","0:42:01","0:11:16","2:31:10","0:06:11","1:48:39","995","885","126","1903","1486","1190","159","1091","963","135","995","885","126","19157","2521","676","9070","371","6519"
"415","San James","Male","Hamburg","DE-HAMBURG","DE","M55-59","FIN","5:19:17","0:44:46","0:04:03","2:31:44","0:05:33","1:53:11","996","886","61","2612","1796","1422","124","947","848","66","996","886","61","19157","2686","243","9104","333","6791"
"2404","Holger Pampel","Male","Zwickau","Saxony","DE","M45-49","FIN","5:19:17","0:38:13","0:05:21","2:41:10","0:04:49","1:49:44","997","887","111","2127","1007","829","106","1102","974","128","997","887","111","19157","2293","321","9670","289","6584"
"2136","Mathias Groschwitz","Male","Jersleben / OT Niedere Börde","DE-ST","DE","M45-49","FIN","5:19:18","0:42:05","0:05:54","2:35:20","0:06:12","1:49:47","998","888","112","2127","1497","1197","153","1045","927","123","998","888","112","19158","2525","354","9320","372","6587"
"921","Jörg Tietze","Male","Stadt Wehlen","SN","DE","M50-54","FIN","5:19:18","0:42:53","0:09:01","2:48:54","0:05:50","1:32:40","999","889","60","2291","1592","1271","101","1670","1379","112","999","889","60","19158","2573","541","10134","350","5560"
"901","Alexander Witt","Male","Düsseldorf","DE-NW","DE","M25-29","FIN","5:19:19","0:38:33","0:06:23","2:44:56","0:06:44","1:42:44","1000","890","114","2120","1054","870","113","1286","1123","141","1000","890","114","19159","2313","383","9896","404","6164"
"1592","Sebastian Peiker","Male","Erlangen","Bavaria","DE","M35-39","FIN","5:19:28","0:39:52","0:05:21","2:44:25","0:05:20","1:44:29","1001","891","146","1806","1232","993","152","1276","1117","172","1001","891","146","19168","2392","321","9865","320","6269"
"1455","Julia Herzog","Female","Magdeburg","DE-ST","DE","F35-39","FIN","5:19:29","0:44:31","0:04:36","2:43:27","0:05:14","1:41:41","1002","111","20","2549","1773","369","53","1376","195","31","1002","111","20","19169","2671","276","9807","314","6101"
"464","Patrick König","Male","Remseck am Neckar","BW","DE","M30-34","FIN","5:19:40","0:36:13","0:04:26","2:39:30","0:04:13","1:55:18","1003","892","127","1896","724","601","84","939","841","120","1003","892","127","19180","2173","266","9570","253","6918"
"1549","Thomas Kroll","Male","Braunschweig","foreigner","DE","M40-44","FIN","5:19:43","0:48:12","0:05:04","2:44:58","0:07:23","1:34:05","1004","893","128","2075","2009","1554","197","1582","1322","179","1004","893","128","19183","2892","304","9898","443","5645"
"651","Maik Sachse","Male","Leipzig ","Sachsen","DE","M40-44","FIN","5:19:43","0:40:17","0:05:25","2:30:45","0:05:53","1:57:23","1005","894","129","2075","1291","1042","141","815","730","113","1005","894","129","19183","2417","325","9045","353","7043"
"348","Lisa-Marie Krause","Female","Leipzig","SN","DE","F30-34","FIN","5:19:52","0:31:43","0:05:10","2:49:46","0:06:14","1:46:59","1006","112","27","2491","233","41","10","1176","138","29","1006","112","27","19192","1903","310","10186","374","6419"
"2376","Richard Stepputtis","Male","Nürnberg","BY","DE","M18-24","FIN","5:19:54","0:39:34","0:04:52","2:32:01","0:05:03","1:58:24","1007","895","92","1852","1197","968","98","816","731","73","1007","895","92","19194","2374","292","9121","303","7104"
"2113","Denny Böwe","Male","Berlin","BE","DE","M45-49","FIN","5:19:56","0:40:23","0:06:28","2:42:03","0:05:49","1:45:12","1008","896","113","2116","1299","1048","134","1253","1099","148","1008","896","113","19196","2423","388","9723","349","6312"
"791","Florian Danke","Male","Taucha","SACHSEN","DE","M40-44","FIN","5:19:56","0:37:53","0:04:51","2:25:06","0:05:21","2:06:46","1009","897","130","2071","958","790","111","506","463","76","1009","897","130","19196","2273","291","8706","321","7606"
"1132","Christoph Schurig","Male","Leipzig","Saxony","DE","M40-44","FIN","5:19:57","0:34:59","0:04:50","2:44:04","0:04:58","1:51:06","1010","898","131","2071","563","463","62","1068","944","134","1010","898","131","19197","2099","290","9844","298","6666"
"759","Rudolf Guth","Male","München","Bayern","BR","M40-44","FIN","5:20:01","0:38:33","0:08:35","2:27:32","0:08:18","1:57:03","1011","899","132","2070","1055","871","119","752","674","106","1011","899","132","19201","2313","515","8852","498","7023"
"1060","Marc Schühle","Male","Rehfelde","DE-BB","DE","M45-49","FIN","5:20:04","0:41:38","0:05:06","2:39:44","0:04:15","1:49:21","1012","900","114","2113","1441","1157","149","1172","1035","138","1012","900","114","19204","2498","306","9584","255","6561"
"1418","Hannah Theune","Female","6020","Tyrol","DE","F25-29","FIN","5:20:10","0:43:49","0:04:37","2:35:49","0:05:00","1:50:55","1013","113","19","2457","1703","353","64","1081","127","21","1013","113","19","19210","2629","277","9349","300","6655"
"1135","Tino Behr","Male","Hofheim in Unterfranken","Bavaria","DE","M30-34","FIN","5:20:12","0:38:49","0:05:07","2:34:14","0:05:49","1:56:13","1014","901","128","1886","1095","895","119","868","775","109","1014","901","128","19212","2329","307","9254","349","6973"
"1540","Alec Jäppinen","Male","St. Gallen","Saint Gallen","CH","M30-34","FIN","5:20:15","0:40:02","0:05:59","2:41:53","0:06:32","1:45:49","1015","902","129","1885","1258","1014","134","1224","1076","152","1015","902","129","19215","2402","359","9713","392","6349"
"717","Caroline Gentsch","Female","Moritzburg","Sachsen","DE","F18-24","FIN","5:20:17","0:40:46","0:04:47","2:41:45","0:04:06","1:48:53","1016","114","12","2365","1348","259","40","1201","142","14","1016","114","12","19217","2446","287","9705","246","6533"
"586","Björn Urbanek","Male","Leipzig","Sachsen","DE","M45-49","FIN","5:20:18","0:34:38","0:07:33","2:51:06","0:06:25","1:40:36","1017","903","115","2109","522","432","46","1393","1193","159","1017","903","115","19218","2078","453","10266","385","6036"
"2460","Sven Bernau","Male","Bochum","DE-NW","DE","M45-49","FIN","5:20:20","0:36:14","0:04:05","2:36:12","0:06:43","1:57:06","1018","904","116","2108","725","602","73","820","735","90","1018","904","116","19220","2174","245","9372","403","7026"
"1955","Peter Michael Ziemer","Male","Rostock","DE-foreigner","DE","M55-59","FIN","5:20:25","0:42:33","0:04:24","2:40:14","0:06:42","1:46:32","1019","905","62","2592","1558","1250","112","1195","1054","82","1019","905","62","19225","2553","264","9614","402","6392"
"301","Emily Klose","Female","Egelsbach","HESSEN","DE","F18-24","FIN","5:20:25","0:49:15","0:05:05","2:44:35","0:04:57","1:36:32","1020","115","13","2363","2057","476","70","1611","270","41","1020","115","13","19225","2955","305","9875","297","5792"
"1559","Patrick Prüfling","Male","Weiden in der Oberpfalz","Bavaria","DE","M35-39","FIN","5:20:26","0:39:00","0:05:39","2:39:24","0:05:10","1:51:13","1021","906","147","1789","1120","912","137","1075","950","151","1021","906","147","19226","2340","339","9564","310","6673"
"2273","Robert Beyer","Male","Dresden","SN","DE","M45-49","FIN","5:20:29","0:37:39","0:06:29","2:38:09","0:05:48","1:52:25","1022","907","117","2106","919","757","98","997","889","115","1022","907","117","19229","2259","389","9489","348","6745"
"518","Lars Kaufmann","Male","Snekkersten","Nordsjælland","DK","M60-64","FIN","5:20:30","0:38:09","0:05:47","2:26:35","0:08:12","2:01:47","1023","908","24","2627","1001","825","22","595","542","11","1023","908","24","19230","2289","347","8795","492","7307"
"617","Yvi Ortlepp","Female","Klagenfurt","","DE","F45-49","FIN","5:20:31","0:35:56","0:05:32","2:31:20","0:06:50","2:00:53","1024","116","16","2594","690","119","16","661","66","9","1024","116","16","19231","2156","332","9080","410","7253"
"2464","Jacek Łuczak","Male","Poznań","Wielkopolskie","PL","M55-59","FIN","5:20:33","0:40:16","0:05:19","2:45:25","0:05:53","1:43:41","1025","909","63","2589","1286","1039","93","1318","1145","93","1025","909","63","19233","2416","319","9925","353","6221"
"2327","Peter Anker","Male","Hildesheim","DE","DE","M55-59","FIN","5:20:37","0:37:13","0:04:19","2:41:03","0:06:35","1:51:27","1026","910","64","2588","857","710","61","1006","894","71","1026","910","64","19237","2233","259","9663","395","6687"
"163","Gesa Gleue","Female","Frankfurt","DE-HE","DE","F40-44","FIN","5:20:37","0:38:59","0:05:21","2:42:27","0:05:23","1:48:28","1027","117","11","2989","1118","208","15","1181","139","14","1027","117","11","19237","2339","321","9747","323","6508"
"1283","Michael Hofmann","Male","Leipzig","SN","DE","M40-44","FIN","5:20:38","0:44:19","0:06:00","2:34:56","0:04:59","1:50:25","1028","911","133","2059","1755","1391","178","1135","1004","144","1028","911","133","19238","2659","360","9296","299","6625"
"1293","Stefan Fabig","Male","Leipzig","SACHSEN","DE","M40-44","FIN","5:20:38","0:38:14","0:04:04","2:32:21","0:05:34","2:00:26","1029","912","134","2059","1011","833","116","748","670","104","1029","912","134","19238","2294","244","9141","334","7226"
"804","Heke Mangelsdorff","Female","Rathenow / OT Semlin","BB","DE","F60-64","FIN","5:20:41","0:39:33","0:07:50","2:35:13","0:06:07","1:51:57","1030","118","1","3500","1195","228","5","1009","113","2","1030","118","1","19241","2373","470","9313","367","6717"
"2129","Torsten Otto","Male","Leipzig","Sachsen","DE","M50-54","FIN","5:20:42","0:39:04","0:06:38","2:39:24","0:07:40","1:47:57","1031","913","61","2266","1130","920","67","1120","990","71","1031","913","61","19242","2344","398","9564","460","6477"
"2095","Clarissa Werner","Female","Hebertshausen","BAYERN","DE","F25-29","FIN","5:20:42","0:39:27","0:05:27","2:31:53","0:05:07","1:58:48","1032","119","20","2447","1176","221","38","828","88","17","1032","119","20","19242","2367","327","9113","307","7128"
"1687","Torben Hecker","Male","Rosbach vor der Höhe","Hesse","DE","M50-54","FIN","5:20:48","0:40:44","0:08:20","2:42:36","0:06:18","1:42:50","1033","914","62","2264","1341","1084","83","1336","1158","85","1033","914","62","19248","2444","500","9756","378","6170"
"1491","Timo Sprengers","Male","Heeze","North Brabant","NL","M25-29","FIN","5:20:52","0:36:54","0:05:54","2:42:08","0:05:00","1:50:57","1034","915","115","2092","808","668","82","1111","983","126","1034","915","115","19252","2214","354","9728","300","6657"
"959","Holger Simon","Male","Schmalkalden","TH","DE","M40-44","FIN","5:20:52","0:36:25","0:07:26","2:40:00","0:05:54","1:51:07","1035","916","135","2054","746","617","80","1067","943","133","1035","916","135","19252","2185","446","9600","354","6667"
"532","Hamza Algothmi","Male","Jeddah","SA-02","SA","M18-24","FIN","5:20:57","0:39:17","0:05:07","2:42:46","0:06:14","1:47:32","1036","917","93","1833","1158","941","94","1194","1053","99","1036","917","93","19257","2357","307","9766","374","6452"
"2169","Lidia Stocker","Female","Dresden","SACHSEN","CH","F30-34","FIN","5:21:08","0:42:23","0:04:37","2:43:57","0:06:02","1:44:09","1037","120","28","2468","1544","305","56","1316","173","36","1037","120","28","19268","2543","277","9837","362","6249"
"1349","Niklas Mennebäck","Male","Hamburg","HAMBURG","DE","M30-34","FIN","5:21:09","0:38:37","0:07:18","2:35:52","0:05:54","1:53:29","1038","918","130","1869","1063","878","115","984","879","127","1038","918","130","19269","2317","438","9352","354","6809"
"1152","Niklas Wilhelmi","Male","Pößneck ","Thuringia","DE","M25-29","FIN","5:21:15","0:37:21","0:06:18","2:34:51","0:07:06","1:55:39","1039","919","116","2085","874","724","89","881","788","97","1039","919","116","19275","2241","378","9291","426","6939"
"1140","Margot Pletinckx","Female","Dendermonde","BE-VOV","BE","F30-34","FIN","5:21:20","0:36:44","0:05:27","2:46:42","0:05:19","1:47:09","1040","121","29","2465","789","137","28","1250","154","31","1040","121","29","19280","2204","327","10002","319","6429"
"1488","Tim Laurence Richter","Male","Chemnitz","Saxony","DE","M25-29","FIN","5:21:22","0:37:23","0:05:33","2:36:36","0:06:31","1:55:20","1041","920","117","2083","882","729","91","910","816","101","1041","920","117","19282","2243","333","9396","391","6920"
"1523","Malte Henning","Male","Hamburg","HH","DE","M35-39","FIN","5:21:24","0:38:08","0:04:43","2:39:12","0:05:25","1:53:57","1042","921","148","1771","998","822","123","989","883","141","1042","921","148","19284","2288","283","9552","325","6837"
"1278","Christian Parke","Male","Leipzig","Saxony","DE","M40-44","FIN","5:21:24","0:42:00","0:04:55","2:45:07","0:05:00","1:44:22","1043","922","136","2045","1484","1188","161","1353","1169","161","1043","922","136","19284","2520","295","9907","300","6262"
"1114","Bernd Wommer","Male","Markkleeberg","Sachsen","DE","M45-49","FIN","5:21:25","0:37:52","0:06:06","2:44:43","0:07:06","1:45:38","1044","923","118","2089","956","788","102","1246","1094","146","1044","923","118","19285","2272","366","9883","426","6338"
"1059","Claudia Schwarz","Female","Ditzingen","DE-BW","DE","F40-44","FIN","5:21:31","0:41:46","0:04:54","2:40:48","0:05:01","1:49:02","1045","122","12","2973","1462","291","26","1207","143","15","1045","122","12","19291","2506","294","9648","301","6542"
"2157","Lucas Paul Gemmel","Male","Limburgerhof","Rhineland-Palatinate","DE","M30-34","FIN","5:21:35","0:40:55","0:06:21","2:45:03","0:05:20","1:43:56","1046","924","131","1861","1361","1099","149","1364","1175","162","1046","924","131","19295","2455","381","9903","320","6236"
"1054","Ronny Helm","Male","Weißenfels","Saxony-Anhalt","DE","M45-49","FIN","5:21:39","0:37:32","0:06:31","2:34:21","0:06:20","1:56:54","1047","925","119","2085","906","747","94","879","786","102","1047","925","119","19299","2252","391","9261","380","7014"
"399","Tino Schmidt","Male","Schkeuditz","Sachsen","DE","M35-39","FIN","5:21:43","0:41:04","0:07:47","2:43:30","0:06:19","1:43:02","1048","926","149","1766","1376","1111","165","1366","1177","176","1048","926","149","19303","2464","467","9810","379","6182"
"1437","Ferdinand Scholz","Male","Annaberg-Buchholz","DE-SN","DE","M18-24","FIN","5:21:45","0:38:23","0:07:00","2:45:25","0:05:55","1:45:03","1049","927","94","1818","1033","851","84","1311","1140","108","1049","927","94","19305","2303","420","9925","355","6303"
"1947","Maximilian Anton","Male","Heusweiler","Saarland","DE","M30-34","FIN","5:21:46","0:41:36","0:05:50","2:33:38","0:07:37","1:53:04","1050","928","132","1858","1438","1155","156","968","867","125","1050","928","132","19306","2496","350","9218","457","6784"
"973","Juliane Seydel","Female","Leipzig","Saxony","DE","F40-44","FIN","5:21:47","0:37:38","0:05:39","2:49:28","0:06:10","1:42:51","1051","123","13","2968","917","162","12","1382","198","18","1051","123","13","19307","2258","339","10168","370","6171"
"159","Timo Kögel","Male","Bad Kösen","DE-ST","DE","M55-59","FIN","5:21:47","0:40:02","0:05:54","2:38:23","0:04:58","1:52:29","1052","929","65","2567","1256","1012","89","1085","957","76","1052","929","65","19307","2402","354","9503","298","6749"
"1511","Lorena Risse","Female","Leipzig","Saxony","DE","F25-29","FIN","5:21:47","0:41:52","0:06:34","2:48:38","0:04:50","1:39:54","1053","124","21","2428","1471","293","50","1537","245","41","1053","124","21","19307","2512","394","10118","290","5994"
"356","Matthias Heinz","Male","Leipzig","Sachsen","DE","M50-54","FIN","5:21:48","0:35:18","0:04:14","2:47:07","0:06:26","1:48:43","1054","930","63","2246","615","508","38","1177","1039","76","1054","930","63","19308","2118","254","10027","386","6523"
"221","Waldo Duin","Male","Tiel","","NL","M55-59","FIN","5:21:49","0:35:15","0:05:12","2:40:15","0:05:39","1:55:28","1055","931","66","2567","603","497","36","954","855","68","1055","931","66","19309","2115","312","9615","339","6928"
"1800","Ronny Voigt","Male","Stralsund","foreigner","DE","M35-39","FIN","5:21:52","0:36:54","0:04:06","2:40:53","0:06:33","1:53:26","1056","932","150","1763","810","669","105","986","881","140","1056","932","150","19312","2214","246","9653","393","6806"
"1604","Tino Haring","Male","Merseburg","foreigner","DE","M45-49","FIN","5:21:55","0:37:15","0:05:42","2:30:02","0:05:59","2:02:57","1057","933","120","2080","859","712","86","670","604","69","1057","933","120","19315","2235","342","9002","359","7377"
"452","Volker Kupke","Male","Willich","DE-NW","DE","M55-59","FIN","5:21:55","0:43:45","0:05:35","2:35:12","0:05:12","1:52:10","1058","934","67","2565","1694","1345","118","1096","968","77","1058","934","67","19315","2625","335","9312","312","6730"
"2182","Julian Jakob","Male","Dresden","Saxony","DE","M18-24","FIN","5:21:56","0:47:12","0:05:19","2:39:08","0:05:09","1:45:07","1059","935","95","1815","1948","1516","155","1335","1157","110","1059","935","95","19316","2832","319","9548","309","6307"
"2414","Kim Tamara Pielok","Female","Leinfelden-Echterdingen","Baden-Württemberg","DE","F25-29","FIN","5:22:02","0:37:01","0:05:35","2:39:04","0:04:58","1:55:24","1060","125","22","2423","828","144","23","981","105","18","1060","125","22","19322","2221","335","9544","298","6924"
"642","Daniel Berg","Male","Leipzig ","Sachsen ","DE","M40-44","FIN","5:22:03","0:40:01","0:09:28","2:36:22","0:07:23","1:48:49","1061","936","137","2033","1253","1010","137","1151","1017","146","1061","936","137","19323","2401","568","9382","443","6529"
"821","Conrad Schiefer","Male","Markkleeberg","DE-Saxony","DE","M35-39","FIN","5:22:04","0:41:28","0:05:36","2:34:24","0:05:48","1:54:48","1062","937","151","1759","1423","1145","170","977","873","139","1062","937","151","19324","2488","336","9264","348","6888"
"1248","Stan van Kranenburg","Male","Veenendaal","Utrecht","NL","M18-24","FIN","5:22:18","0:38:05","0:06:18","2:32:32","0:05:43","1:59:41","1063","938","96","1808","989","815","81","831","743","74","1063","938","96","19338","2285","378","9152","343","7181"
"2471","Mike Götze","Male","Berlin","DE-BE","DE","M50-54","FIN","5:22:23","0:40:34","0:06:48","2:37:00","0:08:43","1:49:17","1064","939","64","2235","1321","1067","82","1087","959","70","1064","939","64","19343","2434","408","9420","523","6557"
"1849","Marius Fimpel","Male","Reutlingen","Baden-Württemberg","DE","M25-29","FIN","5:22:24","0:42:00","0:04:49","2:38:15","0:06:04","1:51:15","1065","940","118","2064","1485","1189","150","1119","989","128","1065","940","118","19344","2520","289","9495","364","6675"
"1186","Stephan Sieprath","Male","Hamburg","HH","DE","M55-59","FIN","5:22:27","0:33:29","0:04:44","2:42:42","0:06:17","1:55:15","1066","941","68","2555","384","317","21","961","861","69","1066","941","68","19347","2009","284","9762","377","6915"
"1347","Maximilian Glass","Male","Celle","Lower Saxony","DE","M30-34","FIN","5:22:28","0:36:24","0:06:23","2:33:20","0:06:24","1:59:58","1067","942","133","1845","742","614","88","801","716","103","1067","942","133","19348","2184","383","9200","384","7198"
"2271","Robert Henker","Male","Leipzig","SN","DE","M35-39","FIN","5:22:28","0:41:40","0:05:45","2:28:35","0:06:24","2:00:03","1068","943","152","1752","1447","1161","171","796","711","116","1068","943","152","19348","2500","345","8915","384","7203"
"2228","Katrin Fricke","Female","Burgwedel","DE-NI","DE","F50-54","FIN","5:22:29","0:46:19","0:05:35","2:40:07","0:07:05","1:43:23","1069","126","3","2841","1900","412","27","1352","184","9","1069","126","3","19349","2779","335","9607","425","6203"
"2008","Meruan Tairi","Male","Zürich","Wipkingen","CH","M35-39","FIN","5:22:32","0:39:09","0:07:56","2:49:23","0:07:08","1:38:55","1070","944","153","1751","1142","929","142","1524","1284","199","1070","944","153","19352","2349","476","10163","428","5935"
"2131","Stefan Wachowiak","Male","Bad Klosterlausnitz","DE-TH","DE","M45-49","FIN","5:22:38","0:38:38","0:06:14","2:34:33","0:05:41","1:57:32","1071","945","121","2067","1065","879","115","908","814","105","1071","945","121","19358","2318","374","9273","341","7052"
"559","Lydia Kummich","Female","Dresden","Saxony","DE","F25-29","FIN","5:22:42","0:32:55","0:04:02","2:52:52","0:06:09","1:46:44","1072","127","23","2411","339","60","7","1284","162","27","1072","127","23","19362","1975","242","10372","369","6404"
"1527","Kjell Hiller","Male","Falkensee","DE-BB","DE","M18-24","FIN","5:22:43","0:31:47","0:05:29","2:43:43","0:07:14","1:54:30","1073","946","97","1801","237","195","20","964","863","80","1073","946","97","19363","1907","329","9823","434","6870"
"1601","Florenz Wöhler","Male","Berlin","Berlin","DE","M30-34","FIN","5:22:44","0:43:21","0:05:38","2:39:21","0:06:10","1:48:13","1074","947","134","1841","1647","1313","174","1235","1085","153","1074","947","134","19364","2601","338","9561","370","6493"
"1981","Kim Geib","Male","Bad Vilbel","DE-HE","DE","M40-44","FIN","5:22:45","0:40:58","0:06:03","2:21:28","0:10:06","2:04:09","1075","948","138","2021","1366","1102","150","528","482","79","1075","948","138","19365","2458","363","8488","606","7449"
"1258","Timon Kleierl","Male","Amberg","Bayern","DE","M25-29","FIN","5:22:49","0:33:47","0:06:09","2:43:21","0:07:39","1:51:53","1076","949","119","2057","415","342","40","1041","923","116","1076","949","119","19369","2027","369","9801","459","6713"
"1307","Julian Kaß","Male","Borken","North Rhine-Westphalia","DE","M18-24","FIN","5:22:50","0:37:30","0:07:01","2:49:41","0:06:46","1:41:52","1077","950","98","1799","900","744","75","1427","1218","118","1077","950","98","19370","2250","421","10181","406","6112"
"187","Ann-Kathrin Sauer","Female","Usingen","DE-HE","DE","F35-39","FIN","5:22:51","0:28:31","0:03:55","2:43:04","0:05:03","2:02:18","1078","128","21","2489","77","16","2","779","83","17","1078","128","21","19371","1711","235","9784","303","7338"
"1757","Frank Samsel","Male","Saarbrücken","DE-SL","DE","M55-59","FIN","5:22:53","0:38:57","0:04:55","2:30:17","0:06:26","2:02:19","1079","951","69","2547","1113","908","79","725","653","44","1079","951","69","19373","2337","295","9017","386","7339"
"683","Andrea Reinhold","Female","Tangermuende","ST","DE","F55-59","FIN","5:22:55","0:39:39","0:05:11","2:45:29","0:05:11","1:47:25","1080","129","2","3314","1210","234","8","1296","166","6","1080","129","2","19375","2379","311","9929","311","6445"
"2013","Christian Schwartze","Male","Ettersburg","Thuringia","DE","M45-49","FIN","5:22:57","0:37:09","0:05:20","2:35:27","0:06:34","1:58:28","1081","952","122","2061","846","700","85","861","769","97","1081","952","122","19377","2229","320","9327","394","7108"
"2063","Leif Geiger","Male","Frankfurt a.M.","Hesse","DE","M45-49","FIN","5:22:59","0:38:00","0:07:29","2:32:50","0:04:46","1:59:54","1082","953","123","2061","976","803","104","875","782","101","1082","953","123","19379","2280","449","9170","286","7194"
"2203","Phillip Preiß","Male","Magdeburg","DE-ST","DE","M25-29","FIN","5:23:01","0:44:19","0:06:44","2:40:55","0:04:46","1:46:17","1083","954","120","2053","1754","1390","190","1348","1165","150","1083","954","120","19381","2659","404","9655","286","6377"
"552","Ann-Marie Amthor","Female","Leipzig","Saxony","DE","F25-29","FIN","5:23:06","0:41:50","0:05:20","2:48:59","0:05:24","1:41:33","1084","130","24","2404","1466","292","49","1509","232","39","1084","130","24","19386","2510","320","10139","324","6093"
"1964","Andreas Savenkov","Male","Dresden","SN","DE","M35-39","FIN","5:23:06","0:40:59","0:07:46","2:37:26","0:06:28","1:50:27","1085","955","154","1741","1368","1104","163","1164","1027","161","1085","955","154","19386","2459","466","9446","388","6627"
"1065","Guido Herren","Male","Bad Vilbel","HE","DE","M55-59","FIN","5:23:07","0:40:47","0:09:44","2:40:58","0:07:17","1:44:20","1086","956","70","2543","1352","1092","96","1331","1155","95","1086","956","70","19387","2447","584","9658","437","6260"
"638","Mika Liefting","Male","Zijdewind","NL-NH","NL","M18-24","FIN","5:23:15","0:40:29","0:04:47","2:48:06","0:06:21","1:43:32","1087","957","99","1791","1305","1053","107","1395","1194","114","1087","957","99","19395","2429","287","10086","381","6212"
"577","Martin Tschapke","Male","Leipzig","DE-SN","DE","M35-39","FIN","5:23:16","0:45:12","0:13:36","2:36:32","0:09:39","1:38:17","1088","958","155","1738","1816","1433","210","1477","1257","192","1088","958","155","19396","2712","816","9392","579","5897"
"2075","Jan Czirnich","Male","Aschaffenburg","Bavaria","DE","M50-54","FIN","5:23:18","0:38:59","0:05:48","2:32:45","0:05:39","2:00:06","1089","959","65","2219","1119","911","65","851","759","55","1089","959","65","19398","2339","348","9165","339","7206"
"2285","Kamil Kiljanski","Male","Brussels","","AQ","M50-54","FIN","5:23:18","0:41:23","0:06:34","2:34:38","0:06:22","1:54:21","1090","960","66","2219","1415","1139","87","1007","895","65","1090","960","66","19398","2483","394","9278","382","6861"
"691","Malte Schönert","Male","Leipzig","Saxony","DE","M25-29","FIN","5:23:23","0:38:45","0:10:34","2:40:49","0:07:17","1:45:58","1091","961","121","2046","1083","889","115","1290","1127","142","1091","961","121","19403","2325","634","9649","437","6358"
"1334","Michael Riemer","Male","Leipzig - Alt-West","Saxony","DE","M45-49","FIN","5:23:24","0:37:22","0:05:18","2:40:35","0:04:27","1:55:42","1092","962","124","2053","877","726","88","1038","920","121","1092","962","124","19404","2242","318","9635","267","6942"
"1581","Jacob Armbruster","Male","Leipzig","Saxony","DE","M18-24","FIN","5:23:26","0:42:20","0:05:30","2:44:30","0:04:44","1:46:22","1093","963","100","1788","1539","1236","126","1365","1176","113","1093","963","100","19406","2540","330","9870","284","6382"
"1061","Michael Pfüller","Male","Leipzig","Saxony","DE","M45-49","FIN","5:23:26","0:43:11","0:05:33","2:44:43","0:05:16","1:44:45","1094","964","125","2053","1634","1304","167","1401","1200","161","1094","964","125","19406","2591","333","9883","316","6285"
"1497","Marco Pätzold Demuth","Male","St. Blasien","DE-BW","DE","M35-39","FIN","5:23:28","0:40:40","0:05:52","2:36:09","0:07:08","1:53:39","1095","965","156","1734","1332","1077","161","1014","900","145","1095","965","156","19408","2440","352","9369","428","6819"
"1315","Sebastian Mayer","Male","Frankfurt am Main","Hesse","DE","M40-44","FIN","5:23:28","0:37:45","0:05:32","2:41:27","0:04:33","1:54:10","1096","966","139","2008","940","774","108","1103","975","138","1096","966","139","19408","2265","332","9687","273","6850"
"671","Martin Kamen","Male","Naunhof","DE","DE","M35-39","FIN","5:23:28","0:43:22","0:06:25","2:43:11","0:05:29","1:45:02","1097","967","157","1734","1650","1316","193","1387","1188","178","1097","967","157","19408","2602","385","9791","329","6302"
"400","Sheila Recken","Female","Weiler-la-Tour","LU-LU","LU","F40-44","FIN","5:23:32","0:32:32","0:05:35","2:50:10","0:08:36","1:46:38","1098","131","14","2936","300","53","4","1233","150","17","1098","131","14","19412","1952","335","10210","516","6398"
"1058","Arne Escher","Male","Weißenfels","Saxony-Anhalt","DE","M50-54","FIN","5:23:34","0:43:03","0:09:19","2:34:15","0:08:27","1:48:30","1099","968","67","2214","1615","1290","105","1174","1037","75","1099","968","67","19414","2583","559","9255","507","6510"
"1528","Anton Reuter","Male","Stralsund","DE-MV","DE","M25-29","FIN","5:23:35","0:40:35","0:04:14","2:38:01","0:04:21","1:56:23","1100","969","122","2043","1324","1070","132","1024","908","114","1100","969","122","19415","2435","254","9481","261","6983"
"411","Martin Fricke","Male","Markkleeberg","SN","DE","M45-49","FIN","5:23:38","0:41:28","0:07:05","2:37:20","0:05:06","1:52:40","1101","970","126","2049","1424","1146","147","1152","1018","135","1101","970","126","19418","2488","425","9440","306","6760"
"1088","Mathias Helt","Male","Freyburg","SACHSEN-ANHALT","DE","M45-49","FIN","5:23:40","0:38:30","0:06:51","2:41:06","0:06:37","1:50:36","1102","971","127","2048","1048","865","112","1171","1034","137","1102","971","127","19420","2310","411","9666","397","6636"
"1530","Willemijn Sassen","Female","Groningen","Groningen","NL","F18-24","FIN","5:23:43","0:37:22","0:05:39","2:36:36","0:06:41","1:57:24","1103","132","14","2303","878","152","19","917","95","9","1103","132","14","19423","2242","339","9396","401","7044"
"2428","Lilli Baumgart","Female","Wolfratshausen","Bavaria","DE","F18-24","FIN","5:23:44","0:38:17","0:05:22","2:48:02","0:05:49","1:46:14","1104","133","15","2303","1022","179","25","1337","179","22","1104","133","15","19424","2297","322","10082","349","6374"
"2185","Albrecht Voigt","Male","Freiberg","Saxony","DE","M25-29","FIN","5:23:45","0:40:44","0:06:21","2:48:19","0:06:50","1:41:31","1105","972","123","2040","1342","1085","136","1481","1261","162","1105","972","123","19425","2444","381","10099","410","6091"
"1343","Heiko Kolditz","Male","Merseburg","Saxony-Anhalt","DE","M40-44","FIN","5:23:50","0:41:41","0:06:13","2:44:32","0:05:53","1:45:32","1106","973","140","2001","1448","1162","157","1369","1178","162","1106","973","140","19430","2501","373","9872","353","6332"
"1236","Manfred Steuber","Male","Melsungen","Hessen","DE","M55-59","FIN","5:23:55","0:31:09","0:04:44","2:36:33","0:05:57","2:05:33","1107","974","71","2529","192","156","9","648","586","37","1107","974","71","19435","1869","284","9393","357","7533"
"988","Juliane Skupin","Female","Leipzig","Sachsen","DE","F35-39","FIN","5:23:56","0:41:19","0:05:49","2:50:23","0:06:20","1:40:05","1108","134","22","2469","1404","274","42","1551","250","39","1108","134","22","19436","2479","349","10223","380","6005"
"1912","Markus Schmid","Male","Uhingen","Baden-Württemberg","DE","M55-59","FIN","5:23:57","0:40:01","0:06:20","2:47:48","0:06:10","1:43:37","1109","975","72","2528","1254","1011","88","1425","1216","103","1109","975","72","19437","2401","380","10068","370","6217"
"493","Janin Kaup","Female","Adelsheim ","BW","DE","F30-34","FIN","5:24:00","0:36:32","0:04:48","2:52:32","0:04:50","1:45:18","1110","135","30","2417","760","132","27","1416","207","42","1110","135","30","19440","2192","288","10352","290","6318"
"416","Florian Felix Köhler","Male","Leipzig","Saxony","DE","M18-24","FIN","5:24:02","0:30:15","0:04:33","2:48:44","0:04:43","1:55:47","1111","976","101","1777","144","115","13","1056","935","85","1111","976","101","19442","1815","273","10124","283","6947"
"2447","Martin Fischer","Male","Dietzenbach","Hessen","DE","M45-49","FIN","5:24:03","0:36:56","0:05:44","2:46:25","0:06:00","1:48:58","1112","977","128","2042","819","677","82","1260","1105","149","1112","977","128","19443","2216","344","9985","360","6538"
"2012","Lukas Trageser","Male","Freigericht","HESSEN","DE","M30-34","FIN","5:24:05","0:37:23","0:05:15","2:34:25","0:05:34","2:01:28","1113","978","135","1816","881","728","100","836","747","106","1113","978","135","19445","2243","315","9265","334","7288"
"396","Izaak Pels","Male","Amsterdam","NL-NH","NL","M30-34","FIN","5:24:05","0:38:13","0:05:45","2:42:12","0:06:06","1:51:49","1114","979","136","1816","1008","830","109","1163","1026","145","1114","979","136","19445","2293","345","9732","366","6709"
"1835","Jakob Chrost","Male","Münster","DE-NORDRHEIN-WESTFALEN","DE","M25-29","FIN","5:24:11","0:37:56","0:04:36","2:39:39","0:05:32","1:56:28","1115","980","124","2032","964","793","101","995","887","111","1115","980","124","19451","2276","276","9579","332","6988"
"2166","Sebastian Wulff","Male","Bückeburg","Lower Saxony","DE","M40-44","FIN","5:24:15","0:39:23","0:06:50","2:43:27","0:06:03","1:48:31","1116","981","141","1994","1168","950","126","1278","1119","156","1116","981","141","19455","2363","410","9807","363","6511"
"984","Paul Elias Woitas","Male","Bad Homburg","Hesse","DE","M18-24","FIN","5:24:16","0:37:25","0:04:06","2:32:02","0:04:26","2:06:17","1117","982","102","1773","888","733","73","703","633","59","1117","982","102","19456","2245","246","9122","266","7577"
"478","Lynn Buningh","Female","Den Haag ","South Holland","NL","F18-24","FIN","5:24:17","0:50:06","0:04:46","2:42:51","0:04:51","1:41:44","1118","136","16","2293","2084","489","74","1560","253","38","1118","136","16","19457","3006","286","9771","291","6104"
"385","Natascha Wendler","Female","Leipzig","Saxony","DE","F25-29","FIN","5:24:22","0:34:18","0:03:36","2:45:30","0:05:13","1:55:44","1119","137","25","2381","473","80","14","1048","120","19","1119","137","25","19462","2058","216","9930","313","6944"
"1165","Heike Darnstedt","Female","Markkleeberg","SN","DE","F55-59","FIN","5:24:26","0:41:36","0:04:17","2:36:24","0:05:48","1:56:20","1120","138","3","3287","1437","283","11","998","109","3","1120","138","3","19466","2496","257","9384","348","6980"
"343","Dr. Martin Dinse","Male","Leipzig","Sachsen","DE","M60-64","FIN","5:24:29","0:35:51","0:04:31","2:32:30","0:04:13","2:07:24","1121","983","25","2555","678","562","14","664","598","14","1121","983","25","19469","2151","271","9150","253","7644"
"1365","Christian Straube","Male","Leuna","Saxony-Anhalt","DE","M45-49","FIN","5:24:30","0:41:17","0:06:54","2:33:50","0:07:19","1:55:09","1122","984","129","2033","1401","1130","144","988","882","112","1122","984","129","19470","2477","414","9230","439","6909"
"822","Paul Rudolph","Male","Rudolstadt","DE-TH","DE","M18-24","FIN","5:24:31","0:43:12","0:06:56","2:43:55","0:06:13","1:44:15","1123","985","103","1769","1637","1306","131","1423","1214","117","1123","985","103","19471","2592","416","9835","373","6255"
"662","Kaja Terlikar","Female","Markkleberg","DE-SACHSEN","SI","F40-44","FIN","5:24:31","0:32:27","0:05:34","2:55:38","0:05:38","1:45:14","1124","139","15","2919","297","51","3","1411","205","20","1124","139","15","19471","1947","334","10538","338","6314"
"737","Larissa Schweizer","Female","Berghülen","Baden-Württemberg","DE","F30-34","FIN","5:24:38","0:36:47","0:04:52","2:55:15","0:04:51","1:42:52","1125","140","31","2405","795","139","29","1531","243","48","1125","140","31","19478","2207","292","10515","291","6172"
"1662","Jessica Gottschalk","Female","Berlin","DE-BE","DE","F30-34","FIN","5:24:44","0:34:39","0:04:35","2:49:11","0:05:19","1:50:59","1126","141","32","2404","525","93","20","1241","152","30","1126","141","32","19484","2079","275","10151","319","6659"
"1092","Bjerke Engelhardt","Male","Parow","Mecklenburg-West Pomerania","DE","M18-24","FIN","5:24:53","0:45:00","0:05:00","2:24:53","0:05:58","2:04:03","1127","986","104","1762","1807","1427","142","759","681","67","1127","986","104","19493","2700","300","8693","358","7443"
"696","Mateo Fischer","Male","Stuttgart","BADEN-WURTTEMBERG","DE","M18-24","FIN","5:24:54","0:39:57","0:06:48","2:41:26","0:06:02","1:50:40","1128","987","105","1762","1249","1007","103","1228","1080","100","1128","987","105","19494","2397","408","9686","362","6640"
"1320","Andrii Pogorielov","Male","Heidelberg","BW","UA","M30-34","FIN","5:25:00","0:36:33","0:05:55","2:43:27","0:07:00","1:52:06","1129","988","137","1800","761","629","92","1155","1020","143","1129","988","137","19500","2193","355","9807","420","6726"
"2191","Simon Milski","Male","Bremen","Bremen","DE","M25-29","FIN","5:25:09","0:38:09","0:04:30","2:40:09","0:07:43","1:54:38","1130","989","125","2015","1002","826","110","1020","905","113","1130","989","125","19509","2289","270","9609","463","6878"
"1739","Gian Luca Mahnken","Male","Wurster Nordseeküste","DE-Lower Saxony","DE","M25-29","FIN","5:25:10","0:41:13","0:05:52","2:38:33","0:05:54","1:53:39","1131","990","126","2014","1393","1124","140","1145","1012","131","1131","990","126","19510","2473","352","9513","354","6819"
"531","Christian Adam","Male","Leipzig","Saxony","DE","M40-44","FIN","5:25:14","0:42:53","0:05:10","2:45:58","0:06:22","1:44:50","1132","991","142","1976","1595","1274","168","1420","1212","168","1132","991","142","19514","2573","310","9958","382","6290"
"1041","Sofie Delasorte","Female","Zwijnaarde","OOST-VLAANDEREN","BE","F40-44","FIN","5:25:19","0:34:43","0:03:43","2:42:47","0:05:06","1:59:00","1133","142","16","2904","531","94","7","971","103","11","1133","142","16","19519","2083","223","9767","306","7140"
"2149","Frank Fischer","Male","Leisnig","DE-SN","DE","M40-44","FIN","5:25:20","0:40:36","0:06:13","2:29:05","0:07:02","2:02:24","1134","992","143","1974","1325","1071","147","791","706","111","1134","992","143","19520","2436","373","8945","422","7344"
"721","Pauline Ufer","Female","Leipzig","Saxony","DE","F25-29","FIN","5:25:20","0:38:58","0:03:35","2:45:03","0:03:53","1:53:51","1135","143","26","2364","1116","206","35","1211","146","23","1135","143","26","19520","2338","215","9903","233","6831"
"1630","Ralf Bachmann","Male","Emden","DE-NIEDERSACHSEN","DE","M55-59","FIN","5:25:20","0:44:56","0:03:36","2:30:40","0:07:00","1:59:09","1136","993","73","2503","1803","1424","125","901","807","61","1136","993","73","19520","2696","216","9040","420","7149"
"2112","Mirko Köhler","Male","Freiberg","DE-Saxony","DE","M50-54","FIN","5:25:22","0:42:51","0:06:43","2:37:44","0:06:21","1:51:44","1137","994","68","2182","1588","1268","98","1200","1059","79","1137","994","68","19522","2571","403","9464","381","6704"
"1667","Sven Janssen","Male","Halstenbek","Schleswig-Holstein","DE","M35-39","FIN","5:25:22","0:42:18","0:06:23","2:45:51","0:05:05","1:45:46","1138","995","158","1700","1531","1228","181","1438","1228","186","1138","995","158","19522","2538","383","9951","305","6346"
"1311","Steve Guhr","Male","Leipzig","Saxony","DE","M35-39","FIN","5:25:27","0:36:58","0:05:49","2:45:41","0:04:57","1:52:02","1139","996","159","1698","822","680","107","1243","1091","167","1139","996","159","19527","2218","349","9941","297","6722"
"1113","Sandra Peczkowski","Female","Wolfsburg","DE-NI","DE","F30-34","FIN","5:25:35","0:41:18","0:05:21","2:43:40","0:08:20","1:46:56","1140","144","33","2388","1403","273","53","1295","165","34","1140","144","33","19535","2478","321","9820","500","6416"
"1484","Nicole Mareike Seitz","Female","Rüsselsheim-Königstädten","DE-HE","DE","F18-24","FIN","5:25:36","0:43:46","0:07:17","2:28:39","0:08:42","1:57:12","1141","145","17","2270","1697","351","56","921","96","10","1141","145","17","19536","2626","437","8919","522","7032"
"485","Florian Scherer","Male","Oberickelsheim","Bavaria","DE","M35-39","FIN","5:25:37","0:39:30","0:08:59","2:49:18","0:08:58","1:38:51","1142","997","160","1695","1186","963","145","1562","1309","200","1142","997","160","19537","2370","539","10158","538","5931"
"1107","Carsten Hennig","Male","Bad Berleburg","NW","DE","M55-59","FIN","5:25:37","0:30:40","0:06:36","2:35:06","0:08:04","2:05:11","1143","998","74","2498","169","138","7","645","585","36","1143","998","74","19537","1840","396","9306","484","7511"
"955","Kristin Bosniatzki","Female","Leipzig","Saxony","DE","F35-39","FIN","5:25:37","0:41:40","0:06:47","2:40:23","0:05:19","1:51:28","1144","146","23","2439","1446","286","45","1249","153","25","1144","146","23","19537","2500","407","9623","319","6688"
"520","Ralf Seifert","Male","Peine","NIEDERSACHSEN","DE","M45-49","FIN","5:25:39","0:36:04","0:04:37","2:43:01","0:08:08","1:53:50","1145","999","130","2013","704","584","70","1059","938","125","1145","999","130","19539","2164","277","9781","488","6830"
"2424","Stefan Glaubrecht","Male","Markkleeberg","Saxony","DE","M45-49","FIN","5:25:39","0:39:15","0:07:15","2:39:54","0:07:43","1:51:33","1146","1000","131","2013","1151","937","121","1168","1031","136","1146","1000","131","19539","2355","435","9594","463","6693"
"578","Holger Sachse","Male","Böhlen","Saxony","DE","M50-54","FIN","5:25:42","0:40:34","0:08:54","2:30:06","0:06:25","1:59:44","1147","1001","69","2176","1320","1066","81","914","820","58","1147","1001","69","19542","2434","534","9006","385","7184"
"893","Sebastian Möller","Male","Leipzig","SACHSEN","DE","M45-49","FIN","5:25:43","0:36:55","0:05:58","2:35:21","0:05:35","2:01:54","1148","1002","132","2012","812","670","80","873","780","100","1148","1002","132","19543","2215","358","9321","335","7314"
"2508","Fabian Grundt","Male","Michendorf ","BRANDENBURG","DE","M35-39","FIN","5:25:46","0:45:33","0:05:27","2:43:40","0:05:11","1:45:55","1149","1003","161","1693","1845","1453","215","1444","1232","188","1149","1003","161","19546","2733","327","9820","311","6355"
"790","Jasper Jonitz","Male","Stuttgart","Baden-Württemberg","DE","M25-29","FIN","5:25:47","0:38:00","0:06:32","2:39:45","0:08:24","1:53:06","1150","1004","127","2003","977","804","104","1083","955","120","1150","1004","127","19547","2280","392","9585","504","6786"
"770","Janice Drews","Female","Köln","DE-NW","DE","F30-34","FIN","5:25:50","0:35:29","0:04:27","2:53:58","0:04:20","1:47:36","1151","147","34","2384","637","111","23","1417","208","43","1151","147","34","19550","2129","267","10438","260","6456"
"323","Florian Zorn","Female","Leonberg","foreigner","DE","M40-44","FIN","5:25:54","0:33:02","0:04:29","2:43:43","0:05:52","1:58:48","1152","1005","144","1964","344","281","33","972","869","127","1152","1005","144","19554","1982","269","9823","352","7128"
"1222","Axel Mayer","Male","Mistorf OT Käselow","DE-MV","DE","M55-59","FIN","5:25:58","0:37:48","0:06:30","2:43:01","0:06:38","1:52:01","1153","1006","75","2492","948","782","66","1203","1061","83","1153","1006","75","19558","2268","390","9781","398","6721"
"965","Jordan Puente","Male","Reading","GB-RDG","GB","M25-29","FIN","5:26:00","0:44:28","0:04:38","2:28:28","0:04:42","2:03:44","1154","1007","128","1999","1769","1402","193","854","762","93","1154","1007","128","19560","2668","278","8908","282","7424"
"326","Vera Schinnerl","Female","Riemerling","DE-DE-BY","DE","F50-54","FIN","5:26:07","0:40:24","0:05:22","2:48:17","0:05:11","1:46:54","1155","148","4","2776","1302","252","12","1421","209","12","1155","148","4","19567","2424","322","10097","311","6414"
"1169","Robin Schoepke","Male","Leipzig","Sachsen","DE","M40-44","FIN","5:26:09","0:45:25","0:04:46","2:30:25","0:08:09","1:57:23","1156","1008","145","1959","1837","1448","188","951","852","124","1156","1008","145","19569","2725","286","9025","489","7043"
"300","Chris Konscholke","Male","Braunschweig","Niedersachsen","DE","M30-34","FIN","5:26:12","0:33:43","0:05:06","2:41:32","0:05:09","2:00:42","1157","1009","138","1778","409","337","59","941","843","121","1157","1009","138","19572","2023","306","9692","309","7242"
"800","Christine Degenhardt","Female","Budenheim","DE-RP","DE","F50-54","FIN","5:26:14","0:38:36","0:05:46","2:41:39","0:07:29","1:52:43","1158","149","5","2774","1061","185","9","1159","136","6","1158","149","5","19574","2316","346","9699","449","6763"
"1948","Karl Wenegger","Male","Zeltweg","AT-6","AT","M60-64","FIN","5:26:21","0:42:17","0:06:45","2:38:39","0:06:21","1:52:19","1159","1010","26","2522","1528","1225","39","1215","1069","30","1159","1010","26","19581","2537","405","9519","381","6739"
"1328","Ralf Bielert","Male","Erding","BAYERN","DE","M35-39","FIN","5:26:27","0:47:37","0:06:31","2:31:27","0:05:55","1:54:58","1160","1011","162","1680","1974","1532","228","1142","1010","157","1160","1011","162","19587","2857","391","9087","355","6898"
"838","Rebecca Schaefer","Female","La Jolla","CA","DE","F35-39","FIN","5:26:35","0:34:38","0:04:30","2:48:02","0:06:24","1:53:01","1161","150","24","2422","521","90","17","1193","141","24","1161","150","24","19595","2078","270","10082","384","6781"
"1805","Marek Borkowski","Male","Lensahn","SH","DE","M18-24","FIN","5:26:36","0:33:32","0:06:57","2:44:15","0:05:43","1:56:11","1162","1012","106","1731","392","323","37","1101","973","92","1162","1012","106","19596","2012","417","9855","343","6971"
"2482","Max Plack","Male","Hannover","Lower Saxony","DE","M30-34","FIN","5:26:40","0:43:09","0:06:27","2:33:08","0:05:41","1:58:15","1163","1013","139","1770","1631","1302","171","1017","903","131","1163","1013","139","19600","2589","387","9188","341","7095"
"830","Christian Kurth","Male","Leipzig","SN","DE","F40-44","FIN","5:26:41","0:40:06","0:05:09","2:42:59","0:05:40","1:52:47","1164","151","17","2880","1266","245","21","1230","149","16","1164","151","17","19601","2406","309","9779","340","6767"
"2502","Nicky Meissner","Male","Dessau-Rosslau","Sachsen-Anhalt","DE","M45-49","FIN","5:26:46","0:37:32","0:06:02","2:38:51","0:05:03","1:59:18","1165","1014","133","1993","907","748","95","1002","892","116","1165","1014","133","19606","2252","362","9531","303","7158"
"1012","Michael Völkl","Male","Hilpoltstein","Bavaria","DE","M45-49","FIN","5:26:48","0:35:02","0:05:49","2:35:27","0:07:11","2:03:19","1166","1015","134","1992","575","473","52","812","727","87","1166","1015","134","19608","2102","349","9327","431","7399"
"1172","Philip Kraatz","Male","Nienhagen","DE-NI","DE","M35-39","FIN","5:26:48","0:34:28","0:05:14","2:33:22","0:05:48","2:07:57","1167","1016","163","1674","497","413","64","676","610","103","1167","1016","163","19608","2068","314","9202","348","7677"
"271","Jan Szybalski","Male","Goldbach","Bavaria","DE","M35-39","FIN","5:26:49","0:42:20","0:07:21","2:37:57","0:06:59","1:52:11","1168","1017","164","1674","1537","1234","183","1213","1067","166","1168","1017","164","19609","2540","441","9477","419","6731"
"1572","Patrick Van de Vijver","Male","Veldhoven","NOORD-BRABANT","NL","M55-59","FIN","5:26:54","0:42:14","0:06:06","2:30:27","0:06:36","2:01:31","1169","1018","76","2475","1522","1221","110","887","794","58","1169","1018","76","19614","2534","366","9027","396","7291"
"1715","Maximilian Wolf","Male","Frankfurt am Main","HE","DE","M25-29","FIN","5:26:56","0:39:15","0:05:35","2:39:23","0:06:09","1:56:34","1170","1019","129","1982","1154","939","121","1079","953","119","1170","1019","129","19616","2355","335","9563","369","6994"
"2405","Timo Wesemann","Male","Braunschweig","NI","DE","M35-39","FIN","5:26:56","0:32:46","0:03:39","2:46:52","0:06:06","1:57:34","1171","1020","165","1672","326","272","43","1040","922","148","1171","1020","165","19616","1966","219","10012","366","7054"
"298","Kevin Faßbender-Ihring","Male","Stuttgart","BW","DE","M40-44","FIN","5:26:57","0:36:28","0:04:42","2:46:31","0:08:01","1:51:14","1172","1021","146","1945","752","622","81","1216","1070","152","1172","1021","146","19617","2188","282","9991","481","6674"
"299","Verena Ihring","Female","Stuttgart","BW","DE","F35-39","FIN","5:27:01","0:40:55","0:06:31","2:48:16","0:05:47","1:45:32","1173","152","25","2414","1362","263","41","1495","224","35","1173","152","25","19621","2455","391","10096","347","6332"
"2308","Willem De Kolk","Male","Eindhoven","Noord brabant","NL","M25-29","FIN","5:27:03","0:48:45","0:06:39","2:37:41","0:05:57","1:48:01","1174","1022","130","1980","2038","1570","223","1389","1190","156","1174","1022","130","19623","2925","399","9461","357","6481"
"1704","Caroline Weber","Female","Hamburg","Hamburg","DE","F40-44","FIN","5:27:03","0:33:00","0:05:16","2:42:51","0:06:54","1:59:03","1175","153","18","2873","342","62","5","969","102","10","1175","153","18","19623","1980","316","9771","414","7143"
"2019","Kelli Cochran","Female","Leipzig","SACHSEN","US","F40-44","FIN","5:27:05","0:43:26","0:05:52","2:47:06","0:04:45","1:45:56","1176","154","19","2873","1660","340","32","1521","239","22","1176","154","19","19625","2606","352","10026","285","6356"
"2453","Nick Fischer","Male","Merseburg","DE-ST","DE","M25-29","FIN","5:27:05","0:42:04","0:05:53","2:42:29","0:05:40","1:50:59","1177","1023","131","1980","1494","1196","152","1301","1133","146","1177","1023","131","19625","2524","353","9749","340","6659"
"2090","Wilhelm Lohmann","Male","Schönebeck","ST","DE","M50-54","FIN","5:27:10","0:41:14","0:04:30","2:29:45","0:09:32","2:02:10","1178","1024","70","2149","1395","1126","86","778","696","50","1178","1024","70","19630","2474","270","8985","572","7330"
"149","Paulo Da Cruz","Male","Reinbek","DE-SH","DE","M55-59","FIN","5:27:14","0:39:30","0:04:10","2:36:09","0:05:16","2:02:09","1179","1025","77","2469","1187","964","86","923","826","64","1179","1025","77","19634","2370","250","9369","316","7329"
"2364","Pascal Stoever","Male","Moritzburg","Saxony","DE","M25-29","FIN","5:27:15","0:44:26","0:07:37","2:47:42","0:06:39","1:40:52","1180","1026","132","1977","1764","1398","192","1639","1358","177","1180","1026","132","19635","2666","457","10062","399","6052"
"1022","Olexiy Dnyshchenko","Male","Solingen","NORDRHEIN-WESTFALEN","UA","M50-54","FIN","5:27:19","0:42:44","0:04:58","2:40:42","0:04:51","1:54:04","1181","1027","71","2147","1579","1263","97","1239","1088","82","1181","1027","71","19639","2564","298","9642","291","6844"
"1537","Hendrik Türpe","Male","Olbernhau","SN","DE","M45-49","FIN","5:27:19","0:35:17","0:04:44","2:37:54","0:04:40","2:04:44","1182","1028","135","1983","613","506","60","863","771","98","1182","1028","135","19639","2117","284","9474","280","7484"
"2278","Michael Ströhlein","Male","Neufahrn in Niederbayern","BY","DE","M25-29","FIN","5:27:21","0:38:13","0:05:04","2:41:34","0:05:45","1:56:45","1183","1029","133","1975","1009","831","112","1109","981","125","1183","1029","133","19641","2293","304","9694","345","7005"
"904","Stefan Maibaum","Male","Halle","Saxony-Anhalt","DE","M25-29","FIN","5:27:22","0:37:20","0:05:10","2:41:18","0:06:10","1:57:23","1184","1030","134","1975","871","722","88","1065","942","118","1184","1030","134","19642","2240","310","9678","370","7043"
"846","Johann Eberlein","Male","Eilenburg","Saxony","DE","M30-34","FIN","5:27:24","0:40:18","0:05:14","2:41:38","0:05:50","1:54:24","1185","1031","140","1757","1292","1043","137","1191","1051","149","1185","1031","140","19644","2418","314","9698","350","6864"
"1017","Matthias Pfuhl","Male","Mansfeld","Sachsen-Anhalt","DE","M35-39","FIN","5:27:25","0:41:47","0:03:57","2:49:13","0:05:07","1:47:21","1186","1032","166","1663","1464","1173","174","1463","1248","191","1186","1032","166","19645","2507","237","10153","307","6441"
"1205","Sophie Persigehl","Female","Berlin","foreigner","DE","F25-29","FIN","5:27:26","0:41:06","0:03:42","2:46:02","0:05:25","1:51:12","1187","155","27","2326","1380","266","43","1313","172","31","1187","155","27","19646","2466","222","9962","325","6672"
"1532","Veerle van Vliet","Female","Groningen","Groningen","NL","F18-24","FIN","5:27:27","0:35:15","0:05:45","2:41:03","0:07:03","1:58:21","1188","156","18","2236","602","106","12","991","107","12","1188","156","18","19647","2115","345","9663","423","7101"
"1952","Christian Gers","Male","Hamburg","SH","DE","M40-44","FIN","5:27:32","0:36:57","0:05:59","2:44:29","0:07:01","1:53:05","1189","1033","147","1934","820","678","91","1204","1062","150","1189","1033","147","19652","2217","359","9869","421","6785"
"1969","Franz Peter","Male","Innsbruck","Tyrol","DE","M30-34","FIN","5:27:40","0:42:10","0:07:15","2:31:52","0:06:52","1:59:30","1190","1034","141","1752","1514","1213","163","975","871","126","1190","1034","141","19660","2530","435","9112","412","7170"
"983","Christina Diehl","Female","Frankfurt am Main","HE","DE","F45-49","FIN","5:27:45","0:34:28","0:03:23","2:39:13","0:04:26","2:06:15","1191","157","17","2464","499","86","12","837","90","14","1191","157","17","19665","2068","203","9553","266","7575"
"472","Martin Müller","Male","Borna","SN","DE","M40-44","FIN","5:27:54","0:41:12","0:05:00","2:42:13","0:04:46","1:54:42","1192","1035","148","1928","1392","1123","153","1240","1089","154","1192","1035","148","19674","2472","300","9733","286","6882"
"287","Steffen Schreiber","Male","Erlau","DE-SN","DE","M60-64","FIN","5:28:00","0:45:17","0:06:49","2:39:24","0:06:29","1:50:02","1193","1036","27","2492","1824","1438","48","1329","1153","37","1193","1036","27","19680","2717","409","9564","389","6602"
"2072","Arno Ruben Schleussner","Male","Berlin","Berlin","DE","M40-44","FIN","5:28:03","0:40:20","0:06:48","2:46:23","0:04:56","1:49:36","1194","1037","149","1925","1294","1044","142","1402","1201","166","1194","1037","149","19683","2420","408","9983","296","6576"
"1772","Amber Middelhoek","Female","The Hague","NL-ZH","NL","F30-34","FIN","5:28:04","0:36:23","0:04:33","2:39:26","0:04:51","2:02:52","1195","158","35","2344","740","128","25","942","99","20","1195","158","35","19684","2183","273","9566","291","7372"
"1553","Michael Sanftleben","Male","Rednitzhembach","BY","DE","M45-49","FIN","5:28:11","0:42:08","0:06:55","2:42:54","0:05:36","1:50:38","1196","1038","136","1967","1509","1208","154","1346","1164","157","1196","1038","136","19691","2528","415","9774","336","6638"
"1818","Dana Stamp","Female","Hamburg","Hamburg","DE","F30-34","FIN","5:28:13","0:45:29","0:04:45","2:46:43","0:05:51","1:45:25","1197","159","36","2341","1842","392","67","1532","244","49","1197","159","36","19693","2729","285","10003","351","6325"
"2532","Aurelio Soares","Male","Wolfsburg","NIEDERSACHSEN","BR","M40-44","FIN","5:28:20","0:37:57","0:04:35","2:41:06","0:06:48","1:57:54","1198","1039","150","1920","972","799","113","1058","937","132","1198","1039","150","19700","2277","275","9666","408","7074"
"2070","Christopher Vogt","Male","Köln","North Rhine-Westphalia","DE","M30-34","FIN","5:28:20","0:43:29","0:04:24","2:31:40","0:06:03","2:02:45","1199","1040","142","1740","1666","1325","176","912","818","118","1199","1040","142","19700","2609","264","9100","363","7365"
"1875","Jan Wabersky","Male","Braunschweig","DE-NIEDERSACHSEN","DE","M35-39","FIN","5:28:24","0:46:21","0:06:59","2:42:58","0:07:34","1:44:32","1200","1041","167","1645","1902","1490","223","1518","1281","198","1200","1041","167","19704","2781","419","9778","454","6272"
"2211","Robin Traphöner","Male","Stuttgart","Baden-Württemberg","DE","M25-29","FIN","5:28:29","0:38:50","0:04:59","2:40:59","0:06:25","1:57:16","1201","1042","135","1955","1100","899","116","1107","979","124","1201","1042","135","19709","2330","299","9659","385","7036"
"2145","Jens Franzke","Male","Stendal","ST","DE","M60-64","FIN","5:28:34","0:38:15","0:06:14","2:34:25","0:07:38","2:02:02","1202","1043","28","2482","1016","838","24","891","798","21","1202","1043","28","19714","2295","374","9265","458","7322"
"2162","Robert Specht","Male","Hörsel","Thüringen","DE","M45-49","FIN","5:28:35","0:36:25","0:08:32","2:46:32","0:07:08","1:49:58","1203","1044","137","1960","745","616","76","1328","1152","156","1203","1044","137","19715","2185","512","9992","428","6598"
"2382","Henry Wolf","Male","Chemnitz","SN","DE","M40-44","FIN","5:28:37","0:44:16","0:06:22","2:39:59","0:05:50","1:52:10","1204","1045","151","1915","1749","1385","175","1304","1135","157","1204","1045","151","19717","2656","382","9599","350","6730"
"1166","Tobias Heumann","Male","Dresden","SN","DE","M30-34","FIN","5:28:38","0:36:32","0:06:49","2:51:20","0:06:01","1:47:57","1205","1046","143","1734","759","628","91","1447","1233","166","1205","1046","143","19718","2192","409","10280","361","6477"
"1155","Jens Jauernig","Male","Bischofswerda","SN","DE","M50-54","FIN","5:28:42","0:46:36","0:08:23","2:37:01","0:06:54","1:49:48","1206","1047","72","2122","1917","1498","117","1351","1168","86","1206","1047","72","19722","2796","503","9421","414","6588"
"2392","Kira Hildebrandt","Female","Greifswald","MV","DE","F25-29","FIN","5:28:51","0:35:02","0:05:27","2:47:52","0:07:34","1:52:56","1207","160","28","2301","573","102","17","1237","151","25","1207","160","28","19731","2102","327","10072","454","6776"
"1066","Torsten Borauke","Male","Halle","SACHSEN-ANHALT","DE","M50-54","FIN","5:28:52","0:38:27","0:04:46","2:46:48","0:06:23","1:52:28","1208","1048","73","2119","1044","862","63","1288","1125","83","1208","1048","73","19732","2307","286","10008","383","6748"
"1624","Johanna Sophie Stender","Female","Korbach","Deutschland ","DE","F25-29","FIN","5:28:54","0:41:44","0:04:47","2:51:37","0:06:06","1:44:40","1209","161","29","2300","1454","288","48","1578","260","43","1209","161","29","19734","2504","287","10297","366","6280"
"2215","Maik Heinemann","Male","Kalbe/Milde","ST","DE","M55-59","FIN","5:28:54","0:43:03","0:05:13","2:50:04","0:06:00","1:44:34","1210","1049","78","2439","1614","1289","114","1588","1326","114","1210","1049","78","19734","2583","313","10204","360","6274"
"1561","Jann Priesemuth","Male","Berlin","BERLIN","DE","M25-29","FIN","5:29:04","0:35:58","0:07:27","2:48:44","0:08:05","1:48:50","1211","1050","136","1944","699","579","71","1358","1172","152","1211","1050","136","19744","2158","447","10124","485","6530"
"1933","Joanna Schreyer","Female","Jena","DE-TH","DE","F25-29","FIN","5:29:12","0:37:54","0:05:18","2:29:56","0:06:28","2:09:38","1212","162","30","2294","960","170","27","681","67","13","1212","162","30","19752","2274","318","8996","388","7778"
"2205","Michael Eckert","Male","Kiel","DE-Schleswig-holstein","DE","M25-29","FIN","5:29:13","0:41:22","0:07:38","2:46:20","0:05:45","1:48:06","1213","1051","137","1941","1412","1136","143","1480","1260","161","1213","1051","137","19753","2482","458","9980","345","6486"
"2540","Josephine Kless","Male","Radolfzell","DE-Baden-Württemberg","DE","F30-34","FIN","5:29:13","0:43:19","0:05:05","2:44:00","0:05:22","1:51:27","1214","163","37","2323","1646","334","59","1368","191","40","1214","163","37","19753","2599","305","9840","322","6687"
"649","Claudia Geißler","Female","Grimma","Sachsen","DE","F40-44","FIN","5:29:15","0:39:31","0:04:41","2:49:27","0:06:21","1:49:15","1215","164","20","2834","1189","224","19","1410","204","19","1215","164","20","19755","2371","281","10167","381","6555"
"1928","Christiane Ortlepp","Female","Berlin","BE","DE","F35-39","FIN","5:29:15","0:39:27","0:08:47","2:42:25","0:08:17","1:50:19","1216","165","26","2374","1178","222","36","1307","171","26","1216","165","26","19755","2367","527","9745","497","6619"
"946","Phillip Hettwer","Male","Leipzig","Saxony","DE","M18-24","FIN","5:29:16","0:39:20","0:05:59","2:59:01","0:06:23","1:38:34","1217","1052","107","1683","1164","946","95","1736","1422","138","1217","1052","107","19756","2360","359","10741","383","5914"
"1654","Sven Arens","Male","Griesheim","HESSEN","DE","M50-54","FIN","5:29:17","0:43:44","0:04:42","2:33:26","0:05:25","2:02:01","1218","1053","74","2111","1690","1342","107","985","880","64","1218","1053","74","19757","2624","282","9206","325","7321"
"316","Michi Larisch","Male","Fischingen","DE-BW","DE","M50-54","FIN","5:29:18","0:46:09","0:05:26","2:31:07","0:05:49","2:00:48","1219","1054","75","2111","1890","1482","114","1015","901","66","1219","1054","75","19758","2769","326","9067","349","7248"
"2286","Janina Müller-Preis","Female","Köln","North Rhine-Westphalia","DE","F35-39","FIN","5:29:20","0:37:42","0:04:57","2:48:56","0:06:08","1:51:38","1220","166","27","2372","930","164","31","1334","178","28","1220","166","27","19760","2262","297","10136","368","6698"
"1002","Patrick Perl","Male","Leipzig","Saxony","DE","M50-54","FIN","5:29:22","0:40:45","0:06:21","2:47:18","0:07:24","1:47:34","1221","1055","76","2110","1344","1087","84","1435","1225","91","1221","1055","76","19762","2445","381","10038","444","6454"
"920","Larsen Sechert","Male","Leipzig","Saxony","DE","M50-54","FIN","5:29:27","0:38:54","0:08:54","2:49:09","0:04:51","1:47:39","1222","1056","77","2108","1109","905","64","1535","1291","97","1222","1056","77","19767","2334","534","10149","291","6459"
"954","Jonathan Staudt","Male","Leipzig","SACHSEN","DE","M30-34","FIN","5:29:32","0:38:39","0:06:45","2:34:42","0:07:20","2:02:05","1223","1057","144","1718","1069","882","117","936","838","119","1223","1057","144","19772","2319","405","9282","440","7325"
"854","Till Petzoldt","Male","Leipzig","Saxony","DE","M25-29","FIN","5:29:32","0:36:38","0:10:23","2:38:11","0:09:19","1:55:01","1224","1058","138","1936","773","640","77","1130","999","130","1224","1058","138","19772","2198","623","9491","559","6901"
"1404","Thomas Hoffmann","Male","Tangermünde","Saxony-Anhalt","DE","M60-64","FIN","5:29:34","0:34:58","0:05:22","2:35:35","0:06:13","2:07:27","1225","1059","29","2464","558","459","8","792","707","17","1225","1059","29","19774","2098","322","9335","373","7647"
"105","Mary Mitchell","Female","North Adelaide","AU-SA","AU","F65-69","FIN","5:29:39","0:38:47","0:05:02","2:48:08","0:06:20","1:51:23","1226","167","1","3500","1091","199","2","1345","182","2","1226","167","1","19779","2327","302","10088","380","6683"
"179","Skroland Bullwinkel","Female","Otterndorf","DE-NI","DE","F50-54","FIN","5:29:47","0:31:01","0:05:55","2:50:06","0:07:24","1:55:20","1227","168","6","2710","187","36","2","1188","140","7","1227","168","6","19787","1861","355","10206","444","6920"
"773","Claus Abb","Male","Frankfurt am Main","HE","DE","M55-59","FIN","5:29:47","0:47:49","0:05:31","2:40:44","0:05:35","1:50:08","1228","1060","79","2423","1985","1540","131","1424","1215","102","1228","1060","79","19787","2869","331","9644","335","6608"
"598","Tom Keller","Male","Mittweida","Sachsen","DE","M30-34","FIN","5:29:49","0:43:07","0:05:48","2:47:54","0:06:29","1:46:31","1229","1061","145","1713","1626","1297","169","1528","1287","173","1229","1061","145","19789","2587","348","10074","389","6391"
"2494","Marcus Peter","Male","Unstruttal","Thuringia","DE","M35-39","FIN","5:29:51","0:48:30","0:05:23","2:41:45","0:06:03","1:48:09","1230","1062","168","1619","2026","1564","234","1493","1270","196","1230","1062","168","19791","2910","323","9705","363","6489"
"1251","Dennis Andres","Male","Reichelsheim (Wetterau)","DE-Hesse","DE","M35-39","FIN","5:29:52","0:45:55","0:07:28","2:42:03","0:07:02","1:47:24","1231","1063","169","1619","1874","1474","219","1484","1264","193","1231","1063","169","19792","2755","448","9723","422","6444"
"874","Toralf Bauerfeind","Male","Leipzig","SN","DE","M50-54","FIN","5:29:55","0:31:07","0:04:05","2:33:42","0:05:43","2:15:18","1232","1064","78","2100","191","155","8","544","497","31","1232","1064","78","19795","1867","245","9222","343","8118"
"1752","Marco Sturmfels","Male","Schwedt","foreigner","DE","M40-44","FIN","5:29:56","0:39:12","0:06:16","2:40:26","0:06:08","1:57:54","1233","1065","152","1891","1148","934","125","1156","1021","147","1233","1065","152","19796","2352","376","9626","368","7074"
"1340","Patrick Zunke","Male","Halle","SACHSEN-ANHALT","DE","M45-49","FIN","5:29:57","0:42:39","0:05:46","2:42:18","0:05:16","1:53:58","1234","1066","138","1935","1569","1259","160","1308","1137","154","1234","1066","138","19797","2559","346","9738","316","6838"
"184","Michaela Lutz","Female","Hohenfels","DE-BY","DE","F55-59","FIN","5:30:02","0:39:58","0:04:49","2:39:18","0:06:17","1:59:39","1235","169","4","3186","1250","243","9","1077","126","4","1235","169","4","19802","2398","289","9558","377","7179"
"1199","Moritz Loggen","Male","Idstein","DE-foreigner","DE","M25-29","FIN","5:30:03","0:37:27","0:05:43","2:34:47","0:05:27","2:06:39","1236","1067","139","1926","893","737","93","864","772","95","1236","1067","139","19803","2247","343","9287","327","7599"
"1649","Franz Parr","Male","Halle (Saale)","Saxony-Anhalt","DE","M25-29","FIN","5:30:06","0:37:46","0:05:21","2:47:11","0:06:49","1:52:59","1237","1068","140","1925","942","776","98","1293","1129","143","1237","1068","140","19806","2266","321","10031","409","6779"
"1606","Helene Riedl","Female","Töging am Inn","Bayern","DE","F18-24","FIN","5:30:10","0:38:47","0:05:24","2:43:19","0:09:38","1:53:02","1238","170","19","2187","1089","197","30","1209","145","16","1238","170","19","19810","2327","324","9799","578","6782"
"769","Rene Baumann","Male","Leipzig","DE-Saxony","DE","M40-44","FIN","5:30:15","0:52:24","0:07:03","2:39:08","0:06:31","1:45:09","1239","1069","153","1886","2137","1632","204","1598","1333","181","1239","1069","153","19815","3144","423","9548","391","6309"
"510","Matthias Delhoute","Male","Herent","","BE","M25-29","FIN","5:30:15","0:35:01","0:05:20","2:40:04","0:05:25","2:04:25","1240","1070","141","1923","569","469","59","943","844","104","1240","1070","141","19815","2101","320","9604","325","7465"
"1784","Simon Hartkorn","Male","LEINFELDEN-ECHTERDINGEN","Baden-Württemberg","DE","M18-24","FIN","5:30:16","0:33:44","0:06:12","2:42:53","0:06:35","2:00:53","1241","1071","108","1665","412","340","41","1022","907","81","1241","1071","108","19816","2024","372","9773","395","7253"
"193","Bianka Mikwauschk","Female","Frankfurt am Main","Hessen","DE","F40-44","FIN","5:30:18","0:44:08","0:06:29","2:35:16","0:07:08","1:57:17","1242","171","21","2815","1739","363","34","1153","135","13","1242","171","21","19818","2648","389","9316","428","7037"
"2348","Tim Hallmayer","Male","Hamburg","DE-HH","DE","M55-59","FIN","5:30:23","0:38:26","0:08:04","2:42:09","0:06:02","1:55:42","1243","1072","80","2412","1043","861","75","1245","1093","86","1243","1072","80","19823","2306","484","9729","362","6942"
"1077","Camilla Blicher Ledegaard","Female","Viby J","DK-82","DK","F30-34","FIN","5:30:23","0:38:49","0:06:25","2:47:03","0:06:15","1:51:51","1244","172","38","2302","1096","201","40","1363","189","39","1244","172","38","19823","2329","385","10023","375","6711"
"1478","Daniel Maelzer","Male","Potsdam","BB","DE","M25-29","FIN","5:30:25","0:36:36","0:06:40","2:36:37","0:06:44","2:03:49","1245","1073","142","1920","772","639","76","925","828","103","1245","1073","142","19825","2196","400","9397","404","7429"
"2362","Hirotoshi Masuda","Male","Dresden","DE-SN","JP","M35-39","FIN","5:30:25","0:50:10","0:10:24","2:32:10","0:10:27","1:47:14","1246","1074","170","1609","2088","1597","239","1380","1184","177","1246","1074","170","19825","3010","624","9130","627","6434"
"295","Philipp Böhm","Male","Werder (Havel)","DE-BB","DE","M30-34","FIN","5:30:27","0:38:51","0:05:47","2:46:10","0:07:02","1:52:37","1247","1075","146","1702","1102","901","121","1312","1141","157","1247","1075","146","19827","2331","347","9970","422","6757"
"1832","Till Feuchter","Male","Lorch","Baden Württemberg","DE","M18-24","FIN","5:30:27","0:43:04","0:06:37","2:36:56","0:06:33","1:57:17","1248","1076","109","1662","1617","1292","129","1175","1038","98","1248","1076","109","19827","2584","397","9416","393","7037"
"1917","Heike Dressel-Putz","Female","Plauen","SN","DE","F50-54","FIN","5:30:29","0:39:56","0:06:02","2:35:58","0:07:11","2:01:21","1249","173","7","2697","1245","242","11","987","106","3","1249","173","7","19829","2396","362","9358","431","7281"
"2108","Kristin Jahn","Female","Leipzig","Saxony","DE","F45-49","FIN","5:30:31","0:37:30","0:05:55","2:45:57","0:05:52","1:55:17","1250","174","18","2414","902","157","22","1269","159","18","1250","174","18","19831","2250","355","9957","352","6917"
"872","Matilda Fombuena Wagner","Female","Leipzig","Saxony","DE","F18-24","FIN","5:30:31","0:39:02","0:03:53","2:50:39","0:04:04","1:52:53","1251","175","20","2181","1128","210","31","1406","202","25","1251","175","20","19831","2342","233","10239","244","6773"
"1861","Urška Živič","Female","Ljubljana","SI-061","SV","F25-29","FIN","5:30:32","0:32:11","0:07:26","2:55:59","0:06:27","1:48:29","1252","176","31","2270","273","46","5","1490","223","38","1252","176","31","19832","1931","446","10559","387","6509"
"710","Sven Scharr","Male","Leipzig","foreigner","DE","M60-64","FIN","5:30:33","0:39:46","0:05:27","2:39:59","0:06:44","1:58:37","1253","1077","30","2446","1220","983","30","1129","998","28","1253","1077","30","19833","2386","327","9599","404","7117"
"378","Kim Mattitza","Female","Grimma","Saxony","DE","F18-24","FIN","5:30:36","0:38:02","0:04:28","2:45:12","0:04:22","1:58:31","1254","177","21","2180","985","174","24","1218","147","17","1254","177","21","19836","2282","268","9912","262","7111"
"2181","Steffen Stundzig","Male","Naunhof","Saxony","DE","M50-54","FIN","5:30:41","0:34:53","0:06:22","2:36:27","0:05:00","2:08:00","1255","1078","79","2086","552","454","30","857","765","56","1255","1078","79","19841","2093","382","9387","300","7680"
"2393","Florian Kalmring","Male","Halle (Saale)","ST","DE","M35-39","FIN","5:30:45","0:39:52","0:08:38","2:57:22","0:05:32","1:39:20","1256","1079","171","1603","1230","991","151","1768","1444","215","1256","1079","171","19845","2392","518","10642","332","5960"
"2168","Kathrin Dau","Female","Weimar","THURINGEN","DE","F55-59","FIN","5:30:50","0:42:05","0:05:42","2:44:36","0:06:33","1:51:55","1257","178","5","3171","1498","301","12","1367","190","7","1257","178","5","19850","2525","342","9876","393","6715"
"1380","Christian Polster","Male","Leipzig","Saxony","DE","M45-49","FIN","5:30:50","0:40:46","0:05:24","2:41:01","0:05:21","1:58:18","1258","1080","139","1919","1347","1089","139","1196","1055","142","1258","1080","139","19850","2446","324","9661","321","7098"
"982","Thomas Plath","Male","Magdeburg","Saxony-Anhalt","DE","M55-59","FIN","5:30:52","0:41:23","0:05:22","2:44:46","0:05:13","1:54:08","1259","1081","81","2404","1414","1138","100","1332","1156","96","1259","1081","81","19852","2483","322","9886","313","6848"
"283","Michael Blumentritt","Male","22453","Hamburg","DE","M55-59","FIN","5:30:53","0:43:34","0:07:10","2:46:40","0:07:50","1:45:39","1260","1082","82","2403","1677","1332","116","1544","1297","110","1260","1082","82","19853","2614","430","10000","470","6339"
"624","Dirk Salbert","Male","Leipzig","SACHSEN","DE","M60-64","FIN","5:30:53","0:35:14","0:07:22","2:42:32","0:09:56","1:55:50","1261","1083","31","2440","597","492","9","1123","993","27","1261","1083","31","19853","2114","442","9752","596","6950"
"417","Bernd Grasmeier","Male","Wäschenbeuren","Deutschland","DE","M60-64","FIN","5:30:55","0:42:56","0:06:46","2:46:36","0:06:42","1:47:55","1262","1084","32","2439","1602","1280","42","1517","1280","40","1262","1084","32","19855","2576","406","9996","402","6475"
"2051","Valentin Groß","Male","Göppingen","DE-BW","DE","M18-24","FIN","5:30:56","0:38:44","0:06:11","2:46:06","0:09:21","1:50:35","1263","1085","110","1653","1078","886","91","1319","1146","109","1263","1085","110","19856","2324","371","9966","561","6635"
"1354","Jutta Keicher","Female","Tübingen","BW","DE","F55-59","FIN","5:30:57","0:38:18","0:06:24","2:37:27","0:05:10","2:03:37","1264","179","6","3169","1025","180","4","994","108","2","1264","179","6","19857","2298","384","9447","310","7417"
"2320","Matthias Rietze","Male","Bad Lausick ","SN","DE","M35-39","FIN","5:30:59","0:34:38","0:06:39","2:44:49","0:07:11","1:57:43","1265","1086","172","1599","520","431","67","1161","1024","159","1265","1086","172","19859","2078","399","9889","431","7063"
"2038","Nico Breite","Male","Braunschweig","NIEDERSACHSEN","DE","M50-54","FIN","5:31:00","0:47:01","0:05:13","2:40:41","0:05:40","1:52:24","1266","1087","80","2080","1932","1509","118","1385","1186","88","1266","1087","80","19860","2821","313","9641","340","6744"
"890","Florian Pfeiffer","Male","Markkleeberg","SN","DE","M35-39","FIN","5:31:00","0:44:45","0:05:32","2:45:19","0:05:21","1:50:03","1267","1088","173","1598","1792","1418","207","1491","1268","195","1267","1088","173","19860","2685","332","9919","321","6603"
"1815","Alexander Honsel","Male","Aachen","North Rhine-Westphalia","DE","M25-29","FIN","5:31:02","0:35:48","0:04:32","2:42:38","0:04:58","2:03:06","1268","1089","143","1909","672","556","67","1026","909","115","1268","1089","143","19862","2148","272","9758","298","7386"
"2023","Benjamin Ruhmann","Male","Munich","BY","DE","M35-39","FIN","5:31:03","0:37:59","0:09:57","2:46:16","0:10:39","1:46:12","1269","1090","174","1598","975","802","120","1428","1219","184","1269","1090","174","19863","2279","597","9976","639","6372"
"2510","Natasja Langendam","Female","Hendrik-Ido-Ambacht","","NL","F35-39","FIN","5:31:06","0:34:43","0:05:32","2:45:06","0:05:55","1:59:49","1270","180","28","2340","532","95","18","1137","132","22","1270","180","28","19866","2083","332","9906","355","7189"
"1264","Guido Salbert","Male","Leipzig","SN","DE","M55-59","FIN","5:31:06","0:37:41","0:09:52","2:52:37","0:06:39","1:44:17","1271","1091","83","2399","929","766","64","1659","1371","120","1271","1091","83","19866","2261","592","10357","399","6257"
"889","Regina Pötzinger-Horn","Female","Irschenberg","Bavaria","DE","F35-39","FIN","5:31:07","0:40:42","0:05:28","2:47:11","0:05:55","1:51:50","1272","181","29","2340","1337","257","40","1394","201","33","1272","181","29","19867","2442","328","10031","355","6710"
"707","Rodrigo Garza","Male","Huixquilucan","ESTADO DE MEXICO","MX","M25-29","FIN","5:31:08","0:35:11","0:06:55","2:51:26","0:07:50","1:49:46","1273","1092","144","1907","594","489","61","1405","1204","158","1273","1092","144","19868","2111","415","10286","470","6586"
"1895","Kevin Prenzler","Male","München","Bavaria","DE","M30-34","FIN","5:31:10","0:41:47","0:05:39","2:31:35","0:06:01","2:06:09","1274","1093","147","1689","1463","1172","158","897","803","115","1274","1093","147","19870","2507","339","9095","361","7569"
"2342","Nico Siever","Male","Landolfshausen","Lower Saxony","DE","M18-24","FIN","5:31:11","0:31:14","0:06:33","2:45:32","0:05:41","2:02:12","1275","1094","111","1649","197","161","17","1042","924","82","1275","1094","111","19871","1874","393","9932","341","7332"
"501","Ralf Feldmann","Male","Aurich","NI","DE","M50-54","FIN","5:31:12","0:43:01","0:06:45","2:45:08","0:05:24","1:50:53","1276","1095","81","2077","1611","1287","104","1460","1245","94","1276","1095","81","19872","2581","405","9908","324","6653"
"2436","Thomas Wiedemann","Male","Chemnitz","Saxony","DE","M30-34","FIN","5:31:15","0:36:40","0:05:54","2:38:00","0:05:54","2:04:47","1277","1096","148","1687","777","643","94","948","849","122","1277","1096","148","19875","2200","354","9480","354","7487"
"880","Alex Perschmann","Male","Leipzig","SN","DE","M35-39","FIN","5:31:17","0:32:35","0:06:30","2:40:29","0:06:12","2:05:31","1278","1097","175","1593","305","252","40","915","821","130","1278","1097","175","19877","1955","390","9629","372","7531"
"1073","Kevin Krause","Male","Nürnberg","DE-BY","DE","M30-34","FIN","5:31:20","0:42:39","0:06:59","2:52:30","0:07:10","1:42:02","1279","1098","149","1686","1570","1260","165","1697","1396","189","1279","1098","149","19880","2559","419","10350","430","6122"
"1971","Tom Böhm","Male","Gräfenthal","Thuringia","DE","M18-24","FIN","5:31:23","0:38:06","0:13:18","2:48:36","0:09:27","1:41:57","1280","1099","112","1645","991","817","82","1652","1366","133","1280","1099","112","19883","2286","798","10116","567","6117"
"1980","Saskia Straßer","Female","Frankfurt","HE","DE","F35-39","FIN","5:31:25","0:37:20","0:07:17","2:51:26","0:05:24","1:49:57","1281","182","30","2335","872","150","27","1506","230","37","1281","182","30","19885","2240","437","10286","324","6597"
"2247","Michael Schellhammer","Male","Pirna-Krietzschwitz","Saxony","DE","M45-49","FIN","5:31:25","0:41:04","0:08:35","2:40:59","0:06:19","1:54:29","1282","1100","140","1909","1375","1110","141","1305","1136","153","1282","1100","140","19885","2464","515","9659","379","6869"
"834","Michael Drieschner","Male","Markkleeberg","SN","DE","M45-49","FIN","5:31:29","0:37:06","0:04:25","2:42:59","0:07:01","1:59:58","1283","1101","141","1908","838","694","83","1093","965","127","1283","1101","141","19889","2226","265","9779","421","7198"
"1473","Edgar Maeck","Male","Leipzig","SN","DE","M18-24","FIN","5:31:36","0:39:53","0:05:32","2:49:20","0:05:09","1:51:42","1284","1102","113","1641","1235","996","101","1448","1234","119","1284","1102","113","19896","2393","332","10160","309","6702"
"992","Jimi Hadamick","Male","Cottbus","Brandenburg","DE","M18-24","FIN","5:31:37","0:37:24","0:06:32","2:45:36","0:06:54","1:55:11","1285","1103","114","1641","883","730","72","1274","1115","105","1285","1103","114","19897","2244","392","9936","414","6911"
"499","Peter Schwesinger","Male","Leipzig","SACHSEN","DE","M30-34","FIN","5:31:38","0:31:54","0:03:07","2:41:01","0:07:29","2:08:07","1286","1104","150","1680","250","207","40","797","712","102","1286","1104","150","19898","1914","187","9661","449","7687"
"1211","Kryštof Broža","Male","Brno","South Moravian Region","CZ","M30-34","FIN","5:31:42","0:42:02","0:06:27","2:37:15","0:07:30","1:58:29","1287","1105","151","1679","1489","1193","161","1148","1014","141","1287","1105","151","19902","2522","387","9435","450","7109"
"1369","Jürgen Kössler","Male","Borken","NW","DE","M60-64","FIN","5:31:44","0:39:57","0:08:22","2:40:00","0:07:53","1:55:33","1288","1106","33","2425","1246","1004","31","1234","1084","33","1288","1106","33","19904","2397","502","9600","473","6933"
"2065","Jan Weinmann","Male","Thedinghausen ","Lower Saxony","DE","M35-39","FIN","5:31:44","0:40:12","0:05:16","2:43:26","0:05:11","1:57:40","1289","1107","176","1585","1277","1031","155","1251","1097","168","1289","1107","176","19904","2412","316","9806","311","7060"
"1843","Nikolai Bocklandt","Male","Lamspringe","Lower Saxony","DE","M25-29","FIN","5:31:46","0:49:26","0:07:48","2:48:20","0:08:11","1:38:00","1290","1108","145","1895","2062","1585","227","1758","1438","194","1290","1108","145","19906","2966","468","10100","491","5880"
"1646","Sören Wilsdorf","Male","Schotten","HE","DE","M40-44","FIN","5:31:56","0:39:48","0:07:10","2:50:52","0:08:43","1:45:22","1291","1109","154","1855","1223","985","133","1565","1311","176","1291","1109","154","19916","2388","430","10252","523","6322"
"422","Alexandra Wintz","Female","Hamburg","DE-HH","DE","F30-34","FIN","5:31:56","0:38:40","0:03:58","2:42:30","0:04:46","2:02:02","1292","183","39","2274","1073","190","36","1124","131","28","1292","183","39","19916","2320","238","9750","286","7322"
"2459","German Wegerer","Male","Ulm","Baden-Württemberg","DE","M30-34","FIN","5:32:06","0:46:23","0:04:35","2:49:00","0:06:08","1:46:01","1293","1110","152","1672","1908","1494","195","1648","1363","183","1293","1110","152","19926","2783","275","10140","368","6361"
"976","Rob Cruysen","Male","Escharen","NL-NB","NL","M45-49","FIN","5:32:06","0:42:19","0:06:37","2:47:00","0:06:15","1:49:54","1294","1111","142","1897","1535","1232","158","1501","1274","170","1294","1111","142","19926","2539","397","10020","375","6594"
"1106","Anke Engelmann","Female","Stuttgart","BW","DE","F50-54","FIN","5:32:10","0:32:25","0:03:40","2:57:11","0:05:09","1:53:45","1295","184","8","2667","292","50","4","1392","200","11","1295","184","8","19930","1945","220","10631","309","6825"
"1741","Benjamin Reichenauer","Male","Schwandorf","Bavaria","DE","M40-44","FIN","5:32:18","0:37:39","0:08:33","2:45:32","0:06:27","1:54:07","1296","1112","155","1849","921","759","105","1339","1159","159","1296","1112","155","19938","2259","513","9932","387","6847"
"1876","Daniel Palmer","Male","Blieskastel","SAARLAND","DE","M45-49","FIN","5:32:18","0:41:09","0:05:07","2:38:38","0:05:26","2:01:58","1297","1113","143","1893","1387","1120","142","1110","982","129","1297","1113","143","19938","2469","307","9518","326","7318"
"1180","Tom Theis","Male","Leipzig","SACHSEN","DE","M25-29","FIN","5:32:22","0:47:07","0:04:30","2:46:39","0:04:24","1:49:42","1298","1114","146","1885","1944","1514","212","1583","1323","170","1298","1114","146","19942","2827","270","9999","264","6582"
"2259","Johann Höfler","Male","Erlangen","Bayern","DE","M25-29","FIN","5:32:22","0:39:38","0:06:02","2:38:50","0:05:20","2:02:32","1299","1115","147","1885","1209","976","126","1095","967","122","1299","1115","147","19942","2378","362","9530","320","7352"
"581","Steve Lorenzo Heymer","Male","Leipzig","SN","DE","M25-29","FIN","5:32:24","0:48:30","0:04:26","2:43:01","0:04:29","1:51:58","1300","1116","148","1884","2025","1563","222","1503","1275","164","1300","1116","148","19944","2910","266","9781","269","6718"
"2304","Frank Noack","Male","Leipzig","Saxony","DE","M50-54","FIN","5:32:28","0:39:07","0:06:30","2:34:28","0:05:08","2:07:15","1301","1117","82","2054","1135","924","68","935","837","59","1301","1117","82","19948","2347","390","9268","308","7635"
"967","Ralf Gobs","Male","Ulm","Baden-Württemberg","DE","M55-59","FIN","5:32:37","0:40:33","0:05:22","2:48:51","0:06:04","1:51:47","1302","1118","84","2372","1317","1063","94","1450","1236","105","1302","1118","84","19957","2433","322","10131","364","6707"
"945","Ben Lindner","Male","Leipzig","Saxony","DE","M40-44","FIN","5:32:40","0:51:40","0:18:18","2:40:01","0:12:46","1:29:54","1303","1119","156","1842","2126","1625","202","1832","1485","193","1303","1119","156","19960","3100","1098","9601","766","5394"
"1309","Marko Netzel","Male","Leipzig","Saxony","DE","M35-39","FIN","5:32:44","0:44:11","0:06:37","2:35:34","0:06:27","1:59:56","1304","1120","177","1567","1745","1381","203","1166","1029","162","1304","1120","177","19964","2651","397","9334","387","7196"
"1862","Klaus Drescher","Male","Lampertheim","DE-Hesse","DE","M55-59","FIN","5:32:44","0:50:02","0:05:26","2:37:11","0:05:29","1:54:35","1305","1121","85","2370","2083","1595","137","1378","1182","98","1305","1121","85","19964","3002","326","9431","329","6875"
"971","Agnes Frank","Female","Berlin","DE-BE","DE","F25-29","FIN","5:32:45","0:41:22","0:04:38","2:46:08","0:04:15","1:56:22","1306","185","32","2231","1411","276","45","1357","186","33","1306","185","32","19965","2482","278","9968","255","6982"
"259","Nils Ganz","Male","Berlin","DE-BERLIN","DE","M40-44","FIN","5:32:46","0:41:05","0:06:57","2:40:20","0:06:58","1:57:26","1307","1122","157","1840","1377","1112","151","1236","1086","153","1307","1122","157","19966","2465","417","9620","418","7046"
"865","Katrin Wallmen","Female","Köln","NW","DE","F35-39","FIN","5:32:47","0:43:32","0:05:06","2:47:09","0:05:37","1:51:23","1308","186","31","2310","1672","344","51","1498","226","36","1308","186","31","19967","2612","306","10029","337","6683"
"1063","Max Keller","Male","Lübeck","DE-SH","DE","M30-34","FIN","5:32:56","0:44:22","0:07:15","2:51:37","0:08:38","1:41:05","1309","1123","153","1657","1758","1393","185","1719","1410","191","1309","1123","153","19976","2662","435","10297","518","6065"
"755","Uwe Martin","Male","München","BY","DE","M40-44","FIN","5:33:00","0:37:54","0:09:51","2:37:21","0:09:09","1:58:44","1310","1124","158","1836","962","792","112","1121","991","142","1310","1124","158","19980","2274","591","9441","549","7124"
"1143","Meik Kirchhoff","Male","Uslar","Lower Saxony","DE","M45-49","FIN","5:33:03","0:40:02","0:06:12","2:24:22","0:06:57","2:15:30","1311","1125","144","1880","1260","1016","129","604","550","64","1311","1125","144","19983","2402","372","8662","417","8130"
"2399","Thomas Gorniak","Male","Bremen","DE-HB","DE","M45-49","FIN","5:33:12","0:35:55","0:05:39","2:34:56","0:06:10","2:10:33","1312","1126","145","1877","687","569","66","819","734","89","1312","1126","145","19992","2155","339","9296","370","7833"
"2441","Marc Contreras","Male","Bremen","DE-HB","DE","M25-29","FIN","5:33:18","0:41:52","0:05:30","2:35:05","0:08:09","2:02:42","1313","1127","149","1868","1470","1178","148","1003","893","112","1313","1127","149","19998","2512","330","9305","489","7362"
"1368","Vincent Dubowy","Male","Drensteinfurt","North Rhine-Westphalia","DE","M18-24","FIN","5:33:21","0:41:15","0:06:16","2:47:24","0:04:31","1:53:55","1314","1128","115","1610","1398","1129","115","1462","1247","121","1314","1128","115","20001","2475","376","10044","271","6835"
"2150","Simon Starke","Male","Voerde (Niederrhein)","North Rhine-Westphalia ","DE","M30-34","FIN","5:33:22","0:42:31","0:07:10","2:44:43","0:06:52","1:52:07","1315","1129","154","1649","1556","1249","164","1432","1222","164","1315","1129","154","20002","2551","430","9883","412","6727"
"1182","Paul Leyseele","Male","Drongen","OOST-VLAANDEREN","BE","M60-64","FIN","5:33:23","0:44:06","0:07:33","2:36:30","0:07:32","1:57:43","1316","1130","34","2395","1735","1373","47","1227","1079","31","1316","1130","34","20003","2646","453","9390","452","7063"
"990","Max Zeuzem","Male","Essen","North Rhine-Westphalia","DE","M40-44","FIN","5:33:24","0:39:36","0:06:54","2:37:24","0:06:40","2:02:50","1317","1131","159","1829","1203","972","129","1069","945","135","1317","1131","159","20004","2376","414","9444","400","7370"
"426","Ronald Lemm","Male","Hamburg","HH","DE","M70-74","FIN","5:33:26","0:40:59","0:08:16","2:48:22","0:07:55","1:47:54","1318","1132","1","3500","1367","1103","1","1555","1303","1","1318","1132","1","20006","2459","496","10102","475","6474"
"1084","Lisa Handloik","Female","Bitterfeld-Wolfen","Saxony-Anhalt","DE","F25-29","FIN","5:33:28","0:41:33","0:04:52","2:50:51","0:04:53","1:51:19","1319","187","33","2218","1433","281","47","1538","246","42","1319","187","33","20008","2493","292","10251","293","6679"
"1825","David Laban","Male","Schwedt","Brandenburg","FR","M50-54","FIN","5:33:29","0:41:38","0:08:34","2:50:13","0:08:02","1:45:01","1320","1133","83","2036","1443","1159","89","1663","1373","111","1320","1133","83","20009","2498","514","10213","482","6301"
"1613","Tanguy Verhoeven","Male","Antwerpen","BE-ANTWERPEN","BE","M35-39","FIN","5:33:30","0:37:27","0:06:14","2:42:43","0:06:30","2:00:36","1321","1134","178","1553","894","738","113","1169","1032","163","1321","1134","178","20010","2247","374","9763","390","7236"
"1274","Lars Böhrenz","Male","Spremberg","BB","DE","M55-59","FIN","5:33:34","0:39:02","0:07:10","2:41:34","0:06:15","1:59:33","1322","1135","86","2355","1127","918","80","1219","1072","84","1322","1135","86","20014","2342","430","9694","375","7173"
"1338","Francis Martinez","Male","Lower Earley, Reading","GB-England","DO","M40-44","FIN","5:33:40","0:45:21","0:07:18","2:41:22","0:06:58","1:52:40","1323","1136","160","1824","1827","1441","186","1419","1211","167","1323","1136","160","20020","2721","438","9682","418","6760"
"2425","Madleen Tauber","","Dürnau","BW","DE","F18-24","FIN","5:33:40","0:36:28","0:05:16","2:49:35","0:06:03","1:56:18","1324","188","22","2124","753","131","16","1325","176","21","1324","188","22","20020","2188","316","10175","363","6978"
"1720","Oliver Heß","Male","Gießen","Hesse","DE","M40-44","FIN","5:33:41","0:34:11","0:06:00","2:57:54","0:06:23","1:49:13","1325","1137","161","1824","456","378","46","1575","1317","177","1325","1137","161","20021","2051","360","10674","383","6553"
"2448","Simone Pelz","Female","Schöpstal","SN","DE","F55-59","FIN","5:33:46","0:42:43","0:05:59","2:43:51","0:06:54","1:54:19","1326","189","7","3119","1577","316","13","1375","194","8","1326","189","7","20026","2563","359","9831","414","6859"
"327","Daniel Stiewe","Male","Waldheim","SACHSEN","DE","M50-54","FIN","5:33:49","0:38:15","0:07:34","2:30:58","0:07:33","2:09:30","1327","1138","84","2030","1015","837","61","829","741","53","1327","1138","84","20029","2295","454","9058","453","7770"
"1889","Benedikt Tiegs","Male","Kirchlinteln","Lower Saxony","DE","M25-29","FIN","5:33:52","0:39:56","0:06:43","2:45:48","0:05:19","1:56:06","1328","1139","150","1858","1243","1002","128","1372","1180","154","1328","1139","150","20032","2396","403","9948","319","6966"
"2328","Matthias Linde","Male","Haar","BY","DE","M55-59","FIN","5:33:56","0:38:46","0:06:58","2:43:38","0:06:48","1:57:46","1329","1140","87","2348","1086","891","76","1270","1111","91","1329","1140","87","20036","2326","418","9818","408","7066"
"2296","Felix Nadler","Male","Augsburg","Bavaria","DE","M30-34","FIN","5:34:02","0:51:52","0:05:24","2:34:34","0:05:34","1:56:38","1330","1141","155","1637","2130","1628","211","1344","1163","161","1330","1141","155","20042","3112","324","9274","334","6998"
"2237","Till-Peter Schlulz-Robinson","Male","Hamburg","Hamburg","DE","M50-54","FIN","5:34:02","0:40:16","0:05:58","2:51:25","0:09:12","1:47:11","1331","1142","85","2026","1287","1040","80","1558","1306","101","1331","1142","85","20042","2416","358","10285","552","6431"
"1564","Jennifer Scheler-Eckstein","Female","Berlin","DE-BE","DE","F25-29","FIN","5:34:02","0:41:26","0:05:38","2:36:53","0:07:54","2:02:12","1332","190","34","2207","1420","278","46","1071","125","20","1332","190","34","20042","2486","338","9413","474","7332"
"660","Franz-Georg Kramer","Male","München","DE-BY","DE","M35-39","FIN","5:34:02","0:42:28","0:05:06","2:38:35","0:06:14","2:01:39","1333","1143","179","1544","1549","1244","186","1162","1025","160","1333","1143","179","20042","2548","306","9515","374","7299"
"2355","Susann Schreier","Female","Thalgau","","DE","F50-54","FIN","5:34:07","0:40:45","0:04:35","2:47:25","0:06:39","1:54:42","1334","191","9","2632","1345","258","13","1381","197","10","1334","191","9","20047","2445","275","10045","399","6882"
"1049","Thomas Schlüter","Male","Markkleeberg","Sachsen","DE","M40-44","FIN","5:34:13","0:36:15","0:05:04","2:45:38","0:08:35","1:58:42","1335","1144","162","1814","728","605","79","1186","1047","148","1335","1144","162","20053","2175","304","9938","515","7122"
"666","Dean Campbell","Male","St Petesburg","US-FL","US","M55-59","FIN","5:34:14","0:37:03","0:06:33","2:37:48","0:07:31","2:05:19","1336","1145","88","2343","830","686","59","976","872","70","1336","1145","88","20054","2223","393","9468","451","7519"
"1413","Marco Frauendorf","Male","Lappersdorf","Bayern","DE","M40-44","FIN","5:34:14","0:48:47","0:09:33","2:40:14","0:05:49","1:49:51","1337","1146","163","1814","2039","1571","199","1597","1332","180","1337","1146","163","20054","2927","573","9614","349","6591"
"2270","Sascha Sandebeck","Male","Berlin","Berlin","DE","M25-29","FIN","5:34:15","0:39:34","0:05:47","2:45:13","0:05:01","1:58:39","1338","1147","151","1851","1199","969","125","1302","1134","147","1338","1147","151","20055","2374","347","9913","301","7119"
"293","Vanessa Klöber","Female","Neubiberg","DE-BY","DE","F18-24","FIN","5:34:16","0:43:36","0:05:09","2:46:07","0:05:53","1:53:30","1339","192","23","2114","1679","346","54","1456","215","28","1339","192","23","20056","2616","309","9967","353","6810"
"1099","Martin Voit","Male","Neukieritzsch/ OT Lobstädt","SACHSEN","DE","M40-44","FIN","5:34:19","0:43:05","0:07:31","2:44:02","0:07:01","1:52:39","1340","1148","164","1812","1622","1296","171","1443","1231","171","1340","1148","164","20059","2585","451","9842","421","6759"
"483","Paula Fülle","Female","Münster","North Rhine-Westphalia","DE","F18-24","FIN","5:34:27","0:40:32","0:04:05","2:47:21","0:04:05","1:58:25","1341","193","24","2110","1314","254","39","1347","183","23","1341","193","24","20067","2432","245","10041","245","7105"
"750","Christian Perlberg","Male","Horneburg","NIEDERSACHSEN","DE","M45-49","FIN","5:34:28","0:43:05","0:11:10","2:30:42","0:07:58","2:01:33","1342","1149","146","1854","1620","1295","165","1113","985","130","1342","1149","146","20068","2585","670","9042","478","7293"
"567","Torsten Bauer","Male","Dieskau","ST","DE","M50-54","FIN","5:34:32","0:43:40","0:07:39","2:42:27","0:07:41","1:53:04","1343","1150","86","2017","1683","1336","106","1414","1209","89","1343","1150","86","20072","2620","459","9747","461","6784"
"932","Frank Uhlig","Male","Frankfurt Oder","Frankfurt Oder ","DE","M55-59","FIN","5:34:34","0:42:25","0:05:02","2:36:09","0:07:32","2:03:25","1344","1151","89","2337","1547","1242","111","1057","936","75","1344","1151","89","20074","2545","302","9369","452","7405"
"2190","Stephan Gerstemeyer","Male","Cambs","Mecklenburg-West Pomerania","DE","M25-29","FIN","5:34:36","0:37:09","0:05:26","2:51:50","0:06:38","1:53:32","1345","1152","152","1844","848","701","85","1437","1227","160","1345","1152","152","20076","2229","326","10310","398","6812"
"716","Thomas Klein","Male","Nandlstadt","BAYERN","DE","M45-49","FIN","5:34:39","0:34:16","0:05:49","2:45:06","0:06:07","2:03:21","1346","1153","147","1851","467","388","40","1127","996","131","1346","1153","147","20079","2056","349","9906","367","7401"
"678","Dirk Schneider","Male","Zwickau","SACHSEN","DE","M40-44","FIN","5:34:56","0:41:24","0:08:00","2:43:01","0:08:05","1:54:26","1347","1154","165","1801","1416","1140","154","1370","1179","163","1347","1154","165","20096","2484","480","9781","485","6866"
"864","Martin Jost","Male","Oftersheim","BW","DE","M55-59","FIN","5:34:57","0:45:58","0:07:57","2:44:16","0:06:58","1:49:48","1348","1155","90","2330","1881","1480","128","1580","1320","113","1348","1155","90","20097","2758","477","9856","418","6588"
"2024","Luise Thate","Female","Leipzig","Saxony","DE","F25-29","FIN","5:34:59","0:42:02","0:06:16","2:56:58","0:07:21","1:42:23","1349","194","35","2190","1491","297","51","1755","320","54","1349","194","35","20099","2522","376","10618","441","6143"
"1477","Steve Olbrich","Male","Leipzig","Sachsen","DE","M45-49","FIN","5:34:59","0:45:11","0:06:01","2:36:21","0:06:51","2:00:34","1350","1156","148","1845","1815","1432","183","1210","1065","144","1350","1156","148","20099","2711","361","9381","411","7234"
"2194","Lars Awiszus","Male","Hamburg","HH","DE","M30-34","FIN","5:35:01","0:38:53","0:06:26","2:42:21","0:05:56","2:01:25","1351","1157","156","1619","1105","903","122","1214","1068","151","1351","1157","156","20101","2333","386","9741","356","7285"
"1175","Mark Sixdorf","Male","Hannover","DE-NI","DE","M18-24","FIN","5:35:06","0:30:49","0:05:48","2:53:05","0:06:00","1:59:23","1352","1158","116","1578","177","146","16","1281","1121","106","1352","1158","116","20106","1849","348","10385","360","7163"
"1546","Petra Rossner","Female","Markkleeberg","SN","DE","F60-64","FIN","5:35:13","0:38:09","0:05:51","2:38:22","0:05:07","2:07:44","1353","195","2","3238","1003","177","2","1000","110","1","1353","195","2","20113","2289","351","9502","307","7664"
"1389","Mandy KARSTENS","Female","Felde","DE-SH","DE","F35-39","FIN","5:35:28","0:33:45","0:05:12","2:52:45","0:05:17","1:58:29","1354","196","32","2262","414","73","14","1338","180","29","1354","196","32","20128","2025","312","10365","317","7109"
"835","Wolfgang Denzel","Male","Zürich","ZURICH","CH","M55-59","FIN","5:35:29","0:44:01","0:06:13","2:41:44","0:06:39","1:56:50","1355","1159","91","2321","1728","1368","120","1349","1166","97","1355","1159","91","20129","2641","373","9704","399","7010"
"1542","Dorothea Graf","Female","Würzburg","Bavaria","DE","F40-44","FIN","5:35:38","0:45:40","0:04:53","2:44:03","0:06:20","1:54:41","1356","197","22","2719","1857","396","38","1441","211","21","1356","197","22","20138","2740","293","9843","380","6881"
"2538","Michael Poehlking","Male","Gifhorn","NI","DE","M55-59","FIN","5:35:44","0:36:58","0:06:59","2:45:20","0:06:21","2:00:05","1357","1160","92","2316","824","682","58","1267","1110","90","1357","1160","92","20144","2218","419","9920","381","7205"
"1257","Matthias Habermann","Male","Leipzig","DE-SN","DE","M50-54","FIN","5:35:45","0:46:11","0:08:54","2:44:26","0:09:36","1:46:38","1358","1161","87","1995","1893","1484","115","1635","1356","106","1358","1161","87","20145","2771","534","9866","576","6398"
"2002","Joelina Sawitzki","Female","Magdeburg","Saxony-Anhalt","DE","F30-34","FIN","5:35:51","0:41:20","0:05:49","2:45:21","0:05:36","1:57:44","1359","198","40","2204","1405","275","54","1373","193","41","1359","198","40","20151","2480","349","9921","336","7064"
"2123","Steffen Berke","Male","Leipzig","Saxony","DE","M30-34","FIN","5:36:06","0:43:05","0:07:56","2:50:04","0:07:27","1:47:33","1360","1162","157","1600","1619","1294","168","1676","1383","184","1360","1162","157","20166","2585","476","10204","447","6453"
"1647","Günter Geimer","Male","Atzelgift","","DE","M60-64","FIN","5:36:13","0:41:45","0:07:31","2:47:12","0:06:01","1:53:43","1361","1163","35","2344","1458","1170","37","1525","1285","42","1361","1163","35","20173","2505","451","10032","361","6823"
"1745","Yvonne Otterstätter","Female","Königsbach","DE-RP","DE","F45-49","FIN","5:36:20","0:37:09","0:06:16","2:58:30","0:07:37","1:46:48","1362","199","19","2310","847","147","20","1693","300","32","1362","199","19","20180","2229","376","10710","457","6408"
"972","Alexander Friedla","Male","Leipzig","Saxony","DE","M50-54","FIN","5:36:27","0:38:01","0:06:41","2:40:40","0:06:45","2:04:19","1363","1164","88","1982","982","809","59","1138","1006","72","1363","1164","88","20187","2281","401","9640","405","7459"
"780","Daniela Cornehls","Female","Norderstedt","SH","DE","F50-54","FIN","5:36:29","0:40:46","0:06:46","2:50:20","0:06:21","1:52:15","1364","200","10","2589","1349","260","14","1567","256","14","1364","200","10","20189","2446","406","10220","381","6735"
"1006","Patrick Silbernagel","Male","STUTTGART","BW","DE","M18-24","FIN","5:36:30","0:47:17","0:05:03","2:32:47","0:05:41","2:05:41","1365","1165","117","1553","1956","1522","157","1122","992","93","1365","1165","117","20190","2837","303","9167","341","7541"
"1587","Lucas Schuster","Male","München","BAYERN","DE","M25-29","FIN","5:36:30","0:35:01","0:05:36","2:47:14","0:05:41","2:02:58","1366","1166","153","1810","568","468","58","1223","1075","136","1366","1166","153","20190","2101","336","10034","341","7378"
"1719","David Carl","Male","Linden","Hesse","DE","M40-44","FIN","5:36:30","0:45:27","0:07:51","2:49:49","0:06:25","1:46:58","1367","1167","166","1773","1839","1450","189","1716","1407","189","1367","1167","166","20190","2727","471","10189","385","6418"
"2330","Axel Reinhold","Male","Falkenstein/Vogtland","Saxony","DE","M40-44","FIN","5:36:36","0:50:14","0:06:01","2:38:08","0:05:34","1:56:39","1368","1168","167","1771","2089","1598","201","1433","1223","170","1368","1168","167","20196","3014","361","9488","334","6999"
"1692","Nico Fritzke","Male","Thallwitz","SN","DE","M45-49","FIN","5:36:37","0:42:47","0:06:57","2:40:21","0:07:39","1:58:52","1369","1169","149","1815","1582","1264","162","1289","1126","152","1369","1169","149","20197","2567","417","9621","459","7132"
"1081","Rene Baczyk","Male","Achtrup","DE-SH","DE","M50-54","FIN","5:36:43","0:44:15","0:06:24","2:36:26","0:08:21","2:01:17","1370","1170","89","1977","1748","1384","109","1189","1049","78","1370","1170","89","20203","2655","384","9386","501","7277"
"2049","Niklas Hager","Male","München","Bavaria","DE","M45-49","FIN","5:36:57","0:42:03","0:07:30","2:37:34","0:06:23","2:03:27","1371","1171","150","1809","1493","1195","152","1190","1050","140","1371","1171","150","20217","2523","450","9454","383","7407"
"2409","Martin Hartmann","Male","Halle","Saxony-Anhalt","DE","M35-39","FIN","5:36:59","0:41:53","0:07:26","2:49:28","0:08:48","1:49:23","1372","1172","180","1491","1472","1179","175","1604","1337","202","1372","1172","180","20219","2513","446","10168","528","6563"
"1827","Luca Maurice Rödig","Male","Freital","SACHSEN","DE","M18-24","FIN","5:37:02","0:33:31","0:06:54","2:48:35","0:07:39","2:00:24","1373","1173","118","1543","389","321","36","1255","1100","102","1373","1173","118","20222","2011","414","10115","459","7224"
"1995","Sören Taube","Male","Jena","Thuringia","DE","M18-24","FIN","5:37:04","0:43:47","0:05:35","2:46:16","0:06:37","1:54:50","1374","1174","119","1543","1699","1348","134","1492","1269","124","1374","1174","119","20224","2627","335","9976","397","6890"
"1290","Richard Motika","Male","Leipzig","Saxony","DE","M25-29","FIN","5:37:17","0:47:05","0:05:54","2:43:59","0:05:08","1:55:11","1375","1175","154","1796","1942","1513","211","1534","1290","165","1375","1175","154","20237","2825","354","9839","308","6911"
"436","Dennis Weber","Male","Leipzig","SACHSEN","DE","M45-49","FIN","5:37:18","0:44:44","0:06:24","2:43:43","0:05:38","1:56:48","1376","1176","151","1803","1789","1415","180","1455","1241","164","1376","1176","151","20238","2684","384","9823","338","7008"
"1192","Sonja Hinze","Female","Ronnenberg","Niedersachsen","DE","F30-34","FIN","5:37:19","0:37:24","0:05:07","2:51:43","0:06:18","1:56:46","1377","201","41","2177","885","154","31","1430","210","44","1377","201","41","20239","2244","307","10303","378","7006"
"490","Thomas Keitel","Male","Leipzig","foreigner","DE","M55-59","FIN","5:37:28","0:32:41","0:05:09","2:46:43","0:05:40","2:07:15","1378","1177","93","2285","317","263","15","1098","970","78","1378","1177","93","20248","1961","309","10003","340","7635"
"2519","Anna Bruder","","Hamburg","HH","DE","F30-34","FIN","5:37:29","0:41:16","0:07:43","2:40:11","0:09:17","1:59:01","1379","202","42","2174","1400","271","52","1263","156","32","1379","202","42","20249","2476","463","9611","557","7141"
"1004","Ricardo Almeida","Male","Cuiaba","Mato Grosso","BR","M35-39","FIN","5:37:31","0:33:57","0:07:05","2:35:59","0:07:02","2:13:28","1380","1178","181","1481","431","356","54","835","746","118","1380","1178","181","20251","2037","425","9359","422","8008"
"404","Thomas Döge","Male","Leipzig","SN","DE","M35-39","FIN","5:37:32","0:45:42","0:06:42","2:37:15","0:07:13","2:00:40","1381","1179","182","1481","1863","1465","218","1277","1118","173","1381","1179","182","20252","2742","402","9435","433","7240"
"292","Cristian Logofatu","Male","Bucharest","BUCURESTI","RO","M45-49","FIN","5:37:38","0:34:18","0:08:08","2:38:46","0:08:12","2:08:14","1382","1180","152","1797","471","392","42","970","868","111","1382","1180","152","20258","2058","488","9526","492","7694"
"1139","Daniel Buck","Male","Mannheim","Baden-Württemberg","DE","M45-49","FIN","5:37:42","0:45:15","0:05:09","2:32:16","0:06:11","2:08:50","1383","1181","153","1796","1822","1436","184","1013","899","117","1383","1181","153","20262","2715","309","9136","371","7730"
"2060","Andreas Bauer","Male","Weilheim i. OB.","BY","DE","M30-34","FIN","5:37:44","0:37:33","0:04:40","2:42:35","0:04:06","2:08:51","1384","1182","158","1571","909","750","102","1105","977","136","1384","1182","158","20264","2253","280","9755","246","7731"
"2312","Sandra Meckel","Female","Plauen","SN","DE","F55-59","FIN","5:37:44","0:39:34","0:05:15","2:53:41","0:04:52","1:54:23","1385","203","8","3047","1198","230","5","1593","265","12","1385","203","8","20264","2374","315","10421","292","6863"
"1206","Philipp Reichenbach","Male","Grimma","SACHSEN","DE","M30-34","FIN","5:37:51","0:33:12","0:05:00","2:51:19","0:05:52","2:02:29","1386","1183","159","1568","363","298","50","1273","1114","155","1386","1183","159","20271","1992","300","10279","352","7349"
"824","Sebastian Ehrler","Male","Brockau","SN","DE","M40-44","FIN","5:37:59","0:36:38","0:06:36","2:51:06","0:06:25","1:57:13","1387","1184","168","1746","774","641","85","1431","1221","169","1387","1184","168","20279","2198","396","10266","385","7033"
"1651","Michael Braun","Male","Schwabach","Bavaria","DE","M60-64","FIN","5:37:59","0:42:07","0:07:23","2:46:44","0:08:04","1:53:40","1388","1185","36","2312","1508","1207","38","1514","1278","39","1388","1185","36","20279","2527","443","10004","484","6820"
"1341","Isabell König","Female","Celle","Niedersachsen","DE","F25-29","FIN","5:38:03","0:46:39","0:06:16","2:37:43","0:05:48","2:01:36","1389","204","36","2135","1919","421","77","1306","170","30","1389","204","36","20283","2799","376","9463","348","7296"
"1869","Daniel Decker","Male","Offenburg","Baden-Württemberg","DE","M40-44","FIN","5:38:04","0:48:07","0:07:19","2:42:41","0:05:39","1:54:18","1390","1186","169","1745","2004","1551","196","1577","1318","178","1390","1186","169","20284","2887","439","9761","339","6858"
"196","Carmen Rehkopf","Female","Buchholz","AS","DE","F60-64","FIN","5:38:04","0:36:12","0:04:59","2:44:29","0:07:25","2:04:59","1391","205","3","3187","723","123","1","1147","134","3","1391","205","3","20284","2172","299","9869","445","7499"
"1670","Jonas Sindermann","Male","Leipzig","DE-DE-SN","DE","M25-29","FIN","5:38:09","0:53:29","0:04:34","2:43:51","0:05:29","1:50:46","1392","1187","155","1781","2156","1649","236","1691","1392","183","1392","1187","155","20289","3209","274","9831","329","6646"
"749","Bernd Köhler","Male","Marburg","DE-HE","DE","M60-64","FIN","5:38:12","0:49:47","0:05:43","2:32:56","0:06:09","2:03:37","1393","1188","37","2308","2070","1588","54","1242","1090","34","1393","1188","37","20292","2987","343","9176","369","7417"
"503","Celine Wilke","Female","Lörrach","BY","DE","F50-54","FIN","5:38:19","0:31:37","0:04:49","2:46:58","0:07:02","2:07:53","1394","206","11","2556","228","40","3","1049","121","5","1394","206","11","20299","1897","289","10018","422","7673"
"1518","Michael Giedemann","Male","Schuttertal","Baden-würtemberg","DE","M30-34","FIN","5:38:20","0:40:33","0:08:27","2:45:58","0:07:27","1:55:54","1395","1189","160","1560","1318","1064","142","1464","1249","168","1395","1189","160","20300","2433","507","9958","447","6954"
"2490","Tom Ellger","Male","Herzogenaurach","Bavaria","DE","M40-44","FIN","5:38:20","0:44:35","0:06:31","2:48:25","0:07:21","1:51:29","1396","1190","170","1740","1779","1408","182","1632","1354","185","1396","1190","170","20300","2675","391","10105","441","6689"
"2164","Henrik Schäfer","Male","Marburg","Hesse","DE","M18-24","FIN","5:38:21","0:37:20","0:06:38","3:00:04","0:06:42","1:47:37","1397","1191","120","1520","870","721","71","1731","1418","137","1397","1191","120","20301","2240","398","10804","402","6457"
"1189","Simon Moormann","Male","Damme","Lower Saxony","DE","M40-44","FIN","5:38:26","0:47:46","0:07:35","2:43:15","0:07:45","1:52:05","1398","1192","171","1738","1982","1538","194","1599","1334","182","1398","1192","171","20306","2866","455","9795","465","6725"
"719","Malte Kersten","Male","Cottbus","BRANDENBURG","DE","M35-39","FIN","5:38:26","0:43:55","0:06:14","2:37:04","0:08:07","2:03:06","1399","1193","183","1465","1714","1358","200","1198","1057","165","1399","1193","183","20306","2635","374","9424","487","7386"
"2170","Jessica Possiel","Female","Grasleben","DE-Niedersachsen","DE","F35-39","FIN","5:38:37","0:38:09","0:04:38","2:42:49","0:07:46","2:05:15","1400","207","33","2205","1004","178","33","1144","133","23","1400","207","33","20317","2289","278","9769","466","7515"
"859","Lucas Hörhold","Male","Salz","DE-BY","DE","M18-24","FIN","5:38:38","0:44:28","0:05:38","2:48:35","0:07:14","1:52:42","1401","1194","121","1514","1768","1401","140","1602","1336","130","1401","1194","121","20318","2668","338","10115","434","6762"
"2245","Falko Streubel","Male","Leipzg","Saxony","DE","M40-44","FIN","5:38:38","0:37:05","0:07:46","2:51:51","0:07:41","1:54:15","1402","1195","172","1735","835","691","97","1527","1286","173","1402","1195","172","20318","2225","466","10311","461","6855"
"1727","Tina Panzner","Female","Bad Endbach","Hessen","DE","F55-59","FIN","5:38:41","0:36:55","0:06:04","2:54:32","0:06:09","1:55:02","1403","208","9","3030","811","142","2","1546","248","11","1403","208","9","20321","2215","364","10472","369","6902"
"362","Tim Straub","Male","Leipzig","Sachsen","DE","M30-34","FIN","5:38:42","0:45:09","0:04:16","2:48:17","0:06:01","1:55:00","1404","1196","161","1553","1812","1431","190","1559","1307","175","1404","1196","161","20322","2709","256","10097","361","6900"
"1778","Michael Geipel","Male","Strasslach-Dingharting","DE-BY","DE","M60-64","FIN","5:38:44","0:43:39","0:06:53","2:50:18","0:07:23","1:50:31","1405","1197","38","2299","1682","1335","45","1671","1380","44","1405","1197","38","20324","2619","413","10218","443","6631"
"2175","Minh-Tam Le","Male","Liederbach am Taunus","Hesse","DE","M35-39","FIN","5:38:47","0:47:03","0:06:54","2:40:58","0:08:03","1:55:50","1406","1198","184","1458","1935","1510","225","1459","1244","190","1406","1198","184","20327","2823","414","9658","483","6950"
"1762","Jack Hudson","Male","London","England","GB","M25-29","FIN","5:38:50","0:42:35","0:05:01","2:50:35","0:06:01","1:54:37","1407","1199","156","1768","1560","1252","162","1581","1321","169","1407","1199","156","20330","2555","301","10235","361","6877"
"1443","Marcel Fabian","Male","Korschenbroich","NW","DE","M30-34","FIN","5:38:50","0:43:17","0:06:15","2:40:45","0:06:56","2:01:36","1408","1200","162","1551","1644","1311","173","1292","1128","156","1408","1200","162","20330","2597","375","9645","416","7296"
"2107","Max Schultheiß","Male","Bautzen","Saxony","DE","M30-34","FIN","5:39:01","0:43:50","0:08:11","2:46:01","0:06:13","1:54:46","1409","1201","163","1547","1706","1352","179","1570","1313","177","1409","1201","163","20341","2630","491","9961","373","6886"
"413","Luca Pschera","Male","Leipzig","Saxony","DE","M25-29","FIN","5:39:06","0:44:34","0:08:23","2:52:43","0:08:13","1:45:13","1410","1202","157","1763","1778","1407","196","1762","1440","195","1410","1202","157","20346","2674","503","10363","493","6313"
"1103","Moritz Schönert","Male","Leipzig","Saxony","DE","M25-29","FIN","5:39:10","0:45:23","0:06:15","2:45:21","0:05:45","1:56:25","1411","1203","158","1762","1831","1445","200","1536","1292","166","1411","1203","158","20350","2723","375","9921","345","6985"
"1582","Jakob Ehrlich","Male","Leipzig","Saxony","DE","M25-29","FIN","5:39:17","0:44:32","0:04:51","2:42:47","0:07:17","1:59:50","1412","1204","159","1760","1774","1405","195","1359","1173","153","1412","1204","159","20357","2672","291","9767","437","7190"
"879","Sebastian Tilchner","Male","Jena","Thüringen","DE","M40-44","FIN","5:39:21","0:38:34","0:09:46","2:38:57","0:09:53","2:02:11","1413","1205","173","1722","1057","873","120","1199","1058","149","1413","1205","173","20361","2314","586","9537","593","7331"
"621","Leonie Streich","Female","Meschede","North Rhine-Westphalia","DE","F25-29","FIN","5:39:26","0:36:54","0:05:49","2:53:29","0:06:00","1:57:13","1414","209","37","2110","809","141","22","1510","233","40","1414","209","37","20366","2214","349","10409","360","7033"
"1149","Martin Scholz","Male","Frankfurt am Main","Hesse","DE","M30-34","FIN","5:39:28","0:54:44","0:04:59","2:49:32","0:06:20","1:43:53","1415","1206","164","1539","2170","1662","217","1824","1479","196","1415","1206","164","20368","3284","299","10172","380","6233"
"1913","Tim Belitz","Male","Hamburg","DE-HH","DE","M30-34","FIN","5:39:29","0:40:42","0:05:20","2:48:33","0:07:08","1:57:46","1416","1207","165","1539","1336","1080","145","1440","1230","165","1416","1207","165","20369","2442","320","10113","428","7066"
"1348","Marco Portugall","Male","Oberhausen","DE-North Rhine-Westphalia","DE","M30-34","FIN","5:39:29","0:36:43","0:05:28","2:53:18","0:06:52","1:57:08","1417","1208","166","1539","786","651","95","1486","1266","171","1417","1208","166","20369","2203","328","10398","412","7028"
"1658","Frank Richter","Male","Egelsbach","HE","DE","M55-59","FIN","5:39:32","0:38:18","0:05:42","2:47:12","0:06:38","2:01:42","1418","1209","94","2248","1023","844","73","1323","1149","94","1418","1209","94","20372","2298","342","10032","398","7302"
"813","Tom Denis","Male","Esneux","Walloon Region","BE","M18-24","FIN","5:39:33","0:42:10","0:08:57","2:47:09","0:05:50","1:55:27","1419","1210","122","1498","1512","1211","120","1584","1324","128","1419","1210","122","20373","2530","537","10029","350","6927"
"2229","Katja Tränkner","Female","Wiedemar","Sachsen","DE","F40-44","FIN","5:39:38","0:45:39","0:06:51","2:48:59","0:05:32","1:52:37","1420","210","23","2647","1852","395","37","1684","295","26","1420","210","23","20378","2739","411","10139","332","6757"
"2242","Tillmann Ernst","Male","Saarbrücken","Saarland","DE","M25-29","FIN","5:39:43","0:42:54","0:07:14","2:33:17","0:06:04","2:10:14","1421","1211","160","1752","1597","1276","167","1051","930","117","1421","1211","160","20383","2574","434","9197","364","7814"
"788","Edith Chroszcz","Female","Schönefeld","DE-BB","DE","F18-24","FIN","5:39:47","0:40:17","0:08:33","2:46:12","0:05:52","1:58:53","1422","211","25","2014","1290","249","36","1466","216","29","1422","211","25","20387","2417","513","9972","352","7133"
"555","Burkhard Mestwerdt","Male","Leipzig","SN","DE","M55-59","FIN","5:39:47","0:42:13","0:05:25","2:41:03","0:05:56","2:05:09","1423","1212","95","2243","1520","1219","109","1247","1095","87","1423","1212","95","20387","2533","325","9663","356","7509"
"1486","Markus Amthor","Male","Rudolstadt ","Thuringia","DE","M45-49","FIN","5:39:48","0:44:05","0:11:22","2:39:20","0:07:47","1:57:14","1424","1213","154","1758","1733","1371","175","1452","1238","163","1424","1213","154","20388","2645","682","9560","467","7034"
"1683","Bianka Pietz","Female","Magdeburg","DE-ST","DE","F50-54","FIN","5:39:51","0:41:03","0:06:20","2:35:22","0:07:25","2:09:41","1425","212","12","2528","1370","265","15","1018","115","4","1425","212","12","20391","2463","380","9322","445","7781"
"2236","Celina Finzelberg","Female","Frankfurt am Main","Hesse","DE","F25-29","FIN","5:39:54","0:38:46","0:06:50","2:54:20","0:06:03","1:53:56","1426","213","38","2102","1084","195","31","1647","285","47","1426","213","38","20394","2326","410","10460","363","6836"
"784","Paul Bergert","Male","Leipzig","Saxony","DE","M25-29","FIN","5:39:58","0:44:35","0:07:04","2:47:41","0:06:00","1:54:38","1427","1214","161","1748","1780","1409","197","1627","1350","176","1427","1214","161","20398","2675","424","10061","360","6878"
"2079","Jill Luca Scarbatta","Male","Jesewitz","Sachsen","DE","M25-29","FIN","5:39:59","0:44:11","0:04:54","2:39:13","0:07:03","2:04:39","1428","1215","162","1748","1744","1380","189","1232","1083","138","1428","1215","162","20399","2651","294","9553","423","7479"
"2403","Bettina Kost","Female","Darmstadt","DE-HE","DE","F30-34","FIN","5:40:03","0:38:42","0:07:21","2:49:02","0:07:56","1:57:03","1429","214","43","2128","1075","192","37","1468","217","45","1429","214","43","20403","2322","441","10142","476","7023"
"1755","Janina Nowak","Female","München","BAYERN","DE","F30-34","FIN","5:40:08","0:40:50","0:06:06","2:59:20","0:06:56","1:46:56","1430","215","44","2126","1357","262","49","1771","326","56","1430","215","44","20408","2450","366","10760","416","6416"
"1414","Alwin Nürnberg","Male","Peitz","DE-BRANDENBURG","DE","M18-24","FIN","5:40:09","0:37:59","0:06:59","2:29:38","0:09:45","2:15:47","1431","1216","123","1487","974","801","80","747","669","65","1431","1216","123","20409","2279","419","8978","585","8147"
"948","Janina Schaper","Female","Wehrheim","HE","DE","F35-39","FIN","5:40:15","0:35:47","0:05:00","2:51:39","0:05:08","2:02:41","1432","216","34","2176","669","116","23","1371","192","30","1432","216","34","20415","2147","300","10299","308","7361"
"1716","Sarah Schackert-Feld","Female","Weimar/Lahn","Hesse","DE","F45-49","FIN","5:40:22","0:39:25","0:05:18","2:51:13","0:06:37","1:57:48","1433","217","20","2237","1172","219","27","1500","227","22","1433","217","20","20422","2365","318","10273","397","7068"
"475","Maximilian Tischler","Male","München","BY","DE","M35-39","FIN","5:40:27","0:42:06","0:07:16","2:55:14","0:10:41","1:45:10","1434","1217","185","1428","1506","1205","179","1747","1430","212","1434","1217","185","20427","2526","436","10514","641","6310"
"1643","Yanis Bousdira","Male","Amsterdam","North Holland","NL","M35-39","FIN","5:40:29","0:35:30","0:06:39","2:52:24","0:05:53","2:00:03","1435","1218","186","1428","641","529","84","1439","1229","187","1435","1218","186","20429","2130","399","10344","353","7203"
"953","Jacques Achilles","Male","Leipzig","Sachsen","DE","M30-34","FIN","5:40:31","0:43:57","0:04:44","2:53:23","0:06:56","1:51:31","1436","1219","167","1520","1716","1360","181","1695","1394","188","1436","1219","167","20431","2637","284","10403","416","6691"
"1938","Patricia Przybylla","Female","Hohen Neuendorf","BB","DE","F18-24","FIN","5:40:31","0:39:32","0:05:00","2:51:50","0:06:38","1:57:32","1437","218","26","2001","1190","225","33","1519","238","34","1437","218","26","20431","2372","300","10310","398","7052"
"687","Sebastian Hochrein","Male","Goldbach","Bavaria","DE","M40-44","FIN","5:40:32","0:39:32","0:08:04","2:52:55","0:06:42","1:53:18","1438","1220","174","1700","1192","967","128","1664","1374","187","1438","1220","174","20432","2372","484","10375","402","6798"
"284","Maurice Loßner","Male","Michelfeld","Baden-Württemberg","DE","M25-29","FIN","5:40:35","0:43:22","0:13:45","2:49:36","0:08:06","1:45:47","1439","1221","163","1737","1649","1315","174","1783","1454","199","1439","1221","163","20435","2602","825","10176","486","6347"
"845","Nicole Bauer","Female","Meuselwitz","Thüringen","DE","F45-49","FIN","5:40:37","0:48:26","0:05:26","2:50:42","0:05:07","1:50:55","1440","219","21","2233","2023","462","52","1745","317","33","1440","219","21","20437","2906","326","10242","307","6655"
"1470","Thomas Schubert","Male","Muenster","DE-NW","DE","M65-69","FIN","5:40:37","0:37:54","0:10:25","2:45:06","0:06:28","2:00:45","1441","1222","6","2585","961","791","7","1398","1197","9","1441","1222","6","20437","2274","625","9906","388","7245"
"291","Jakob Teubert","Male","Winterthur","Zurich","DE","M25-29","FIN","5:40:40","0:43:27","0:06:10","2:48:08","0:06:10","1:56:45","1442","1223","164","1735","1663","1322","175","1561","1308","167","1442","1223","164","20440","2607","370","10088","370","7005"
"1521","Philip Eyßer","Male","Borsdorf","SACHSEN","DE","M35-39","FIN","5:40:42","0:38:50","0:06:22","2:47:53","0:06:36","2:01:01","1443","1224","187","1424","1099","898","135","1390","1191","179","1443","1224","187","20442","2330","382","10073","396","7261"
"2134","Maik Höper","Male","Hannover","Lower Saxony","DE","M45-49","FIN","5:40:42","0:40:38","0:06:47","2:50:05","0:06:00","1:57:11","1444","1225","155","1742","1330","1076","137","1548","1299","172","1444","1225","155","20442","2438","407","10205","360","7031"
"653","Lukas Wieduwildt","","Uhlstädt-Kirchhasel","Thüringen ","DE","M18-24","FIN","5:40:42","0:47:22","0:06:07","2:42:55","0:05:56","1:58:23","1445","1226","124","1477","1962","1526","158","1520","1282","125","1445","1226","124","20442","2842","367","9775","356","7103"
"844","Nadine Klett","Female","Zürich","ZURICH","DE","F45-49","FIN","5:40:44","0:36:17","0:06:26","2:55:45","0:06:10","1:56:06","1446","220","22","2231","732","125","19","1590","263","25","1446","220","22","20444","2177","386","10545","370","6966"
"1142","Lisa Koch","Female","Aachen","North Rhine-Westphalia","DE","F18-24","FIN","5:40:45","0:43:48","0:05:58","2:48:20","0:07:57","1:54:43","1447","221","27","1997","1700","352","57","1576","259","40","1447","221","27","20445","2628","358","10100","477","6883"
"892","Lara Möller","Female","Leipzig","Saxony","DE","F30-34","FIN","5:40:48","0:32:30","0:04:14","2:53:39","0:05:53","2:04:32","1448","222","45","2114","299","52","12","1299","168","35","1448","222","45","20448","1950","254","10419","353","7472"
"1577","Tomas Strooband","Male","Zaamslag","NL-ZE","NL","M35-39","FIN","5:40:49","0:43:12","0:08:43","2:42:18","0:08:06","1:58:30","1449","1227","188","1422","1636","1305","191","1429","1220","185","1449","1227","188","20449","2592","523","9738","486","7110"
"1863","Martina Schiel","Female","Babenhausen","HE","DE","F40-44","FIN","5:40:49","0:41:38","0:14:04","2:52:33","0:05:13","1:47:22","1450","223","24","2625","1439","284","24","1810","339","30","1450","223","24","20449","2498","844","10353","313","6442"
"1392","Tobias Klemm","Male","Landsberg am Lech","Bavaria","DE","M50-54","FIN","5:40:51","0:42:29","0:06:44","2:46:54","0:08:20","1:56:24","1451","1228","90","1903","1552","1247","95","1507","1277","96","1451","1228","90","20451","2549","404","10014","500","6984"
"319","Thomas Radon","Male","Erding","BY","DE","M55-59","FIN","5:40:51","0:41:42","0:05:54","2:42:18","0:05:11","2:05:47","1452","1229","96","2224","1450","1164","103","1287","1124","92","1452","1229","96","20451","2502","354","9738","311","7547"
"1923","Marc Gerstenberg","Male","Bad König","Hessen","DE","M30-34","FIN","5:40:55","0:40:09","0:07:02","2:37:37","0:06:48","2:09:19","1453","1230","168","1513","1275","1029","135","1106","978","137","1453","1230","168","20455","2409","422","9457","408","7759"
"711","Jürgen Appel","Male","Sinsheim","BW","DE","M65-69","FIN","5:40:56","0:40:47","0:06:13","2:40:46","0:07:15","2:05:55","1454","1231","7","2579","1353","1093","13","1220","1073","7","1454","1231","7","20456","2447","373","9646","435","7555"
"1313","Len Rosseels","Male","Hoboken","","BE","M30-34","FIN","5:40:57","0:31:24","0:05:28","2:39:40","0:06:27","2:17:58","1455","1232","169","1513","208","171","32","821","736","105","1455","1232","169","20457","1884","328","9580","387","8278"
"1996","Nico Glorius","Male","Freital","DE-SN","DE","M45-49","FIN","5:40:59","0:45:56","0:05:43","2:43:20","0:06:03","1:59:57","1456","1233","156","1737","1878","1478","187","1465","1250","166","1456","1233","156","20459","2756","343","9800","363","7197"
"1083","Michael Wiese","Male","Hamburg","","DE","M65-69","FIN","5:41:07","0:51:02","0:04:11","2:35:38","0:06:30","2:03:46","1457","1234","8","2576","2113","1615","22","1314","1142","8","1457","1234","8","20467","3062","251","9338","390","7426"
"891","Alexandra Wippich","Female","Leipzig","Saxony","DE","F35-39","FIN","5:41:09","0:29:27","0:06:08","2:49:28","0:06:22","2:09:45","1458","224","35","2159","111","24","4","1116","129","20","1458","224","35","20469","1767","368","10168","382","7785"
"2074","Marc Friedrich-Heyking","Male","Dortmund","Nordrhein-Westfalen","DE","M50-54","FIN","5:41:16","0:37:46","0:04:56","2:42:42","0:06:28","2:09:25","1459","1235","91","1895","941","775","56","1139","1007","73","1459","1235","91","20476","2266","296","9762","388","7765"
"852","Sabine G.","","Brühl","BW","DE","F30-34","FIN","5:41:17","0:40:49","0:05:16","2:50:07","0:06:33","1:58:30","1460","225","46","2106","1355","261","48","1512","235","47","1460","225","46","20477","2449","316","10207","393","7110"
"867","Kasper Thorsøe","Male","Esbjerg","DK-83","DK","M35-39","FIN","5:41:21","0:42:53","0:07:48","2:53:49","0:08:15","1:48:37","1461","1236","189","1412","1594","1273","189","1739","1425","209","1461","1236","189","20481","2573","468","10429","495","6517"
"1904","Claas Jelschen","Male","Rhauderfehn","DE-NIEDERSACHSEN","DE","M25-29","FIN","5:41:28","0:32:41","0:05:54","2:40:42","0:05:35","2:16:35","1462","1237","165","1721","318","264","29","906","812","100","1462","1237","165","20488","1961","354","9642","335","8195"
"595","Alexandra Wilke-Rass","Female","Riedenburg","DE-BY","DE","F55-59","FIN","5:41:32","0:46:08","0:07:06","2:45:51","0:06:19","1:56:08","1463","226","10","2979","1889","408","19","1617","272","14","1463","226","10","20492","2768","426","9951","379","6968"
"1896","Harald Schnare","Male","Dresden","Sachsen","DE","M65-69","FIN","5:41:34","0:39:28","0:05:59","3:00:01","0:06:18","1:49:48","1464","1238","9","2568","1180","957","9","1757","1437","16","1464","1238","9","20494","2368","359","10801","378","6588"
"2256","Eric Laube","Male","Fulda","DE-HE","DE","M35-39","FIN","5:41:35","0:42:37","0:06:56","2:42:16","0:09:08","2:00:37","1465","1239","190","1408","1565","1257","187","1343","1162","175","1465","1239","190","20495","2557","416","9736","548","7237"
"500","Susann Voigt","Female","Leipzig","Saxony","DE","F35-39","FIN","5:41:35","0:37:01","0:05:14","2:52:26","0:05:11","2:01:44","1466","227","36","2152","827","143","26","1445","213","34","1466","227","36","20495","2221","314","10346","311","7304"
"1774","Ann-Kathrin Ledl","Female","Mainz","DE-RP","DE","F18-24","FIN","5:41:36","0:44:48","0:05:36","2:51:10","0:05:59","1:54:03","1467","228","28","1982","1799","376","60","1686","296","47","1467","228","28","20496","2688","336","10270","359","6843"
"805","Alexander Bade","Male","Dresden","DE-Saxony","DE","M30-34","FIN","5:41:37","0:39:24","0:05:44","2:52:30","0:08:03","1:55:56","1468","1240","170","1501","1169","951","127","1557","1305","174","1468","1240","170","20497","2364","344","10350","483","6956"
"1816","Philipp Matthes","Male","Wolfsburg","NI","DE","M40-44","FIN","5:41:45","0:42:22","0:09:24","2:32:59","0:07:07","2:09:52","1469","1241","175","1679","1541","1238","165","1104","976","139","1469","1241","175","20505","2542","564","9179","427","7792"
"1859","Michael Würtemberger","Male","Freiberg","SN","DE","M45-49","FIN","5:41:50","0:52:44","0:05:26","2:37:10","0:07:47","1:58:42","1470","1242","157","1721","2146","1640","201","1478","1258","167","1470","1242","157","20510","3164","326","9430","467","7122"
"1946","Sophia Brandl","Female","Massing","Bavaria","DE","F25-29","FIN","5:41:50","0:41:08","0:05:39","2:52:44","0:05:35","1:56:45","1471","229","39","2067","1383","267","44","1634","279","46","1471","229","39","20510","2468","339","10364","335","7005"
"2125","Mara Michel","Female","Wolfstein","Rhineland-Palatinate","DE","F18-24","FIN","5:41:52","0:40:58","0:05:32","2:41:00","0:06:14","2:08:08","1472","230","29","1977","1364","264","41","1208","144","15","1472","230","29","20512","2458","332","9660","374","7688"
"2525","Moritz Koch","Male","Dresden","SN","DE","M18-24","FIN","5:41:55","0:44:13","0:04:27","2:50:38","0:04:44","1:57:53","1473","1243","125","1455","1747","1383","139","1624","1348","132","1473","1243","125","20515","2653","267","10238","284","7073"
"951","Selina Scheer","Female","Hamburg","Hamburg","DE","F30-34","FIN","5:41:59","0:36:26","0:06:57","2:48:41","0:05:53","2:04:02","1474","231","47","2093","747","130","26","1355","185","37","1474","231","47","20519","2186","417","10121","353","7442"
"2326","Peter Harmsen","Male","Bielefeld","North Rhine-Westphalia","DE","M55-59","FIN","5:41:59","0:40:09","0:06:11","2:46:41","0:06:55","2:02:04","1475","1244","97","2204","1274","1028","91","1388","1189","100","1475","1244","97","20519","2409","371","10001","415","7324"
"522","Philipp SCHWITTAY","Male","Rötha","SN","DE","M30-34","FIN","5:41:59","0:39:15","0:05:36","2:41:51","0:08:34","2:06:43","1476","1245","171","1494","1153","938","125","1179","1041","146","1476","1245","171","20519","2355","336","9711","514","7603"
"1740","Miriam Sauerwein","Female","Würzburg","DE-BY","DE","F45-49","FIN","5:42:01","0:37:21","0:08:30","2:48:49","0:05:15","2:02:06","1477","232","23","2207","875","151","21","1446","214","20","1477","232","23","20521","2241","510","10129","315","7326"
"2336","Johannes Dittrich","Male","München","DE-BY","DE","M35-39","FIN","5:42:04","0:39:35","0:09:19","2:44:31","0:09:35","1:59:04","1478","1246","191","1399","1202","971","148","1399","1198","180","1478","1246","191","20524","2375","559","9871","575","7144"
"2481","Mart Friese","Male","Berlin","BE","DE","M35-39","FIN","5:42:05","0:39:41","0:08:25","2:54:09","0:06:49","1:53:01","1479","1247","192","1399","1212","978","149","1700","1397","204","1479","1247","192","20525","2381","505","10449","409","6781"
"2117","Carlo Simon","Male","Leipzig","Saxony","DE","M25-29","FIN","5:42:09","0:43:08","0:07:58","2:49:29","0:08:01","1:53:33","1480","1248","166","1709","1630","1301","172","1665","1375","180","1480","1248","166","20529","2588","478","10169","481","6813"
"2127","Elisabeth Van Reybroeck","Female","Schilde","BE-VAN","BE","F45-49","FIN","5:42:12","0:40:19","0:07:34","2:53:57","0:07:27","1:52:55","1481","233","24","2204","1293","250","29","1688","298","31","1481","233","24","20532","2419","454","10437","447","6775"
"1128","Gerardo Lehne Marquina","Male","Sinzheim","BW","MX","M18-24","FIN","5:42:22","0:40:15","0:05:49","2:40:17","0:05:20","2:10:41","1482","1249","126","1447","1285","1038","106","1165","1028","96","1482","1249","126","20542","2415","349","9617","320","7841"
"407","Nadja Böhlmann","Female","Leipzig","Saxony","DE","F40-44","FIN","5:42:24","0:42:30","0:04:09","2:53:14","0:05:15","1:57:16","1483","234","25","2597","1554","306","29","1644","283","24","1483","234","25","20544","2550","249","10394","315","7036"
"2445","André Pawelczyk-Voigt","Male","Altenburg","Thuringia","DE","M45-49","FIN","5:42:27","0:41:55","0:07:05","2:45:52","0:06:06","2:01:28","1484","1250","158","1710","1476","1181","151","1458","1243","165","1484","1250","158","20547","2515","425","9952","366","7288"
"1072","Janna Marie Bamberger","Female","Leipzig","Saxony","DE","F18-24","FIN","5:42:34","0:34:39","0:06:44","2:54:51","0:04:28","2:01:53","1485","235","30","1964","523","91","10","1513","236","33","1485","235","30","20554","2079","404","10491","268","7313"
"961","Yann Chevalier","Male","Donabate","IE-D","IE","M55-59","FIN","5:42:42","0:45:21","0:06:58","2:51:55","0:07:29","1:50:59","1486","1251","98","2191","1829","1443","126","1734","1420","125","1486","1251","98","20562","2721","418","10315","449","6659"
"1610","Christian Göbser","Male","Straelen","NW","DE","M45-49","FIN","5:42:44","0:40:04","0:04:23","2:40:46","0:04:51","2:12:40","1487","1252","159","1705","1263","1019","131","1131","1000","132","1487","1252","159","20564","2404","263","9646","291","7960"
"455","Anja Seidel","Female","Garbsen","DE-NI","DE","F55-59","FIN","5:42:45","0:47:29","0:06:22","2:35:29","0:06:09","2:07:16","1488","236","11","2957","1971","441","21","1268","158","5","1488","236","11","20565","2849","382","9329","369","7636"
"597","Falk Gernegroß","Male","Leipzig","Saxony","DE","M50-54","FIN","5:42:45","0:38:24","0:07:49","2:41:48","0:05:59","2:08:45","1489","1253","92","1869","1037","855","62","1226","1078","81","1489","1253","92","20565","2304","469","9708","359","7725"
"1358","Florian Köll","Male","München","BY","DE","M35-39","FIN","5:42:55","0:41:27","0:06:25","2:51:08","0:07:05","1:56:49","1490","1254","193","1384","1422","1144","169","1616","1345","203","1490","1254","193","20575","2487","385","10268","425","7009"
"433","Dias OSPANOV","Male","Wien","","KZ","M40-44","FIN","5:42:56","0:44:41","0:04:39","3:00:44","0:06:45","1:46:08","1491","1255","176","1657","1785","1413","183","1833","1486","194","1491","1255","176","20576","2681","279","10844","405","6368"
"895","Jason Maguire","Male","Newbridge","IE-Kildare","IE","M30-34","FIN","5:42:58","0:34:35","0:06:30","2:31:01","0:10:58","2:19:54","1492","1256","172","1476","514","425","69","642","582","85","1492","1256","172","20578","2075","390","9061","658","8394"
"2235","Carsten Viefeld","Male","Jena","TH","DE","M45-49","FIN","5:43:00","0:36:31","0:09:05","2:36:27","0:07:08","2:13:50","1493","1257","160","1700","756","625","77","990","884","113","1493","1257","160","20580","2191","545","9387","428","8030"
"1957","Jule Jonas","Female","Gärtringen","Baden Württemberg ","DE","F18-24","FIN","5:43:03","0:38:37","0:06:40","2:53:40","0:05:33","1:58:33","1494","237","31","1955","1064","186","27","1612","271","42","1494","237","31","20583","2317","400","10420","333","7113"
"1568","Oliver Beck","Male","Zittau","SN","DE","M30-34","FIN","5:43:04","0:40:13","0:06:07","2:52:40","0:06:59","1:57:04","1495","1258","173","1475","1280","1034","136","1615","1344","178","1495","1258","173","20584","2413","367","10360","419","7024"
"2001","Viktor Engelmann","Male","Bruchhausen-Vilsen","Lower Saxony","DE","M35-39","FIN","5:43:06","0:37:41","0:07:40","2:49:25","0:06:07","2:02:13","1496","1259","194","1381","927","764","116","1449","1235","189","1496","1259","194","20586","2261","460","10165","367","7333"
"876","Marcus Nitzschke","Male","Leipzig","Saxony","DE","M35-39","FIN","5:43:21","0:38:32","0:05:37","2:38:14","0:05:23","2:15:36","1497","1260","195","1376","1052","869","129","1001","891","143","1497","1260","195","20601","2312","337","9494","323","8136"
"754","Claudio Vigorelli","Male","Wolfsburg","DE-NI","DE","M50-54","FIN","5:43:22","0:37:28","0:06:13","2:48:36","0:07:09","2:03:57","1498","1261","93","1858","896","740","55","1362","1174","87","1498","1261","93","20602","2248","373","10116","429","7437"
"977","Jörn Hennies","Male","Villingen-Schwenningen ","Baden-Württemberg","DE","M55-59","FIN","5:43:31","0:43:34","0:12:45","2:50:00","0:06:52","1:50:21","1499","1262","99","2176","1675","1331","115","1772","1446","126","1499","1262","99","20611","2614","765","10200","412","6621"
"2189","Michael Plöchl","Male","München","Bayern","DE","M55-59","FIN","5:43:48","0:36:27","0:04:30","2:43:40","0:04:51","2:14:19","1500","1263","100","2171","750","620","54","1100","972","79","1500","1263","100","20628","2187","270","9820","291","8059"
"1986","Lukas Erkelenz","Male","Cathedral City","US-CA","DE","M30-34","FIN","5:43:52","0:31:30","0:06:47","2:39:16","0:06:45","2:19:35","1501","1264","174","1460","218","180","34","852","760","108","1501","1264","174","20632","1890","407","9556","405","8375"
"1942","Tizian Teufel","Male","Bayreuth","Bayern","DE","M25-29","FIN","5:43:53","0:44:45","0:05:28","2:48:17","0:05:07","2:00:15","1502","1265","167","1677","1793","1419","198","1595","1330","172","1502","1265","167","20633","2685","328","10097","307","7215"
"1833","Tim Waayer","Male","Nootdorp","South Holland","NL","M35-39","FIN","5:43:53","0:42:06","0:05:09","2:46:56","0:05:38","2:04:04","1503","1266","196","1367","1502","1201","178","1426","1217","183","1503","1266","196","20633","2526","309","10016","338","7444"
"1039","Steffen Senges","Male","Hamburg","DE-Hamburg","DE","M40-44","FIN","5:43:57","0:42:50","0:07:55","2:38:15","0:07:20","2:07:37","1504","1267","177","1639","1587","1267","167","1256","1101","155","1504","1267","177","20637","2570","475","9495","440","7657"
"352","Tobias Petzold","Male","Leipzig","SACHSEN","DE","M35-39","FIN","5:44:00","0:41:56","0:06:47","2:44:59","0:06:11","2:04:08","1505","1268","197","1364","1477","1182","176","1412","1207","181","1505","1268","197","20640","2516","407","9899","371","7448"
"1885","Dierk Kersten","Male","Kirchlinteln","Lower Saxony","DE","M45-49","FIN","5:44:03","0:37:36","0:07:13","2:42:29","0:06:34","2:10:11","1506","1269","161","1682","915","755","97","1202","1060","143","1506","1269","161","20643","2256","433","9749","394","7811"
"2109","Thomas Krause","Male","Leipzig","Saxony","DE","M45-49","FIN","5:44:04","0:44:06","0:08:40","2:51:51","0:07:07","1:52:19","1507","1270","162","1681","1737","1375","176","1748","1431","182","1507","1270","162","20644","2646","520","10311","427","6739"
"775","Felix Kreutzmann","Male","Schliersee","BY","DE","M18-24","FIN","5:44:04","0:39:53","0:05:03","2:48:26","0:05:37","2:05:05","1508","1271","127","1417","1237","997","102","1397","1196","115","1508","1271","127","20644","2393","303","10106","337","7505"
"1027","Tobias Wiegleb","Male","Leipzig","Saxony","DE","M55-59","FIN","5:44:06","0:38:56","0:05:59","2:40:37","0:06:41","2:11:52","1509","1272","101","2165","1111","907","78","1141","1009","80","1509","1272","101","20646","2336","359","9637","401","7912"
"1628","Alexander Hommerson","Male","kapellen","","BE","M25-29","FIN","5:44:08","0:41:35","0:08:13","2:42:11","0:06:08","2:06:00","1510","1273","168","1673","1436","1154","144","1350","1167","151","1510","1273","168","20648","2495","493","9731","368","7560"
"285","Mathias Scheunemann","Male","Wismar","MV","DE","M45-49","FIN","5:44:11","0:38:31","0:07:26","2:47:28","0:08:15","2:02:31","1511","1274","163","1679","1050","867","113","1400","1199","160","1511","1274","163","20651","2311","446","10048","495","7351"
"2217","Günther Müller","Male","Allershausen","Bayern","DE","M50-54","FIN","5:44:14","0:46:26","0:07:37","2:40:21","0:07:20","2:02:31","1512","1275","94","1842","1910","1495","116","1434","1224","90","1512","1275","94","20654","2786","457","9621","440","7351"
"547","Antonia van Kampen","Female","Leipzig","Saxony","DE","F30-34","FIN","5:44:19","0:41:15","0:05:20","2:45:38","0:07:36","2:04:30","1513","238","48","2051","1399","270","51","1361","188","38","1513","238","48","20659","2475","320","9938","456","7470"
"1892","Leona Marley Gerke","Female","Braunschweig","Lower Saxony","DE","F25-29","FIN","5:44:24","0:40:17","0:05:05","2:49:50","0:05:46","2:03:26","1514","239","40","2021","1289","248","42","1474","219","36","1514","239","40","20664","2417","305","10190","346","7406"
"658","Pierre Disse","Male","Leipzig","Saxony","DE","M35-39","FIN","5:44:25","0:36:04","0:04:28","2:46:22","0:07:26","2:10:04","1515","1276","198","1357","707","587","93","1184","1045","164","1515","1276","198","20665","2164","268","9982","446","7804"
"1538","Simon Zickwolf","Male","München","Bavaria","DE","M35-39","FIN","5:44:26","0:40:29","0:08:12","2:58:25","0:07:32","1:49:48","1516","1277","199","1357","1307","1055","158","1790","1459","217","1516","1277","199","20666","2429","492","10705","452","6588"
"2222","Rebecca Kukec","Female","München","DE-BY","DE","F30-34","FIN","5:44:28","0:40:02","0:04:28","3:02:00","0:05:29","1:52:30","1517","240","49","2048","1255","244","46","1777","327","57","1517","240","49","20668","2402","268","10920","329","6750"
"1362","Ralf Von Frieling","Male","Adendorf","NI","DE","M55-59","FIN","5:44:32","0:35:37","0:05:37","2:27:53","0:06:27","2:28:58","1518","1278","102","2158","650","537","43","549","502","27","1518","1278","102","20672","2137","337","8873","387","8938"
"2439","Philipp Hirsch","Male","Bremen","DE-HB","DE","M25-29","FIN","5:44:37","0:34:37","0:07:48","2:45:13","0:07:37","2:09:22","1519","1279","169","1664","517","428","55","1212","1066","134","1519","1279","169","20677","2077","468","9913","457","7762"
"956","Armin Siemandel","Male","Oberdachstetten","BAYERN","DE","M50-54","FIN","5:44:39","0:45:51","0:05:44","2:43:35","0:05:56","2:03:33","1520","1280","95","1835","1871","1471","113","1473","1255","95","1520","1280","95","20679","2751","344","9815","356","7413"
"1547","Klara Fülle","Female","Münster","North Rhine-Westphalia","DE","F18-24","FIN","5:44:50","0:41:43","0:04:15","2:50:53","0:04:26","2:03:34","1521","241","32","1923","1452","287","43","1529","242","36","1521","241","32","20690","2503","255","10253","266","7414"
"453","Jodi Fowler","Female","St Saviour Jersey","Jersey","JE","F45-49","FIN","5:44:56","0:31:52","0:05:41","3:02:31","0:07:19","1:57:33","1522","242","25","2155","242","43","6","1656","288","28","1522","242","25","20696","1912","341","10951","439","7053"
"2238","Sebastian Rosse","Male","Leipzig","SACHSEN","DE","M18-24","FIN","5:44:58","0:50:53","0:08:47","2:42:59","0:10:42","1:51:36","1523","1281","128","1400","2111","1613","168","1712","1403","135","1523","1281","128","20698","3053","527","9779","642","6696"
"2473","Eduarda Kaestner","Female","Frauenneuharting","Bavaria","BR","F18-24","FIN","5:44:58","0:38:21","0:07:42","2:56:19","0:06:10","1:56:26","1524","243","33","1921","1028","181","26","1703","304","49","1524","243","33","20698","2301","462","10579","370","6986"
"765","Lisa Epperlein","Female","Reinsdorf","SN","DE","F18-24","FIN","5:45:00","0:37:08","0:05:08","3:05:10","0:04:16","1:53:18","1525","244","34","1920","842","145","18","1795","333","54","1525","244","34","20700","2228","308","11110","256","6798"
"792","Markus Schwenke","Male","Landsberg OT Hohenthurm","Saxony-Anhalt","DE","M40-44","FIN","5:45:04","1:00:15","0:07:32","2:38:44","0:08:40","1:49:53","1526","1282","178","1619","2206","1682","213","1778","1451","190","1526","1282","178","20704","3615","452","9524","520","6593"
"809","Kristóf Bürchner","Male","Üröm","PEST","HU","M18-24","FIN","5:45:15","0:43:58","0:08:11","2:42:54","0:07:05","2:03:07","1527","1283","129","1395","1722","1365","137","1467","1251","122","1527","1283","129","20715","2638","491","9774","425","7387"
"1761","Stefan Höpping","Male","Amt Wachsenburg","THURINGEN","DE","M45-49","FIN","5:45:21","0:46:34","0:08:37","3:06:01","0:05:23","1:38:45","1528","1284","164","1658","1915","1497","188","1982","1571","202","1528","1284","164","20721","2794","517","11161","323","5925"
"910","Sarah Scholtysik","Female","Erlangen","DE-BY","DE","F35-39","FIN","5:45:24","0:42:40","0:06:20","2:49:29","0:08:53","1:58:02","1529","245","37","2083","1573","312","48","1592","264","42","1529","245","37","20724","2560","380","10169","533","7082"
"1982","Evangelia Nikoloudakis","Female","Berlin","BE","DE","F30-34","FIN","5:45:32","0:42:48","0:05:23","2:49:22","0:05:30","2:02:29","1530","246","50","2029","1585","320","58","1552","251","50","1530","246","50","20732","2568","323","10162","330","7349"
"843","Hannah Luisa Liepert","Female","Leipzig","Sachsen","DE","F18-24","FIN","5:45:36","0:36:33","0:05:03","2:44:27","0:05:17","2:14:15","1531","247","35","1910","765","133","17","1160","137","13","1531","247","35","20736","2193","303","9867","317","8055"
"1016","Michael Zwickl","Male","Magstadt","BADEN-WURTTEMBERG","DE","M30-34","FIN","5:45:36","0:43:47","0:06:06","2:35:11","0:07:57","2:12:35","1532","1285","175","1429","1698","1347","178","1118","988","138","1532","1285","175","20736","2627","366","9311","477","7955"
"1487","Björn Großkopf","Male","44309","North Rhine-Westphalia","DE","M50-54","FIN","5:45:43","0:34:57","0:10:16","2:41:49","0:07:58","2:10:44","1533","1286","96","1815","557","458","33","1187","1048","77","1533","1286","96","20743","2097","616","9709","478","7844"
"1439","Jessica Priest","Female","Manchester","England","GB","F25-29","FIN","5:45:53","0:37:55","0:07:18","2:56:38","0:06:32","1:57:30","1534","248","41","1994","963","171","28","1689","299","50","1534","248","41","20753","2275","438","10598","392","7050"
"2180","Fridtjof Mielke","Male","Hamburg","HAMBURG","DE","M30-34","FIN","5:45:53","0:41:28","0:05:36","2:54:21","0:06:09","1:58:19","1535","1287","176","1424","1425","1147","153","1682","1388","186","1535","1287","176","20753","2488","336","10461","369","7099"
"1235","Birgit Kreil","Female","Stockerau","","AT","F45-49","FIN","5:45:54","0:35:22","0:07:56","2:55:33","0:07:05","1:59:58","1536","249","26","2138","627","109","15","1606","268","27","1536","249","26","20754","2122","476","10533","425","7198"
"487","Walter Lindenblatt","Male","lMainz","RP","DE","M60-64","FIN","5:45:55","0:41:22","0:05:50","2:39:28","0:09:45","2:09:30","1537","1288","39","2169","1410","1135","36","1178","1040","29","1537","1288","39","20755","2482","350","9568","585","7770"
"1284","Rosalie Schelzel","Female","Leipzig","Saxony","DE","F25-29","FIN","5:46:03","0:45:15","0:05:51","2:49:17","0:08:23","1:57:18","1538","250","42","1991","1819","385","70","1661","290","49","1538","250","42","20763","2715","351","10157","503","7038"
"905","Christiane Harwardt- Linde","Female","Hamburg","DE-HH","DE","F50-54","FIN","5:46:06","0:38:45","0:04:07","2:56:13","0:07:22","1:59:39","1539","251","13","2416","1081","194","10","1619","273","17","1539","251","13","20766","2325","247","10573","442","7179"
"730","Alexandra Schönert","Female","Leipzig","Saxony","DE","F30-34","FIN","5:46:07","0:39:53","0:11:57","2:55:03","0:08:32","1:50:42","1540","252","51","2019","1236","240","44","1786","330","58","1540","252","51","20767","2393","717","10503","512","6642"
"1789","Alfred Bakker","Male","Enkhuizen","foreigner","NL","M40-44","FIN","5:46:08","0:39:53","0:06:21","2:38:36","0:08:44","2:12:35","1541","1289","179","1600","1233","994","135","1108","980","140","1541","1289","179","20768","2393","381","9516","524","7955"
"1954","Stefan Dath","Male","Leipzig","SN","DE","M30-34","FIN","5:46:13","0:30:29","0:07:05","2:38:24","0:06:35","2:23:41","1542","1290","177","1418","156","126","24","794","709","101","1542","1290","177","20773","1829","425","9504","395","8621"
"2234","Sebastian Gruß","Male","Apfelstädt ","THURINGEN","DE","M40-44","FIN","5:46:23","0:47:00","0:04:13","2:29:51","0:05:43","2:19:36","1543","1291","180","1595","1930","1507","191","966","865","126","1543","1291","180","20783","2820","253","8991","343","8376"
"1953","Antje Heitmann","Female","Kirchlinteln","Lower Saxony","DE","F40-44","FIN","5:46:25","0:39:18","0:10:01","2:50:39","0:09:16","1:57:11","1544","253","26","2525","1162","218","18","1649","286","25","1544","253","26","20785","2358","601","10239","556","7031"
"262","Paula Luise Kühn","Female","Ostermundigen","Bern","CH","F18-24","FIN","5:46:27","0:39:16","0:04:43","2:49:36","0:05:17","2:07:36","1545","254","36","1894","1155","216","32","1407","203","26","1545","254","36","20787","2356","283","10176","317","7656"
"561","Thomas Müller","Male","Leipzig","SN","DE","M45-49","FIN","5:46:33","0:44:12","0:08:40","2:47:46","0:07:23","1:58:31","1546","1292","165","1637","1746","1382","177","1666","1376","177","1546","1292","165","20793","2652","520","10066","443","7111"
"975","Melanie Hennies","Female","Villingen-Schwenningen","Baden-Württemberg","DE","F50-54","FIN","5:46:39","0:50:26","0:09:26","2:50:47","0:09:09","1:46:51","1547","255","14","2406","2095","494","37","1844","354","24","1547","255","14","20799","3026","566","10247","549","6411"
"571","Laurus Vandenberghe","Male","Kortrijk","Flemish Region","BE","M25-29","FIN","5:46:42","0:43:04","0:05:52","2:51:10","0:07:13","1:59:23","1548","1293","170","1627","1618","1293","170","1657","1369","179","1548","1293","170","20802","2584","352","10270","433","7163"
"505","Rodrigo SOFFIANTINI","Male","Glew","AR-B","AR","M35-39","FIN","5:46:42","0:42:21","0:08:17","2:56:05","0:07:50","1:52:10","1549","1294","200","1316","1540","1237","184","1782","1453","216","1549","1294","200","20802","2541","497","10565","470","6730"
"2243","Maik Schöpe","Male","Zeitz","SACHSEN-ANHALT","DE","M50-54","FIN","5:46:42","0:34:23","0:07:35","2:39:43","0:07:16","2:17:45","1550","1295","97","1798","487","403","27","982","877","63","1550","1295","97","20802","2063","455","9583","436","8265"
"1336","Jenö Kleemann","Male","04229","Saxony","DE","M55-59","FIN","5:46:43","0:38:00","0:08:31","2:48:48","0:05:00","2:06:24","1551","1296","103","2118","978","805","67","1476","1256","106","1551","1296","103","20803","2280","511","10128","300","7584"
"1035","Daniel Stürner","Male","Trostberg","Bavaria","DE","M25-29","FIN","5:46:47","0:41:58","0:05:22","2:48:29","0:05:27","2:05:32","1552","1297","171","1625","1481","1185","149","1499","1273","163","1552","1297","171","20807","2518","322","10109","327","7532"
"1029","Cornelia Schaffrinna","Female","Zeitz ","Sachsen-Anhalt ","DE","F40-44","FIN","5:46:48","0:41:34","0:08:28","2:57:28","0:07:07","1:52:11","1553","256","27","2518","1435","282","23","1797","335","29","1553","256","27","20808","2494","508","10648","427","6731"
"1783","Tobias Hofmann","Male","Korbach","Hessen","DE","M40-44","FIN","5:46:49","0:34:58","0:05:05","2:42:35","0:07:02","2:17:08","1554","1298","181","1587","560","461","61","1012","898","128","1554","1298","181","20809","2098","305","9755","422","8228"
"2528","Andreas Schulze","Male","Immenstadt ","Bayern ","DE","M55-59","FIN","5:46:55","0:41:24","0:05:49","2:45:35","0:05:59","2:08:08","1555","1299","104","2115","1417","1141","101","1383","1185","99","1555","1299","104","20815","2484","349","9935","359","7688"
"2254","Leah Bahle","Female","Neubrandenburg","Mecklenburg-West Pomerania","DE","F18-24","FIN","5:46:58","0:48:35","0:04:33","2:51:24","0:04:49","1:57:37","1556","257","37","1885","2031","465","67","1742","316","50","1556","257","37","20818","2915","273","10284","289","7057"
"268","Maxim Rubáš","Male","Praha","PRAHA 8","CZ","M25-29","FIN","5:47:13","0:37:57","0:05:44","2:54:21","0:06:21","2:02:49","1557","1300","172","1617","971","798","103","1571","1314","168","1557","1300","172","20833","2277","344","10461","381","7369"
"1514","Tom Lenz","Male","Leipzig","SN","DE","M25-29","FIN","5:47:13","0:42:28","0:07:51","2:59:36","0:08:58","1:48:19","1558","1301","173","1617","1550","1245","160","1831","1484","203","1558","1301","173","20833","2548","471","10776","538","6499"
"471","Patrick Madrutter","Male","Villach","AT-Carinthia","AT","M35-39","FIN","5:47:16","0:39:34","0:06:35","2:47:46","0:06:29","2:06:53","1559","1302","201","1306","1200","970","147","1418","1210","182","1559","1302","201","20836","2374","395","10066","389","7613"
"377","Tina Schwartz","","Leipzig","Saxony","DE","F35-39","FIN","5:47:33","0:47:24","0:05:02","2:49:58","0:06:54","1:58:15","1560","258","38","2044","1965","438","57","1705","305","45","1560","258","38","20853","2844","302","10198","414","7095"
"1605","Anika Haring","Female","Merseburg OT Beuna","foreigner","DE","F40-44","FIN","5:47:34","0:47:25","0:06:45","2:51:30","0:08:20","1:53:34","1561","259","28","2504","1967","439","45","1761","322","27","1561","259","28","20854","2845","405","10290","500","6814"
"1416","Lea Meinen","Female","Oldenburg","Lower Saxony","DE","F25-29","FIN","5:47:37","0:37:32","0:03:55","2:46:21","0:05:32","2:14:17","1562","260","43","1963","905","159","25","1221","148","24","1562","260","43","20857","2252","235","9981","332","8057"
"632","Nico Dethloff","Male","Leipzig","SACHSEN","DE","M25-29","FIN","5:47:44","0:45:50","0:08:23","2:50:22","0:06:56","1:56:12","1563","1303","174","1608","1869","1470","204","1746","1429","193","1563","1303","174","20864","2750","503","10222","416","6972"
"1973","Dean Penzel","Male","Gräfenhainichen","Saxony-Anhalt","DE","M18-24","FIN","5:47:45","0:40:13","0:07:08","2:47:46","0:07:27","2:05:11","1564","1304","130","1350","1281","1035","105","1469","1252","123","1564","1304","130","20865","2413","428","10066","447","7511"
"726","Nina Boden","Female","Großröhrsdorf ","Sachsen ","DE","F25-29","FIN","5:47:51","0:46:22","0:04:57","2:47:49","0:07:10","2:01:32","1565","261","44","1959","1905","413","74","1620","274","45","1565","261","44","20871","2782","297","10069","430","7292"
"2068","Nicolas Rau","Male","Niederkirchen ","Rhineland-Palatinate","DE","M30-34","FIN","5:47:52","0:43:07","0:07:56","2:32:11","0:06:24","2:18:15","1566","1305","178","1388","1627","1298","170","1036","918","132","1566","1305","178","20872","2587","476","9131","384","8295"
"1690","Timo Göllner","Male","Schwanewede","NIEDERSACHSEN","DE","M35-39","FIN","5:47:53","0:36:22","0:04:38","2:42:24","0:07:40","2:16:49","1567","1306","202","1295","738","612","98","1047","928","149","1567","1306","202","20873","2182","278","9744","460","8209"
"612","Yvonne Most","Female","Leipzig","SN","DE","F60-64","FIN","5:47:56","0:44:34","0:05:09","2:49:36","0:06:13","2:02:24","1568","262","4","3009","1777","371","8","1625","277","5","1568","262","4","20876","2674","309","10176","373","7344"
"1791","Fabian Bange","Male","Olsberg","DE-NW","DE","M25-29","FIN","5:48:01","0:44:10","0:06:49","2:51:46","0:06:43","1:58:32","1569","1307","175","1603","1742","1378","188","1715","1406","186","1569","1307","175","20881","2650","409","10306","403","7112"
"2413","Tobias Ortner","Male","Kutzenhausen","Bayern","DE","M30-34","FIN","5:48:11","0:47:09","0:06:39","2:44:00","0:05:55","2:04:28","1570","1308","179","1382","1947","1515","198","1563","1310","176","1570","1308","179","20891","2829","399","9840","355","7468"
"467","Frank Hackenbruch","Male","Stolberg","DE-NW","DE","M65-69","FIN","5:48:14","0:37:21","0:07:03","2:50:26","0:07:09","2:06:15","1571","1309","10","2448","873","723","6","1454","1240","11","1571","1309","10","20894","2241","423","10226","429","7575"
"628","Dennis Angleberger","Male","Leipzig","Saxony","US","M25-29","FIN","5:48:15","0:42:02","0:05:32","2:40:07","0:07:25","2:13:08","1572","1310","176","1599","1490","1194","151","1217","1071","135","1572","1310","176","20895","2522","332","9607","445","7988"
"1555","Refik Ramic","Male","München","BAYERN","BA","M30-34","FIN","5:48:16","0:44:21","0:06:28","2:44:20","0:06:37","2:06:30","1573","1311","180","1381","1756","1392","184","1471","1253","169","1573","1311","180","20896","2661","388","9860","397","7590"
"304","Lutz Hanus","Male","Hanau","DE-HE","DE","M45-49","FIN","5:48:19","0:43:02","0:05:53","2:50:56","0:06:09","2:02:20","1574","1312","166","1605","1612","1288","164","1643","1361","175","1574","1312","166","20899","2582","353","10256","369","7340"
"1051","Pia-Mareike Heyne","Female","Leipzig","Sachsen","DE","F35-39","FIN","5:48:21","0:25:43","0:04:43","3:05:46","0:07:58","2:04:10","1575","263","39","2030","26","3","1","1511","234","38","1575","263","39","20901","1543","283","11146","478","7450"
"1618","Sascha Helmund","Male","Leipzig","Saxony","DE","M40-44","FIN","5:48:22","0:40:49","0:06:54","2:49:34","0:06:27","2:04:38","1576","1313","182","1559","1356","1095","149","1541","1294","174","1576","1313","182","20902","2449","414","10174","387","7478"
"1034","Kornel Miros","Male","Wolfenbüttel","Nidersachsen ","DE","M18-24","FIN","5:48:22","0:52:38","0:07:05","2:51:57","0:06:44","1:49:58","1577","1314","131","1339","2142","1636","170","1861","1500","146","1577","1314","131","20902","3158","425","10317","404","6598"
"524","Christian Dahms","Male","Leipzig","SN","DE","M50-54","FIN","5:48:30","0:37:56","0:07:25","2:54:39","0:07:03","2:01:27","1578","1315","98","1765","966","794","57","1651","1365","107","1578","1315","98","20910","2276","445","10479","423","7287"
"966","Simon Bollermann","Male","Meschede","North Rhine-Westphalia","DE","M18-24","FIN","5:48:30","0:36:44","0:09:22","2:40:17","0:08:16","2:13:51","1579","1316","132","1337","791","654","67","1167","1030","97","1579","1316","132","20910","2204","562","9617","496","8031"
"1008","Kerstin Baumgärtel","Female","Kiel","SH","DE","F50-54","FIN","5:48:31","0:48:48","0:04:47","2:49:03","0:04:13","2:01:39","1580","264","15","2372","2040","469","33","1711","309","19","1580","264","15","20911","2928","287","10143","253","7299"
"2057","Timm Weller","Male","Köln","NORDRHEIN-WESTFALEN","DE","M50-54","FIN","5:48:41","0:39:01","0:11:06","3:01:07","0:08:56","1:48:31","1581","1317","99","1762","1126","917","66","1853","1495","118","1581","1317","99","20921","2341","666","10867","536","6511"
"1269","Linda Krötzsch","Female","Frankfurt am Main","HE","DE","F35-39","FIN","5:48:43","0:40:13","0:06:13","3:00:15","0:06:11","1:55:51","1582","265","40","2023","1282","247","39","1781","329","49","1582","265","40","20923","2413","373","10815","371","6951"
"317","Johannes Reibold","Male","Leipzig","SACHSEN","DE","M25-29","FIN","5:48:44","0:45:53","0:09:16","2:52:43","0:06:35","1:54:17","1583","1318","177","1590","1872","1472","205","1803","1466","201","1583","1318","177","20924","2753","556","10363","395","6857"
"2293","Jens Schulze","Male","Radebeul ","Saxony","DE","M55-59","FIN","5:48:48","0:51:15","0:07:49","2:50:19","0:06:58","1:52:27","1584","1319","105","2081","2116","1617","138","1826","1480","132","1584","1319","105","20928","3075","469","10219","418","6747"
"1410","Mila Leunisse","Female","Reeuwijk","South Holland","NL","F18-24","FIN","5:48:49","0:41:56","0:04:44","2:51:09","0:05:40","2:05:20","1585","266","38","1852","1478","296","45","1564","254","39","1585","266","38","20929","2516","284","10269","340","7520"
"1219","Roman Smushkin","Male","Mainz","DE-RP","DE","M18-24","FIN","5:48:56","0:35:38","0:05:54","2:49:13","0:06:43","2:11:28","1586","1320","133","1329","651","538","57","1310","1139","107","1586","1320","133","20936","2138","354","10153","403","7888"
"926","David Pieschel","Male","Berlin","Berlin","DE","M45-49","FIN","5:49:01","0:51:52","0:06:41","2:57:22","0:07:11","1:45:55","1587","1321","167","1592","2129","1627","199","1909","1532","197","1587","1321","167","20941","3112","401","10642","431","6355"
"1482","Hermann Müller","Male","Dortmund","NW","DE","M65-69","FIN","5:49:05","0:45:43","0:08:37","2:54:50","0:06:57","1:52:58","1588","1322","11","2432","1865","1467","20","1823","1478","19","1588","1322","11","20945","2743","517","10490","417","6778"
"544","Susanne Jose","Female","Bad Aibling","BY","DE","F55-59","FIN","5:49:11","0:44:33","0:05:18","2:46:05","0:05:16","2:07:59","1589","267","12","2841","1776","370","16","1502","228","9","1589","267","12","20951","2673","318","9965","316","7679"
"1541","Silas van Berkum","Male","Zoetermeer","NL-ZH","NL","M18-24","FIN","5:49:19","0:42:37","0:06:38","2:54:17","0:05:42","2:00:05","1590","1323","134","1322","1564","1256","128","1725","1414","136","1590","1323","134","20959","2557","398","10457","342","7205"
"1897","Nick Hermsdorf","Male","Lossatal","SN","DE","M25-29","FIN","5:49:23","0:44:57","0:06:59","2:37:50","0:07:01","2:12:36","1591","1324","178","1578","1805","1425","199","1282","1122","140","1591","1324","178","20963","2697","419","9470","421","7956"
"1583","Jannik Polzer","Male","Mühlacker","Baden-Württemberg","DE","M18-24","FIN","5:49:23","0:42:15","0:06:17","2:44:59","0:09:10","2:06:42","1592","1325","135","1321","1525","1223","121","1403","1202","116","1592","1325","135","20963","2535","377","9899","550","7602"
"1079","Pia Wilhelmi","Female","Mainz","RP","DE","F30-34","FIN","5:49:24","0:39:08","0:09:18","2:52:31","0:09:11","1:59:16","1593","268","52","1960","1139","213","41","1672","292","52","1593","268","52","20964","2348","558","10351","551","7156"
"1405","Sebastian Madaus","Male","LÜneburge","NI","DE","M40-44","FIN","5:49:30","0:44:23","0:06:39","2:48:03","0:04:47","2:05:37","1594","1326","183","1539","1762","1397","180","1618","1346","184","1594","1326","183","20970","2663","399","10083","287","7537"
"392","Shanika Rodrigo","Female","Andelfingen","Zurich","CH","F18-24","FIN","5:49:34","0:43:02","0:04:45","2:42:04","0:06:25","2:13:18","1595","269","39","1838","1613","325","48","1285","163","20","1595","269","39","20974","2582","285","9724","385","7998"
"568","Christian Kleuver","Male","Zwickau","Saxony","DE","M35-39","FIN","5:49:34","0:36:19","0:07:55","3:07:52","0:07:34","1:49:55","1596","1327","203","1264","733","608","97","1864","1503","220","1596","1327","203","20974","2179","475","11272","454","6595"
"1574","Nicole Spruit","Female","Veldhoven","","NL","F55-59","FIN","5:49:35","0:37:49","0:07:07","2:54:21","0:07:43","2:02:36","1597","270","13","2834","952","168","3","1623","276","15","1597","270","13","20975","2269","427","10461","463","7356"
"560","Fabian Schellenberg","Male","Leipzig","Saxony","DE","M25-29","FIN","5:49:38","0:42:48","0:06:20","3:06:16","0:06:14","1:48:00","1598","1328","179","1574","1584","1265","166","1907","1530","210","1598","1328","179","20978","2568","380","11176","374","6480"
"1161","Anne Eymann","Female","Grosspösna","Sachsen","DE","F45-49","FIN","5:49:42","0:38:29","0:05:50","2:49:32","0:07:10","2:08:40","1599","271","27","2069","1047","183","24","1415","206","19","1599","271","27","20982","2309","350","10172","430","7720"
"572","Andrea Kleuver","Female","Zwickau","SN","DE","F35-39","FIN","5:49:43","0:35:02","0:06:47","3:10:25","0:06:25","1:51:04","1600","272","41","2005","572","101","19","1867","364","51","1600","272","41","20983","2102","407","11425","385","6664"
"604","Julius Rauner","Male","Dillingen/Saar","SAARLAND","DE","M25-29","FIN","5:49:43","0:43:48","0:06:41","2:37:53","0:11:25","2:09:55","1601","1329","180","1572","1701","1349","181","1238","1087","139","1601","1329","180","20983","2628","401","9473","685","7795"
"2329","Georg Schultz","Male","Markkleeberg","Saxony","DE","M45-49","FIN","5:49:45","0:37:34","0:09:09","2:55:58","0:06:22","2:00:42","1602","1330","168","1579","910","751","96","1713","1404","179","1602","1330","168","20985","2254","549","10558","382","7242"
"1244","Sven Zscherper","Male","Kritzmow","MECKLENBURG-VORPOMMERN","DE","M40-44","FIN","5:49:52","0:42:07","0:10:44","2:40:31","0:10:11","2:06:19","1603","1331","184","1532","1507","1206","163","1396","1195","165","1603","1331","184","20992","2527","644","9631","611","7579"
"1296","Robert Alan Feichtenschlager","Male","Waldkirchen","DE-DE-Bavaria","DE","M40-44","FIN","5:49:53","0:53:05","0:08:39","2:56:11","0:05:34","1:46:24","1604","1332","185","1532","2149","1643","205","1943","1552","202","1604","1332","185","20993","3185","519","10571","334","6384"
"350","Celine Barbonus","Female","Leipzig","Saxony","DE","F25-29","FIN","5:49:53","0:42:58","0:06:41","3:00:32","0:04:18","1:55:24","1605","273","45","1922","1606","324","59","1835","348","61","1605","273","45","20993","2578","401","10832","258","6924"
"1038","Daniel Woelke","Male","Wolfsburg","zachodniopomorskie","DE","M35-39","FIN","5:49:57","0:43:22","0:04:59","2:57:20","0:04:22","1:59:54","1606","1333","204","1257","1648","1314","192","1763","1441","214","1606","1333","204","20997","2602","299","10640","262","7194"
"1064","Sarah Menge","Female","Donauwörth","Bavaria","DE","F18-24","FIN","5:49:57","0:43:07","0:05:37","2:57:05","0:05:08","1:59:01","1607","274","40","1831","1625","329","50","1767","324","52","1607","274","40","20997","2587","337","10625","308","7141"
"1531","Fleur Grashuis","Female","Groningen","GRONINGEN","NL","F18-24","FIN","5:50:02","0:42:38","0:06:29","2:59:49","0:05:41","1:55:24","1608","275","41","1830","1566","309","46","1819","343","55","1608","275","41","21002","2558","389","10789","341","6924"
"2140","Stefan Woronka","Male","Baddeckenstedt","NIEDERSACHSEN","DE","M50-54","FIN","5:50:02","0:39:26","0:07:06","2:52:27","0:05:58","2:05:04","1609","1334","100","1738","1175","955","71","1614","1343","104","1609","1334","100","21002","2366","426","10347","358","7504"
"704","Heiko Frömter","Male","Leipzig","Saxony","DE","M65-69","FIN","5:50:05","0:41:31","0:06:53","3:04:46","0:09:23","1:47:31","1610","1335","12","2414","1428","1150","14","1880","1512","20","1610","1335","12","21005","2491","413","11086","563","6451"
"1841","Sebastian Merlöv","Male","Limhamn","SE-M","SE","M50-54","FIN","5:50:10","0:42:18","0:07:54","2:40:11","0:07:47","2:11:59","1611","1336","101","1735","1532","1229","94","1300","1132","84","1611","1336","101","21010","2538","474","9611","467","7919"
"2505","Jan Mašek","Male","Blatno","Ústí nad Labem Region","CZ","M40-44","FIN","5:50:10","0:45:16","0:05:52","2:48:37","0:05:07","2:05:17","1612","1337","186","1527","1823","1437","184","1641","1359","186","1612","1337","186","21010","2716","352","10117","307","7517"
"2396","Julia Süß","Female","Hannover","NI","DE","F25-29","FIN","5:50:13","0:37:36","0:04:57","2:49:37","0:07:41","2:10:20","1613","276","46","1916","915","161","26","1360","187","34","1613","276","46","21013","2256","297","10177","461","7820"
"708","Benjamin Kehr","Male","Laufach","BAYERN","DE","M45-49","FIN","5:50:13","0:42:44","0:08:26","2:44:16","0:06:12","2:08:35","1614","1338","169","1571","1578","1262","161","1483","1263","168","1614","1338","169","21013","2564","506","9856","372","7715"
"2086","Jonas Günther","Male","Dresden","Sachsen","DE","M25-29","FIN","5:50:16","0:42:56","0:06:06","2:56:41","0:05:53","1:58:40","1615","1339","181","1562","1600","1278","168","1765","1443","197","1615","1339","181","21016","2576","366","10601","353","7120"
"1590","Thomas Richter","Male","Düsseldorf","NW","DE","M55-59","FIN","5:50:21","0:36:17","0:05:50","2:38:29","0:06:25","2:23:20","1616","1340","106","2053","731","607","52","950","851","67","1616","1340","106","21021","2177","350","9509","385","8600"
"589","Janina Steindl","Female","Pentling","DE-BAYERN","DE","F35-39","FIN","5:50:25","0:35:04","0:04:29","2:51:38","0:06:39","2:12:36","1617","277","42","1993","584","104","21","1321","174","27","1617","277","42","21025","2104","269","10298","399","7956"
"1600","Christian Zinnbauer","Male","Bayern","foreigner","DE","M55-59","FIN","5:50:26","0:41:46","0:06:15","2:41:10","0:05:07","2:16:07","1618","1341","107","2051","1459","1171","105","1264","1108","89","1618","1341","107","21026","2506","375","9670","307","8167"
"1438","Gunnar Richter","Male","Friedberg (Hessen)","Hesse","DE","M40-44","FIN","5:50:34","0:43:44","0:09:16","3:03:08","0:07:10","1:47:17","1619","1342","187","1520","1692","1343","174","1913","1534","200","1619","1342","187","21034","2624","556","10988","430","6437"
"862","Mirco Börner","Male","Leipzig ","Saxony","DE","M30-34","FIN","5:50:44","0:43:53","0:05:44","2:52:38","0:06:28","2:02:00","1620","1343","181","1337","1711","1356","180","1701","1398","190","1620","1343","181","21044","2633","344","10358","388","7320"
"1779","Gabriele Geipel","Female","Strasslach-Dingharting","DE-BY","DE","F55-59","FIN","5:50:45","0:36:44","0:06:12","2:53:22","0:08:47","2:05:40","1621","278","14","2813","792","138","1","1515","237","10","1621","278","14","21045","2204","372","10402","527","7540"
"1164","Marius Schäffler","Male","Leipzig","Saxony","DE","M30-34","FIN","5:50:45","0:54:32","0:07:06","2:50:01","0:05:59","1:53:07","1622","1344","182","1336","2168","1660","216","1860","1499","197","1622","1344","182","21045","3272","426","10201","359","6787"
"829","Caroline Kunze","Female","Holle","NI","DE","F25-29","FIN","5:50:47","0:42:39","0:05:40","3:00:58","0:09:08","1:52:22","1623","279","47","1906","1567","310","57","1825","346","60","1623","279","47","21047","2559","340","10858","548","6742"
"1247","Fabian Wessels","Male","Hannover","NI","DE","M30-34","FIN","5:50:47","0:53:10","0:11:06","2:50:01","0:11:24","1:45:07","1624","1345","183","1336","2151","1645","214","1895","1521","202","1624","1345","183","21047","3190","666","10201","684","6307"
"1305","Sven Brockhagen","Male","Taucha","DE-SN","DE","M45-49","FIN","5:50:50","0:43:29","0:06:37","2:37:04","0:05:51","2:17:49","1625","1346","170","1559","1665","1324","170","1192","1052","141","1625","1346","170","21050","2609","397","9424","351","8269"
"1905","Oliver Kraft","Male","Leipzig","Saxony","DE","M30-34","FIN","5:50:57","0:51:26","0:05:09","2:56:25","0:05:26","1:52:31","1626","1347","184","1333","2121","1620","210","1874","1508","199","1626","1347","184","21057","3086","309","10585","326","6751"
"1009","Gregor Suhr","Male","Berlin","dolnośląskie","DE","M50-54","FIN","5:51:04","0:41:09","0:08:43","2:50:14","0:07:20","2:03:37","1627","1348","102","1719","1385","1118","85","1658","1370","109","1627","1348","102","21064","2469","523","10214","440","7417"
"1177","Joshua Paule","Male","Elze","Niedersachsen","DE","M18-24","FIN","5:51:13","0:45:40","0:07:11","2:47:51","0:08:18","2:02:12","1628","1349","136","1288","1860","1463","145","1669","1378","134","1628","1349","136","21073","2740","431","10071","498","7332"
"2291","Pascal Neumann","Male","Karenz","Mecklenburg-Vorpommern","DE","M25-29","FIN","5:51:15","0:47:15","0:08:02","2:51:18","0:05:52","1:58:48","1629","1350","182","1545","1953","1520","213","1780","1452","198","1629","1350","182","21075","2835","482","10278","352","7128"
"1524","Jonas Simon Matthies","Male","Hamburg","Hamburg","DE","M25-29","FIN","5:51:17","0:37:03","0:11:38","2:53:13","0:08:28","2:00:54","1630","1351","183","1544","831","687","83","1692","1393","184","1630","1351","183","21077","2223","698","10393","508","7254"
"1936","Selina Sachs","Female","Bayreuth","Bavaria","DE","F25-29","FIN","5:51:21","0:44:36","0:05:31","2:54:56","0:05:51","2:00:28","1631","280","48","1896","1782","372","66","1753","319","53","1631","280","48","21081","2676","331","10496","351","7228"
"2295","Robert Eder","Male","Friedberg Bayern","DE-BY","DE","F30-34","FIN","5:51:27","0:39:52","0:06:40","2:36:26","0:04:44","2:23:45","1632","281","53","1923","1229","239","43","1025","117","23","1632","281","53","21087","2392","400","9386","284","8625"
"1864","Christine Schießl","Female","Nürnberg","DE-BY","DE","F35-39","FIN","5:51:30","0:41:54","0:08:38","2:42:07","0:06:36","2:12:16","1633","282","43","1973","1473","294","46","1377","196","32","1633","282","43","21090","2514","518","9727","396","7936"
"1237","Johanna Göke","Female","Mülheim an der Ruhr","North Rhine-Westphalia","DE","F18-24","FIN","5:51:31","0:39:35","0:07:38","2:48:34","0:08:37","2:07:08","1634","283","42","1803","1201","231","35","1497","225","31","1634","283","42","21091","2375","458","10114","517","7628"
"1821","Tjarden Krause","Male","Borstel","Niedersachsen","DE","M25-29","FIN","5:51:36","0:43:37","0:07:58","3:02:22","0:09:35","1:48:03","1635","1352","184","1538","1680","1334","178","1889","1516","206","1635","1352","184","21096","2617","478","10942","575","6483"
"1851","Robert Otys","Male","Freihung","BAYERN","DE","M50-54","FIN","5:51:42","0:45:02","0:09:07","2:52:10","0:07:48","1:57:35","1636","1353","103","1708","1808","1428","110","1773","1447","116","1636","1353","103","21102","2702","547","10330","468","7055"
"2419","Andreas Göpfert","Male","Grafenau","DE-BW","DE","M45-49","FIN","5:51:43","0:37:49","0:07:48","2:45:22","0:09:09","2:11:36","1637","1354","171","1544","950","784","100","1317","1144","155","1637","1354","171","21103","2269","468","9922","549","7896"
"2446","Lars-Burkhardt Sturm, Dr.","Male","Halle","SACHSEN-ANHALT","DE","M55-59","FIN","5:51:45","0:44:29","0:08:20","2:55:47","0:05:42","1:57:28","1638","1355","108","2028","1770","1403","122","1816","1476","131","1638","1355","108","21105","2669","500","10547","342","7048"
"1845","Jonas Zinndorf","Male","Nidderau","Hesse","DE","M25-29","FIN","5:51:47","0:43:32","0:06:29","2:41:29","0:05:21","2:14:57","1639","1356","185","1535","1671","1328","177","1330","1154","148","1639","1356","185","21107","2612","389","9689","321","8097"
"2479","Anna Martius","Female","Radebeul","Saxony","DE","F50-54","FIN","5:51:53","0:44:42","0:05:42","2:57:03","0:07:33","1:56:53","1640","284","16","2312","1787","374","22","1796","334","22","1640","284","16","21113","2682","342","10623","453","7013"
"1036","Linda Galli","Female","Augsburg","BY","DE","F50-54","FIN","5:51:59","0:49:56","0:05:15","2:42:47","0:06:27","2:07:34","1641","285","17","2310","2075","486","35","1569","257","15","1641","285","17","21119","2996","315","9767","387","7654"
"442","Kristian Bornitz","Male","Mainz","DE-RP","DE","M40-44","FIN","5:52:12","0:36:34","0:09:28","2:46:29","0:10:23","2:09:18","1642","1357","188","1490","768","635","84","1374","1181","164","1642","1357","188","21132","2194","568","9989","623","7758"
"1123","Christoph Mählmann","Male","Bad Düben","SN","DE","M30-34","FIN","5:52:16","0:43:14","0:11:13","2:45:22","0:07:43","2:04:44","1643","1358","185","1309","1638","1307","172","1642","1360","181","1643","1358","185","21136","2594","673","9922","463","7484"
"1371","Tim Krause","Male","Arnsdorf","Sachsen ","DE","M18-24","FIN","5:52:23","0:47:13","0:08:26","2:51:07","0:05:46","1:59:51","1644","1359","137","1267","1949","1517","156","1784","1455","141","1644","1359","137","21143","2833","506","10267","346","7191"
"1929","Frank Seewald","Male","Ponitz","Thuringia","DE","M55-59","FIN","5:52:23","0:43:58","0:05:07","2:55:08","0:05:51","2:02:20","1645","1360","109","2016","1721","1364","119","1732","1419","124","1645","1360","109","21143","2638","307","10508","351","7340"
"1677","Oleksiy Serdyuk","Male","Bremen","foreigner","UA","M45-49","FIN","5:52:26","0:45:25","0:08:56","2:57:20","0:07:17","1:53:27","1646","1361","172","1531","1836","1447","185","1862","1501","192","1646","1361","172","21146","2725","536","10640","437","6807"
"565","Jordy Naessens","Male","Marke","","BE","M25-29","FIN","5:52:37","0:39:52","0:07:01","2:56:49","0:07:37","2:01:18","1647","1362","186","1520","1231","992","127","1727","1415","190","1647","1362","186","21157","2392","421","10609","457","7278"
"564","Isabelle Diedrichs","Female","Mannheim","BW","DE","F35-39","FIN","5:52:37","0:43:44","0:05:28","2:53:20","0:04:40","2:05:26","1648","286","44","1953","1691","349","52","1708","307","46","1648","286","44","21157","2624","328","10400","280","7526"
"1640","Vladyslav Melnyk","Male","Berlin","DE-BE","UA","M30-34","FIN","5:52:41","0:42:06","0:09:12","2:44:26","0:09:01","2:07:56","1649","1363","186","1301","1503","1202","162","1496","1272","172","1649","1363","186","21161","2526","552","9866","541","7676"
"756","Nicolas Cielke","Male","Leipzig","DE-SN","DE","M25-29","FIN","5:52:41","0:42:36","0:04:57","2:53:36","0:06:25","2:05:07","1650","1364","187","1519","1561","1253","163","1678","1385","181","1650","1364","187","21161","2556","297","10416","385","7507"
"1870","Florian Exner","Male","Berlin","Berlin","DE","M35-39","FIN","5:52:45","0:39:51","0:08:19","2:54:20","0:06:44","2:03:32","1651","1365","205","1207","1228","990","150","1707","1401","206","1651","1365","205","21165","2391","499","10460","404","7412"
"2014","Maximilian Döring","Male","Düsseldorf","DE-NW","DE","M18-24","FIN","5:52:49","0:46:00","0:05:48","2:45:30","0:04:47","2:10:45","1652","1366","138","1259","1883","1481","150","1540","1293","127","1652","1366","138","21169","2760","348","9930","287","7845"
"1975","Frank Brettel","Male","Eppingen","Baden-Württemberg","DE","M50-54","FIN","5:52:54","0:42:14","0:08:14","2:46:51","0:07:29","2:08:07","1653","1367","104","1686","1523","1222","93","1543","1296","98","1653","1367","104","21174","2534","494","10011","449","7687"
"1595","Lisa Ott","Female","Regensburg","BY","DE","F25-29","FIN","5:52:56","0:38:06","0:06:42","2:45:49","0:09:36","2:12:44","1654","287","49","1867","992","175","29","1303","169","29","1654","287","49","21176","2286","402","9949","576","7964"
"2335","Lara Hanke","Female","Pirna","Saxony","DE","F25-29","FIN","5:53:02","0:39:43","0:06:13","2:54:25","0:06:18","2:06:22","1655","288","50","1865","1215","236","40","1660","289","48","1655","288","50","21182","2383","373","10465","378","7582"
"1943","Constantin Herdrich","Male","Dornbirn","AT-8","DE","M30-34","FIN","5:53:04","0:40:31","0:08:43","2:44:21","0:07:06","2:12:23","1656","1368","187","1295","1312","1060","141","1408","1205","163","1656","1368","187","21184","2431","523","9861","426","7943"
"414","Ariel Rubin","Male","Cape Town, Western Cape","WESTERN CAPE","ZA","M30-34","FIN","5:53:05","0:29:37","0:05:49","2:55:46","0:06:03","2:15:51","1657","1369","188","1294","121","96","16","1322","1148","159","1657","1369","188","21185","1777","349","10546","363","8151"
"974","Florian Nohl","Male","Leipzig","Sachsen","DE","M30-34","FIN","5:53:10","0:40:41","0:06:37","2:52:11","0:05:51","2:07:51","1658","1370","189","1293","1335","1079","144","1630","1353","179","1658","1370","189","21190","2441","397","10331","351","7671"
"1289","Kay Kakuschke","Male","Leipzig","Sachsen","DE","M55-59","FIN","5:53:12","0:40:55","0:07:30","2:48:52","0:06:49","2:09:05","1659","1371","110","2002","1363","1100","97","1542","1295","109","1659","1371","110","21192","2455","450","10132","409","7745"
"2465","Frank Steinert","Male","Chemnitz","SN","DE","M55-59","FIN","5:53:13","0:44:22","0:09:54","2:40:08","0:07:35","2:11:13","1660","1372","111","2001","1760","1395","121","1436","1226","104","1660","1372","111","21193","2662","594","9608","455","7873"
"542","Jannis Unger","Male","Bad König","HESSEN","DE","M25-29","FIN","5:53:15","0:43:42","0:05:39","2:49:02","0:05:47","2:09:05","1661","1373","188","1509","1688","1341","179","1589","1327","171","1661","1373","188","21195","2622","339","10142","347","7745"
"1809","Jakub Machac","Male","Mannheim ","BADEN-WURTTEMBERG","CZ","M35-39","FIN","5:53:20","0:53:10","0:05:51","2:46:07","0:07:22","2:00:50","1662","1374","206","1196","2152","1646","241","1754","1435","213","1662","1374","206","21200","3190","351","9967","442","7250"
"851","Jan Eberlein","Male","Gr Kummerfeld","DE-SH","DE","M60-64","FIN","5:53:21","0:48:36","0:08:07","2:56:00","0:10:48","1:49:49","1663","1375","40","2036","2033","1567","52","1871","1506","50","1663","1375","40","21201","2916","487","10560","648","6589"
"2427","Yvonne Fendt","Female","Hamburg","DE-HH","DE","F50-54","FIN","5:53:25","0:45:25","0:08:56","2:55:59","0:06:30","1:56:35","1664","289","18","2284","1833","388","24","1840","351","23","1664","289","18","21205","2725","536","10559","390","6995"
"2089","Tanja Schümann","Female","Pinneberg","DE-SH","DE","F45-49","FIN","5:53:27","0:39:04","0:06:14","2:52:59","0:07:01","2:08:10","1665","290","28","2002","1132","211","26","1585","261","24","1665","290","28","21207","2344","374","10379","421","7690"
"2341","Nico Brandes","Male","Ebergötzen ","Lower Saxony","DE","M18-24","FIN","5:53:28","0:41:03","0:06:59","2:58:25","0:07:44","1:59:17","1666","1376","139","1247","1372","1107","112","1776","1450","140","1666","1376","139","21208","2463","419","10705","464","7157"
"793","Elke Heinbuch","Female","Kulmbach","DE-BY","DE","F60-64","FIN","5:53:28","0:38:40","0:05:43","2:58:04","0:06:03","2:04:59","1667","291","5","2909","1072","189","4","1706","306","6","1667","291","5","21208","2320","343","10684","363","7499"
"1871","Michael Hönig","Male","Olfen","NW","DE","M55-59","FIN","5:53:31","0:33:51","0:10:36","2:42:10","0:08:38","2:18:17","1668","1377","112","1996","422","349","25","1173","1036","81","1668","1377","112","21211","2031","636","9730","518","8297"
"2378","Artur Goralski","Male","Waldershof","Bavaria","DE","M30-34","FIN","5:53:33","0:44:59","0:06:17","2:43:37","0:05:07","2:13:33","1669","1378","190","1286","1806","1426","188","1457","1242","167","1669","1378","190","21213","2699","377","9817","307","8013"
"2406","Julian Keil","Male","Karsbach","DE-BY","DE","M25-29","FIN","5:53:55","0:38:01","0:07:21","2:53:33","0:06:33","2:08:27","1670","1379","189","1497","979","806","105","1610","1341","173","1670","1379","189","21235","2281","441","10413","393","7707"
"2151","Frank Minnich","Male","Memmelsdorf","BY","DE","M60-64","FIN","5:53:58","0:42:54","0:08:47","2:45:57","0:07:29","2:08:52","1671","1380","41","2024","1596","1275","41","1553","1302","43","1671","1380","41","21238","2574","527","9957","449","7732"
"1856","Uwe Riedel","Male","Brieselang","BRANDENBURG","DE","M55-59","FIN","5:54:02","0:41:08","0:08:20","2:58:23","0:09:30","1:56:42","1672","1381","113","1987","1384","1117","98","1802","1465","128","1672","1381","113","21242","2468","500","10703","570","7002"
"2020","Niklas Matysiak","Male","Leipzig","SACHSEN","DE","M25-29","FIN","5:54:05","0:39:01","0:06:46","2:57:21","0:04:25","2:06:33","1673","1382","190","1494","1123","914","118","1717","1408","187","1673","1382","190","21245","2341","406","10641","265","7593"
"989","Maksym Popov","Male","Berdiansk","foreigner","UA","M35-39","FIN","5:54:06","0:44:06","0:05:02","2:53:13","0:06:48","2:04:57","1674","1383","207","1183","1736","1374","202","1704","1400","205","1674","1383","207","21246","2646","302","10393","408","7497"
"812","Grégoire Pironet","Male","Sprimont","Walloon Region","BE","M18-24","FIN","5:54:20","0:36:41","0:10:07","2:37:20","0:10:51","2:19:22","1675","1384","140","1232","779","645","65","1078","952","87","1675","1384","140","21260","2201","607","9440","651","8362"
"659","Henrik Barz","Male","Aschaffenburg","BAYERN","DE","M50-54","FIN","5:54:26","0:50:35","0:06:30","2:44:00","0:05:55","2:07:26","1676","1385","105","1658","2101","1604","124","1675","1382","113","1676","1385","105","21266","3035","390","9840","355","7646"
"1411","Christian Fliegner","Male","Regensburg","Bavaria","DE","M45-49","FIN","5:54:27","0:54:15","0:06:40","2:53:34","0:07:35","1:52:23","1677","1386","173","1494","2166","1658","203","1898","1524","195","1677","1386","173","21267","3255","400","10414","455","6743"
"701","Daniel De Wachter","Male","Willebroek","BE-ANTWERPEN","BE","M55-59","FIN","5:54:40","0:39:31","0:07:08","2:32:57","0:06:42","2:28:21","1678","1387","114","1975","1188","965","87","916","822","63","1678","1387","114","21280","2371","428","9177","402","8901"
"2411","Christian Könitzer","Male","Zschepplin","Sachsen","DE","M40-44","FIN","5:54:41","0:45:20","0:08:02","2:57:44","0:05:16","1:58:19","1679","1388","189","1446","1825","1439","185","1850","1493","196","1679","1388","189","21281","2720","482","10664","316","7099"
"816","Shy Hevrony","Male","Kiryat Ono","Tel Aviv District","IL","M50-54","FIN","5:54:46","0:35:01","0:08:01","2:51:46","0:09:50","2:10:09","1680","1389","106","1652","570","470","34","1453","1239","93","1680","1389","106","21286","2101","481","10306","590","7809"
"858","Paula Oertel","Female","Eisenberg","DE-Thuringia","DE","F18-24","FIN","5:54:47","0:37:44","0:05:29","2:54:04","0:05:30","2:12:00","1681","292","43","1744","934","166","22","1539","247","37","1681","292","43","21287","2264","329","10444","330","7920"
"884","Carolin Bernhart","Female","Lilienthal","DE-NI","DE","F45-49","FIN","5:54:56","0:34:59","0:06:25","2:57:19","0:06:50","2:09:23","1682","293","29","1975","561","100","14","1603","267","26","1682","293","29","21296","2099","385","10639","410","7763"
"312","Julian Algie","Male","Berlin","DE","DE","M40-44","FIN","5:55:06","0:44:22","0:07:48","2:43:10","0:07:56","2:11:49","1683","1390","190","1438","1761","1396","179","1479","1259","172","1683","1390","190","21306","2662","468","9790","476","7909"
"1110","Mike James Morrison","Male","Leipzig","SN","DE","M55-59","FIN","5:55:08","0:38:17","0:04:21","2:55:25","0:05:28","2:11:37","1684","1391","115","1967","1019","841","71","1573","1316","112","1684","1391","115","21308","2297","261","10525","328","7897"
"1578","Marcin Polkowski","Male","Skorzewo","","PL","M50-54","FIN","5:55:25","0:48:14","0:07:05","2:42:53","0:07:09","2:10:04","1685","1392","107","1641","2012","1556","121","1579","1319","103","1685","1392","107","21325","2894","425","9773","429","7804"
"682","Mathijs Kous","Male","Putten","","NL","M18-24","FIN","5:55:25","0:47:00","0:07:08","2:55:45","0:07:41","1:57:51","1686","1393","141","1212","1931","1508","154","1830","1483","144","1686","1393","141","21325","2820","428","10545","461","7071"
"2083","Marco Siebenhuener","Male","Miami","FL","US","M45-49","FIN","5:55:29","0:43:08","0:09:12","2:58:25","0:06:26","1:58:17","1687","1394","174","1476","1629","1300","166","1846","1491","190","1687","1394","174","21329","2588","552","10705","386","7097"
"1939","Peer Przybylla","Male","Bitterfeld-Wolfen","ST","DE","M65-69","FIN","5:55:35","0:42:29","0:08:49","2:49:40","0:05:50","2:08:47","1688","1395","13","2315","1553","1248","16","1673","1381","13","1688","1395","13","21335","2549","529","10180","350","7727"
"1030","Christian Rösel","Male","Naunhof ","SN","DE","M35-39","FIN","5:55:37","0:36:56","0:06:11","2:42:04","0:06:33","2:23:55","1689","1396","208","1155","816","674","106","1126","995","155","1689","1396","208","21337","2216","371","9724","393","8635"
"1050","Ira Berg","Female","Leipzig - Mitte","DE-SN","DE","F50-54","FIN","5:55:38","0:43:06","0:06:51","2:49:58","0:07:01","2:08:42","1690","294","19","2244","1623","327","19","1646","284","18","1690","294","19","21338","2586","411","10198","421","7722"
"431","Torsten Pfaff","Male","Dermbach","DE-TH","DE","M55-59","FIN","5:55:39","0:41:45","0:07:16","2:53:39","0:06:55","2:06:03","1691","1397","116","1958","1456","1168","104","1714","1405","123","1691","1397","116","21339","2505","436","10419","415","7563"
"1712","Georg Friese","Male","Lich","HE","DE","M60-64","FIN","5:55:46","0:39:18","0:08:38","2:47:29","0:08:59","2:11:22","1692","1398","42","1992","1160","943","28","1482","1262","38","1692","1398","42","21346","2358","518","10049","539","7882"
"1384","Jörg Lautenschläger","Male","Markranstädt","SN","DE","M45-49","FIN","5:55:48","0:40:07","0:05:27","2:47:58","0:06:19","2:15:56","1693","1399","175","1470","1270","1025","132","1404","1203","162","1693","1399","175","21348","2407","327","10078","379","8156"
"346","Falko Hilbert","Male","Leipzig","SN","DE","M35-39","FIN","5:55:50","0:42:19","0:07:00","2:39:42","0:05:13","2:21:37","1694","1400","209","1151","1533","1230","182","1258","1103","170","1694","1400","209","21350","2539","420","9582","313","8497"
"1989","Thorsten Kirschen","Male","Zetel","NIEDERSACHSEN","DE","M40-44","FIN","5:55:56","0:39:54","0:05:49","2:45:00","0:05:29","2:19:42","1695","1401","191","1423","1239","998","136","1309","1138","158","1695","1401","191","21356","2394","349","9900","329","8382"
"1991","Julius Schirmer","Male","Jena","Thuringia","DE","M25-29","FIN","5:56:15","0:41:38","0:08:21","2:50:03","0:07:10","2:09:02","1696","1402","191","1455","1444","1160","145","1655","1368","178","1696","1402","191","21375","2498","501","10203","430","7742"
"341","Raik Schicktanz","Male","Leipzig","Sachsen","DE","M35-39","FIN","5:56:19","0:41:14","0:06:09","2:43:34","0:06:54","2:18:28","1697","1403","210","1143","1396","1127","167","1315","1143","174","1697","1403","210","21379","2474","369","9814","414","8308"
"1467","Marcel Koch","Male","Bad Schmiedeberg","DE-ST","DE","M50-54","FIN","5:56:28","0:42:53","0:05:17","2:37:39","0:06:53","2:23:46","1698","1404","108","1622","1593","1272","102","1149","1015","74","1698","1404","108","21388","2573","317","9459","413","8626"
"2366","Monique Richter","Female","Arni","Maldonado","DE","F40-44","FIN","5:56:39","0:41:46","0:03:59","2:52:19","0:04:38","2:13:57","1699","295","29","2340","1461","290","25","1574","258","23","1699","295","29","21399","2506","239","10339","278","8037"
"469","Claudia Jakobler","Female","Wolfsburg","DE-NI","DE","F55-59","FIN","5:56:42","0:48:32","0:06:21","2:44:00","0:07:32","2:10:18","1700","296","15","2706","2028","463","23","1608","269","13","1700","296","15","21402","2912","381","9840","452","7818"
"2016","Christoph Maier","Male","Halle","SACHSEN-ANHALT","DE","M60-64","FIN","5:56:44","0:50:30","0:08:58","3:00:36","0:07:17","1:49:23","1701","1405","43","1975","2096","1602","57","1971","1564","55","1701","1405","43","21404","3030","538","10836","437","6563"
"2365","Michel Faßhauer","Male","Hameln","Lower Saxony","DE","M25-29","FIN","5:56:48","0:42:24","0:05:24","2:56:38","0:09:06","2:03:15","1702","1406","192","1445","1545","1240","159","1737","1423","191","1702","1406","192","21408","2544","324","10598","546","7395"
"1409","Diego Martin Cisneros Avendano","Male","München","Bavaria","PE","M25-29","FIN","5:56:50","0:40:38","0:07:25","3:06:13","0:06:14","1:56:19","1703","1407","193","1444","1329","1075","134","1894","1520","207","1703","1407","193","21410","2438","445","11173","374","6979"
"257","Sebastian Schon","Male","Bettange-sur-Mess","CAPELLEN","LU","M18-24","FIN","5:56:51","0:46:21","0:08:20","2:56:58","0:05:32","1:59:41","1704","1408","142","1187","1904","1492","153","1859","1498","145","1704","1408","142","21411","2781","500","10618","332","7181"
"2064","Denis Hinz","Male","Neustadt an der Weinstraße","RHEINLAND-PFALZ","DE","M30-34","FIN","5:56:58","0:38:25","0:09:24","2:58:19","0:09:25","2:01:26","1705","1409","191","1224","1039","857","112","1769","1445","193","1705","1409","191","21418","2305","564","10699","565","7286"
"454","Falko Colban","Male","Taucha","DE-SN","DE","M45-49","FIN","5:57:04","0:41:32","0:10:14","2:55:02","0:07:41","2:02:36","1706","1410","176","1447","1429","1151","148","1785","1456","184","1706","1410","176","21424","2492","614","10502","461","7356"
"376","David Oberbichler","Male","Leipzig","Saxony","DE","M40-44","FIN","5:57:08","0:58:03","0:05:29","2:51:42","0:04:01","1:57:53","1707","1411","192","1402","2194","1672","211","1904","1528","199","1707","1411","192","21428","3483","329","10302","241","7073"
"2255","Tobias Breuer","Male","Leipzig","Saxony","DE","M30-34","FIN","5:57:09","0:53:46","0:07:09","2:59:02","0:06:52","1:50:20","1708","1412","192","1221","2161","1653","215","1968","1561","206","1708","1412","192","21429","3226","429","10742","412","6620"
"273","Manuel Simon","Male","Fürstenfeldbruck","DE-Bavaria","DE","M45-49","FIN","5:57:14","0:47:16","0:07:08","2:57:00","0:08:58","1:56:51","1709","1413","177","1444","1955","1521","191","1855","1496","191","1709","1413","177","21434","2836","428","10620","538","7011"
"2213","Thorsten Hengelhaupt","Male","Amt Wachsenburg ","THURINGEN","DE","M45-49","FIN","5:57:17","0:43:29","0:07:38","2:54:18","0:07:58","2:03:53","1710","1414","178","1443","1667","1326","171","1756","1436","183","1710","1414","178","21437","2609","458","10458","478","7433"
"1967","Nicolas Kirsch","Male","Glasgow","GLASGOW CITY","DE","M25-29","FIN","5:57:20","0:41:07","0:07:18","2:56:03","0:07:02","2:05:49","1711","1415","194","1435","1382","1116","139","1738","1424","192","1711","1415","194","21440","2467","438","10563","422","7549"
"1133","Robert Göbel","Male","Leipzig","SACHSEN","DE","M18-24","FIN","5:57:22","0:42:20","0:05:48","3:06:12","0:06:20","1:56:42","1712","1416","143","1177","1538","1235","125","1896","1522","148","1712","1416","143","21442","2540","348","11172","380","7002"
"2474","Silke Gemander","Female","Wolfsburg","Lower Saxony","DE","F35-39","FIN","5:57:24","0:42:22","0:06:30","3:05:20","0:07:18","1:55:53","1713","297","45","1867","1542","304","47","1893","374","53","1713","297","45","21444","2542","390","11120","438","6953"
"551","Hannah Jücker","Female","Münster","North Rhine-Westphalia","DE","F18-24","FIN","5:57:25","0:43:59","0:05:05","2:51:56","0:05:15","2:11:11","1714","298","44","1697","1724","359","58","1674","293","46","1714","298","44","21445","2639","305","10316","315","7871"
"489","Erik Martin","Male","Dresden","SN","DE","M35-39","FIN","5:57:28","0:47:46","0:09:37","2:53:39","0:08:47","1:57:39","1715","1417","211","1122","1981","1537","229","1849","1492","219","1715","1417","211","21448","2866","577","10419","527","7059"
"1770","Pascal Stoplock","Male","Oldenburg","Lower Saxony","DE","M18-24","FIN","5:57:33","0:44:03","0:05:53","3:03:08","0:05:36","1:58:52","1716","1418","144","1174","1730","1370","138","1876","1510","147","1716","1418","144","21453","2643","353","10988","336","7132"
"2421","Christoph Müller","Male","Rossleben-Wiehe OT wiehe","DE-TH","DE","M40-44","FIN","5:57:36","0:42:11","0:09:14","2:49:44","0:08:56","2:07:31","1717","1419","193","1393","1516","1215","164","1677","1384","188","1717","1419","193","21456","2531","554","10184","536","7651"
"743","Jennifer Staiger","Female","Singen","Baden-Württemberg","DE","F35-39","FIN","5:57:44","0:49:47","0:04:55","3:01:52","0:06:46","1:54:24","1718","299","46","1861","2072","483","63","1919","381","54","1718","299","46","21464","2987","295","10912","406","6864"
"533","Christine Schäfer","Female","Iffezheim","DE-BW","DE","F55-59","FIN","5:57:51","0:42:51","0:05:19","2:52:31","0:07:31","2:09:39","1719","300","16","2685","1590","321","14","1668","291","16","1719","300","16","21471","2571","319","10351","451","7779"
"1926","Joel Melzer","Male","Berlin","Berlin","DE","M25-29","FIN","5:57:55","0:44:22","0:07:14","2:47:44","0:06:18","2:12:18","1720","1420","195","1425","1758","1393","191","1626","1349","175","1720","1420","195","21475","2662","434","10064","378","7938"
"870","Valentin Korn","Male","Eilenburg","Saxony","DE","M25-29","FIN","5:57:56","0:47:20","0:04:23","2:51:44","0:06:41","2:07:48","1721","1421","196","1424","1958","1523","214","1722","1412","189","1721","1421","196","21476","2840","263","10304","401","7668"
"592","Antonia Garten","Female","Lichtenberg","Saxony","DE","F18-24","FIN","5:57:58","0:42:46","0:04:43","2:48:03","0:07:32","2:14:53","1722","301","45","1687","1581","318","47","1487","221","30","1722","301","45","21478","2566","283","10083","452","8093"
"681","Frederick Ebinger","Male","Frankfurt am Main","Hessen","DE","M25-29","FIN","5:58:02","0:43:28","0:07:21","2:51:03","0:11:55","2:04:15","1723","1422","197","1423","1664","1323","176","1690","1391","182","1723","1422","197","21482","2608","441","10263","715","7455"
"1598","Thomas Greczmiel","Male","Berlin","DE-BE","DE","M65-69","FIN","5:58:03","0:38:22","0:07:47","2:36:56","0:06:43","2:28:17","1724","1423","14","2271","1030","849","8","1031","914","6","1724","1423","14","21483","2302","467","9416","403","8897"
"1402","Ivo Willems","Male","Brasschaat","BE-VAN","BE","M65-69","FIN","5:58:05","0:40:21","0:08:25","2:45:17","0:07:16","2:16:47","1725","1424","15","2270","1296","1046","12","1422","1213","10","1725","1424","15","21485","2421","505","9917","436","8207"
"1773","Jonas Korsakas","Female","Radolfzell am Bodensee","DE-BW","DE","M45-49","FIN","5:58:30","0:51:36","0:06:12","2:52:48","0:06:47","2:01:08","1726","1425","179","1421","2124","1623","197","1842","1490","189","1726","1425","179","21510","3096","372","10368","407","7268"
"630","Christopher Henrik Kurpan","Male","Berlin","BE","DE","M40-44","FIN","5:58:36","0:41:59","0:05:58","3:00:16","0:07:35","2:02:49","1727","1426","194","1375","1482","1186","160","1809","1471","191","1727","1426","194","21516","2519","358","10816","455","7369"
"2118","Laura Albers","Female","Leipzig","Sachsen","DE","F25-29","FIN","5:58:39","0:42:15","0:07:10","2:58:31","0:06:55","2:03:48","1728","302","51","1764","1526","303","54","1806","338","55","1728","302","51","21519","2535","430","10711","415","7428"
"725","Luise Gräbedünkel","Female","Ürzig","DE-RP","DE","F18-24","FIN","5:58:47","0:37:23","0:04:49","2:53:45","0:05:49","2:17:01","1729","303","46","1672","879","153","20","1504","229","32","1729","303","46","21527","2243","289","10425","349","8221"
"2451","Adam Bubela","Male","Poznań","wielkopolskie","PL","M50-54","FIN","5:58:49","0:45:15","0:07:49","2:46:56","0:08:08","2:10:41","1730","1427","109","1580","1821","1435","111","1653","1367","108","1730","1427","109","21529","2715","469","10016","488","7841"
"587","Robert Hesse","Male","Leipzig","Saxony","DE","M45-49","FIN","5:59:09","0:43:34","0:11:15","2:46:37","0:09:31","2:08:12","1731","1428","180","1410","1678","1333","172","1683","1389","178","1731","1428","180","21549","2614","675","9997","571","7692"
"1545","David Lubczynski","Male","Braunschweig","NI","DE","M45-49","FIN","5:59:35","0:45:31","0:07:38","3:04:02","0:06:01","1:56:23","1732","1429","181","1402","1843","1451","186","1928","1543","199","1732","1429","181","21575","2731","458","11042","361","6983"
"1200","Sebastian Bravo Jürgensen","Male","Idstein","DE-HE","DE","M25-29","FIN","5:59:37","0:35:30","0:06:09","2:44:46","0:07:00","2:26:12","1733","1430","198","1394","642","530","64","1170","1033","132","1733","1430","198","21577","2130","369","9886","420","8772"
"1711","Jesper Jonassen","Male","Horsens","DK-82","DK","M50-54","FIN","5:59:50","0:35:32","0:06:03","2:45:51","0:10:19","2:22:05","1734","1431","110","1561","643","531","41","1205","1063","80","1734","1431","110","21590","2132","363","9951","619","8525"
"789","Stefanie Schiele","Female","Ostfildern","Baden-Württemberg","DE","F25-29","FIN","5:59:53","0:43:34","0:05:14","2:46:29","0:05:55","2:18:42","1735","304","52","1742","1676","345","63","1475","220","37","1735","304","52","21593","2614","314","9989","355","8322"
"1764","Henry Doyle","Male","London","GREAT BRITAIN","GB","M25-29","FIN","5:59:53","0:48:09","0:07:36","3:00:23","0:07:39","1:56:06","1736","1432","199","1389","2005","1552","221","1914","1535","211","1736","1432","199","21593","2889","456","10823","459","6966"
"706","Samantha Walter","Female","Leipzig","Sachsen","DE","F30-34","FIN","5:59:56","0:40:08","0:05:21","2:58:09","0:06:12","2:10:07","1737","305","54","1770","1271","246","47","1726","312","55","1737","305","54","21596","2408","321","10689","372","7807"
"2352","Celina Dombrowe","Female","Bad Münder am Deister","Lower Saxony","DE","F25-29","FIN","6:00:01","0:47:04","0:05:27","3:03:28","0:05:29","1:58:33","1738","306","53","1740","1939","429","80","1910","378","65","1738","306","53","21601","2824","327","11008","329","7113"
"1580","Monika Polkowska","Female","Skórzewo","","PL","F45-49","FIN","6:00:03","0:44:47","0:06:07","3:00:35","0:07:50","2:00:44","1739","307","30","1883","1797","375","43","1857","361","40","1739","307","30","21603","2687","367","10835","470","7244"
"258","Zelieus Namirian","Male","Munich","Bayern","DE","M25-29","FIN","6:00:03","1:00:10","0:05:59","2:59:33","0:07:42","1:46:39","1740","1433","200","1386","2205","1681","244","2023","1594","224","1740","1433","200","21603","3610","359","10773","462","6399"
"1949","Sebastian Kluge","Male","Olbernhau","SN","DE","M45-49","FIN","6:00:03","0:52:57","0:07:39","2:56:06","0:07:28","1:55:53","1741","1434","182","1394","2148","1642","202","1921","1540","198","1741","1434","182","21603","3177","459","10566","448","6953"
"796","Lora Karpodini","Female","Bristol","England","GR","F25-29","FIN","6:00:08","0:36:23","0:06:23","3:06:00","0:05:40","2:05:42","1742","308","54","1738","739","127","21","1818","342","57","1742","308","54","21608","2183","383","11160","340","7542"
"269","Nathan Cranfield","Male","Dubai","AE-AE-DU","GB","M40-44","FIN","6:00:11","0:53:36","0:06:27","3:00:01","0:05:20","1:54:46","1743","1435","195","1347","2158","1651","207","1972","1565","203","1743","1435","195","21611","3216","387","10801","320","6886"
"1214","Ivo Baselt","Male","Gilching","Bayern","DE","M40-44","FIN","6:00:12","0:42:29","0:07:46","2:58:54","0:07:43","2:03:19","1744","1436","196","1346","1551","1246","166","1822","1477","192","1744","1436","196","21612","2549","466","10734","463","7399"
"1472","Monika Schneider","Female","Hamburg","HH","DE","F60-64","FIN","6:00:14","0:38:33","0:06:20","2:45:24","0:08:11","2:21:46","1745","309","6","2788","1053","184","3","1291","164","4","1745","309","6","21614","2313","380","9924","491","8506"
"2115","Anne Lessner","Female","Leipzig","Saxony","DE","F18-24","FIN","6:00:14","0:37:56","0:04:12","2:57:22","0:04:44","2:16:00","1746","310","47","1646","965","172","23","1631","278","43","1746","310","47","21614","2276","252","10642","284","8160"
"2099","Paul Hoeijmans","Male","Tilburg","","NL","M50-54","FIN","6:00:15","0:30:30","0:07:02","2:59:59","0:07:20","2:15:24","1747","1437","111","1554","158","128","5","1549","1300","99","1747","1437","111","21615","1830","422","10799","440","8124"
"2354","Kevin Deobald","Male","Apolda","Thüringen","DE","M25-29","FIN","6:00:18","0:41:02","0:12:52","2:45:19","0:10:04","2:11:01","1748","1438","201","1382","1369","1105","138","1622","1347","174","1748","1438","201","21618","2462","772","9919","604","7861"
"2347","Luise Janinhoff","Female","Münster","North Rhine-Westphalia","DE","F35-39","FIN","6:00:21","0:37:57","0:07:17","2:52:38","0:07:57","2:14:32","1749","311","47","1814","970","173","32","1566","255","41","1749","311","47","21621","2277","437","10358","477","8072"
"609","Marc Mahr","Male","Schwalmtal","North Rhine-Westphalia","DE","M40-44","FIN","6:00:26","0:59:22","0:07:28","2:53:49","0:08:23","1:51:24","1750","1439","197","1342","2201","1677","212","1976","1567","204","1750","1439","197","21626","3562","448","10429","503","6684"
"2300","Andrea Friedrich","Female","Glashütte","Saxony","DE","F40-44","FIN","6:00:39","0:43:22","0:04:52","2:58:20","0:05:33","2:08:31","1751","312","30","2268","1652","335","31","1779","328","28","1751","312","30","21639","2602","292","10700","333","7711"
"1978","Rainer Arnold","Male","Beucha","SN","DE","M60-64","FIN","6:00:50","0:46:53","0:09:48","2:50:27","0:09:26","2:04:17","1752","1440","44","1901","1926","1503","51","1791","1460","48","1752","1440","44","21650","2813","588","10227","566","7457"
"1312","Julius Gensicke","Male","Leipzig","Saxony","DE","M30-34","FIN","6:00:57","0:41:45","0:08:03","2:51:42","0:09:30","2:09:57","1753","1441","193","1153","1457","1169","157","1685","1390","187","1753","1441","193","21657","2505","483","10302","570","7797"
"1453","Salvatore Vitrano","Male","Palermo","Sicily","IT","M50-54","FIN","6:01:02","0:33:56","0:12:15","2:56:24","0:12:49","2:05:38","1754","1442","112","1540","427","352","21","1709","1402","114","1754","1442","112","21662","2036","735","10584","769","7538"
"1252","Nicole Lindner","Female","München","BY","DE","F30-34","FIN","6:01:28","0:47:40","0:05:45","2:49:10","0:06:31","2:12:21","1755","313","55","1742","1977","444","73","1710","308","54","1755","313","55","21688","2860","345","10150","391","7941"
"2395","Karina Sopp","Female","Lichtentanne","SN","DE","F40-44","FIN","6:01:28","0:46:35","0:08:36","3:02:55","0:05:13","1:58:09","1756","314","31","2254","1916","419","41","1946","393","35","1756","314","31","21688","2795","516","10975","313","7089"
"900","Tanja Suchan","Female","Seelze","NI","DE","F50-54","FIN","6:01:32","0:37:16","0:06:16","2:48:13","0:08:17","2:21:31","1757","315","20","2138","861","148","8","1341","181","8","1757","315","20","21692","2236","376","10093","497","8491"
"1941","Philipp Hinkel","Male","Wiesbaden","Hesse","DE","M25-29","FIN","6:01:34","0:43:52","0:09:14","2:54:59","0:06:46","2:06:43","1758","1443","202","1359","1709","1355","182","1807","1469","202","1758","1443","202","21694","2632","554","10499","406","7603"
"2434","Gabriele Gassner","Female","Zürich","ZH","SZ","F30-34","FIN","6:01:38","0:48:43","0:07:35","3:03:54","0:06:20","1:55:06","1759","316","56","1739","2037","468","76","1974","409","68","1759","316","56","21698","2923","455","11034","380","6906"
"2492","Oliver Kundt","Male","Berlin","BE","DE","M40-44","FIN","6:01:40","0:49:10","0:08:57","2:53:31","0:06:42","2:03:19","1760","1444","198","1320","2055","1580","200","1858","1497","197","1760","1444","198","21700","2950","537","10411","402","7399"
"2192","Helene Berndt","Female","Dresden","SACHSEN","DE","F18-24","FIN","6:01:48","0:45:35","0:05:52","2:44:59","0:06:48","2:18:33","1761","317","48","1618","1849","393","62","1523","240","35","1761","317","48","21708","2735","352","9899","408","8313"
"2541","Kilian Felix Fenneberg","Male","Münster","North Rhine-Westphalia","DE","M25-29","FIN","6:01:52","0:46:27","0:09:35","2:56:31","0:06:33","2:02:45","1762","1445","203","1354","1912","1496","207","1869","1504","205","1762","1445","203","21712","2787","575","10591","393","7365"
"692","Sophie Schneider","Female","Leipzig","Saxony","DE","F30-34","FIN","6:01:54","0:48:35","0:08:15","3:05:40","0:08:50","1:50:34","1763","318","57","1735","2030","464","75","1995","417","70","1763","318","57","21714","2915","495","11140","530","6634"
"2204","Michael Halm","Male","Wurzen","Saxony","DE","M45-49","FIN","6:02:07","0:43:17","0:07:52","2:57:19","0:06:26","2:07:12","1764","1446","183","1356","1643","1310","168","1814","1474","187","1764","1446","183","21727","2597","472","10639","386","7632"
"2052","Leoni Krause","Female","Torgau ","SN","DE","F18-24","FIN","6:02:29","0:43:23","0:05:39","2:57:06","0:06:13","2:10:07","1765","319","49","1606","1654","336","52","1770","325","53","1765","319","49","21749","2603","339","10626","373","7807"
"374","Charlotte Refert","Female","Leipzig","DE-SACHSEN","DE","F25-29","FIN","6:02:32","0:43:26","0:05:16","2:41:40","0:08:21","2:23:49","1766","320","55","1694","1659","339","62","1297","167","28","1766","320","55","21752","2606","316","9700","501","8629"
"2193","Rüdiger Preiß","Male","Magdeburg","DE-ST","DE","M55-59","FIN","6:02:33","0:42:13","0:09:52","2:46:25","0:06:53","2:17:10","1767","1447","117","1833","1519","1218","108","1594","1329","116","1767","1447","117","21753","2533","592","9985","413","8230"
"2171","Christoph Schmidt","Male","Regensburg","BAYERN","DE","M35-39","FIN","6:02:33","0:48:14","0:07:46","2:26:36","0:10:09","2:29:48","1768","1448","212","1031","2013","1557","232","1008","896","144","1768","1448","212","21753","2894","466","8796","609","8988"
"1045","Rafael Peczkowski","Male","Wolfsburg","foreigner","PL","M40-44","FIN","6:02:42","0:38:21","0:06:06","2:47:20","0:07:57","2:22:58","1769","1449","199","1301","1029","848","118","1342","1161","160","1769","1449","199","21762","2301","366","10040","477","8578"
"667","Ena Dervisefendic","Female","Wien","AT-9","SI","F25-29","FIN","6:02:42","0:28:46","0:07:03","3:12:28","0:05:43","2:08:43","1770","321","56","1691","86","18","2","1811","340","56","1770","321","56","21762","1726","423","11548","343","7723"
"1435","Elisa Rauer","Female","Taucha","SN","DE","F30-34","FIN","6:02:51","0:47:19","0:06:01","2:53:51","0:05:01","2:10:40","1771","322","58","1718","1957","435","72","1792","332","59","1771","322","58","21771","2839","361","10431","301","7840"
"296","Bastian Klever","Male","Köln","North Rhine-Westphalia","DE","M40-44","FIN","6:02:59","0:54:56","0:10:46","2:58:08","0:09:49","1:49:20","1772","1450","200","1296","2175","1664","210","2008","1586","206","1772","1450","200","21779","3296","646","10688","589","6560"
"894","Christoph Wippich","Male","Leipzig","DE-SN","DE","M35-39","FIN","6:03:00","0:34:48","0:05:23","2:57:53","0:07:20","2:17:37","1773","1451","213","1022","540","444","71","1572","1315","201","1773","1451","213","21780","2088","323","10673","440","8257"
"1282","Ralf Scheibenbogen","Male","Hiltenfingen","DE-BY","DE","M55-59","FIN","6:03:01","0:35:38","0:06:03","2:41:50","0:10:25","2:29:05","1774","1452","118","1825","654","541","44","1053","932","74","1774","1452","118","21781","2138","363","9710","625","8945"
"650","Anne Skomski","Female","Dresden","SACHSEN","DE","F55-59","FIN","6:03:02","0:47:29","0:04:58","2:51:32","0:05:04","2:13:59","1775","323","17","2592","1970","440","20","1730","313","18","1775","323","17","21782","2849","298","10292","304","8039"
"2523","Sandra Eifler","Female","Bertsdorf-Hörnitz","Saxony","DE","F45-49","FIN","6:03:07","0:43:11","0:06:09","3:01:21","0:07:25","2:05:00","1776","324","31","1828","1635","331","33","1845","355","37","1776","324","31","21787","2591","369","10881","445","7500"
"2284","Martin Nitz","Male","Weißenborn OT Berthelsdorf ","Saxony","DE","M35-39","FIN","6:03:09","0:45:15","0:05:32","2:58:44","0:06:59","2:06:40","1777","1453","214","1020","1818","1434","211","1827","1481","218","1777","1453","214","21789","2715","332","10724","419","7600"
"1126","Bianca Kretschmer","Female","Leipzig","SN","DE","F50-54","FIN","6:03:10","0:42:43","0:10:25","3:05:56","0:09:23","1:54:43","1778","325","21","2109","1576","315","17","1958","402","29","1778","325","21","21790","2563","625","11156","563","6883"
"1255","Enrico Wecke","Male","Leipzig","SN","DE","M45-49","FIN","6:03:13","0:47:23","0:05:04","2:40:30","0:07:28","2:22:48","1779","1454","184","1337","1964","1527","192","1386","1187","158","1779","1454","184","21793","2843","304","9630","448","8568"
"248","Eva Kiss-Kraft","Female","Velden am Wörther See","Kärnten","DE","F65-69","FIN","6:03:14","0:36:40","0:05:30","2:49:22","0:08:25","2:23:17","1780","326","2","2895","776","134","1","1333","177","1","1780","326","2","21794","2200","330","10162","505","8597"
"782","Henriette Keiser Donis","Female","Washington","DC","US","F35-39","FIN","6:03:17","0:39:42","0:05:43","2:53:47","0:08:22","2:15:41","1781","327","48","1761","1213","235","38","1621","275","43","1781","327","48","21797","2382","343","10427","502","8141"
"2374","Georgie McNulty","Female","Gloucester","England","GB","F25-29","FIN","6:03:23","0:34:45","0:06:28","3:07:51","0:06:46","2:07:32","1782","328","57","1679","534","96","16","1821","345","59","1782","328","57","21803","2085","388","11271","406","7652"
"421","Denise Holzkamp","Female","Ingolstadt","DE-BY","DE","F50-54","FIN","6:03:33","0:34:49","0:04:51","2:58:57","0:06:59","2:17:57","1783","329","22","2102","543","98","6","1601","266","16","1783","329","22","21813","2089","291","10737","419","8277"
"2179","Matthias Lorenz","Male","Seegebiet Mansfelder Land","SACHSEN-ANHALT","DE","M50-54","FIN","6:03:51","0:44:03","0:07:05","2:54:31","0:08:25","2:09:48","1784","1455","113","1489","1729","1369","108","1759","1439","115","1784","1455","113","21831","2643","425","10471","505","7788"
"1141","Robert Grießler","Male","Schenefeld","foreigner","DE","M45-49","FIN","6:03:51","0:51:37","0:07:12","2:44:40","0:09:52","2:10:31","1785","1456","185","1325","2125","1624","198","1723","1413","180","1785","1456","185","21831","3097","432","9880","592","7831"
"138","Tilo Neubert","Male","Flöha","Saxony","DE","M55-59","FIN","6:04:05","0:38:52","0:06:24","2:48:19","0:07:34","2:22:55","1786","1457","119","1806","1104","902","77","1409","1206","101","1786","1457","119","21845","2332","384","10099","454","8575"
"2147","Max Nordhaus","Male","Halle (Saale)","SACHSEN-ANHALT","DE","M30-34","FIN","6:04:11","0:42:55","0:07:18","2:54:16","0:07:09","2:12:33","1787","1458","194","1094","1599","1277","166","1741","1426","192","1787","1458","194","21851","2575","438","10456","429","7953"
"1226","Julius Bode","Male","Leipzig","Sachsen","DE","M18-24","FIN","6:04:15","0:41:03","0:05:44","2:59:39","0:18:13","1:59:36","1788","1459","145","1053","1374","1109","113","1774","1448","139","1788","1459","145","21855","2463","344","10779","1093","7176"
"1617","Daniel Doxzon","Male","Amsterdam","NL-NH","US","M35-39","FIN","6:04:18","0:44:45","0:11:11","2:57:04","0:09:36","2:01:41","1789","1460","215","999","1791","1417","206","1875","1509","223","1789","1460","215","21858","2685","671","10624","576","7301"
"484","Manuel Rauscher","Male","Leipzig","Saxony","DE","M40-44","FIN","6:04:18","0:45:21","0:08:02","2:44:06","0:08:15","2:18:35","1790","1461","201","1273","1828","1442","187","1545","1298","175","1790","1461","201","21858","2721","482","9846","495","8315"
"2263","Ronald Altenburger","Male","Neubiberg","BY","DE","M60-64","FIN","6:04:40","0:37:33","0:10:26","2:57:04","0:08:28","2:11:09","1791","1462","45","1832","908","749","19","1752","1434","47","1791","1462","45","21880","2253","626","10624","508","7869"
"757","Ralf Breuer","Male","Zwenkau","SN","DE","M60-64","FIN","6:04:46","0:41:03","0:08:16","2:55:39","0:06:56","2:12:51","1792","1463","46","1830","1373","1108","35","1751","1433","46","1792","1463","46","21886","2463","496","10539","416","7971"
"423","Maren Wolf","Female","Hohnhorst","DE-NI","DE","F45-49","FIN","6:04:57","0:42:42","0:09:08","2:58:47","0:05:23","2:08:57","1793","330","32","1795","1575","314","31","1843","353","36","1793","330","32","21897","2562","548","10727","323","7737"
"1373","Jette Eisenschmidt","Female","Nordhausen","Thuringia","DE","F18-24","FIN","6:05:06","0:32:52","0:05:33","3:03:44","0:06:19","2:16:37","1794","331","50","1559","333","57","8","1698","302","48","1794","331","50","21906","1972","333","11024","379","8197"
"1962","Simon Andreas Schmand","Male","Warburg-Scherfede","North Rhine-Westphalia","DE","M18-24","FIN","6:05:29","0:44:39","0:06:20","3:16:14","0:06:53","1:51:24","1795","1464","146","1031","1784","1412","141","2043","1604","161","1795","1464","146","21929","2679","380","11774","413","6684"
"911","SARAH KLEEMANN","Female","Fürth","Bavaria","DE","F35-39","FIN","6:05:31","0:46:24","0:06:20","2:58:40","0:06:05","2:08:01","1796","332","49","1721","1909","415","56","1854","359","50","1796","332","49","21931","2784","380","10720","365","7681"
"538","Julia Walter","Female","Leipzig","SACHSEN","DE","F25-29","FIN","6:05:33","0:34:10","0:06:07","3:01:47","0:05:10","2:18:20","1797","333","58","1640","452","78","13","1694","301","51","1797","333","58","21933","2050","367","10907","310","8300"
"546","Johanna Haslbeck","Female","Deggendorf","Bavaria","DE","F25-29","FIN","6:05:36","0:39:33","0:06:23","3:03:09","0:08:11","2:08:20","1798","334","59","1639","1194","227","39","1820","344","58","1798","334","59","21936","2373","383","10989","491","7700"
"314","Mareike Körber","Female","Berlin","DE-BE","DE","F45-49","FIN","6:05:49","0:47:09","0:09:17","2:55:53","0:05:19","2:08:13","1799","335","33","1779","1945","431","48","1868","365","41","1799","335","33","21949","2829","557","10553","319","7693"
"2375","Leo Lentz","Male","Dresden","Sachsen","DE","M30-34","FIN","6:05:53","0:44:33","0:07:43","3:09:37","0:05:49","1:58:10","1800","1465","195","1064","1775","1406","187","1992","1577","208","1800","1465","195","21953","2673","463","11377","349","7090"
"307","Thomas Schulze","Male","Wendelsheim","DE-DE-RP","DE","M50-54","FIN","6:06:05","0:45:25","0:06:43","2:47:13","0:06:51","2:19:53","1801","1466","114","1449","1835","1446","112","1628","1351","105","1801","1466","114","21965","2725","403","10033","411","8393"
"2073","Julian Meyer","Male","Bayreuth","Bayern","DE","M30-34","FIN","6:06:08","0:45:35","0:06:49","2:55:29","0:09:29","2:08:46","1802","1467","196","1059","1847","1455","191","1804","1467","195","1802","1467","196","21968","2735","409","10529","569","7726"
"1158","Hannah Grimm","Female","Leipzig ","Sachsen ","DE","F18-24","FIN","6:06:16","0:38:46","0:06:32","2:49:20","0:05:56","2:25:42","1803","336","51","1538","1087","196","29","1442","212","27","1803","336","51","21976","2326","392","10160","356","8742"
"1685","Marko Limpert-Kiesel","Male","Eschborn","HE","DE","M45-49","FIN","6:06:24","0:41:43","0:08:46","2:38:40","0:06:24","2:30:50","1804","1468","186","1279","1453","1166","150","1262","1107","150","1804","1468","186","21984","2503","526","9520","384","9050"
"549","Ute Ganz","Female","Schkeuditz","SACHSEN","DE","F60-64","FIN","6:06:27","0:41:09","0:07:44","3:00:46","0:08:01","2:08:46","1805","337","7","2676","1388","268","6","1829","347","7","1805","337","7","21987","2469","464","10846","481","7726"
"1914","Lia Musial","Female","Taucha","Saxony","DE","F25-29","FIN","6:06:37","0:46:30","0:06:47","3:10:54","0:06:57","1:55:29","1806","338","60","1621","1914","418","75","2009","423","72","1806","338","60","21997","2790","407","11454","417","6929"
"881","Burak Türegün","Male","Kissing","Bavaria","DE","M30-34","FIN","6:06:50","0:39:57","0:07:29","3:00:04","0:09:02","2:10:17","1807","1469","197","1047","1248","1006","133","1798","1463","194","1807","1469","197","22010","2397","449","10804","542","7817"
"1218","Emily Kadler","Female","Lübben (Spreewald)","Brandenburg","DE","F18-24","FIN","6:06:56","0:46:16","0:05:13","3:05:41","0:07:40","2:02:07","1808","339","52","1526","1898","411","65","1927","385","60","1808","339","52","22016","2776","313","11141","460","7327"
"1100","Saskia Fehling","Female","Leipzig","Saxony","DE","F25-29","FIN","6:07:02","0:42:04","0:04:50","2:51:23","0:08:26","2:20:19","1809","340","61","1613","1496","300","53","1586","262","44","1809","340","61","22022","2524","290","10283","506","8419"
"2080","Sarah Geßner","Female","Taucha","Saxony","DE","F18-24","FIN","6:07:02","0:41:46","0:07:02","2:51:12","0:09:00","2:18:02","1810","341","53","1524","1460","289","44","1654","287","45","1810","341","53","22022","2506","422","10272","540","8282"
"1068","Tom Jesse Ewers","Male","Leipzig ","Sachsen","DE","M25-29","FIN","6:07:06","0:41:42","0:12:22","2:51:37","0:07:11","2:14:13","1811","1470","204","1259","1451","1165","146","1764","1442","196","1811","1470","204","22026","2502","742","10297","431","8053"
"1766","sebastian Lutz","Male","Bochum","DE-NW","DE","M35-39","FIN","6:07:11","0:45:32","0:08:14","3:07:39","0:08:12","1:57:35","1812","1471","216","947","1844","1452","214","1985","1572","231","1812","1471","216","22031","2732","494","11259","492","7055"
"1902","Karl Horn","Male","Lossatal","Saxony","DE","M25-29","FIN","6:07:25","0:47:26","0:08:43","2:58:51","0:08:12","2:04:12","1813","1472","205","1254","1968","1529","216","1903","1527","208","1813","1472","205","22045","2846","523","10731","492","7452"
"566","Alexander Silbernagel","Male","Stuttgart","DE-BW","DE","M25-29","FIN","6:07:25","0:42:33","0:03:41","2:46:27","0:05:18","2:29:27","1814","1473","206","1254","1559","1251","161","1379","1183","155","1814","1473","206","22045","2553","221","9987","318","8967"
"1242","Verena Zemcik-Berger","Female","Himberg","NIEDEROSTERREICH","AT","F45-49","FIN","6:07:27","0:46:01","0:06:34","2:49:08","0:07:49","2:17:55","1815","342","34","1750","1886","405","45","1687","297","30","1815","342","34","22047","2761","394","10148","469","8275"
"702","Torsten Pflister","Male","Jahnsdorf","DE-SN","DE","M65-69","FIN","6:07:30","0:44:46","0:07:21","2:46:48","0:07:04","2:21:31","1816","1474","16","2101","1795","1421","18","1609","1340","12","1816","1474","16","22050","2686","441","10008","424","8491"
"1698","Annkatrin Hanke","Female","Appen","SH","DE","F35-39","FIN","6:07:31","0:35:33","0:06:04","2:57:56","0:07:55","2:20:04","1817","343","50","1685","645","113","22","1636","280","44","1817","343","50","22051","2133","364","10676","475","8404"
"2006","Robert Scharping","Male","Magdeburg","Saxony-Anhalt","DE","M30-34","FIN","6:07:31","0:43:41","0:07:08","2:50:32","0:06:10","2:20:00","1818","1475","198","1034","1687","1340","177","1681","1387","185","1818","1475","198","22051","2621","428","10232","370","8400"
"1780","Julian Koch","Male","Kassel","DE-HE","DE","M35-39","FIN","6:07:32","0:49:30","0:06:31","2:56:56","0:07:33","2:07:02","1819","1476","217","941","2065","1586","238","1873","1507","222","1819","1476","217","22052","2970","391","10616","453","7622"
"1705","Marc Wolfgang Kusche","Male","Halberstadt","ST","DE","M30-34","FIN","6:07:34","0:50:20","0:06:39","3:07:35","0:06:32","1:56:28","1820","1477","199","1034","2091","1599","207","2013","1590","209","1820","1477","199","22054","3020","399","11255","392","6988"
"1794","Bastian Reber","Male","Schirmitz ","Bavaria","DE","M25-29","FIN","6:07:37","0:56:29","0:08:38","2:54:55","0:06:51","2:00:44","1821","1478","207","1250","2185","1667","239","1970","1563","214","1821","1478","207","22057","3389","518","10495","411","7244"
"1569","Martina Döring","Female","Lübeck","DE-SH","DE","F45-49","FIN","6:07:46","0:43:05","0:08:54","3:03:18","0:08:15","2:04:15","1822","344","35","1744","1621","326","32","1905","377","43","1822","344","35","22066","2585","534","10998","495","7455"
"1144","Florian Homann","Male","Friedland ","NIEDERSACHSEN","DE","M25-29","FIN","6:07:52","0:47:21","0:09:47","2:46:03","0:08:00","2:16:41","1823","1479","208","1246","1959","1524","215","1718","1409","188","1823","1479","208","22072","2841","587","9963","480","8201"
"1225","Marc Grill","Male","Herrenberg","DE-BW","DE","M45-49","FIN","6:07:54","0:39:55","0:06:24","2:43:22","0:07:25","2:30:47","1824","1480","187","1252","1242","1001","128","1279","1120","151","1824","1480","187","22074","2395","384","9802","445","9047"
"1966","Anton Geißler","Male","Chemnitz","Saxony","DE","M25-29","FIN","6:07:59","0:51:23","0:07:39","3:05:30","0:08:05","1:55:23","1825","1481","209","1244","2120","1619","234","2012","1589","223","1825","1481","209","22079","3083","459","11130","485","6923"
"406","Patrick Fries","Male","Wunstorf","Lower Saxony","DE","M30-34","FIN","6:08:02","0:46:57","0:06:57","2:46:00","0:06:33","2:21:36","1826","1482","200","1025","1927","1504","196","1645","1362","182","1826","1482","200","22082","2817","417","9960","393","8496"
"1924","Dirk Ohlrogge","Male","Helmstedt","NI","DE","M55-59","FIN","6:08:17","0:42:06","0:10:18","2:44:33","0:09:58","2:21:23","1827","1483","120","1730","1504","1203","107","1533","1289","108","1827","1483","120","22097","2526","618","9873","598","8483"
"1726","Hans-Peter Schäfer","Male","Siegbach/Eisemroth","Hesse","DE","M65-69","FIN","6:08:22","0:36:32","0:11:45","2:54:00","0:07:09","2:18:57","1828","1484","17","2085","757","626","3","1702","1399","14","1828","1484","17","22102","2192","705","10440","429","8337"
"373","Anja Hähle-Posselt","Female","Leipzig","SACHSEN","DE","F45-49","FIN","6:08:23","0:43:26","0:05:16","2:47:59","0:05:15","2:26:26","1829","345","36","1733","1662","341","35","1526","241","23","1829","345","36","22103","2606","316","10079","315","8786"
"1069","Eberhard Gläßer","Male","Maintal","HESSEN","DE","M45-49","FIN","6:08:27","0:31:59","0:10:03","3:06:18","0:10:23","2:09:44","1830","1485","188","1242","258","215","18","1813","1473","186","1830","1485","188","22107","1919","603","11178","623","7784"
"456","Szűcs Tamás","Male","Sukoró","","HU","M45-49","FIN","6:08:37","0:47:00","0:07:27","2:41:11","0:07:43","2:25:16","1831","1486","189","1239","1929","1506","190","1494","1271","169","1831","1486","189","22117","2820","447","9671","463","8716"
"2303","Katrin Walter","Female","Frankfurt am Main","HESSEN","DE","F25-29","FIN","6:08:41","0:47:07","0:05:25","3:06:38","0:06:56","2:02:36","1832","346","62","1584","1943","430","81","1960","403","70","1832","346","62","22121","2827","325","11198","416","7356"
"808","Ronny Weiser","Male","Bark","SCHLESWIG-HOLSTEIN","DE","M45-49","FIN","6:08:54","0:36:14","0:06:59","2:56:18","0:07:57","2:21:27","1833","1487","190","1234","727","604","74","1633","1355","174","1833","1487","190","22134","2174","419","10578","477","8487"
"320","Eva-Charlotte Klösser","Female","Thüringen - Bad Langensalza","DE-TH","DE","F30-34","FIN","6:09:06","0:34:54","0:05:44","2:42:46","0:05:52","2:39:51","1834","347","59","1605","553","99","21","1046","119","25","1834","347","59","22146","2094","344","9766","352","9591"
"855","Sven Dodt","Male","Milower Land","Brandenburg","DE","M55-59","FIN","6:09:10","0:47:50","0:10:37","2:54:42","0:11:02","2:04:59","1835","1488","121","1714","1988","1541","132","1877","1511","133","1835","1488","121","22150","2870","637","10482","662","7499"
"1471","Ulli Herzog","Male","Leipzig","Saxony","DE","M25-29","FIN","6:09:11","0:51:00","0:06:50","2:49:30","0:07:45","2:14:06","1836","1489","210","1222","2112","1614","233","1794","1462","200","1836","1489","210","22151","3060","410","10170","465","8046"
"2048","Fabian Münster","Male","Leipzig","SN","DE","M30-34","FIN","6:09:14","0:48:15","0:07:58","2:58:12","0:05:54","2:08:55","1837","1490","201","1004","2015","1558","204","1897","1523","203","1837","1490","201","22154","2895","478","10692","354","7735"
"1591","Kirsten Pötsch","Female","Frankfurt","BB","DE","F50-54","FIN","6:09:18","0:46:27","0:07:23","2:51:49","0:08:43","2:14:56","1838","348","23","1998","1911","416","28","1760","321","21","1838","348","23","22158","2787","443","10309","523","8096"
"915","Marco Karim","Male","Leipzig","DE-SN","IT","M18-24","FIN","6:09:18","0:53:14","0:03:36","2:41:27","0:04:59","2:26:02","1839","1491","147","962","2154","1648","172","1587","1325","129","1839","1491","147","22158","3194","216","9687","299","8762"
"785","Oliver Fiedler","Male","Lichtenfels-Schney","BY","DE","M50-54","FIN","6:09:20","0:49:05","0:06:13","2:45:07","0:12:12","2:16:43","1840","1492","115","1390","2052","1578","122","1662","1372","110","1840","1492","115","22160","2945","373","9907","732","8203"
"1751","Henriette Fink","Female","Kelkheim (Taunus)","Hesse","DE","F40-44","FIN","6:09:22","0:44:57","0:06:05","3:06:20","0:06:29","2:05:31","1841","349","32","2111","1804","380","35","1932","387","34","1841","349","32","22162","2697","365","11180","389","7531"
"451","Nik Mölzner","Male","Halle (Saale)","ST","DE","M18-24","FIN","6:09:45","0:46:21","0:07:03","3:03:54","0:06:42","2:05:44","1842","1493","148","954","1903","1491","152","1931","1545","152","1842","1493","148","22185","2781","423","11034","402","7544"
"1040","Jana Stier","Female","Gladbeck","NW","DE","F50-54","FIN","6:09:47","0:36:43","0:07:03","2:53:45","0:07:34","2:24:43","1843","350","24","1990","788","136","7","1547","249","13","1843","350","24","22187","2203","423","10425","454","8683"
"261","Hassan Ali Al Saleh","Male","Mississauga","Ontario","CA","M30-34","FIN","6:09:51","0:41:29","0:07:07","3:03:29","0:07:36","2:10:09","1844","1494","202","992","1427","1149","154","1863","1502","198","1844","1494","202","22191","2489","427","11009","456","7809"
"611","Steven Mitchell","Male","Hillsborough","Northern Ireland","GB","M25-29","FIN","6:10:03","0:54:55","0:05:56","3:13:00","0:07:24","1:48:49","1845","1495","211","1206","2174","1663","238","2087","1630","233","1845","1495","211","22203","3295","356","11580","444","6529"
"2184","Lena Dalke","Female","Kornwestheim","Baden-Württemberg","DE","F25-29","FIN","6:10:10","0:42:04","0:04:12","2:48:50","0:04:25","2:30:38","1846","351","63","1557","1495","299","52","1470","218","35","1846","351","63","22210","2524","252","10130","265","9038"
"2264","Nathalie Lindenthaler","Female","Langenselbold","Hesse","DE","F50-54","FIN","6:10:19","0:48:03","0:06:22","3:03:46","0:05:22","2:06:46","1847","352","25","1980","2000","453","30","1947","394","27","1847","352","25","22219","2883","382","11026","322","7606"
"2155","Maxim Gabriels","Male","Antwerpen","Flemish Region","BE","M25-29","FIN","6:10:23","0:40:03","0:07:13","2:44:28","0:08:12","2:30:27","1848","1496","212","1200","1261","1017","130","1340","1160","149","1848","1496","212","22223","2403","433","9868","492","9027"
"1910","Vincent Peters","Male","Dresden","Saxony","DE","M25-29","FIN","6:10:26","0:43:16","0:07:27","2:51:22","0:06:45","2:21:36","1849","1497","213","1199","1641","1309","173","1696","1395","185","1849","1497","213","22226","2596","447","10282","405","8496"
"1430","Benita Guhl","Female","Münster","NORDRHEIN-WESTFALEN","DE","F18-24","FIN","6:10:29","0:35:30","0:04:47","2:52:38","0:05:37","2:31:57","1850","353","54","1462","639","112","13","1384","199","24","1850","353","54","22229","2130","287","10358","337","9117"
"675","Ingo Müller","Male","Frankfurt","DE-HESSEN","DE","M55-59","FIN","6:10:38","0:45:40","0:08:39","2:52:07","0:07:36","2:16:37","1851","1498","122","1688","1856","1461","127","1775","1449","127","1851","1498","122","22238","2740","519","10327","456","8197"
"488","Anne Böhme","Female","Stadtbergen","Bayern","DE","F40-44","FIN","6:10:54","0:48:14","0:06:14","2:58:41","0:07:42","2:10:02","1852","354","33","2084","2014","457","49","1879","368","33","1852","354","33","22254","2894","374","10721","462","7802"
"1357","Maria Fernanda Andrade Reyes","Female","Berlin","Berlin","CO","F35-39","FIN","6:10:55","0:47:54","0:08:16","3:03:19","0:08:56","2:02:29","1853","355","51","1624","1993","449","59","1962","405","58","1853","355","51","22255","2874","496","10999","536","7349"
"2408","Jeannette Effenberger","Female","Bautzen","SN","DE","F45-49","FIN","6:10:57","0:43:43","0:07:33","3:03:41","0:06:20","2:09:40","1854","356","37","1687","1689","348","37","1901","376","42","1854","356","37","22257","2623","453","11021","380","7780"
"2407","Sarah Sabsch","Female","Halle (Saale)","Saxony-Anhalt","DE","F25-29","FIN","6:11:04","0:38:58","0:05:49","3:08:47","0:07:09","2:10:21","1855","357","64","1541","1117","207","36","1884","371","62","1855","357","64","22264","2338","349","11327","429","7821"
"2265","Andrea Pappritz","Female","Dresden","SN","DE","F35-39","FIN","6:11:05","0:41:32","0:07:20","2:56:53","0:06:57","2:18:24","1856","358","52","1621","1430","279","43","1766","323","48","1856","358","52","22265","2492","440","10613","417","8304"
"2468","Johanna Schrader","Female","Hannover","NI","DE","F25-29","FIN","6:11:08","0:45:13","0:06:23","3:04:39","0:05:22","2:09:31","1857","359","65","1540","1817","384","69","1915","380","66","1857","359","65","22268","2713","383","11079","322","7771"
"1807","Susan Plocharska","Female","Tangstedt ","Schleswig-Holstein","DE","F40-44","FIN","6:11:11","0:55:21","0:05:00","3:01:29","0:07:30","2:01:50","1858","360","34","2079","2178","514","57","1991","415","40","1858","360","34","22271","3321","300","10889","450","7310"
"445","Uwe Geppert","Male","Leipzig","Sachsen","DE","M35-39","FIN","6:11:31","0:45:22","0:08:02","2:51:10","0:05:49","2:21:08","1859","1499","218","869","1830","1444","212","1744","1428","211","1859","1499","218","22291","2722","482","10270","349","8468"
"1781","Silke Farin","Female","Neustadt","NI","DE","F55-59","FIN","6:11:39","0:40:40","0:06:25","3:00:00","0:05:59","2:18:34","1860","361","18","2437","1331","255","10","1789","331","19","1860","361","18","22299","2440","385","10800","359","8314"
"826","Alexander Plehn","Male","Halle","ST","DE","M50-54","FIN","6:11:45","0:42:56","0:09:39","2:42:11","0:05:48","2:31:11","1861","1500","116","1347","1601","1279","103","1451","1237","92","1861","1500","116","22305","2576","579","9731","348","9071"
"656","Maks Cizej","Male","Polzela","POLZELA","SI","M18-24","FIN","6:11:47","0:39:29","0:13:47","3:04:56","0:10:01","2:03:34","1862","1501","149","918","1185","962","97","1948","1554","154","1862","1501","149","22307","2369","827","11096","601","7414"
"502","Kim Lange","Female","Leipzig","SN","DE","F25-29","FIN","6:11:48","0:49:35","0:11:44","3:14:15","0:10:04","1:46:09","1863","362","66","1528","2067","481","86","2094","461","84","1863","362","66","22308","2975","704","11655","604","6369"
"679","Rob Scott","Male","Baildon","England","GB","M30-34","FIN","6:11:50","0:47:54","0:08:30","3:01:12","0:10:19","2:03:55","1864","1502","203","957","1991","1543","202","1935","1547","205","1864","1502","203","22310","2874","510","10872","619","7435"
"270","Karolina Cranfield","Female","Dubai","AE-AE-DU","PL","F45-49","FIN","6:12:02","0:43:32","0:05:23","3:07:05","0:06:54","2:09:07","1865","363","38","1667","1670","343","36","1911","379","44","1865","363","38","22322","2612","323","11225","414","7747"
"313","Wolfgang Kurth","Male","Potsdam","DE-BB","DE","M65-69","FIN","6:12:14","0:43:49","0:13:46","2:46:22","0:10:07","2:18:11","1866","1503","18","2016","1702","1350","17","1729","1417","15","1866","1503","18","22334","2629","826","9982","607","8291"
"1415","Mohamed Amine Zouari","Male","Usingen","HE","TN","M35-39","FIN","6:12:21","0:43:41","0:05:38","3:16:06","0:07:38","1:59:18","1867","1504","219","854","1685","1338","198","2020","1592","234","1867","1504","219","22341","2621","338","11766","458","7158"
"1629","Thorsten Malter","Male","Emden","DE-Niedersachsen","DE","M55-59","FIN","6:12:23","0:37:47","0:04:56","2:52:52","0:06:50","2:29:58","1868","1505","123","1656","945","779","65","1489","1267","107","1868","1505","123","22343","2267","296","10372","410","8998"
"1428","Kerry Wright","Female","Pinner","GB-GBN","GB","F55-59","FIN","6:12:43","0:45:37","0:07:14","2:50:25","0:06:59","2:22:28","1869","364","19","2417","1850","394","17","1720","310","17","1869","364","19","22363","2737","434","10225","419","8548"
"1245","Grit Meisel","Female","Moritzburg","DE-SN","DE","F50-54","FIN","6:12:46","0:46:00","0:08:16","2:50:14","0:07:08","2:21:09","1870","365","26","1936","1884","403","26","1740","315","20","1870","365","26","22366","2760","496","10214","428","8469"
"2402","Mike Wandscher","Male","Klipphausen","SN","DE","M55-59","FIN","6:12:47","0:50:02","0:09:45","2:58:59","0:07:09","2:06:53","1871","1506","124","1649","2081","1593","136","1956","1556","135","1871","1506","124","22367","3002","585","10739","429","7613"
"2196","Christin Hinkeldein","Female","Mellingen","Thüringen ","DE","F40-44","FIN","6:12:52","0:41:26","0:06:35","3:10:15","0:06:16","2:08:21","1872","366","35","2048","1418","277","22","1950","396","36","1872","366","35","22372","2486","395","11415","376","7701"
"699","Kay Bronner","Male","Radolfzell am Bodensee","Baden-Württemberg","DE","M18-24","FIN","6:13:00","0:45:42","0:07:35","2:54:17","0:07:42","2:17:44","1873","1507","150","896","1864","1466","146","1799","1464","143","1873","1507","150","22380","2742","455","10457","462","8264"
"1495","Svenja Wachsmuth","Female","Tübingen","BW","DE","F35-39","FIN","6:13:13","0:42:57","0:04:41","3:14:31","0:05:48","2:05:16","1874","367","53","1582","1604","323","50","1994","416","60","1874","367","53","22393","2577","281","11671","348","7516"
"361","Maria Günther","Female","Leipzig","Sachsen","DE","F30-34","FIN","6:13:19","0:43:53","0:03:47","2:52:05","0:06:33","2:27:01","1875","368","60","1529","1710","355","62","1640","282","51","1875","368","60","22399","2633","227","10325","393","8821"
"1493","Jim Hendrix","Male","Panningen","Limburg","NL","M25-29","FIN","6:13:21","0:53:58","0:07:45","3:00:03","0:06:57","2:04:37","1876","1508","214","1147","2163","1655","237","1990","1576","217","1876","1508","214","22401","3238","465","10803","417","7477"
"1565","Catharina Schramm","Female","Würzburg","Bavaria","DE","F30-34","FIN","6:13:24","0:41:10","0:06:53","3:05:09","0:07:12","2:13:00","1877","369","61","1528","1390","269","50","1881","369","62","1877","369","61","22404","2470","413","11109","432","7980"
"1390","Detmar Freyhoff","Male","Dortmund","NW","DE","M60-64","FIN","6:13:33","0:31:52","0:06:53","2:45:03","0:11:27","2:38:18","1878","1509","47","1672","244","201","3","1063","941","26","1878","1509","47","22413","1912","413","9903","687","9498"
"1168","Daniel Braeutigam","Male","Arnstadt","Thüringen ","DE","M45-49","FIN","6:13:37","0:44:48","0:12:19","2:39:10","0:09:04","2:28:15","1879","1510","191","1149","1798","1423","182","1516","1279","171","1879","1510","191","22417","2688","739","9550","544","8895"
"1972","Dr.  Sebastian Hennig","Male","leipzig","DE-SN","DE","M30-34","FIN","6:13:44","0:40:36","0:08:29","2:50:28","0:10:21","2:23:50","1880","1511","204","923","1326","1072","143","1638","1357","180","1880","1511","204","22424","2436","509","10228","621","8630"
"1124","Leif Erik Lüdtke","Male","Karlsruhe","Baden-Württemberg","DE","M18-24","FIN","6:13:44","0:43:55","0:09:06","3:13:59","0:06:42","2:00:02","1881","1512","151","883","1713","1357","135","2040","1603","160","1881","1512","151","22424","2635","546","11639","402","7202"
"1834","Thomas Selter","Male","Schorndorf","BW","DE","M70-74","FIN","6:13:44","0:48:58","0:08:56","2:49:08","0:09:08","2:17:35","1882","1513","2","2774","2048","1576","2","1788","1458","2","1882","1513","2","22424","2938","536","10148","548","8255"
"1013","Diana Hascher","Female","Leipzig","Sachsen","DE","F50-54","FIN","6:13:50","0:44:25","0:09:52","3:02:32","0:07:27","2:09:35","1883","370","27","1917","1763","366","20","1923","382","26","1883","370","27","22430","2665","592","10952","447","7775"
"1394","Joachim Tristan Groh","Male","Silz","","AT","M55-59","FIN","6:14:01","0:48:22","0:08:36","2:41:30","0:09:31","2:26:02","1884","1514","125","1627","2018","1560","133","1591","1328","115","1884","1514","125","22441","2902","516","9690","571","8762"
"1267","Ronny Rudolph","Male","Sydower Fließ","BB","DE","M55-59","FIN","6:14:03","0:37:06","0:07:23","2:54:02","0:08:02","2:27:29","1885","1515","126","1626","837","693","60","1596","1331","117","1885","1515","126","22443","2226","443","10442","482","8849"
"440","Joachim Stadlbauer","Male","Stuttgart","BADEN-WURTTEMBERG","DE","M40-44","FIN","6:14:10","0:42:59","0:06:31","2:49:22","0:12:13","2:23:05","1886","1516","202","1095","1607","1283","170","1607","1339","183","1886","1516","202","22450","2579","391","10162","733","8585"
"434","Tina Schröder","Female","stuttgart","BW","DE","F45-49","FIN","6:14:10","0:43:25","0:06:15","2:51:41","0:09:45","2:23:04","1887","371","39","1629","1658","338","34","1680","294","29","1887","371","39","22450","2605","375","10301","585","8584"
"458","Richard Ogborne","Male","Felmersham","GB-BDF","GB","M45-49","FIN","6:14:23","0:37:51","0:06:30","2:55:05","0:11:00","2:23:58","1888","1517","192","1136","954","786","101","1629","1352","173","1888","1517","192","22463","2271","390","10505","660","8638"
"922","Paula Ohagen","Female","Moers","","DE","F30-34","FIN","6:14:24","0:45:51","0:04:07","3:03:45","0:04:47","2:15:55","1889","372","62","1510","1870","400","68","1887","373","64","1889","372","62","22464","2751","247","11025","287","8155"
"2418","Moritz Glöß","Male","Chemnitz","Saxony","DE","M25-29","FIN","6:14:30","0:45:34","0:07:42","3:02:05","0:06:55","2:12:14","1890","1518","215","1126","1846","1454","201","1906","1529","209","1890","1518","215","22470","2734","462","10925","415","7934"
"2159","Amelie Blankenstein","Female","Hamburg","Hamburg","DE","F18-24","FIN","6:14:34","0:48:53","0:07:53","3:16:48","0:07:00","1:54:01","1891","373","55","1388","2045","472","69","2084","457","66","1891","373","55","22474","2933","473","11808","420","6841"
"1535","Sam Lenssen","Male","Barendrecht","Newfoundland and Labrador","NL","M18-24","FIN","6:14:37","0:45:40","0:07:55","3:01:25","0:10:30","2:09:07","1892","1519","152","867","1855","1460","144","1902","1526","149","1892","1519","152","22477","2740","475","10885","630","7747"
"306","Fabian Garz","Male","Edemissen","NIEDERSACHSEN","DE","M35-39","FIN","6:14:42","0:48:06","0:06:25","3:01:34","0:05:52","2:12:44","1893","1520","220","812","2003","1550","230","1912","1533","224","1893","1520","220","22482","2886","385","10894","352","7964"
"848","Santiago Chacon","Male","Berlin","Berlin","CO","M30-34","FIN","6:15:07","0:52:11","0:06:24","3:17:06","0:06:56","1:52:30","1894","1521","205","898","2133","1630","212","2096","1635","213","1894","1521","205","22507","3131","384","11826","416","6750"
"1097","Dagmar Hennig","Female","Bad Berleburg","NW","DE","F45-49","FIN","6:15:21","0:43:58","0:06:47","3:00:43","0:08:10","2:15:43","1895","374","40","1607","1723","358","39","1856","360","39","1895","374","40","22521","2638","407","10843","490","8143"
"1306","Rajko Koennecke","Male","Schkeuditz","Saxony","DE","M55-59","FIN","6:15:22","0:53:06","0:09:58","3:05:08","0:10:25","1:56:45","1896","1522","127","1603","2150","1644","141","2049","1609","140","1896","1522","127","22522","3186","598","11108","625","7005"
"787","Tim Sladky","Male","Bärnau","Bavaria","DE","M18-24","FIN","6:15:28","0:51:36","0:08:56","3:13:18","0:07:57","1:53:42","1897","1523","153","851","2123","1622","169","2086","1629","165","1897","1523","153","22528","3096","536","11598","477","6822"
"548","Robert Lätzsch","Male","Hilgertshausen","DE-BY","DE","M40-44","FIN","6:15:35","0:51:41","0:11:43","2:53:18","0:07:25","2:11:28","1898","1524","203","1070","2127","1626","203","1922","1541","201","1898","1524","203","22535","3101","703","10398","445","7888"
"2522","José Jair Cardoso De Santanna","Male","Enschede","NL-OV","NL","M35-39","FIN","6:15:48","0:43:58","0:06:46","2:52:33","0:05:29","2:27:02","1899","1525","221","792","1720","1363","201","1721","1411","207","1899","1525","221","22548","2638","406","10353","329","8822"
"763","Martina Würth","Female","Ingersheim","Baden-Württemberg","DE","F50-54","FIN","6:16:00","0:44:29","0:06:36","3:07:54","0:08:26","2:08:34","1900","375","28","1878","1771","368","21","1957","401","28","1900","375","28","22560","2669","396","11274","506","7714"
"1675","Mohcine Bencherifi","Male","Harhoura","MA-07","MA","M35-39","FIN","6:16:02","0:56:22","0:07:33","2:55:57","0:07:46","2:08:24","1901","1526","222","788","2184","1666","242","1966","1560","229","1901","1526","222","22562","3382","453","10557","466","7704"
"481","Linda Klein","Female","Kierspe","North Rhine-Westphalia","DE","F35-39","FIN","6:16:06","0:49:38","0:04:24","3:04:29","0:05:57","2:11:38","1902","376","54","1530","2069","482","62","1953","398","57","1902","376","54","22566","2978","264","11069","357","7898"
"1612","Lisa Renker","Female","Würzburg","Bavaria","DE","F30-34","FIN","6:16:08","0:39:26","0:08:32","3:09:45","0:07:01","2:11:24","1903","377","63","1478","1173","220","42","1938","389","66","1903","377","63","22568","2366","512","11385","421","7884"
"663","Pinja Puolakka","Female","Kangasala","PIRKANMAA","FI","F45-49","FIN","6:16:27","0:44:41","0:09:09","3:12:23","0:05:53","2:04:22","1904","378","41","1588","1786","373","42","2028","432","48","1904","378","41","22587","2681","549","11543","353","7462"
"1451","Lisa Wagner","Female","Leonberg","BW","DE","F30-34","FIN","6:16:32","0:48:10","0:06:52","2:58:22","0:07:02","2:16:07","1905","379","64","1471","2007","455","74","1883","370","63","1905","379","64","22592","2890","412","10702","422","8167"
"995","Johannes Richter","Male","Leipzig","Saxony","DE","M35-39","FIN","6:16:40","0:41:58","0:05:52","2:48:12","0:07:16","2:33:23","1906","1527","223","776","1480","1184","177","1505","1276","197","1906","1527","223","22600","2518","352","10092","436","9203"
"1552","Matěj Grunt","Male","Litoměřice ","USTECKY KRAJ","CZ","M18-24","FIN","6:16:49","0:41:59","0:07:25","3:08:25","0:08:23","2:10:37","1907","1528","154","827","1483","1187","119","1941","1551","153","1907","1528","154","22609","2519","445","11305","503","7837"
"1167","Sascha Hartung","Male","Arnstadt ","THURINGEN","DE","M40-44","FIN","6:16:58","0:47:54","0:06:46","3:06:55","0:06:57","2:08:26","1908","1529","204","1045","1992","1544","195","1987","1573","205","1908","1529","204","22618","2874","406","11215","417","7706"
"1460","Delilah Lewis","Female","Bamberg","BY","DE","F25-29","FIN","6:17:03","0:38:39","0:06:15","2:59:20","0:09:12","2:23:37","1909","380","67","1433","1068","187","30","1733","314","52","1909","380","67","22623","2319","375","10760","552","8617"
"1768","Alina Hagmaier","Female","Friedrichsdorf","DE-HE","DE","F30-34","FIN","6:17:11","0:45:28","0:06:32","3:05:23","0:06:30","2:13:18","1910","381","65","1460","1841","391","66","1933","388","65","1910","381","65","22631","2728","392","11123","390","7998"
"1465","Maximilian Ernst","Male","Waldershof","Bavaria","DE","M35-39","FIN","6:17:14","0:39:13","0:05:55","2:59:08","0:09:22","2:23:37","1911","1530","224","766","1149","935","143","1735","1421","208","1911","1530","224","22634","2353","355","10748","562","8617"
"752","Uwe Hensel","Male","Mühlhausen/Thüringen","Thuringia","DE","M60-64","FIN","6:17:20","0:43:51","0:06:20","2:54:32","0:07:44","2:24:53","1912","1531","48","1604","1707","1353","46","1749","1432","45","1912","1531","48","22640","2631","380","10472","464","8693"
"1501","Frank Exner","Male","Pfungstadt","DE-HE","DE","M35-39","FIN","6:17:36","0:45:27","0:06:16","2:52:50","0:09:11","2:23:52","1913","1532","225","760","1838","1449","213","1743","1427","210","1913","1532","225","22656","2727","376","10370","551","8632"
"2509","Helena Seliger","Female","Mainz","Rhineland-Palatinate","DE","F18-24","FIN","6:17:46","0:48:19","0:07:20","2:56:34","0:06:36","2:18:57","1914","382","56","1331","2016","458","66","1866","363","58","1914","382","56","22666","2899","440","10594","396","8337"
"1374","Janet Fieker","Female","Halle","DE-ST","DE","F50-54","FIN","6:17:47","0:51:23","0:05:36","3:08:38","0:06:18","2:05:53","1915","383","29","1846","2119","501","39","2022","429","31","1915","383","29","22667","3083","336","11318","378","7553"
"424","Martin Schröder","Male","Brechen","HE","DE","M55-59","FIN","6:17:50","0:35:03","0:05:22","2:42:38","0:05:20","2:49:26","1916","1533","128","1558","581","478","35","1030","913","72","1916","1533","128","22670","2103","322","9758","320","10166"
"1173","Uwe Flemming","Male","04651","Saxony","DE","M60-64","FIN","6:17:50","1:03:32","0:05:18","2:50:19","0:05:23","2:13:17","1917","1534","49","1595","2210","1684","66","1959","1557","54","1917","1534","49","22670","3812","318","10219","323","7997"
"1881","Björn Lippel","Male","Ganderkesee","DE-NI","DE","M45-49","FIN","6:17:59","0:32:02","0:06:10","2:50:03","0:07:06","2:42:38","1918","1535","193","1071","262","219","19","1231","1082","145","1918","1535","193","22679","1922","370","10203","426","9758"
"751","Robin Spanke","Male","Leipzig","Sachsen","DE","M35-39","FIN","6:18:03","0:45:39","0:07:59","3:04:20","0:07:15","2:12:50","1919","1536","226","752","1853","1458","216","1944","1553","226","1919","1536","226","22683","2739","479","11060","435","7970"
"1223","Thomas Herbst","Male","Dermbach","THURINGEN","DE","M55-59","FIN","6:18:11","0:41:32","0:06:13","2:51:05","0:07:07","2:32:12","1920","1537","129","1552","1431","1152","102","1605","1338","119","1920","1537","129","22691","2492","373","10265","427","9132"
"618","Stephan Fischer","Male","Leipzig","Sachsen","DE","M45-49","FIN","6:18:24","0:39:47","0:07:18","2:52:54","0:07:52","2:30:33","1921","1538","194","1063","1222","984","125","1650","1364","176","1921","1538","194","22704","2387","438","10374","472","9033"
"1993","Uwe Prüfer","Male","Hannberg","BY","DE","M55-59","FIN","6:18:26","0:43:45","0:05:40","2:58:28","0:05:41","2:24:51","1922","1539","130","1547","1693","1344","117","1805","1468","129","1922","1539","130","22706","2625","340","10708","341","8691"
"647","Ibrahim Dogan","Male","Barsinghausen","DE-Lower Saxony","DE","M35-39","FIN","6:18:26","0:49:07","0:06:25","3:00:48","0:05:37","2:16:29","1923","1540","227","745","2054","1579","237","1916","1536","225","1923","1540","227","22706","2947","385","10848","337","8189"
"281","Michael Willwerth","Male","Lautzenhausen","RLP","DE","M55-59","FIN","6:19:00","0:39:25","0:06:37","2:52:34","0:07:28","2:32:55","1924","1541","131","1537","1171","953","84","1600","1335","118","1924","1541","131","22740","2365","397","10354","448","9175"
"1071","Stefan Weßner","Male","Markkleeberg","SACHSEN","DE","M40-44","FIN","6:19:06","0:40:22","0:08:19","3:01:29","0:09:49","2:19:08","1925","1542","205","1006","1298","1047","143","1834","1487","195","1925","1542","205","22746","2422","499","10889","589","8348"
"1398","Stephanie Franck","Female","Hannover","Niedersachsen","DE","F40-44","FIN","6:19:09","0:39:44","0:06:38","3:02:17","0:11:42","2:18:47","1926","384","36","1935","1216","237","20","1817","341","31","1926","384","36","22749","2384","398","10937","702","8327"
"1396","Joanna Binda","Female","Bielsko-Biała","śląskie","PL","F30-34","FIN","6:19:13","0:37:36","0:09:06","2:55:28","0:07:25","2:29:38","1927","385","66","1423","914","160","32","1699","303","53","1927","385","66","22753","2256","546","10528","445","8978"
"435","Jan Mohr","Male","Stuttgart","Baden-Württemberg","DE","M30-34","FIN","6:19:21","0:39:56","0:09:00","2:42:24","0:07:13","2:40:48","1928","1543","206","821","1244","1003","131","1326","1150","160","1928","1543","206","22761","2396","540","9744","433","9648"
"344","Gerald KIESSLING","Male","Leipzig","DE-SN","DE","M45-49","FIN","6:19:21","0:46:52","0:16:19","2:50:48","0:12:19","2:13:03","1929","1544","195","1046","1924","1502","189","1892","1519","194","1929","1544","195","22761","2812","979","10248","739","7983"
"1397","Jamie Emma Pachner","Female","Frankfurt am Main","Hessen","AT","F18-24","FIN","6:19:58","0:32:38","0:11:16","3:06:21","0:09:02","2:20:42","1930","386","57","1291","314","54","7","1836","349","56","1930","386","57","22798","1958","676","11181","542","8442"
"1916","Nils Wientke","Male","Osnabrück","Niedersachsen","DE","M25-29","FIN","6:20:05","0:59:33","0:09:40","3:01:45","0:08:50","2:00:18","1931","1545","216","1026","2202","1678","243","2071","1622","229","1931","1545","216","22805","3573","580","10905","530","7218"
"1642","Lukas Wöhler","Male","Berlin","","DE","M25-29","FIN","6:20:27","0:45:55","0:08:19","3:13:13","0:06:56","2:06:03","1932","1546","217","1019","1875","1475","206","2047","1607","227","1932","1546","217","22827","2755","499","11593","416","7563"
"1426","Dagmar Backes","Female","Weiterstadt","HE","DE","F60-64","FIN","6:20:45","0:44:01","0:06:31","3:09:12","0:08:51","2:12:10","1933","387","8","2418","1727","360","7","1965","406","9","1933","387","8","22845","2641","391","11352","531","7930"
"1689","Sascha Hoinkiss","Male","Schwanewede","NIEDERSACHSEN","DE","M40-44","FIN","6:20:56","0:46:17","0:10:21","3:26:23","0:09:05","1:48:51","1934","1547","206","973","1899","1488","190","2149","1657","209","1934","1547","206","22856","2777","621","12383","545","6531"
"1197","Anna Theresa Lorenzen","Female","Leipzig","Saxony","DE","F40-44","FIN","6:20:57","0:47:21","0:09:27","3:19:23","0:09:04","1:55:42","1935","388","37","1903","1959","436","43","2104","468","48","1935","388","37","22857","2841","567","11963","544","6942"
"768","Laura Habich","Female","Pattensen","Niedersachsen","DE","F30-34","FIN","6:21:16","0:43:24","0:06:22","3:12:45","0:05:40","2:13:04","1936","389","67","1386","1656","337","60","1996","418","71","1936","389","67","22876","2604","382","11565","340","7984"
"1130","Frank Müller","Male","Wiesbaden","HE","DE","M55-59","FIN","6:21:17","0:48:25","0:15:27","2:52:39","0:09:58","2:14:48","1937","1548","132","1496","2022","1561","134","1918","1538","134","1937","1548","132","22877","2905","927","10359","598","8088"
"929","Finn-Ole Schwarz","Male","Graz","STEIERMARK","DE","M18-24","FIN","6:21:43","0:43:41","0:06:16","3:07:19","0:05:45","2:18:42","1938","1549","155","739","1686","1339","133","1930","1544","151","1938","1549","155","22903","2621","376","11239","345","8322"
"1839","Sofie Pöhlmann","Female","Berlin","BE","DE","F25-29","FIN","6:21:49","0:47:04","0:10:06","3:04:03","0:06:32","2:14:05","1939","390","68","1347","1936","426","79","1983","412","71","1939","390","68","22909","2824","606","11043","392","8045"
"278","Gilbert Fuchs","Male","Leipzig","Saxony","DE","M45-49","FIN","6:21:55","0:48:41","0:08:29","3:00:31","0:06:39","2:17:35","1940","1550","196","1000","2036","1569","195","1937","1549","200","1940","1550","196","22915","2921","509","10831","399","8255"
"412","Thomas Wolf","Male","Hohnhorst","DE-NI","DE","M55-59","FIN","6:22:03","0:34:44","0:07:08","2:58:46","0:06:02","2:35:22","1941","1551","133","1482","533","438","32","1667","1377","121","1941","1551","133","22923","2084","428","10726","362","9322"
"2321","Madeleine Engler","Female","Lichtenberg","Brandenburg","DE","F35-39","FIN","6:22:09","0:53:22","0:06:56","3:02:33","0:05:50","2:13:29","1942","391","55","1421","2155","507","64","2001","420","61","1942","391","55","22929","3202","416","10953","350","8009"
"1270","Christel Janssen","Female","Alken","","BE","F45-49","FIN","6:22:10","0:30:20","0:07:20","3:10:03","0:08:16","2:26:12","1943","392","42","1485","151","30","3","1801","337","35","1943","392","42","22930","1820","440","11403","496","8772"
"1370","Andrea Kalkhof","Female","Coburg","Bavaria","DE","F45-49","FIN","6:22:22","0:46:22","0:09:13","2:39:59","0:11:06","2:35:42","1944","393","43","1481","1906","414","47","1488","222","21","1944","393","43","22942","2782","553","9599","666","9342"
"1043","Annette Hofmann","Female","Herzogenaurach","foreigner","DE","F60-64","FIN","6:22:31","0:50:42","0:06:08","3:00:18","0:11:32","2:13:52","1945","394","9","2387","2104","498","13","1925","384","8","1945","394","9","22951","3042","368","10818","692","8032"
"680","Laura Otten","Female","Leipzig","Saxony","DE","F25-29","FIN","6:22:32","0:45:15","0:05:55","3:14:56","0:06:54","2:09:33","1946","395","69","1334","1820","386","71","2026","431","76","1946","395","69","22952","2715","355","11696","414","7773"
"1499","Alicia Seifert","Female","Hardegsen","DE-NI","DE","F25-29","FIN","6:22:38","0:47:02","0:06:05","3:12:03","0:06:30","2:10:58","1947","396","70","1333","1933","424","78","2018","428","75","1947","396","70","22958","2822","365","11523","390","7858"
"831","Layla Fritsche","Female","Nuthetal","BRANDENBURG","DE","F18-24","FIN","6:23:18","0:34:49","0:05:47","3:04:16","0:10:59","2:27:27","1948","397","58","1231","541","97","11","1750","318","51","1948","397","58","22998","2089","347","11056","659","8847"
"2309","Claudia Pálfi","Female","Weinböhla","Saxony","DE","F40-44","FIN","6:23:20","0:42:15","0:07:14","3:19:59","0:07:50","2:06:03","1949","398","38","1860","1524","302","28","2057","444","43","1949","398","38","23000","2535","434","11999","470","7563"
"2486","Frank Helmut Schuster","Male","Leubnitz","DE-SN","DE","M60-64","FIN","6:23:24","0:50:02","0:08:07","3:13:01","0:07:01","2:05:13","1950","1552","50","1495","2082","1594","55","2073","1624","60","1950","1552","50","23004","3002","487","11581","421","7513"
"1883","Stefanie Schwieca","Female","Delmenhorst","DE-NI","DE","F30-34","FIN","6:23:31","0:46:52","0:04:50","2:58:48","0:08:04","2:24:57","1951","399","68","1346","1925","423","69","1841","352","61","1951","399","68","23011","2812","290","10728","484","8697"
"1812","Paula schröter","Female","Plauen","Saxony","DE","F18-24","FIN","6:23:32","0:43:17","0:05:07","3:15:11","0:06:30","2:13:27","1952","400","59","1227","1642","333","51","2007","422","63","1952","400","59","23012","2597","307","11711","390","8007"
"1254","Anke Habermann","Female","Leipzig","DE-SN","DE","F50-54","FIN","6:23:50","0:45:46","0:10:23","3:19:46","0:08:46","1:59:08","1953","401","30","1737","1866","399","25","2100","464","34","1953","401","30","23030","2746","623","11986","526","7148"
"1490","Frank Oelke","Male","Dohna","SN","DE","M60-64","FIN","6:23:56","0:46:44","0:07:59","2:54:53","0:08:25","2:25:54","1954","1553","51","1485","1920","1499","50","1828","1482","49","1954","1553","51","23036","2804","479","10493","505","8754"
"1333","André Scholz","Male","Seegebiet Mansfelder Land","SACHSEN-ANHALT","DE","M45-49","FIN","6:24:08","0:52:39","0:07:08","2:44:04","0:06:55","2:33:22","1955","1554","197","960","2143","1637","200","1728","1416","181","1955","1554","197","23048","3159","428","9844","415","9202"
"1756","Ulrike Samsel","Female","Saarbrücken","DE-SL","DE","F55-59","FIN","6:24:09","0:48:09","0:07:13","3:02:57","0:07:03","2:18:48","1956","402","20","2212","2006","454","22","1951","397","20","1956","402","20","23049","2889","433","10977","423","8328"
"2276","Jannis Feuerbach","Male","Frankfurt am Main","Hesse","DE","M25-29","FIN","6:24:17","0:48:03","0:08:19","3:15:13","0:10:17","2:02:26","1957","1555","218","950","1999","1547","219","2075","1625","231","1957","1555","218","23057","2883","499","11713","617","7346"
"635","Kevin Döring","Male","Freital","SN","DE","M30-34","FIN","6:24:23","0:47:40","0:06:58","2:58:59","0:08:43","2:22:05","1958","1556","207","731","1976","1533","199","1885","1514","200","1958","1556","207","23063","2860","418","10739","523","8525"
"449","Nils Jäger","Male","Regis-Breitingen","SN","DE","M40-44","FIN","6:24:36","0:44:17","0:11:37","2:57:50","0:13:12","2:17:40","1959","1557","207","907","1752","1388","176","1888","1515","198","1959","1557","207","23076","2657","697","10670","792","8260"
"739","Emily Wienke","Female","Lübeck","SCHLESWIG-HOLSTEIN","DE","F18-24","FIN","6:24:38","0:43:06","0:05:31","2:50:55","0:06:42","2:38:24","1960","403","60","1207","1624","328","49","1637","281","44","1960","403","60","23078","2586","331","10255","402","9504"
"2091","Yves Corssen-Kaulbersch","Male","Schenefeld","DE-SH","DE","M50-54","FIN","6:24:39","0:42:10","0:11:11","2:56:58","0:07:14","2:27:06","1961","1558","117","1115","1513","1212","92","1839","1489","117","1961","1558","117","23079","2530","671","10618","434","8826"
"1940","Sven Himmeröder","Male","Essen","North Rhine-Westphalia","DE","M25-29","FIN","6:24:39","0:47:56","0:06:03","3:08:50","0:06:56","2:14:55","1962","1559","219","944","1995","1546","218","2000","1581","219","1962","1559","219","23079","2876","363","11330","416","8095"
"1615","Maximilian Moehrle","Male","Würzburg","Bavaria","DE","M35-39","FIN","6:25:11","0:42:25","0:09:21","3:12:46","0:07:51","2:12:49","1963","1560","228","700","1546","1241","185","2011","1588","233","1963","1560","228","23111","2545","561","11566","471","7969"
"856","Auriella Haßhoff","Female","Berlin","DE-BE","DE","F40-44","FIN","6:25:11","0:43:57","0:06:47","3:01:22","0:07:26","2:25:38","1964","404","39","1827","1717","357","33","1865","362","32","1964","404","39","23111","2637","407","10882","446","8738"
"432","Daniela Dreissig","Female","Leipzig","Saxony","DE","F35-39","FIN","6:25:13","0:39:27","0:05:05","2:58:59","0:08:07","2:33:34","1965","405","56","1366","1179","223","37","1724","311","47","1965","405","56","23113","2367","305","10739","487","9214"
"1026","Amelie Niemann","Female","Braunschweig","Lower Saxony","DE","F18-24","FIN","6:25:16","0:43:39","0:05:06","3:08:58","0:06:35","2:20:59","1966","406","61","1196","1681","347","55","1939","390","61","1966","406","61","23116","2619","306","11338","395","8459"
"1526","Moritz Tien-Jung","Male","Bad Vilbel","HE","DE","M35-39","FIN","6:25:36","0:44:17","0:12:52","3:16:40","0:10:07","2:01:39","1967","1561","229","700","1751","1387","204","2085","1628","238","1967","1561","229","23136","2657","772","11800","607","7299"
"1014","Götz Günther","Male","Chemnitz","SN","DE","M60-64","FIN","6:25:40","0:38:42","0:05:27","2:52:18","0:06:16","2:42:57","1968","1562","52","1454","1076","884","25","1522","1283","41","1968","1562","52","23140","2322","327","10338","376","9777"
"1733","Rene Groeschke","Male","Forst (Lausitz)","DE-BB","DE","M55-59","FIN","6:25:44","0:38:03","0:07:52","2:51:43","0:08:43","2:39:23","1969","1563","134","1416","986","812","70","1556","1304","111","1969","1563","134","23144","2283","472","10303","523","9563"
"620","Leon Weymann","Male","Leonberg","Baden-Württemberg","DE","M25-29","FIN","6:25:49","0:42:36","0:06:56","3:13:19","0:09:18","2:13:40","1970","1564","220","923","1563","1255","165","2002","1582","220","1970","1564","220","23149","2556","416","11599","558","8020"
"420","Deborah Munton","Female","Westfield House","foreigner","GB","F65-69","FIN","6:25:54","0:38:52","0:06:05","3:12:02","0:07:41","2:21:14","1971","407","3","2487","1103","202","3","1924","383","3","1971","407","3","23154","2332","365","11522","461","8474"
"2110","David Apel","Male","Köln","NW","DE","M35-39","FIN","6:25:57","0:51:36","0:14:03","3:12:35","0:07:57","1:59:47","1972","1565","230","700","2122","1621","240","2115","1642","240","1972","1565","230","23157","3096","843","11555","477","7187"
"1894","Katrin Abramov-Seewald","Female","Ponitz","Thüringen","DE","F18-24","FIN","6:26:02","0:45:11","0:05:10","3:08:56","0:04:11","2:22:35","1973","408","62","1182","1814","383","61","1961","404","62","1973","408","62","23162","2711","310","11336","251","8555"
"1422","Maik Mehlhose","Male","Leipzig ","SACHSEN","DE","M50-54","FIN","6:26:03","0:53:42","0:08:07","3:00:07","0:07:40","2:16:27","1974","1566","118","1089","2160","1652","127","1993","1578","120","1974","1566","118","23163","3222","487","10807","460","8187"
"398","Matthäus Herman","Male","Stuttgart","BADEN-WURTTEMBERG","DE","M35-39","FIN","6:26:58","0:45:06","0:05:12","3:09:19","0:05:55","2:21:27","1975","1567","231","700","1810","1430","209","1963","1558","228","1975","1567","231","23218","2706","312","11359","355","8487"
"606","Jürgen Barbe","Male","Lichtenfels","HE","DE","M60-64","FIN","6:27:03","0:49:35","0:07:47","3:00:09","0:09:05","2:20:27","1976","1568","53","1429","2068","1587","53","1934","1546","52","1976","1568","53","23223","2975","467","10809","545","8427"
"1363","Elisa Bimberg","Female","Hörlitz","DE-Brandenburg","DE","F35-39","FIN","6:27:16","0:46:14","0:08:30","3:03:05","0:12:18","2:17:09","1977","409","57","1329","1897","410","55","1942","391","56","1977","409","57","23236","2774","510","10985","738","8229"
"418","Patricia Heeb","Female","Dielsdorf","CH-ZURICH","CH","F18-24","FIN","6:27:21","0:40:22","0:06:26","3:04:19","0:06:42","2:29:32","1978","410","63","1158","1297","251","37","1851","358","57","1978","410","63","23241","2422","386","11059","402","8972"
"907","Benjamin Wirsching","Male","Beucha","Saxony","DE","M18-24","FIN","6:27:23","0:41:06","0:10:55","3:12:21","0:12:56","2:10:06","1979","1569","156","700","1379","1114","114","2010","1587","156","1979","1569","156","23243","2466","655","11541","776","7806"
"2230","Dr. Eckhard Stölting","Male","Gifhorn","NI","DE","M55-59","FIN","6:27:24","0:35:15","0:03:38","4:00:15","0:04:59","1:43:18","1980","1570","135","1386","604","498","37","2199","1682","145","1980","1570","135","23244","2115","218","14415","299","6198"
"1793","Annette Roy","Female","Gerbstedt","Saxony-Anhalt","DE","F55-59","FIN","6:27:35","0:39:36","0:08:03","3:22:58","0:07:34","2:09:24","1981","411","21","2150","1206","232","6","2067","449","23","1981","411","21","23255","2376","483","12178","454","7764"
"1440","Anne-Kathrin Lerke","Female","Magdeburg","Saxony-Anhalt","DE","F40-44","FIN","6:27:36","1:00:33","0:06:17","3:03:26","0:08:37","2:08:42","1982","412","40","1783","2207","525","59","2064","448","45","1982","412","40","23256","3633","377","11006","517","7722"
"1163","Lucas Henn","Male","Guntersblum","DE-Rhineland-Palatinate","DE","M18-24","FIN","6:27:38","0:49:58","0:05:47","3:09:25","0:06:50","2:15:39","1983","1571","157","700","2077","1590","165","2019","1591","157","1983","1571","157","23258","2998","347","11365","410","8139"
"1342","Ines Linzenburg","Female","Merseburg","Saxony-Anhalt","DE","F35-39","FIN","6:27:51","0:48:36","0:06:42","3:01:57","0:06:36","2:24:00","1984","413","58","1319","2032","466","60","1929","386","55","1984","413","58","23271","2916","402","10917","396","8640"
"1377","Annika Irlenbusch","Female","Bergisch Gladbach","North Rhine-Westphalia","DE","F25-29","FIN","6:28:23","0:42:31","0:06:46","3:05:36","0:06:00","2:27:29","1985","414","71","1229","1557","308","56","1900","375","64","1985","414","71","23303","2551","406","11136","360","8849"
"2302","Jan Voigtmann","Male","Plauen","Saxony","DE","M30-34","FIN","6:28:25","0:48:31","0:07:20","3:13:14","0:09:42","2:09:38","1986","1572","208","700","2027","1565","205","2055","1612","211","1986","1572","208","23305","2911","440","11594","582","7778"
"2252","Christiane Schönrock","Female","Rabenholz ","Schleswig-Holstein","DE","F45-49","FIN","6:28:39","0:58:20","0:06:10","3:01:47","0:08:51","2:13:31","1987","415","44","1368","2196","523","57","2029","433","49","1987","415","44","23319","3500","370","10907","531","8011"
"2092","Amin Maslouh","Male","Weiterstadt","DE-HE","DE","M18-24","FIN","6:28:39","0:42:20","0:07:10","2:57:26","0:07:17","2:34:26","1988","1573","158","700","1536","1233","124","1787","1457","142","1988","1573","158","23319","2540","430","10646","437","9266"
"1787","Peter Hansen","Male","Enkhuizen","foreigner","NL","M35-39","FIN","6:28:43","0:43:33","0:06:12","2:45:43","0:06:19","2:46:57","1989","1574","232","700","1674","1330","196","1485","1265","194","1989","1574","232","23323","2613","372","9943","379","10017"
"1325","Lucas Fucke","Male","Leipzig","SN","DE","M25-29","FIN","6:28:57","0:42:05","0:10:48","3:14:00","0:07:46","2:14:18","1990","1575","221","866","1499","1198","153","2035","1601","225","1990","1575","221","23337","2525","648","11640","466","8058"
"2305","Mina Phoebe Winter","Female","Darmstadt","Hesse","DE","F25-29","FIN","6:29:11","1:05:30","0:06:29","3:01:03","0:08:15","2:07:53","1991","416","72","1215","2215","529","92","2082","455","82","1991","416","72","23351","3930","389","10863","495","7673"
"2198","Timo Schrader","Male","Langenhagen","Lower Saxony","DE","M30-34","FIN","6:29:16","0:48:12","0:09:26","3:09:13","0:08:35","2:13:50","1992","1576","209","700","2008","1553","203","2034","1600","210","1992","1576","209","23356","2892","566","11353","515","8030"
"1671","Jörg Mikolaiczyk","Male","Burgwedel","NI","DE","M55-59","FIN","6:29:41","0:46:11","0:08:07","2:54:02","0:09:53","2:31:29","1993","1577","136","1345","1892","1483","129","1812","1472","130","1993","1577","136","23381","2771","487","10442","593","9089"
"1519","Luiza Horacio Piton","Female","Stuttgart","BW","BR","F30-34","FIN","6:29:43","0:44:04","0:07:13","3:13:41","0:06:48","2:17:57","1994","417","69","1234","1732","362","63","2016","426","72","1994","417","69","23383","2644","433","11621","408","8277"
"2220","Max Kraußer","Male","Suhl","Thuringia","DE","M25-29","FIN","6:29:47","0:43:45","0:06:31","3:00:52","0:05:38","2:33:00","1995","1578","222","851","1695","1346","180","1852","1494","204","1995","1578","222","23387","2625","391","10852","338","9180"
"580","Franziska Manko","Female","Leipzig","Saxony","DE","F40-44","FIN","6:29:56","0:45:09","0:10:17","3:14:44","0:07:25","2:12:21","1996","418","41","1741","1813","382","36","2062","446","44","1996","418","41","23396","2709","617","11684","445","7941"
"2356","Robert Kuntze","Male","Leinefelde-Worbis","TH","DE","M30-34","FIN","6:30:17","0:50:49","0:07:15","3:16:09","0:06:47","2:09:17","1997","1579","210","700","2109","1611","209","2088","1631","212","1997","1579","210","23417","3049","435","11769","407","7757"
"2485","Paul Pavlov","Male","Filderstadt","Baden-Württemberg","DE","M35-39","FIN","6:30:31","0:48:20","0:06:08","3:11:03","0:05:35","2:19:25","1998","1580","233","700","2017","1559","233","2021","1593","235","1998","1580","233","23431","2900","368","11463","335","8365"
"933","Stefanie Rogers","Female","Kämpfelbach","BADEN-WURTTEMBERG","DE","F45-49","FIN","6:30:39","0:55:28","0:09:12","3:15:12","0:09:28","2:01:19","1999","419","45","1332","2180","516","55","2126","480","54","1999","419","45","23439","3328","552","11712","568","7279"
"2357","Mircea Scaunasu","Male","Voluntari","Ilfov","RO","M50-54","FIN","6:30:54","0:59:42","0:10:24","3:00:30","0:18:35","2:01:44","2000","1581","119","1002","2203","1679","129","2066","1618","124","2000","1581","119","23454","3582","624","10830","1115","7304"
"2121","Simon Tempelmeier","Male","Wendelstein","Bavaria","DE","M25-29","FIN","6:30:58","0:38:11","0:07:37","3:17:20","0:08:20","2:19:31","2001","1582","223","830","1006","828","111","2004","1584","222","2001","1582","223","23458","2291","457","11840","500","8371"
"1122","Hanna Wolff","Female","Mainz","Rhineland-Palatinate","DE","F30-34","FIN","6:31:11","0:43:50","0:06:14","3:16:56","0:08:01","2:16:11","2002","420","70","1208","1705","354","61","2039","437","74","2002","420","70","23471","2630","374","11816","481","8171"
"690","Kay Viehweg","Male","Wurzen","SN","DE","M60-64","FIN","6:31:27","0:51:19","0:12:07","3:07:04","0:06:50","2:14:06","2003","1583","54","1350","2118","1618","58","2065","1617","58","2003","1583","54","23487","3079","727","11224","410","8046"
"1204","Vanessa Reichenbach","Female","Grimma","SACHSEN","DE","F25-29","FIN","6:31:32","0:49:52","0:05:43","3:13:14","0:06:08","2:16:35","2004","421","73","1172","2073","484","87","2053","442","79","2004","421","73","23492","2992","343","11594","368","8195"
"2253","Nils Knörnschild","Male","Magdeburg ","Saxony-Anhalt","DE","M25-29","FIN","6:31:48","0:49:14","0:13:07","3:10:20","0:13:08","2:05:59","2005","1584","224","815","2056","1581","225","2080","1627","232","2005","1584","224","23508","2954","787","11420","788","7559"
"556","Caroline Rezende Machado","Female","Leonberg","BW","BR","F30-34","FIN","6:31:50","0:47:15","0:08:04","3:05:44","0:08:54","2:21:53","2006","422","71","1196","1952","433","70","1979","411","69","2006","422","71","23510","2835","484","11144","534","8513"
"1301","Christian Günther","Male","Leipzig","Saxonia","DE","M35-39","FIN","6:32:08","0:47:27","0:07:04","3:11:58","0:06:51","2:18:48","2007","1585","234","700","1969","1530","227","2030","1597","236","2007","1585","234","23528","2847","424","11518","411","8328"
"1596","Juergen Kaffka","Male","Wolfsburg","NI","DE","M60-64","FIN","6:32:14","0:43:23","0:07:29","2:32:55","0:08:00","3:00:26","2008","1586","55","1336","1655","1319","44","1062","940","25","2008","1586","55","23534","2603","449","9175","480","10826"
"272","Armin Kempf","Male","Schutterwald","BW","DE","M55-59","FIN","6:32:20","0:39:19","0:08:03","2:53:54","0:07:41","2:43:23","2009","1587","137","1297","1163","945","83","1679","1386","122","2009","1587","137","23540","2359","483","10434","461","9803"
"249","Karim Wali","Male","Riyadh","Riyadh Province","GB","M50-54","FIN","6:32:30","0:47:13","0:09:04","3:14:36","0:08:50","2:12:47","2010","1588","120","973","1951","1519","119","2070","1621","125","2010","1588","120","23550","2833","544","11676","530","7967"
"677","Bernadette Ramaker","Female","Berlin","DE-BE","NL","F30-34","FIN","6:32:38","0:42:39","0:10:03","2:57:35","0:10:30","2:31:52","2011","423","72","1181","1571","311","57","1837","350","60","2011","423","72","23558","2559","603","10655","630","9112"
"1765","Bernardo Briseño","Male","Ciudad López Mateos","MX-MEX","MX","M18-24","FIN","6:32:43","0:38:08","0:06:54","3:11:20","0:08:17","2:28:04","2012","1589","159","700","999","823","83","1917","1537","150","2012","1589","159","23563","2288","414","11480","497","8884"
"758","Dimitrios Zachos","Male","Hamburg","HAMBURG","DE","M45-49","FIN","6:32:46","0:44:16","0:11:03","2:54:58","0:10:04","2:32:26","2013","1590","198","805","1750","1386","178","1838","1488","188","2013","1590","198","23566","2656","663","10498","604","9146"
"999","Fanny Schmidt","Female","Leipzig","Sachsen","DE","F18-24","FIN","6:33:00","0:41:17","0:05:47","3:05:53","0:08:20","2:31:43","2014","424","64","1056","1402","272","42","1872","366","59","2014","424","64","23580","2477","347","11153","500","9103"
"1330","Tineke GÖTZKE","Female","Köln","NW","DE","F25-29","FIN","6:33:10","0:42:47","0:06:42","3:09:16","0:07:12","2:27:14","2015","425","74","1143","1583","319","58","1955","400","69","2015","425","74","23590","2567","402","11356","432","8834"
"2433","Jan Grohmann","Male","Frankfurt","DE","DE","M45-49","FIN","6:33:13","0:47:24","0:07:11","2:52:41","0:07:26","2:38:30","2016","1591","199","797","1966","1528","193","1793","1461","185","2016","1591","199","23593","2844","431","10361","446","9510"
"878","Lisa Uhlig","Female","Leipzig","Saxony","DE","F35-39","FIN","6:33:20","0:42:55","0:04:33","3:05:41","0:06:15","2:33:55","2017","426","59","1220","1598","322","49","1878","367","52","2017","426","59","23600","2575","273","11141","375","9235"
"2025","Max Klatte","Male","Marburg","Hessen","DE","M18-24","FIN","6:33:42","0:49:23","0:07:36","3:13:42","0:06:30","2:16:31","2018","1592","160","700","2059","1583","164","2068","1619","163","2018","1592","160","23622","2963","456","11622","390","8191"
"1053","Anne-Sophie Hildebrandt","","Leipzig","Saxony","DE","F35-39","FIN","6:33:44","0:47:40","0:05:12","3:07:50","0:06:42","2:26:20","2019","427","60","1213","1975","443","58","1977","410","59","2019","427","60","23624","2860","312","11270","402","8780"
"2535","Noah Deobald","Male","Apolda","Thuringia","DE","M18-24","FIN","6:33:46","0:42:18","0:13:31","3:18:32","0:11:55","2:07:31","2020","1593","161","700","1530","1227","123","2089","1632","166","2020","1593","161","23626","2538","811","11912","715","7651"
"1950","Katarzyna Jedrzejczyk","Female","Warszawa","Mazowieckie","PL","F35-39","FIN","6:33:48","0:54:46","0:06:56","3:07:14","0:07:05","2:17:47","2021","428","61","1212","2171","509","65","2054","443","63","2021","428","61","23628","3286","416","11234","425","8267"
"2432","Laila Vejrgang","Female","Hjørring
Hjørring","","DK","F50-54","FIN","6:34:20","0:55:46","0:07:48","2:47:26","0:10:52","2:32:29","2022","429","31","1548","2181","517","41","1848","357","25","2022","429","31","23660","3346","468","10046","652","9149"
"1915","Tim Dustin Reimer","Male","Bietigheim-Bissingen","Baden-Württemberg","DE","M25-29","FIN","6:34:23","0:58:44","0:04:57","3:16:24","0:05:54","2:08:24","2023","1594","225","768","2197","1674","242","2131","1650","238","2023","1594","225","23663","3524","297","11784","354","7704"
"1576","Thea Höxtermann","Female","Leipzig","Sachsen","DE","F25-29","FIN","6:34:27","0:45:58","0:05:38","3:15:31","0:06:04","2:21:16","2024","430","75","1120","1880","401","73","2042","439","77","2024","430","75","23667","2758","338","11731","364","8476"
"1743","Alex Markert","Male","Frankfurt am Main","Hesse","DE","M50-54","FIN","6:34:35","0:34:22","0:08:28","2:55:03","0:06:53","2:49:50","2025","1595","121","936","482","399","26","1568","1312","102","2025","1595","121","23675","2062","508","10503","413","10190"
"654","Robert Messerschmidt","Male","Halle","Saxony-Anhalt","DE","M25-29","FIN","6:34:36","0:50:43","0:05:55","3:06:00","0:06:09","2:25:48","2026","1596","226","764","2105","1607","232","1998","1580","218","2026","1596","226","23676","3043","355","11160","369","8748"
"1520","Kerstin Thürmer","Female","Mainhausen","HE","DE","F50-54","FIN","6:34:39","0:50:08","0:08:15","3:13:24","0:07:50","2:15:02","2027","431","32","1542","2085","490","36","2077","452","33","2027","431","32","23679","3008","495","11604","470","8102"
"2005","Jannik Nötzel","Male","Apolda","TH","DE","M25-29","FIN","6:34:58","0:48:54","0:08:26","3:22:00","0:09:26","2:06:11","2028","1597","227","758","2046","1574","224","2123","1645","235","2028","1597","227","23698","2934","506","12120","566","7571"
"1479","Franziska Wolters","Female","Kirchzarten","DE-BW","DE","F35-39","FIN","6:34:59","0:41:33","0:07:34","3:17:56","0:08:42","2:19:15","2029","432","62","1190","1432","280","44","2041","438","62","2029","432","62","23699","2493","454","11876","522","8355"
"358","Daniel Vetter","Male","Leipzig","pomorskie","DE","M50-54","FIN","6:35:01","0:42:51","0:12:39","2:58:29","0:10:52","2:30:10","2030","1598","122","928","1589","1269","99","1890","1517","119","2030","1598","122","23701","2571","759","10709","652","9010"
"1436","Hannah Priest","Female","Leeds","England","GB","F25-29","FIN","6:35:02","0:50:30","0:10:10","3:18:31","0:10:33","2:05:18","2031","433","76","1109","2097","495","88","2122","478","85","2031","433","76","23702","3030","610","11911","633","7518"
"801","Carlos Cuevas Decoud","Male","Eckernförde","SH","PY","M35-39","FIN","6:35:12","0:47:21","0:06:30","3:15:51","0:05:59","2:19:31","2032","1599","235","700","1961","1525","226","2059","1614","237","2032","1599","235","23712","2841","390","11751","359","8371"
"1215","Christin Jäger","Female","Leipzig","Saxony","DE","F35-39","FIN","6:35:14","0:46:01","0:35:52","2:59:13","0:08:58","2:05:10","2033","434","63","1186","1885","404","54","2135","482","64","2033","434","63","23714","2761","2152","10753","538","7510"
"1474","Floris Klümper","Male","Ahlhorn","Lower Saxony","DE","M25-29","FIN","6:35:21","1:06:55","0:12:28","3:00:19","0:10:55","2:04:44","2034","1600","228","751","2216","1687","245","2125","1646","236","2034","1600","228","23721","4015","748","10819","655","7484"
"1469","Kai Oostinga","Male","Twistringen","Lower Saxony","DE","M25-29","FIN","6:35:28","0:50:42","0:06:43","2:59:45","0:06:10","2:32:09","2035","1601","229","749","2103","1606","231","1926","1542","212","2035","1601","229","23728","3042","403","10785","370","9129"
"1858","Andreas Tietz","Male","Lehrte","NI","DE","M65-69","FIN","6:36:19","0:41:55","0:08:27","2:57:45","0:09:38","2:38:33","2036","1602","19","1582","1475","1180","15","1808","1470","17","2036","1602","19","23779","2515","507","10665","578","9513"
"1529","Kathrin Zucchelli","Female","München","Bavaria","DE","F45-49","FIN","6:36:34","0:44:03","0:11:28","3:22:56","0:12:07","2:06:00","2037","435","46","1226","1731","361","40","2118","475","52","2037","435","46","23794","2643","688","12176","727","7560"
"1737","Annabel Adiprasito","Female","Hamburg","HH","DE","F25-29","FIN","6:36:55","0:47:09","0:08:32","2:58:00","0:07:31","2:35:43","2038","436","77","1076","1946","432","82","1886","372","63","2038","436","77","23815","2829","512","10680","451","9343"
"2078","Jörg Ullrich","Male","Hamburg","Hamburg","DE","M55-59","FIN","6:37:08","0:52:08","0:10:38","3:18:15","0:10:05","2:06:03","2039","1603","138","1211","2132","1629","139","2133","1652","142","2039","1603","138","23828","3128","638","11895","605","7563"
"1231","Stefanie Drechsel","Female","Markkleeberg","SN","DE","F35-39","FIN","6:37:38","0:32:58","0:07:23","2:57:16","0:07:15","2:52:46","2040","437","64","1143","341","61","11","1554","252","40","2040","437","64","23858","1978","443","10636","435","10366"
"694","Helene Gress","Female","Grub am Forst","BAYERN","DE","F50-54","FIN","6:37:40","0:48:25","0:09:31","3:18:03","0:09:57","2:11:44","2041","438","33","1488","2020","460","31","2103","467","36","2041","438","33","23860","2905","571","11883","597","7904"
"693","Biggi Hablawetz","Female","Grub am Forst","BY","DE","F50-54","FIN","6:37:40","0:48:25","0:09:28","3:18:02","0:10:00","2:11:44","2042","439","34","1488","2021","461","32","2101","465","35","2042","439","34","23860","2905","568","11882","600","7904"
"2201","Florian Ludwig","Male","Hamburg","Hamburg","DE","M30-34","FIN","6:37:41","0:44:28","0:09:41","3:05:52","0:07:45","2:29:55","2043","1604","211","700","1767","1400","186","1969","1562","207","2043","1604","211","23861","2668","581","11152","465","8995"
"930","Diego Hansen","Male","Detmold","North Rhine-Westphalia","DE","M18-24","FIN","6:38:18","0:47:46","0:06:35","3:17:58","0:08:48","2:17:10","2044","1605","162","700","1983","1539","159","2078","1626","164","2044","1605","162","23898","2866","395","11878","528","8230"
"2097","Judith Kaulbersch","Female","Schenefeld","Schleswig-Holstein","DE","F45-49","FIN","6:38:23","0:44:22","0:08:36","2:54:44","0:10:23","2:40:18","2045","440","47","1193","1757","365","41","1800","336","34","2045","440","47","23903","2662","516","10484","623","9618"
"1760","Nicole Wysocki","Female","Arnstadt","THURINGEN","DE","F45-49","FIN","6:38:34","0:46:03","0:07:49","3:09:33","0:08:29","2:26:40","2046","441","48","1190","1888","407","46","2005","421","46","2046","441","48","23914","2763","469","11373","509","8800"
"1668","Sandra Pfaffenbach","Female","Berlin","DE-BE","DE","F45-49","FIN","6:38:35","0:39:33","0:06:52","3:04:25","0:09:11","2:38:34","2047","442","49","1189","1193","226","28","1847","356","38","2047","442","49","23915","2373","412","11065","551","9514"
"2283","Pascal Blauhut","Male","Seelingstädt","TH","DE","M25-29","FIN","6:38:49","0:44:30","0:09:47","3:13:00","0:07:51","2:23:41","2048","1606","230","700","1772","1404","194","2044","1605","226","2048","1606","230","23929","2670","587","11580","471","8621"
"2120","Christian Woiciechowsky","Male","Berlin","BE","DE","M60-64","FIN","6:38:53","0:56:51","0:08:37","3:01:22","0:12:15","2:19:49","2049","1607","56","1216","2187","1669","63","2033","1599","57","2049","1607","56","23933","3411","517","10882","735","8389"
"1228","Johanna Dressel","Female","Leipzig ","Saxony","DE","F25-29","FIN","6:39:05","0:45:40","0:09:13","3:13:36","0:09:02","2:21:35","2050","443","78","1037","1859","397","72","2050","441","78","2050","443","78","23945","2740","553","11616","542","8495"
"1364","Anja Schauer","Female","Chemnitz","DE-SN","DE","F40-44","FIN","6:39:06","0:53:39","0:06:51","3:00:44","0:09:05","2:28:47","2051","444","42","1576","2159","508","54","1984","413","38","2051","444","42","23946","3219","411","10844","545","8927"
"1893","Tristan Seewald","Male","Ponitz","Thuringia","DE","M25-29","FIN","6:39:51","0:32:45","0:06:14","3:22:43","0:06:49","2:31:20","2052","1608","231","700","323","269","30","1989","1575","216","2052","1608","231","23991","1965","374","12163","409","9080"
"2319","Yannic Fohrenkamm","Male","Halle","ST","DE","M25-29","FIN","6:39:53","0:45:47","0:11:58","2:59:58","0:09:26","2:32:45","2053","1609","232","700","1867","1468","203","1940","1550","213","2053","1609","232","23993","2747","718","10798","566","9165"
"994","Christian Berthold","Male","Leipzig","Saxony","DE","M35-39","FIN","6:40:07","0:48:56","0:07:44","3:03:47","0:07:01","2:32:39","2054","1610","236","700","2047","1575","236","1975","1566","230","2054","1610","236","24007","2936","464","11027","421","9159"
"820","Paul Heer","Male","Delta","BC","CA","M50-54","FIN","6:40:28","0:42:51","0:09:18","3:13:51","0:15:19","2:19:09","2055","1611","123","830","1591","1270","100","2025","1595","121","2055","1611","123","24028","2571","558","11631","919","8349"
"1105","Konstanze Heyder","Female","Gerichshain","SN","DE","F55-59","FIN","6:40:51","0:43:53","0:07:54","3:13:07","0:10:30","2:25:27","2056","445","22","1911","1712","356","15","2015","425","21","2056","445","22","24051","2633","474","11587","630","8727"
"2173","Max Bauch","Male","Querfurt","ST","DE","M30-34","FIN","6:40:53","0:45:40","0:07:17","3:03:42","0:07:02","2:37:12","2057","1612","212","700","1858","1462","192","1920","1539","204","2057","1612","212","24053","2740","437","11022","422","9432"
"1383","Christian Dittmar","Male","Hamburg","HH","DE","M45-49","FIN","6:40:53","0:54:27","0:07:28","2:51:27","0:08:34","2:38:57","2058","1613","200","700","2167","1659","204","1882","1513","193","2058","1613","200","24053","3267","448","10287","514","9537"
"1314","Michaela Stecher","Female","Lambrechtshagen","MV","DE","F50-54","FIN","6:40:55","0:42:46","0:10:30","3:23:54","0:06:58","2:16:46","2059","446","35","1429","1580","317","18","2109","471","37","2059","446","35","24055","2566","630","12234","418","8206"
"1468","Leonie Bahle","Female","Halle (Saale)","Saxony-Anhalt","DE","F18-24","FIN","6:41:05","0:49:30","0:06:02","3:20:26","0:08:49","2:16:17","2060","447","65","911","2064","479","72","2102","466","68","2060","447","65","24065","2970","362","12026","529","8177"
"1238","Michaela Zemcik-Berger","Female","Himberg","NIEDEROSTERREICH","AT","F45-49","FIN","6:41:27","0:47:56","0:06:23","3:08:21","0:08:39","2:30:08","2061","448","50","1138","1996","450","50","1999","419","45","2061","448","50","24087","2876","383","11301","519","9008"
"1828","Verena Jurgeit","Female","Essen","NW","DE","F40-44","FIN","6:41:42","0:50:10","0:08:38","3:28:25","0:06:52","2:07:38","2062","449","43","1529","2087","491","51","2168","501","53","2062","449","43","24102","3010","518","12505","412","7658"
"2200","Kathrin Ludwig","Female","Hamburg","Hamburg","DE","F25-29","FIN","6:42:21","0:43:14","0:05:45","3:09:02","0:06:55","2:37:25","2063","450","79","978","1640","332","61","1945","392","67","2063","450","79","24141","2594","345","11342","415","9445"
"1044","Dietmar Maier","Male","Bürmoos","Salzburg","AT","M60-64","FIN","6:42:21","1:02:21","0:07:52","3:00:37","0:10:50","2:20:41","2064","1614","57","1154","2209","1683","65","2069","1620","59","2064","1614","57","24141","3741","472","10837","650","8441"
"1080","Nadin Krüger","Female","Bremerhaven","Bremen","DE","F40-44","FIN","6:42:22","0:42:41","0:10:44","3:35:18","0:10:02","2:03:37","2065","451","44","1517","1574","313","30","2173","503","55","2065","451","44","24142","2561","644","12918","602","7417"
"772","René Bunge","Male","Leipzig","Sachsen","DE","M45-49","FIN","6:42:23","0:58:09","0:05:55","3:15:51","0:07:43","2:14:44","2066","1615","201","700","2195","1673","206","2128","1647","204","2066","1615","201","24143","3489","355","11751","463","8084"
"1352","David Janke","Male","Theisa","BRANDENBURG","DE","M35-39","FIN","6:42:30","0:46:23","0:10:40","3:05:35","0:07:43","2:32:09","2067","1616","237","700","1907","1493","224","1997","1579","232","2067","1616","237","24150","2783","640","11135","463","9129"
"1799","Janosch Kaye","Male","Magdeburg","Saxony-Anhalt","DE","M25-29","FIN","6:43:00","0:56:47","0:08:18","3:21:35","0:07:52","2:08:29","2068","1617","233","700","2186","1668","240","2163","1665","242","2068","1617","233","24180","3407","498","12095","472","7709"
"1466","Marlie Van Engelen","Female","'s-Hertogenbosch","NL-NB","NL","F30-34","FIN","6:43:19","0:57:29","0:07:57","3:11:07","0:08:25","2:18:21","2069","452","73","989","2192","521","81","2106","470","76","2069","452","73","24199","3449","477","11467","505","8301"
"591","Kati Fritzsche","Female","Leipzig","Sachsen","DE","F40-44","FIN","6:43:40","0:48:37","0:06:40","3:24:19","0:05:28","2:18:36","2070","453","45","1494","2034","467","50","2124","479","50","2070","453","45","24220","2917","400","12259","328","8316"
"246","Thorsten Hermsdorf","Male","Aschersleben","Sachsen Anhalt","DE","M55-59","FIN","6:44:02","0:48:58","0:09:19","3:09:29","0:09:40","2:26:35","2071","1618","139","1087","2049","1577","135","2048","1608","139","2071","1618","139","24242","2938","559","11369","580","8795"
"814","Jan Boeger","Male","Wedel","DE-SH","DE","M30-34","FIN","6:44:36","0:50:43","0:11:57","3:24:15","0:09:43","2:07:59","2072","1619","213","700","2106","1608","208","2165","1666","215","2072","1619","213","24276","3043","717","12255","583","7679"
"1078","Peter Weilbaecher","Male","Wiesbaden","HESSEN","DE","M35-39","FIN","6:44:38","0:42:49","0:08:00","3:01:49","0:08:18","2:43:43","2073","1620","238","700","1586","1266","188","1870","1505","221","2073","1620","238","24278","2569","480","10909","498","9823"
"2359","Jil Wendt","Female","Munich","Bavaria","DE","F25-29","FIN","6:45:38","0:47:49","0:06:39","3:15:46","0:08:33","2:26:51","2074","454","80","919","1986","446","84","2063","447","80","2074","454","80","24338","2869","399","11746","513","8811"
"1239","Mario Meisel","Male","Moritzburg","SN","DE","M50-54","FIN","6:46:57","0:50:45","0:10:32","3:20:55","0:08:50","2:15:55","2075","1621","124","713","2107","1609","125","2141","1654","127","2075","1621","124","24417","3045","632","12055","530","8155"
"1558","Zoe Noelle Hübner","Female","Chemnitz","SACHSEN","DE","F18-24","FIN","6:47:17","0:43:31","0:08:49","3:20:31","0:12:40","2:21:47","2076","455","66","799","1669","342","53","2081","454","65","2076","455","66","24437","2611","529","12031","760","8507"
"1399","Tobias Reinecke","Male","Hannover","Niedersachsen","DE","M55-59","FIN","6:47:44","0:54:04","0:11:45","3:09:48","0:13:03","2:19:04","2077","1622","140","1020","2164","1656","142","2095","1634","141","2077","1622","140","24464","3244","705","11388","783","8344"
"1554","Maren Schmidt","Female","Warberg","DE-NI","DE","F50-54","FIN","6:47:50","0:46:46","0:05:44","3:07:27","0:07:26","2:40:28","2078","456","36","1305","1921","422","29","1967","407","30","2078","456","36","24470","2806","344","11247","446","9628"
"1125","Mika Krebs","Male","Linkenheim-Hochstetten","BADEN-WURTTEMBERG","DE","M18-24","FIN","6:47:58","0:49:22","0:05:38","3:11:10","0:08:31","2:33:16","2079","1623","163","700","2058","1582","163","2027","1596","158","2079","1623","163","24478","2962","338","11470","511","9196"
"1268","Jörg Scheffler","Male","Leipzig","Saxony","DE","M60-64","FIN","6:48:49","0:42:40","1:13:33","","0:00:00","2:19:15","2080","1624","58","1037","1572","1261","40","99999","99999","99999","2080","1624","58","24529","2560","4413","","","8355"
"402","Adina Neubert","Female","Markranstädt ","Sachsen ","DE","F45-49","FIN","6:48:56","0:43:46","0:06:31","3:28:12","0:06:24","2:24:04","2081","457","51","1003","1696","350","38","2119","476","53","2081","457","51","24536","2626","391","12492","384","8644"
"887","Sylvio Lips","Male","Leipzig","SN","DE","M65-69","FIN","6:48:59","0:49:47","0:08:14","3:11:51","0:10:07","2:28:59","2082","1625","20","1354","2071","1589","21","2060","1615","22","2082","1625","20","24539","2987","494","11511","607","8939"
"1388","Paul Neitzel","Male","Admannshagen-Bargeshagen","DE-Mecklenburg vorpommern","DE","M30-34","FIN","6:49:05","0:49:59","0:10:32","2:53:27","0:10:52","2:44:14","2083","1626","214","700","2079","1591","206","1891","1518","201","2083","1626","214","24545","2999","632","10407","652","9854"
"2417","Karl Meier","Male","Chemnitz","Saxony","DE","M25-29","FIN","6:49:07","0:50:23","0:05:40","3:13:04","0:06:12","2:33:48","2084","1627","234","700","2092","1600","228","2056","1613","228","2084","1627","234","24547","3023","340","11584","372","9228"
"2059","Nilo Richter","Male","Lindenau ","BB","DE","M25-29","FIN","6:49:42","0:44:10","0:06:13","3:11:16","0:06:15","2:41:48","2085","1628","235","700","1741","1377","187","1988","1574","215","2085","1628","235","24582","2650","373","11476","375","9708"
"1891","Lisa Pawlik","Female","Hof","Bayern","DE","F18-24","FIN","6:49:49","0:49:23","0:05:47","3:23:27","0:06:37","2:24:35","2086","458","67","754","2060","477","71","2120","477","69","2086","458","67","24589","2963","347","12207","397","8675"
"2114","Tarek Rashid","Male","Cairo","EG-EG-foreigner","EG","M50-54","FIN","6:49:51","1:07:24","0:09:48","3:09:11","0:14:00","2:09:27","2087","1629","125","700","2217","1688","130","2162","1664","128","2087","1629","125","24591","4044","588","11351","840","7767"
"594","Christian Weirich","Male","Tremsbuettel","Schleswig-Holstein","DE","M50-54","FIN","6:49:52","0:47:31","0:10:31","3:30:48","0:07:51","2:13:11","2088","1630","126","700","1973","1531","120","2174","1671","130","2088","1630","126","24592","2851","631","12648","471","7991"
"1224","Leonard Kötters","Male","Frankfurt am Main","Hessen","DE","M40-44","FIN","6:49:53","0:37:10","0:05:54","3:40:28","0:07:32","2:18:48","2089","1631","208","700","850","703","99","2150","1658","210","2089","1631","208","24593","2230","354","13228","452","8328"
"903","Paul Bräuer","Male","Halle","Sachsen-Anhalt","DE","M25-29","FIN","6:49:59","0:49:24","0:06:45","3:06:45","0:08:46","2:38:19","2090","1632","236","700","2061","1584","226","2003","1583","221","2090","1632","236","24599","2964","405","11205","526","9499"
"1831","Niki Teloni","Female","nicosia","Lefkosia","CY","F40-44","FIN","6:50:28","0:38:06","0:13:54","3:35:01","0:09:51","2:13:37","2091","459","46","1372","994","176","13","2166","500","52","2091","459","46","24628","2286","834","12901","591","8017"
"1852","Lothar Overhage","Male","Aachen","NW","DE","M60-64","FIN","6:51:08","0:53:30","0:11:40","2:55:49","0:09:40","2:40:30","2092","1633","59","995","2157","1650","61","1978","1568","56","2092","1633","59","24668","3210","700","10549","580","9630"
"2165","Linus Jekel","Male","Hamburg","Hamburg","DE","M18-24","FIN","6:51:25","0:48:51","0:07:53","3:28:21","0:07:24","2:18:57","2093","1634","164","700","2042","1573","162","2154","1659","170","2093","1634","164","24685","2931","473","12501","444","8337"
"1623","Gregor Möckel","Male","Berlin","Berlin","DE","M50-54","FIN","6:51:34","0:41:51","0:16:00","3:16:56","0:11:18","2:25:28","2094","1635","127","700","1467","1175","90","2090","1633","126","2094","1635","127","24694","2511","960","11816","678","8728"
"1196","Marco Koch","Male","Meiningen","DE-THURINGEN","DE","M55-59","FIN","6:51:37","0:52:31","0:11:41","2:56:53","0:07:38","2:42:53","2095","1636","141","950","2139","1633","140","1980","1569","136","2095","1636","141","24697","3151","701","10613","458","9773"
"1616","Julia Müller","Female","Leipzig","Saxony","DE","F45-49","FIN","6:51:39","0:47:58","0:09:57","3:16:53","0:11:22","2:25:28","2096","460","52","954","1997","451","51","2092","459","50","2096","460","52","24699","2878","597","11813","682","8728"
"1229","Udo Reinhart","Male","Nürnberg ","Bavaria","DE","M60-64","FIN","6:51:45","0:46:12","0:11:44","3:19:22","0:09:42","2:24:46","2097","1637","60","984","1895","1486","49","2110","1639","61","2097","1637","60","24705","2772","704","11962","582","8686"
"1483","Dagmar Richter-Müller","Female","Dortmund","NW","DE","F65-69","FIN","6:52:00","0:54:56","0:08:18","3:10:16","0:09:57","2:28:33","2098","461","4","2017","2176","512","7","2083","456","4","2098","461","4","24720","3296","498","11416","597","8913"
"1185","Anja Schirrmacher","Female","Sindringen","BW","DE","F55-59","FIN","6:52:34","0:45:41","0:08:15","3:13:01","0:07:18","2:38:19","2099","462","23","1700","1861","398","18","2036","435","22","2099","462","23","24754","2741","495","11581","438","9499"
"1575","Karen Kohlmann","Female","Markkleeberg","SN","DE","F40-44","FIN","6:52:55","0:47:30","0:07:30","3:05:06","0:10:43","2:42:06","2100","463","47","1328","1972","442","46","1973","408","37","2100","463","47","24775","2850","450","11106","643","9726"
"1001","Maria Fener","Female","Leipzig","Saxony","DE","F30-34","FIN","6:53:11","0:47:16","0:07:02","3:22:04","0:09:11","2:27:38","2101","464","74","812","1954","434","71","2105","469","75","2101","464","74","24791","2836","422","12124","551","8858"
"924","Soraya Lautenschläger","Female","Finnentrop","NW","DE","F25-29","FIN","6:54:00","0:44:28","0:07:41","3:20:12","0:08:19","2:33:19","2102","465","81","768","1766","367","65","2079","453","81","2102","465","81","24840","2668","461","12012","499","9199"
"1121","Anika Friedl","Female","Berlin","BE","DE","F40-44","FIN","6:54:01","0:47:23","0:08:05","3:11:51","0:08:00","2:38:43","2103","466","48","1308","1963","437","44","2046","440","42","2103","466","48","24841","2843","485","11511","480","9523"
"410","Sander Den Ouden","Male","De Meern","UTRECHT","NL","M45-49","FIN","6:54:07","0:43:22","0:06:06","3:05:13","0:08:43","2:50:44","2104","1638","202","700","1651","1317","169","1899","1525","196","2104","1638","202","24847","2602","366","11113","523","10244"
"1822","Hardy Olschewski","Male","Haldensleben","Sachsen Anhalt","DE","M60-64","FIN","6:54:17","0:52:42","0:13:27","3:39:37","0:11:03","1:57:28","2105","1639","61","939","2145","1639","60","2209","1685","64","2105","1639","61","24857","3162","807","13177","663","7048"
"1935","Benjamin Bodrogi","Male","Budapest","Budapest","HU","M18-24","FIN","6:54:18","0:48:51","0:09:19","3:34:36","0:08:48","2:12:43","2106","1640","165","700","2041","1572","161","2185","1677","171","2106","1640","165","24858","2931","559","12876","528","7963"
"1308","Jenny Meinel","Female","Leipzig","Sachsen","DE","F25-29","FIN","6:54:19","0:43:10","0:06:20","3:15:20","0:08:18","2:41:11","2107","467","82","762","1633","330","60","2014","424","73","2107","467","82","24859","2590","380","11720","498","9671"
"1811","Tim Olschewski","Male","Bremen","HB","DE","M30-34","FIN","6:54:20","0:52:52","0:13:27","3:39:33","0:11:01","1:57:27","2108","1641","215","700","2147","1641","213","2210","1686","217","2108","1641","215","24860","3172","807","13173","661","7047"
"1945","Pauline Ruf","Female","77933","Baden-Württemberg","DE","F25-29","FIN","6:54:54","0:38:57","0:06:44","3:13:01","0:08:02","2:48:11","2109","468","83","752","1112","205","34","1954","399","68","2109","468","83","24894","2337","404","11581","482","10091"
"265","Maria Guadalupe Fernandez Ayala","Female","Monterrey","NLE","MX","F40-44","FIN","6:55:05","0:56:56","0:13:06","3:04:46","0:11:04","2:29:13","2110","469","49","1289","2189","520","58","2091","458","47","2110","469","49","24905","3416","786","11086","664","8953"
"2266","Sandy Brückner","Female","Dresden","SN","DE","F40-44","FIN","6:55:18","0:46:11","0:07:35","3:07:43","0:07:06","2:46:42","2111","470","50","1285","1891","409","39","1986","414","39","2111","470","50","24918","2771","455","11263","426","10002"
"1386","Lennart Sollmann","Male","Bamberg","BY","DE","M25-29","FIN","6:55:58","0:40:29","0:07:04","3:40:15","0:09:14","2:18:55","2112","1642","237","700","1306","1054","131","2171","1669","243","2112","1642","237","24958","2429","424","13215","554","8335"
"1299","Ann-Kathrin Martino","Female","Frankfurt am Main","DE-HESSEN","DE","F30-34","FIN","6:55:59","0:45:28","0:05:44","3:07:02","0:07:27","2:50:17","2113","471","75","761","1840","390","65","1949","395","67","2113","471","75","24959","2728","344","11222","447","10217"
"616","Gerhard Wolfschmitt","Male","Eltmann","DE-BY","DE","M65-69","FIN","6:56:01","0:40:07","0:10:02","2:58:22","0:10:51","2:56:40","2114","1643","21","1228","1267","1022","11","1815","1475","18","2114","1643","21","24961","2407","602","10702","651","10600"
"2178","Martin Pietsch","Male","Waldenburg","SN","DE","M45-49","FIN","6:56:36","0:57:10","0:08:28","2:54:02","0:10:13","2:46:43","2115","1644","203","700","2190","1670","205","1964","1559","201","2115","1644","203","24996","3430","508","10442","613","10003"
"305","Kenny Truong","Male","Schaffhausen","CH-SH","CH","M30-34","FIN","6:56:38","0:47:43","0:10:16","3:23:02","0:08:51","2:26:46","2116","1645","216","700","1979","1535","200","2134","1653","214","2116","1645","216","24998","2863","616","12182","531","8806"
"1840","Mykyta Abibulaiev","Male","Berlin","DE-BE","UA","M18-24","FIN","6:56:57","0:50:48","0:06:43","3:25:26","0:05:26","2:28:35","2117","1646","166","700","2108","1610","167","2148","1656","169","2117","1646","166","25017","3048","403","12326","326","8915"
"574","Benjamin Vater","Male","Leipzig","Sachsen","DE","M35-39","FIN","6:57:10","0:46:19","0:06:48","3:24:58","0:06:34","2:32:31","2118","1647","239","700","1901","1489","222","2114","1641","239","2118","1647","239","25030","2779","408","12298","394","9151"
"1178","Nadine Bachmann","Female","Leipzig","SN","DE","F40-44","FIN","6:57:13","0:54:47","0:10:07","3:34:05","0:08:04","2:10:09","2119","472","51","1250","2172","510","55","2198","517","57","2119","472","51","25033","3287","607","12845","484","7809"
"482","Paulina Riesbeck","Female","Nidda","HE","DE","F18-24","FIN","6:57:52","0:49:55","0:05:52","3:20:00","0:06:20","2:35:45","2120","473","68","700","2074","485","73","2098","462","67","2120","473","68","25072","2995","352","12000","380","9345"
"2199","Julia Kannheiser","Female","Lutherstadt Eisleben","SACHSEN-ANHALT","DE","F40-44","FIN","6:57:54","0:52:31","0:06:47","3:12:18","0:06:51","2:39:27","2121","474","52","1238","2138","506","53","2076","451","46","2121","474","52","25074","3151","407","11538","411","9567"
"1771","Katherine Kuc","Female","APO","US-DC","US","F40-44","FIN","6:58:25","0:46:28","0:08:03","3:32:44","0:07:13","2:23:58","2122","475","53","1229","1913","417","40","2169","502","54","2122","475","53","25105","2788","483","12764","433","8638"
"1408","Dirk Jäger","Male","Limbach-Oberfrohna","SN","DE","M60-64","FIN","6:58:52","0:52:32","0:09:41","2:55:26","0:10:26","2:50:47","2123","1648","62","856","2140","1634","59","1936","1548","53","2123","1648","62","25132","3152","581","10526","626","10247"
"1641","Viviana Hildebrandt","Female","Hanshagen","MV","DE","F45-49","FIN","6:58:54","1:04:23","0:06:50","3:10:35","0:07:10","2:29:56","2124","476","53","824","2211","527","58","2139","486","55","2124","476","53","25134","3863","410","11435","430","8996"
"2517","Sascha Gossmann","Male","Rosbach vor der Höhe","Hesse","DE","M25-29","FIN","6:58:57","0:39:22","0:11:57","3:19:49","0:10:39","2:37:09","2125","1649","238","700","1167","949","122","2072","1623","230","2125","1649","238","25137","2362","717","11989","639","9429"
"914","Ramona Neumann","Female","Hamburg","HAMBURG","DE","F50-54","FIN","6:59:29","0:52:18","0:09:44","3:09:13","0:08:22","2:39:51","2126","477","37","1095","2135","504","40","2074","450","32","2126","477","37","25169","3138","584","11353","502","9591"
"1984","Etienne Bastanier","Male","Markkleeberg","Saxony","DE","M25-29","FIN","6:59:29","0:43:56","0:08:25","3:27:38","0:09:30","2:30:00","2127","1650","239","700","1715","1359","183","2129","1648","237","2127","1650","239","25169","2636","505","12458","570","9000"
"1985","Erik Glowka","Male","Markkleeberg","Saxony","DE","M18-24","FIN","6:59:29","0:43:57","0:08:22","3:27:43","0:09:28","2:29:59","2128","1651","167","700","1718","1361","136","2130","1649","168","2128","1651","167","25169","2637","502","12463","568","8999"
"1977","Jana Arnold","Female","Brandis","Sachsen","DE","F60-64","FIN","6:59:35","0:47:02","0:11:32","3:17:18","0:09:44","2:34:00","2129","478","10","1719","1934","425","10","2099","463","10","2129","478","10","25175","2822","692","11838","584","9240"
"2167","Johanna Wolter","Female","Jena","TH","DE","F18-24","FIN","6:59:46","0:40:31","0:13:03","3:16:06","0:12:23","2:37:43","2130","479","69","700","1313","253","38","2058","445","64","2130","479","69","25186","2431","783","11766","743","9463"
"359","Dirk Goldacker","Male","Leipzig","SN","DE","M60-64","FIN","7:00:41","0:59:47","0:08:19","3:25:52","0:08:57","2:17:46","2131","1652","63","824","2204","1680","64","2187","1679","63","2131","1652","63","25241","3587","499","12352","537","8266"
"2224","Kerstin Dathe","Female","Thale","ST","DE","F45-49","FIN","7:00:43","0:47:50","0:07:27","3:22:46","0:07:50","2:34:49","2132","480","54","791","1987","447","49","2113","473","51","2132","480","54","25243","2870","447","12166","470","9289"
"1934","Melanie Herdrich","Female","Dornbirn","VORARLBERG","AT","F30-34","FIN","7:00:58","0:51:12","0:10:00","3:21:06","0:08:46","2:29:54","2133","481","76","700","2115","499","79","2144","490","78","2133","481","76","25258","3072","600","12066","526","8994"
"1067","Anika Ochel","Female","Finnentrop","North Rhine-Westphalia","DE","F30-34","FIN","7:01:20","0:54:52","0:07:32","3:18:57","0:08:18","2:31:42","2134","482","77","700","2173","511","80","2136","483","77","2134","482","77","25280","3292","452","11937","498","9102"
"1253","Volker Ahnert","Male","Leipzig","SN","DE","M40-44","FIN","7:01:32","0:54:34","0:09:35","3:14:13","0:07:33","2:35:36","2135","1653","209","700","2169","1661","209","2117","1643","208","2135","1653","209","25292","3274","575","11653","453","9336"
"2058","Yvonne Petzke","Female","Berlin","BERLIN","DE","F45-49","FIN","7:01:44","0:56:51","0:08:28","3:30:01","0:06:25","2:19:57","2136","483","55","773","2188","519","56","2190","511","57","2136","483","55","25304","3411","508","12601","385","8397"
"1551","Annabell Ueckert","Female","München","Bavaria","DE","F25-29","FIN","7:01:55","0:57:38","0:09:36","3:18:51","0:08:59","2:26:51","2137","484","84","700","2193","522","90","2160","497","87","2137","484","84","25315","3458","576","11931","539","8811"
"2493","Jürgen Weimann","Male","Brilon","North Rhine-Westphalia","DE","M35-39","FIN","7:02:45","0:43:33","0:06:48","3:08:05","0:08:58","2:55:22","2138","1654","240","700","1673","1329","195","1952","1555","227","2138","1654","240","25365","2613","408","11285","538","10522"
"1295","Florian Ludwig","Male","Leipzig","Saxony","DE","M25-29","FIN","7:03:16","0:50:24","0:08:21","3:23:43","0:08:36","2:32:13","2139","1655","240","700","2093","1601","229","2145","1655","239","2139","1655","240","25396","3024","501","12223","516","9133"
"909","Miriam Twal","Female","Leipzig","Saxony","DE","F40-44","FIN","7:03:33","0:47:59","0:09:14","3:25:42","0:10:30","2:30:08","2140","485","54","1136","1998","452","48","2147","492","51","2140","485","54","25413","2879","554","12342","630","9008"
"1544","Rabie Twal","Male","Leipzig","Saxony","DE","M40-44","FIN","7:03:37","0:53:13","0:06:54","3:25:11","0:08:10","2:30:09","2141","1656","210","700","2153","1647","206","2155","1660","211","2141","1656","210","25417","3193","414","12311","490","9009"
"1492","Ted Hendrix","Male","Panningen","Limburg","NL","M18-24","FIN","7:03:37","1:05:07","0:13:45","3:19:18","0:11:10","2:14:17","2142","1657","168","700","2212","1685","173","2196","1680","172","2142","1657","168","25417","3907","825","11958","670","8057"
"2358","Oliver Lorenz","Male","Am Ohmberg","TH","DE","M35-39","FIN","7:03:39","0:45:55","0:06:36","3:27:58","0:08:56","2:34:14","2143","1658","241","700","1876","1476","220","2132","1651","242","2143","1658","241","25419","2755","396","12478","536","9254"
"1992","Jean Süß","Female","Chemnitz","SN","DE","F40-44","FIN","7:03:51","0:50:32","0:11:52","3:26:30","0:08:40","2:26:18","2144","486","55","1131","2098","496","52","2175","504","56","2144","486","55","25431","3032","712","12390","520","8778"
"1277","Birgit Plewe","Female","Leipzig ","Saxony","DE","F60-64","FIN","7:03:57","0:48:51","0:11:27","3:42:04","0:07:55","2:13:39","2145","487","11","1641","2043","470","12","2203","520","13","2145","487","11","25437","2931","687","13324","475","8019"
"1324","Lucie Parthier","Female","Leipzig","Sachsen","DE","F18-24","FIN","7:05:00","0:39:34","0:13:45","3:30:22","0:09:17","2:32:02","2146","488","70","700","1196","229","34","2151","493","74","2146","488","70","25500","2374","825","12622","557","9122"
"2322","Frances Grundmann","Female","Leipzig","Saxony","DE","F25-29","FIN","7:05:22","0:48:13","0:08:25","3:36:09","0:07:12","2:25:24","2147","489","85","700","2010","456","85","2184","508","88","2147","489","85","25522","2893","505","12969","432","8724"
"2463","Tobias Meisel","Male","Markranstädt","Saxony","DE","M45-49","FIN","7:06:08","0:48:27","0:12:43","3:27:49","0:10:59","2:26:10","2148","1659","204","700","2024","1562","194","2176","1672","206","2148","1659","204","25568","2907","763","12469","659","8770"
"949","Wolfgang Ehrling","Male","Dautphetal","HE","DE","M65-69","FIN","7:06:09","0:45:20","0:09:15","3:06:33","0:10:14","2:54:47","2149","1660","22","1045","1826","1440","19","1981","1570","21","2149","1660","22","25569","2720","555","11193","614","10487"
"2477","Sara Buschbeck","Female","Dresden","Saxony","DE","F25-29","FIN","7:06:26","0:44:51","0:08:59","3:11:12","0:07:56","2:53:27","2150","490","86","700","1801","378","67","2017","427","74","2150","490","86","25586","2691","539","11472","476","10407"
"1621","Charlott Fährmann","Female","Leipzig","Saxony","DE","F25-29","FIN","7:07:13","0:58:52","0:10:52","3:25:52","0:08:52","2:22:45","2151","491","87","700","2198","524","91","2192","513","89","2151","491","87","25633","3532","652","12352","532","8565"
"1302","Christine Grosart","Female","SHEPTON MALLET","SOMERSET","GB","F45-49","FIN","7:07:23","0:45:25","0:08:59","3:11:32","0:10:05","2:51:22","2152","492","56","700","1834","389","44","2024","430","47","2152","492","56","25643","2725","539","11492","605","10282"
"1878","Richard Burn","Male","Newcastle Upon Tyne","England","GB","M55-59","FIN","7:07:42","1:07:36","0:12:05","3:14:11","0:08:43","2:25:06","2153","1661","142","700","2218","1689","145","2186","1678","144","2153","1661","142","25662","4056","725","11651","523","8706"
"1837","Phillip Chan","Male","Hamburg","HH","DE","M25-29","FIN","7:08:31","0:42:11","0:07:10","3:39:47","0:07:49","2:31:34","2154","1662","241","700","1517","1216","156","2177","1673","244","2154","1662","241","25711","2531","430","13187","469","9094"
"613","Ronny Brünn","Male","Leipzig","Saxony","DE","M40-44","FIN","7:09:29","0:47:13","0:10:26","3:18:07","0:10:32","2:43:12","2155","1663","211","700","1950","1518","192","2097","1636","207","2155","1663","211","25769","2833","626","11887","632","9792"
"960","Benjamin Gatzka","Male","Mannheim","BADEN-WURTTEMBERG","DE","M18-24","FIN","7:09:43","0:38:48","0:08:07","3:16:37","0:12:39","2:53:32","2156","1664","169","700","1094","894","93","2006","1585","155","2156","1664","169","25783","2328","487","11797","759","10412"
"1517","Natalia Resch","Female","Elmshorn","Schleswig-Holstein","DE","F25-29","FIN","7:10:10","0:55:25","0:08:47","3:11:07","0:04:59","2:49:52","2157","493","88","700","2179","515","89","2093","460","83","2157","493","88","25810","3325","527","11467","299","10192"
"1819","Mona Poulsen","Female","Sørvágur","","FO","F25-29","FIN","7:10:28","0:44:53","0:06:18","3:45:35","0:06:29","2:27:14","2158","494","89","700","1802","379","68","2194","515","90","2158","494","89","25828","2693","378","13535","389","8834"
"705","Marcus Radny","Male","Frankfurt am Main","HESSEN","DE","M50-54","FIN","7:11:17","0:50:53","0:07:04","3:12:03","0:09:37","2:51:40","2159","1665","128","700","2110","1612","126","2061","1616","123","2159","1665","128","25877","3053","424","11523","577","10300"
"286","Sanna Riihinen","Female","Helsinki","","FI","F60-64","FIN","7:11:25","0:47:04","0:08:49","3:21:30","0:07:58","2:46:03","2160","495","12","1506","1938","428","11","2111","472","11","2160","495","12","25885","2824","529","12090","478","9963"
"627","Astrid Oomen","Female","Coswig","DE-SN","NL","F45-49","FIN","7:11:47","1:05:21","0:10:23","3:35:15","0:08:43","2:12:06","2161","496","57","700","2213","528","59","2213","525","58","2161","496","57","25907","3921","623","12915","523","7926"
"2223","Ciska van Huyssteen","Female","Luxembourg","Luxembourg","ZA","F30-34","FIN","7:13:28","0:49:58","0:10:20","3:36:02","0:06:56","2:30:13","2162","497","78","700","2078","488","78","2193","514","79","2162","497","78","26008","2998","620","12962","416","9013"
"1782","Uta Elfers","Female","Stade","NI","DE","F65-69","FIN","7:13:34","0:48:23","0:06:22","3:27:25","0:08:28","2:42:56","2163","498","5","1629","2019","459","4","2140","487","6","2163","498","5","26014","2903","382","12445","508","9776"
"1987","H Rex Mcdaniel","Male","Palm Desert","US-CA","US","M60-64","FIN","7:13:41","0:40:53","0:07:48","3:07:03","0:10:46","3:07:12","2164","1666","64","700","1359","1097","34","1908","1531","51","2164","1666","64","26021","2453","468","11223","646","11232"
"866","Hanna Hillnhütter","Female","Leipzig","Saxony","DE","F30-34","FIN","7:13:59","0:45:25","0:06:27","3:14:54","0:08:33","2:58:40","2165","499","79","700","1832","387","64","2031","434","73","2165","499","79","26039","2725","387","11694","513","10720"
"1476","Lena Täubert","Female","Südheide","DE-Lower Saxony","DE","F25-29","FIN","7:14:21","0:46:39","0:06:59","3:26:17","0:07:42","2:46:45","2166","500","90","700","1918","420","76","2127","481","86","2166","500","90","26061","2799","419","12377","462","10005"
"798","Pauline Heßler","Female","Leipzig","Saxony","DE","F18-24","FIN","7:14:27","0:45:59","0:10:42","3:25:35","0:13:53","2:38:19","2167","501","71","700","1882","402","63","2143","489","72","2167","501","71","26067","2759","642","12335","833","9499"
"2250","Astrid Graul","Female","Ixelles","Brussels-Capital Region","DE","F50-54","FIN","7:14:41","0:51:15","0:10:54","3:38:47","0:11:49","2:21:56","2168","502","38","821","2116","500","38","2202","519","41","2168","502","38","26081","3075","654","13127","709","8516"
"1579","Marcus Viefeld","Male","Leipzig","SACHSEN","DE","M50-54","FIN","7:14:45","0:59:01","0:10:36","3:17:32","0:09:01","2:38:36","2169","1667","129","700","2199","1675","128","2167","1667","129","2169","1667","129","26085","3541","636","11852","541","9516"
"1353","Stefanie Stroh","Female","Schotten","HE","DE","F45-49","FIN","7:16:19","0:50:18","0:10:37","3:24:24","0:09:49","2:41:11","2170","503","58","700","2090","492","53","2156","496","56","2170","503","58","26179","3018","637","12264","589","9671"
"724","Hannah Brzezinski","Female","München","Bavaria","DE","F18-24","FIN","7:16:55","0:44:09","0:07:05","3:30:59","0:08:51","2:45:51","2171","504","72","700","1740","364","59","2142","488","71","2171","504","72","26215","2649","425","12659","531","9951"
"1776","Harald Simon","Male","Stade","NI","DE","M55-59","FIN","7:17:21","0:46:51","0:08:03","3:12:23","0:07:03","3:03:01","2172","1668","143","700","1923","1501","130","2045","1606","138","2172","1668","143","26241","2811","483","11543","423","10981"
"1475","Mechthild Schubert","Female","Münster","NW","DE","F65-69","FIN","7:18:18","0:49:28","0:08:17","3:23:49","0:11:34","2:45:10","2173","505","6","1544","2063","478","5","2137","484","5","2173","505","6","26298","2968","497","12229","694","9910"
"1648","Felix Weiske","Male","Borna","SN","DE","M18-24","FIN","7:18:40","0:48:03","0:09:56","3:10:49","0:08:33","3:01:20","2174","1669","170","700","2001","1548","160","2052","1611","162","2174","1669","170","26320","2883","596","11449","513","10880"
"1880","Sebastian Rink","Male","Buchholz in der Nordheide","Lower Saxony","DE","M18-24","FIN","7:19:01","0:50:40","0:07:53","3:41:24","0:10:36","2:28:28","2175","1670","171","700","2102","1605","166","2200","1683","173","2175","1670","171","26341","3040","473","13284","636","8908"
"738","Maximilian Pilz","Male","Leipzig","Saxony","DE","M25-29","FIN","7:19:25","0:45:35","0:09:20","3:30:54","0:12:23","2:41:13","2176","1671","242","700","1848","1456","202","2159","1663","241","2176","1671","242","26365","2735","560","12654","743","9673"
"1351","Lian Jian Zhou","Male","Nidda","Hesse","CN","M25-29","FIN","7:22:03","0:48:05","0:09:57","3:19:00","0:11:19","2:53:43","2177","1672","243","700","2002","1549","220","2108","1638","234","2177","1672","243","26523","2885","597","11940","679","10423"
"1129","Jens Chrispens","Male","Baden-Baden","BW","DE","M18-24","FIN","7:22:09","0:52:41","0:06:24","3:17:33","0:07:38","2:57:53","2178","1673","172","700","2144","1638","171","2107","1637","167","2178","1673","172","26529","3161","384","11853","458","10673"
"543","Michal Novak","Male","Tegau","Deutschland","DE","M50-54","FIN","7:22:10","1:08:11","0:12:39","3:11:18","0:16:00","2:34:04","2179","1674","130","700","2219","1690","131","2182","1676","131","2179","1674","130","26530","4091","759","11478","960","9244"
"1300","Josephine Buse","Female","Ilmenau","Thuringia","DE","F18-24","FIN","7:22:11","0:46:02","0:05:30","3:30:02","0:07:36","2:53:01","2180","506","73","700","1887","406","64","2138","485","70","2180","506","73","26531","2762","330","12602","456","10381"
"2325","Thomas Scholz","Male","Braunschweig","NI","DE","M60-64","FIN","7:22:49","0:50:09","0:14:16","3:26:14","0:09:23","2:42:47","2181","1675","65","700","2086","1596","56","2180","1675","62","2181","1675","65","26569","3009","856","12374","563","9767"
"970","Anke Budnik","Female","Lüneburg","Lower Saxony","DE","F55-59","FIN","7:23:34","0:52:02","0:08:45","3:29:04","0:08:42","2:45:01","2182","507","24","1142","2131","503","25","2179","505","24","2182","507","24","26614","3122","525","12544","522","9901"
"713","Fabian Neubert","Male","Leipzig","SACHSEN","DE","M40-44","FIN","7:24:09","0:54:12","0:06:22","3:37:40","0:11:13","2:34:42","2183","1676","212","700","2165","1657","208","2197","1681","213","2183","1676","212","26649","3252","382","13060","673","9282"
"2380","Kathrin Selzer","Female","99423","Thuringia","DE","F60-64","FIN","7:24:23","0:44:50","0:09:31","3:30:04","0:10:43","2:49:15","2184","508","13","1273","1800","377","9","2152","494","12","2184","508","13","26663","2690","571","12604","643","10155"
"553","Kim Orth","Female","Bad König","Hesse","DE","F18-24","FIN","7:24:30","0:52:23","0:06:41","3:23:39","0:06:30","2:55:17","2185","509","74","700","2136","505","76","2146","491","73","2185","509","74","26670","3143","401","12219","390","10517"
"498","Stephanie Distler","Female","Achim","DE-NI","DE","F30-34","FIN","7:24:44","0:41:40","0:08:14","3:47:22","0:10:11","2:37:17","2186","510","80","700","1445","285","55","2195","516","80","2186","510","80","26684","2500","494","13642","611","9437"
"748","Anja Glauch","Female","Frohburg","Sachsen","DE","F50-54","FIN","7:25:19","0:45:08","0:10:57","3:30:15","0:07:58","2:51:01","2187","511","39","700","1811","381","23","2161","498","39","2187","511","39","26719","2708","657","12615","478","10261"
"2232","Christin Redlich","Female","Sangerhausen","Saxony-Anhalt","DE","F40-44","FIN","7:26:17","0:47:51","0:07:17","3:23:10","0:08:24","2:59:36","2188","512","56","727","1989","448","47","2116","474","49","2188","512","56","26777","2871","437","12190","504","10776"
"723","Emilie Brzezinski","Female","Muenchen","Bayern","DE","F18-24","FIN","7:26:38","0:50:32","0:05:25","3:30:46","0:08:44","2:51:10","2189","513","75","700","2099","497","75","2164","499","75","2189","513","75","26798","3032","325","12646","524","10270"
"779","Sabine Vigneron","Female","Frankfurt am Main","HE","DE","F55-59","FIN","7:28:01","0:49:02","0:09:30","3:36:31","0:09:37","2:43:22","2190","514","25","1062","2051","474","24","2189","510","25","2190","514","25","26881","2942","570","12991","577","9802"
"1911","De Gong","Male","Frankfurt am Main","Hessen","CN","M25-29","FIN","7:28:02","0:47:51","0:12:11","3:46:58","0:11:11","2:29:50","2191","1677","244","700","1990","1542","217","2211","1687","245","2191","1677","244","26882","2871","731","13618","671","8990"
"1988","Cesar Mora Esteves","Male","Palm Desert","US-CA","US","M45-49","FIN","7:28:53","0:43:52","0:10:06","3:31:41","0:12:13","2:51:00","2192","1678","205","700","1708","1354","173","2158","1662","205","2192","1678","205","26933","2632","606","12701","733","10260"
"1047","Kathrin Fritz","Female","Stuttgart","BW","DE","F50-54","FIN","7:29:01","0:42:02","0:07:29","3:35:00","0:08:29","2:56:01","2193","515","40","700","1492","298","16","2153","495","38","2193","515","40","26941","2522","449","12900","509","10561"
"1890","Jürgen Leitloff","Male","Helmbrechts","DE-BY","DE","M60-64","FIN","7:29:50","0:53:51","0:13:26","3:40:15","0:10:10","2:32:08","2194","1679","66","700","2162","1654","62","2212","1688","65","2194","1679","66","26990","3231","806","13215","610","9128"
"266","Fezan Imam","","Munich ","BY","US","M35-39","FIN","7:30:04","0:59:18","0:07:21","3:53:21","0:06:13","2:23:51","2195","1680","242","700","2200","1676","243","2216","1689","243","2195","1680","242","27004","3558","441","14001","373","8631"
"517","Frank Berns","Male","Silberstedt","Schleswig-Holstein","DE","M50-54","FIN","7:31:09","0:50:00","0:11:01","3:07:42","0:11:50","3:10:36","2196","1681","131","700","2080","1592","123","2051","1610","122","2196","1681","131","27069","3000","661","11262","710","11436"
"1120","Dimitrios Stergiadis","Male","Backnang","DE-BW","DE","M18-24","FIN","7:31:23","0:45:54","0:07:01","3:14:03","0:11:11","3:13:13","2197","1682","173","700","1873","1473","148","2038","1602","159","2197","1682","173","27083","2754","421","11643","671","11593"
"2209","Carolin Graw","Female","Rochlitz","DE-Saxony","DE","F35-39","FIN","7:31:33","0:49:31","0:15:10","3:28:04","0:16:09","2:42:38","2198","516","65","700","2066","480","61","2183","507","65","2198","516","65","27093","2971","910","12484","969","9758"
"669","Irem Silajdzic","Female","Sarajevo","Federation of Bosnia & Herzegovina","BA","F50-54","FIN","7:32:57","0:49:00","0:09:00","3:36:18","0:07:56","2:50:44","2199","517","41","700","2050","473","34","2188","509","40","2199","517","41","27177","2940","540","12978","476","10244"
"1098","Nina Siekaup","Female","Biel","BE","DE","F40-44","FIN","7:33:43","0:41:54","0:07:56","3:17:08","0:09:36","3:17:09","2200","518","57","700","1474","295","27","2037","436","41","2200","518","57","27223","2514","476","11828","576","11829"
"688","Martin Bokstegen","Male","Krefeld","NW","DE","M55-59","FIN","7:34:31","0:56:09","0:10:34","3:00:04","0:13:04","3:14:41","2201","1683","144","700","2183","1665","143","2032","1598","137","2201","1683","144","27271","3369","634","10804","784","11681"
"1151","Andreas Riese","Male","Leipzig","Sachsen","DE","M45-49","FIN","7:36:12","0:51:03","0:08:08","3:18:36","0:09:51","3:08:34","2202","1684","206","700","2114","1616","196","2112","1640","203","2202","1684","206","27372","3063","488","11916","591","11314"
"2009","Lisa Kühner","Female","Bretten ","Baden-Württemberg","DE","F30-34","FIN","7:36:17","0:49:57","0:10:00","3:44:48","0:07:40","2:43:52","2203","519","81","700","2076","487","77","2206","522","81","2203","519","81","27377","2997","600","13488","460","9832"
"807","Katharina Großmann","Female","Leipzig","DE-Sachsen","DE","F40-44","FIN","7:38:25","0:55:09","0:06:34","3:38:55","0:09:57","2:47:50","2204","520","58","700","2177","513","56","2201","518","58","2204","520","58","27505","3309","394","13135","597","10070"
"1907","Nataliya Supyan","Female","Haifa","Haifa","IL","F40-44","FIN","7:41:09","0:47:04","0:07:59","3:49:15","0:08:45","2:48:07","2205","521","59","700","1937","427","42","2205","521","59","2205","521","59","27669","2824","479","13755","525","10087"
"1676","phetcharat buangam","Female","Innsbruck","Tirol","AT","F35-39","FIN","7:41:16","0:56:08","0:09:37","3:39:13","0:10:47","2:45:31","2206","522","66","700","2182","518","66","2207","523","66","2206","522","66","27676","3368","577","13153","647","9931"
"1968","Anna Karolina Menne","Female","Hamburg","Hamburg","DE","F25-29","FIN","7:43:09","0:47:48","0:08:22","3:56:36","0:08:28","2:41:56","2207","523","91","700","1984","445","83","2214","526","91","2207","523","91","27789","2868","502","14196","508","9716"
"1512","Eduardo Piton","Male","Paulínia","São Paulo","BR","M55-59","FIN","7:43:38","1:05:27","0:08:36","3:14:01","0:09:34","3:05:59","2208","1685","145","700","2214","1686","144","2172","1670","143","2208","1685","145","27818","3927","516","11641","574","11159"
"873","Pascal Hermsen","Male","Münster","NW","DE","M25-29","FIN","7:47:53","0:57:25","0:14:30","3:13:30","0:13:29","3:09:00","2209","1686","245","700","2191","1671","241","2157","1661","240","2209","1686","245","28073","3445","870","11610","809","11340"
"1005","Max Mercklein","Male","Grimma","Sachsen","DE","M35-39","FIN","7:49:37","0:42:09","0:08:23","3:28:09","0:08:40","3:22:17","2210","1687","243","700","1510","1209","180","2121","1644","241","2210","1687","243","28177","2529","503","12489","520","12137"
"1286","Sabrina Gall","Female","Duisburg","NORDRHEIN-WESTFALEN","DE","F40-44","FIN","7:51:45","1:00:37","0:06:29","3:38:18","0:07:07","2:59:14","2211","524","60","700","2208","526","60","2208","524","60","2211","524","60","28305","3637","389","13098","427","10754"
"614","Gabriele Schulz","Female","Leipzig","SN","DE","F70-74","FIN","7:52:05","0:49:07","0:09:39","3:36:49","0:08:19","3:08:12","2212","525","1","3500","2053","475","1","2191","512","1","2212","525","1","28325","2947","579","13009","499","11292"
"2225","André Heilmann","Male","Leipzig","Saxony","DE","M40-44","FIN","7:52:59","0:44:27","0:07:04","3:38:18","0:09:33","3:13:37","2213","1688","213","700","1765","1399","181","2178","1674","212","2213","1688","213","28379","2667","424","13098","573","11617"
"1485","Benedict Lacner","Male","Mülheim","DE-NW","DE","M70-74","FIN","7:56:49","0:52:38","0:09:52","3:24:59","0:14:08","3:15:12","2214","1689","3","919","2141","1635","3","2170","1668","3","2214","1689","3","28609","3158","592","12299","848","11712"
"1243","Anke Schmalz","","Leipzig","SN","DE","F45-49","FIN","7:57:58","0:50:26","0:07:42","4:06:33","0:06:32","2:46:45","2215","526","59","700","2094","493","54","2217","528","59","2215","526","59","28678","3026","462","14793","392","10005"
"626","Lara Jolien Großmann","Female","Leipzig","Saxony","DE","F18-24","FIN","8:00:31","0:48:52","0:06:26","4:15:42","0:07:42","2:41:49","2216","527","76","700","2044","471","68","2218","529","76","2216","527","76","28831","2932","386","15342","462","9709"
"944","Martin Mathis","Male","DORNBIRN","Vorarlberg","AT","M30-34","FIN","8:02:51","0:47:05","0:14:57","3:41:46","0:21:08","2:57:56","2217","1690","217","700","1941","1512","197","2204","1684","216","2217","1690","217","28971","2825","897","13306","1268","10676"
"2401","Inga Bentfeldt","Female","Gemünden am Main","BAYERN","DE","F25-29","FIN","8:03:35","0:42:31","0:11:16","4:02:49","0:08:49","2:58:11","2218","528","92","700","1555","307","55","2215","527","92","2218","528","92","29015","2551","676","14569","529","10691"
"860","Beate Scholz","Female","Ascheberg","NW","DE","F65-69","FIN","8:15:47","0:51:48","0:11:17","3:28:39","0:13:07","3:30:55","2219","529","7","700","2128","502","6","2181","506","7","2219","529","7","29747","3108","677","12519","787","12655"
"925","Steven Geelan","Male","Berlin","DE-DE-foreigner","GB","M45-49","FIN","","","0:00:00","","0:00:00","","99999","99999","99999","","99999","99999","99999","99999","99999","99999","99999","99999","99999","","","","","",""
"698","Martin Kochinke","Male","Leipzig","Saxony","DE","M40-44","DNF","","0:43:03","0:07:35","","0:00:00","","99999","99999","99999","","99999","99999","99999","99999","99999","99999","99999","99999","99999","","2583","455","","",""
"1015","Dana Paulsen","Female","Spardorf","DE-BY","DE","F50-54","DNF","","0:41:02","0:04:28","","0:00:00","","99999","99999","99999","","99999","99999","99999","99999","99999","99999","99999","99999","99999","","2462","268","","",""
"631","Ralph Thielbeer","Male","Leipzig","SACHSEN","DE","M45-49","DNF","","0:50:15","0:00:00","","0:00:00","","99999","99999","99999","","99999","99999","99999","99999","99999","99999","99999","99999","99999","","3015","","","",""
"276","Vladimir Lasenko","Male","Bishkek","Bishkek","KG","M40-44","FIN","","","0:00:00","","0:00:00","","99999","99999","99999","","99999","99999","99999","99999","99999","99999","99999","99999","99999","","","","","",""
"297","Volker Buhmann","Male","Itzehoe","SH","DE","M60-64","FIN","","","0:00:00","","0:00:00","","99999","99999","99999","","99999","99999","99999","99999","99999","99999","99999","99999","99999","","","","","",""
"302","Thomas Lorenz","Male","München","BY","DE","M30-34","FIN","","","0:00:00","","0:00:00","","99999","99999","99999","","99999","99999","99999","99999","99999","99999","99999","99999","99999","","","","","",""
"497","Kaja Kaya","Female","Grönwohld","SCHLESWIG-HOLSTEIN","DE","F35-39","FIN","","","0:00:00","","0:00:00","","99999","99999","99999","","99999","99999","99999","99999","99999","99999","99999","99999","99999","","","","","",""
"13","Marcel Bolbat","Male","Hamburg","HH","DE","MPRO","FIN","","","0:00:00","","0:00:00","","99999","99999","99999","","99999","99999","99999","99999","99999","99999","99999","99999","99999","","","","","",""
"1498","Maximilian Praschl","Male","Vienna","AT-9","AT","M18-24","DNF","","0:30:04","0:03:47","","0:00:00","","99999","99999","99999","","99999","99999","99999","99999","99999","99999","99999","99999","99999","","1804","227","","",""
"2363","Mathias Waldschmitt","Male","Frankfurt","HE","DE","M35-39","DNF","","0:30:12","0:04:22","2:12:38","0:04:04","","99999","99999","99999","","99999","99999","99999","99999","99999","99999","99999","99999","99999","","1812","262","7958","244",""
"823","Claudia Magdanz","Female","Gaissach","Bayern","DE","F30-34","FIN","","","0:00:00","","0:00:00","","99999","99999","99999","","99999","99999","99999","99999","99999","99999","99999","99999","99999","","","","","",""
"5018","Carla Dahan","Female","Grasse","foreigner","FR","FPRO","FIN","","","0:00:00","","0:00:00","","99999","99999","99999","","99999","99999","99999","99999","99999","99999","99999","99999","99999","","","","","",""
"1682","Daniel Bau","Male","Barchfeld","Thuringia","DE","M45-49","DNF","","","0:00:00","","0:00:00","","99999","99999","99999","","99999","99999","99999","99999","99999","99999","99999","99999","99999","","","","","",""
"2534","Ignacio Rodríguez Valverde","Male","Murcia","Region of Murcia","ES","M18-24","DQ","","","0:00:00","","0:00:00","","99999","99999","99999","","99999","99999","99999","99999","99999","99999","99999","99999","99999","","","","","",""
"2310","Stefanie Friedel","Female","Weinböhla","SACHSEN","DE","F40-44","FIN","","","0:00:00","","0:00:00","","99999","99999","99999","","99999","99999","99999","99999","99999","99999","99999","99999","99999","","","","","",""
"2299","Sven Bidmon","Male","Dessau-Roßlau","DE-SACHSEN-ANHALT","DE","M45-49","DNF","","0:34:23","0:03:15","","0:00:00","","99999","99999","99999","","99999","99999","99999","99999","99999","99999","99999","99999","99999","","2063","195","","",""
"2043","Erik Fisera","Male","Praha","","SK","M30-34","DNF","","0:39:24","0:05:21","2:30:43","0:04:57","","99999","99999","99999","","99999","99999","99999","99999","99999","99999","99999","99999","99999","","2364","321","9043","297",""
"722","Olaf Hupe","Male","Wiesmoor","DE-NIEDERSACHSEN","DE","M60-64","FIN","","","0:00:00","","0:00:00","","99999","99999","99999","","99999","99999","99999","99999","99999","99999","99999","99999","99999","","","","","",""
"470","Holger Hilken","Male","Bremen","DE-HB","DE","M55-59","DNF","","0:38:20","0:05:13","","0:00:00","","99999","99999","99999","","99999","99999","99999","99999","99999","99999","99999","99999","99999","","2300","313","","",""
"7","Pieter Heemeryck","Male","Winksele","","BE","MPRO","FIN","","","0:00:00","","0:00:00","","99999","99999","99999","","99999","99999","99999","99999","99999","99999","99999","99999","99999","","","","","",""
"214","Christian Kühn","Male","Moers","NW","DE","M40-44","FIN","","","0:00:00","","0:00:00","","99999","99999","99999","","99999","99999","99999","99999","99999","99999","99999","99999","99999","","","","","",""
"1194","Florian Schikore","Male","Beucha","SACHSEN","DE","M35-39","DNF","","","0:00:00","","0:00:00","","99999","99999","99999","","99999","99999","99999","99999","99999","99999","99999","99999","99999","","","","","",""
"1930","Attila Bodrogi","Male","Budapest","","HU","M55-59","FIN","","","0:00:00","","0:00:00","","99999","99999","99999","","99999","99999","99999","99999","99999","99999","99999","99999","99999","","","","","",""
"927","Martin Diesel","Male","Leipzig","SACHSEN","DE","M45-49","FIN","","","0:00:00","","0:00:00","","99999","99999","99999","","99999","99999","99999","99999","99999","99999","99999","99999","99999","","","","","",""
"2258","Kai Wojtas","Male","Hamburg","HH","DE","M50-54","DNF","","0:43:43","0:06:08","","0:00:00","","99999","99999","99999","","99999","99999","99999","99999","99999","99999","99999","99999","99999","","2623","368","","",""
"1997","Bjoern Meyer","Male","Leipzig","SN","DE","M35-39","DNF","","0:31:21","0:04:35","2:18:58","0:05:23","","99999","99999","99999","","99999","99999","99999","99999","99999","99999","99999","99999","99999","","1881","275","8338","323",""
"2423","Julian Valentin Deckert","Male","Dresden","Saxony","DE","M18-24","DNF","","0:51:14","0:09:00","3:47:41","0:09:36","","99999","99999","99999","","99999","99999","99999","99999","99999","99999","99999","99999","99999","","3074","540","13661","576",""
"461","Mary-Kate Moloney","Female","Feakle","IE-CE","IE","F30-34","DNF","","0:50:17","0:07:47","2:52:20","0:00:00","","99999","99999","99999","","99999","99999","99999","99999","99999","99999","99999","99999","99999","","3017","467","10340","",""
"1090","Bernd Leuze","Male","Horneburg","NI","DE","M35-39","FIN","","","0:00:00","","0:00:00","","99999","99999","99999","","99999","99999","99999","99999","99999","99999","99999","99999","99999","","","","","",""
"986","Lada Kozubska","Female","Chrudim","Pardubice Region","UA","F40-44","FIN","","","0:00:00","","0:00:00","","99999","99999","99999","","99999","99999","99999","99999","99999","99999","99999","99999","99999","","","","","",""
"1650","Chenoa Shepard","Male","Leipzig","Saxony","DE","M25-29","DNF","","","0:00:00","","0:00:00","","99999","99999","99999","","99999","99999","99999","99999","99999","99999","99999","99999","99999","","","","","",""
"255","Henrik Bonnerup","Male","2100 København Ø","DK-84","DK","M60-64","DNF","","0:34:20","0:05:22","2:29:37","0:06:17","","99999","99999","99999","","99999","99999","99999","99999","99999","99999","99999","99999","99999","","2060","322","8977","377",""
"1356","Katja Kronschnabl","Female","Schliersee","BY","DE","F55-59","DNF","","0:38:15","0:05:09","3:26:42","0:00:00","","99999","99999","99999","","99999","99999","99999","99999","99999","99999","99999","99999","99999","","2295","309","12402","",""
"1994","Leonie Große","Female","Leipzig","Sachsen","DE","F18-24","DNF","","","0:00:00","","0:00:00","","99999","99999","99999","","99999","99999","99999","99999","99999","99999","99999","99999","99999","","","","","",""
"1908","Emma Pahle","Female","Marburg","Hesse","DE","F18-24","FIN","","","0:00:00","","0:00:00","","99999","99999","99999","","99999","99999","99999","99999","99999","99999","99999","99999","99999","","","","","",""
"841","Beate Richter","Female","Laasdorf","SN","DE","F50-54","DNF","","1:03:25","0:12:00","3:55:25","0:15:51","","99999","99999","99999","","99999","99999","99999","99999","99999","99999","99999","99999","99999","","3805","720","14125","951",""
"934","Mathias Mock","Male","Leipzig","SACHSEN","DE","M30-34","FIN","","","0:00:00","","0:00:00","","99999","99999","99999","","99999","99999","99999","99999","99999","99999","99999","99999","99999","","","","","",""
"1898","Elena Puhl","Female","Deggendorf","DE-Bavaria","DE","F30-34","DNF","","","0:00:00","","0:00:00","","99999","99999","99999","","99999","99999","99999","99999","99999","99999","99999","99999","99999","","","","","",""
"919","Luisa Beck","Female","Krefeld","NW","DE","F25-29","DNF","","0:44:47","0:04:39","","0:00:00","","99999","99999","99999","","99999","99999","99999","99999","99999","99999","99999","99999","99999","","2687","279","","",""
"322","Dierk Scholz","Male","München","BY","DE","M45-49","DNF","","0:36:43","0:07:24","2:40:32","0:07:16","","99999","99999","99999","","99999","99999","99999","99999","99999","99999","99999","99999","99999","","2203","444","9632","436",""
"353","Constanze Steinmeyer","Female","Leipzig","SACHSEN","DE","F60-64","FIN","","","0:00:00","","0:00:00","","99999","99999","99999","","99999","99999","99999","99999","99999","99999","99999","99999","99999","","","","","",""
"2450","Laurenz Pötzelsberger","Male","Lamprechtshausen","AT-5","AT","M40-44","DNF","","0:33:18","0:05:28","","0:00:00","","99999","99999","99999","","99999","99999","99999","99999","99999","99999","99999","99999","99999","","1998","328","","",""
"34","Rémi Huens","Male","Caen","Normandy","FR","MPRO","DNF","","0:27:17","0:02:39","","0:00:00","","99999","99999","99999","","99999","99999","99999","99999","99999","99999","99999","99999","99999","","1637","159","","",""
"260","Kevin Wolff","Male","Berlin","DE-BERLIN","DE","M35-39","FIN","","","0:00:00","","0:00:00","","99999","99999","99999","","99999","99999","99999","99999","99999","99999","99999","99999","99999","","","","","",""
"1806","Heiko Buttkus","Male","Dassel ","NI","DE","M50-54","DNF","","1:13:44","0:32:49","","0:00:00","","99999","99999","99999","","99999","99999","99999","99999","99999","99999","99999","99999","99999","","4424","1969","","",""
"24","Michael Wegricht","Male","Leipzig","SACHSEN","DE","MPRO","FIN","","","0:00:00","","0:00:00","","99999","99999","99999","","99999","99999","99999","99999","99999","99999","99999","99999","99999","","","","","",""
"1446","Sebastian Starck","Male","Bruchköbel","HE","DE","M40-44","DNF","","","0:00:00","","0:00:00","","99999","99999","99999","","99999","99999","99999","99999","99999","99999","99999","99999","99999","","","","","",""
"277","Maksim Petryuk","Male","Marbella","MALAGA","ES","M50-54","FIN","","","0:00:00","","0:00:00","","99999","99999","99999","","99999","99999","99999","99999","99999","99999","99999","99999","99999","","","","","",""
"1695","Franziska Niebergall","Female","Lappersdorf","Bavaria","DE","F45-49","FIN","","","0:00:00","","0:00:00","","99999","99999","99999","","99999","99999","99999","99999","99999","99999","99999","99999","99999","","","","","",""
"727","Kostiantyn Garbar","Male","Saxony","foreigner","UA","F30-34","FIN","","","0:00:00","","0:00:00","","99999","99999","99999","","99999","99999","99999","99999","99999","99999","99999","99999","99999","","","","","",""
"2346","Stefan Gaubig","Male","Döbeln","DE-SN","DE","M40-44","DNF","","0:37:44","0:04:23","2:22:35","0:04:32","","99999","99999","99999","","99999","99999","99999","99999","99999","99999","99999","99999","99999","","2264","263","8555","272",""
"251","Steve Najera","Male","Menifee","CA","US","M55-59","FIN","","","0:00:00","","0:00:00","","99999","99999","99999","","99999","99999","99999","99999","99999","99999","99999","99999","99999","","","","","",""
"827","Stefan Magdanz","Male","Gaißach","BAYERN","DE","M35-39","FIN","","","0:00:00","","0:00:00","","99999","99999","99999","","99999","99999","99999","99999","99999","99999","99999","99999","99999","","","","","",""
"254","Cerys Jones","Female","Hurstpierpoint","SXW","GB","F25-29","FIN","","","0:00:00","","0:00:00","","99999","99999","99999","","99999","99999","99999","99999","99999","99999","99999","99999","99999","","","","","",""
"1813","Markus Appel","Male","Tegernsee","BY","DE","M60-64","DNF","","0:30:06","0:00:00","","0:00:00","","99999","99999","99999","","99999","99999","99999","99999","99999","99999","99999","99999","99999","","1806","","","",""
"1777","Jan Enders","Male","Neuhof","HE","DE","M40-44","FIN","","","0:00:00","","0:00:00","","99999","99999","99999","","99999","99999","99999","99999","99999","99999","99999","99999","99999","","","","","",""
"540","Maren Przykopanski-Petersen","Female","Buchholz","NIEDERSACHSEN","DE","F45-49","FIN","","","0:00:00","","0:00:00","","99999","99999","99999","","99999","99999","99999","99999","99999","99999","99999","99999","99999","","","","","",""
"207","Kati Buttkus","Female","Dassel","NI","DE","F45-49","FIN","","","0:00:00","","0:00:00","","99999","99999","99999","","99999","99999","99999","99999","99999","99999","99999","99999","99999","","","","","",""
"14","Vincent Größer","Male","Fernwald","foreigner","DE","MPRO","FIN","","","0:00:00","","0:00:00","","99999","99999","99999","","99999","99999","99999","99999","99999","99999","99999","99999","99999","","","","","",""
"387","Sophia Höffner","Female","Leipzig ","Saxony","DE","F35-39","FIN","","","0:00:00","","0:00:00","","99999","99999","99999","","99999","99999","99999","99999","99999","99999","99999","99999","99999","","","","","",""
"1230","Christine Fraatz","Female","Leipzig","SN","DE","F35-39","FIN","","","0:00:00","","0:00:00","","99999","99999","99999","","99999","99999","99999","99999","99999","99999","99999","99999","99999","","","","","",""
"636","Anna Feuer","Female","Leipzig","Sachsen","DE","F25-29","FIN","","","0:00:00","","0:00:00","","99999","99999","99999","","99999","99999","99999","99999","99999","99999","99999","99999","99999","","","","","",""
"5006","Anna Buettner","Female","Minden","NW","DE","FPRO","DNF","","0:28:58","0:02:28","2:26:56","0:00:00","","99999","99999","99999","","99999","99999","99999","99999","99999","99999","99999","99999","99999","","1738","148","8816","",""
"1303","Manfred Duschinger","Male","Bad Kötzting","DE-BY","DE","M40-44","FIN","","","0:00:00","","0:00:00","","99999","99999","99999","","99999","99999","99999","99999","99999","99999","99999","99999","99999","","","","","",""
"1550","Simon Osterried","Male","Weilheim in Oberbayern","BY","DE","M30-34","DNF","","0:28:37","0:02:22","2:12:32","0:03:48","","99999","99999","99999","","99999","99999","99999","99999","99999","99999","99999","99999","99999","","1717","142","7952","228",""
"1093","Annica Berger","Female","Leipzig","Saxony","DE","F18-24","FIN","","","0:00:00","","0:00:00","","99999","99999","99999","","99999","99999","99999","99999","99999","99999","99999","99999","99999","","","","","",""
"19","Justus Töpper","Male","Markkleeberg","Saxony","DE","MPRO","DQ","","","0:00:00","","0:00:00","","99999","99999","99999","","99999","99999","99999","99999","99999","99999","99999","99999","99999","","","","","",""
"1563","Johannes Eberle","Male","Berlin","Berlin","DE","M25-29","DNF","","0:46:47","0:06:22","3:40:35","1:09:21","","99999","99999","99999","","99999","99999","99999","99999","99999","99999","99999","99999","99999","","2807","382","13235","4161",""
"16","Anders Toft Nielsen","Male","Esbjerg","foreigner","DK","MPRO","DNF","","0:27:15","0:02:04","2:00:58","0:02:59","","99999","99999","99999","","99999","99999","99999","99999","99999","99999","99999","99999","99999","","1635","124","7258","179",""
"1191","Kathrin Hartmann","Female","Wolfsburg","NIEDERSACHSEN","DE","F45-49","FIN","","","0:00:00","","0:00:00","","99999","99999","99999","","99999","99999","99999","99999","99999","99999","99999","99999","99999","","","","","",""
"289","Philipp Wywiol","Male","Vilseck","DE-BY","DE","M30-34","FIN","","","0:00:00","","0:00:00","","99999","99999","99999","","99999","99999","99999","99999","99999","99999","99999","99999","99999","","","","","",""
"1007","Marc Fener","Male","Riesa","Saxony","DE","M30-34","DNF","","1:09:14","0:00:00","","0:00:00","","99999","99999","99999","","99999","99999","99999","99999","99999","99999","99999","99999","99999","","4154","","","",""
"294","Nicole Köber","Female","Zeulenroda-Triebes ","Thuringia","DE","F40-44","FIN","","","0:00:00","","0:00:00","","99999","99999","99999","","99999","99999","99999","99999","99999","99999","99999","99999","99999","","","","","",""
"2531","Martin Lenk","Male","Frankfurt","HE","DE","M60-64","FIN","","","0:00:00","","0:00:00","","99999","99999","99999","","99999","99999","99999","99999","99999","99999","99999","99999","99999","","","","","",""
"1882","Mirjam Markert","Female","Leipzig","SN","DE","F35-39","FIN","","","0:00:00","","0:00:00","","99999","99999","99999","","99999","99999","99999","99999","99999","99999","99999","99999","99999","","","","","",""
"1188","Claudia Soleymani","Female","Griesheim","DE-HE","DE","F55-59","DNF","","0:53:47","0:08:38","3:09:28","0:00:00","","99999","99999","99999","","99999","99999","99999","99999","99999","99999","99999","99999","99999","","3227","518","11368","",""
"513","Gerard Gallagher","Male","London","GB-DUR","IE","M50-54","DNF","","0:34:07","0:04:04","2:25:58","0:05:15","","99999","99999","99999","","99999","99999","99999","99999","99999","99999","99999","99999","99999","","2047","244","8758","315",""
"1588","Franziska Döring","Female","Frankfurt","DE-HE","DE","F40-44","DNF","","","0:00:00","","0:00:00","","99999","99999","99999","","99999","99999","99999","99999","99999","99999","99999","99999","99999","","","","","",""
"190","Sandra Coudurier","Female","Düsseldorf","","DE","F55-59","DNF","","0:36:32","0:06:03","","0:00:00","","99999","99999","99999","","99999","99999","99999","99999","99999","99999","99999","99999","99999","","2192","363","","",""
"2056","Hannes Hummel","Male","Heidelberg","BW","DE","M35-39","DNF","","0:32:35","0:03:57","","0:00:00","","99999","99999","99999","","99999","99999","99999","99999","99999","99999","99999","99999","99999","","1955","237","","",""
"1594","Dennis Walpuski","Male","Brieselang","BRANDENBURG","DE","M60-64","DNF","","0:32:17","0:05:34","2:36:30","0:08:29","","99999","99999","99999","","99999","99999","99999","99999","99999","99999","99999","99999","99999","","1937","334","9390","509",""
"195","Jannis Rost","Male","Mainz","DE-RP","DE","M35-39","DNF","","0:32:50","0:03:43","","0:00:00","","99999","99999","99999","","99999","99999","99999","99999","99999","99999","99999","99999","99999","","1970","223","","",""
"1990","Luke Lawlor","Male","Birmingham","Sutton Coldfield","GB","M18-24","FIN","","","0:00:00","","0:00:00","","99999","99999","99999","","99999","99999","99999","99999","99999","99999","99999","99999","99999","","","","","",""
"700","Michael Walter","Male","München","Bavaria","DE","M40-44","FIN","","","0:00:00","","0:00:00","","99999","99999","99999","","99999","99999","99999","99999","99999","99999","99999","99999","99999","","","","","",""
"2426","Rado Sodin","Male","Slovenske Konjice","Slovenske Konjice","SI","M40-44","FIN","","","0:00:00","","0:00:00","","99999","99999","99999","","99999","99999","99999","99999","99999","99999","99999","99999","99999","","","","","",""
"5001","Daniela Kleiser","Female","Sauerlach","BY","DE","FPRO","DNF","","","0:00:00","","0:00:00","","99999","99999","99999","","99999","99999","99999","99999","99999","99999","99999","99999","99999","","","","","",""
"2281","Philipp Dickert","Male","Chemnitz","SN","DE","M40-44","DNF","","0:48:36","0:07:49","","0:00:00","","99999","99999","99999","","99999","99999","99999","99999","99999","99999","99999","99999","99999","","2916","469","","",""
"2506","Philine Paschen","Female","Frankfurt am Main","HH","DE","F30-34","FIN","","","0:00:00","","0:00:00","","99999","99999","99999","","99999","99999","99999","99999","99999","99999","99999","99999","99999","","","","","",""
"634","Diana Peukert","Female","Oberderdingen","BW","DE","F45-49","FIN","","","0:00:00","","0:00:00","","99999","99999","99999","","99999","99999","99999","99999","99999","99999","99999","99999","99999","","","","","",""
"1817","Tom Olschewski","Male","Emden","DE-Saxony-Anhalt","DE","M25-29","DNF","","0:52:51","0:13:26","","0:00:00","","99999","99999","99999","","99999","99999","99999","99999","99999","99999","99999","99999","99999","","3171","806","","",""
"208","Jörg Scheithauer","Male","Frankfurt","HESSEN","DE","M45-49","DNF","","0:34:48","0:03:52","4:17:27","0:00:00","","99999","99999","99999","","99999","99999","99999","99999","99999","99999","99999","99999","99999","","2088","232","15447","",""
"1127","Gerardo Lehne Strassburger","Male","Sinzheim","BW","MX","M50-54","DNF","","","0:00:00","","0:00:00","","99999","99999","99999","","99999","99999","99999","99999","99999","99999","99999","99999","99999","","","","","",""
"1184","Frank Melz","Male","Rostock","MV","DE","M40-44","DNF","","0:34:49","0:07:19","2:43:25","0:07:40","","99999","99999","99999","","99999","99999","99999","99999","99999","99999","99999","99999","99999","","2089","439","9805","460",""
"2161","Dominik Binder","Male","Landshut","BY","DE","M25-29","DNF","","0:36:20","0:06:56","2:32:51","0:00:00","","99999","99999","99999","","99999","99999","99999","99999","99999","99999","99999","99999","99999","","2180","416","9171","",""
"1884","Boaz Broekhoff","Male","Wijchen","Gelderland","NL","M18-24","DNF","","","0:00:00","","0:00:00","","99999","99999","99999","","99999","99999","99999","99999","99999","99999","99999","99999","99999","","","","","",""
"1401","Nancy Wohlfarth-Hechler","Female","Frankfurt am Main","DE-Hesse","DE","F45-49","DNF","","","0:00:00","","0:00:00","","99999","99999","99999","","99999","99999","99999","99999","99999","99999","99999","99999","99999","","","","","",""
"1566","Markus Trautner","Male","Würzburg","DE-BY","DE","M30-34","FIN","","","0:00:00","","0:00:00","","99999","99999","99999","","99999","99999","99999","99999","99999","99999","99999","99999","99999","","","","","",""
"516","Manuela Suess","Female","Grosspoesna","SN","DE","F45-49","FIN","","","0:00:00","","0:00:00","","99999","99999","99999","","99999","99999","99999","99999","99999","99999","99999","99999","99999","","","","","",""
"308","Dirk Guldi","Male","Uttenreuth","BY","DE","M60-64","FIN","","","0:00:00","","0:00:00","","99999","99999","99999","","99999","99999","99999","99999","99999","99999","99999","99999","99999","","","","","",""
"2050","Henrike Herzog","Female","Leipzig","Saxony","DE","F25-29","FIN","","","0:00:00","","0:00:00","","99999","99999","99999","","99999","99999","99999","99999","99999","99999","99999","99999","99999","","","","","",""
"521","Pedro Baeta","Male","Brugg","AG","BR","M35-39","DNF","","0:30:16","0:03:41","2:13:40","0:04:52","","99999","99999","99999","","99999","99999","99999","99999","99999","99999","99999","99999","99999","","1816","221","8020","292",""
"2226","Torsten Foerster","Male","Hannover","NI","DE","M60-64","DNF","","0:39:59","0:05:58","3:14:07","0:00:00","","99999","99999","99999","","99999","99999","99999","99999","99999","99999","99999","99999","99999","","2399","358","11647","",""
"625","Stephan Wolfgang Eisermann","Male","Köln","NW","DE","M60-64","DNF","","0:28:40","0:00:00","","0:00:00","","99999","99999","99999","","99999","99999","99999","99999","99999","99999","99999","99999","99999","","1720","","","",""
"247","Sabine Schultz","Female","Pinneberg","SH","DE","F50-54","FIN","","","0:00:00","","0:00:00","","99999","99999","99999","","99999","99999","99999","99999","99999","99999","99999","99999","99999","","","","","",""
"310","David Dias","Male","Sevelen","CH-SG","LI","M35-39","FIN","","","0:00:00","","0:00:00","","99999","99999","99999","","99999","99999","99999","99999","99999","99999","99999","99999","99999","","","","","",""