Bib Number,Athlete Name,Gender,City,State,Country,Division,Status,Finish Time,Swim Time,T1 Time,Bike Time,T2 Time,Run Time,Overall Rank,Gender Rank,Division Rank,AWA Points,Swim Rank (Overall),Swim Rank (Gender),Swim Rank (Division),Bike Rank (Overall),Bike Rank (Gender),Bike Rank (Division),Run Rank (Overall),Run Rank (Gender),Run Rank (Division),Finish (Seconds),Swim (Seconds),T1 (Seconds),Bike (Seconds),T2 (Seconds),Run (Seconds)
"2","Sam Laidlow","Male","Amélie les Bains Palalda","","FR","MPRO","FIN","3:33:56","0:22:43","0:02:52","1:55:54","0:02:10","1:10:17","1","1","1","3500","11","11","11","1","1","1","1","1","1","12836","1363","172","6954","130","4217"
"3","Lasse Nygaard Priester","Male","Freiburg im Breisgau","BW","DE","MPRO","FIN","3:35:02","0:22:35","0:02:49","2:00:16","0:02:20","1:07:02","2","2","2","3480","5","5","5","2","2","2","2","2","2","12902","1355","169","7216","140","4022"
"5","Fabian Kraft","Male","Saarbrücken","SL","DE","MPRO","FIN","3:38:02","0:23:00","0:03:02","2:01:06","0:02:38","1:08:15","3","3","3","3426","16","16","16","3","3","3","3","3","3","13082","1380","182","7266","158","4095"
"7","Simon Viain","Male","Grenoble","","FR","MPRO","FIN","3:38:37","0:22:42","0:03:07","2:03:17","0:01:57","1:07:33","4","4","4","3415","10","10","10","24","24","24","4","4","4","13117","1362","187","7397","117","4053"
"69","Rémi Delagarde","Male","Fontaine-le-Comte","Nouvelle-Aquitaine","FR","MPRO","FIN","3:38:52","0:23:44","0:03:00","2:01:52","0:02:10","1:08:07","5","5","5","3411","28","28","28","11","11","11","5","5","5","13132","1424","180","7312","130","4087"
"31","Niek Heldoorn","Male","Sittard","","NL","MPRO","FIN","3:39:35","0:23:00","0:02:54","2:01:17","0:02:06","1:10:18","6","6","6","3398","14","14","14","4","4","4","6","6","6","13175","1380","174","7277","126","4218"
"17","Jack Hutchens","Male","Mafra","","GB","MPRO","FIN","3:39:54","0:22:38","0:02:59","2:03:02","0:02:19","1:08:56","7","7","7","3392","7","7","7","12","12","12","7","7","7","13194","1358","179","7382","139","4136"
"40","Sven Thalmann","Male","Aarau","foreigner","CH","MPRO","FIN","3:40:21","0:22:30","0:03:09","2:03:25","0:02:28","1:08:48","8","8","8","3384","1","1","1","23","23","23","8","8","8","13221","1350","189","7405","148","4128"
"24","Simon Westermann","Male","Winterthur","ZH","CH","MPRO","FIN","3:40:41","0:22:34","0:02:55","2:01:50","0:02:09","1:11:13","9","9","9","3378","3","3","3","6","6","6","9","9","9","13241","1354","175","7310","129","4273"
"21","Valentin Rouvier","Male","Les Moussières","","FR","MPRO","FIN","3:40:58","0:23:46","0:02:56","2:01:44","0:02:15","1:10:16","10","10","10","3373","29","29","29","10","10","10","10","10","10","13258","1426","176","7304","135","4216"
"8","Gabriel Sandör","Male","Linköping","foreigner","SE","MPRO","FIN","3:41:04","0:23:27","0:03:05","2:02:38","0:02:19","1:09:34","11","11","11","3371","24","24","24","26","26","26","11","11","11","13264","1407","185","7358","139","4174"
"11","Gabor Faldum","Male","Baja","foreigner","HU","MPRO","FIN","3:41:17","0:23:27","0:02:58","2:02:25","0:02:25","1:10:02","12","12","12","3367","23","23","23","17","17","17","12","12","12","13277","1407","178","7345","145","4202"
"14","Will Draper","Male","Isle of Man","foreigner","IM","MPRO","FIN","3:41:22","0:24:06","0:03:27","2:01:10","0:02:35","1:10:03","13","13","13","3366","35","35","35","14","14","14","13","13","13","13282","1446","207","7270","155","4203"
"16","Wilhelm Hirsch","Male","Halle","DE-ST","DE","MPRO","FIN","3:41:49","0:22:34","0:02:55","2:01:56","0:02:17","1:12:07","14","14","14","3358","4","4","4","8","8","8","14","14","14","13309","1354","175","7316","137","4327"
"19","Rafael Lukatsch","Male","Hartkirchen","Oberösterreich","AT","MPRO","FIN","3:42:42","0:23:00","0:02:52","2:02:55","0:02:06","1:11:49","15","15","15","3342","15","15","15","16","16","16","15","15","15","13362","1380","172","7375","126","4309"
"46","Thomas Teofili","Male","Toulouse","Occitanie","FR","MPRO","FIN","3:43:02","0:22:56","0:03:03","2:03:09","0:02:24","1:11:31","16","16","16","3336","13","13","13","25","25","25","16","16","16","13382","1376","183","7389","144","4291"
"18","Louis Buttrick","Male","Nottingham","foreigner","GB","MPRO","FIN","3:43:07","0:23:24","0:03:06","2:02:27","0:02:26","1:11:45","17","17","17","3334","22","22","22","19","19","19","17","17","17","13387","1404","186","7347","146","4305"
"34","Malachi Cashmore","Male","Malvern","WMD","GB","MPRO","FIN","3:43:36","0:23:35","0:02:59","2:02:21","0:02:22","1:12:20","18","18","18","3326","26","26","26","18","18","18","18","18","18","13416","1415","179","7341","142","4340"
"10","Cedric Osterholt","Male","SAABRÜCKEN","SL","DE","MPRO","FIN","3:43:43","0:22:36","0:02:56","2:03:27","0:02:13","1:12:31","19","19","19","3323","6","6","6","20","20","20","19","19","19","13423","1356","176","7407","133","4351"
"4","Rostyslav Pevtsov","Male","Toledo","","UA","MPRO","FIN","3:44:05","0:22:40","0:02:57","2:03:26","0:02:26","1:12:35","20","20","20","3317","9","9","9","22","22","22","20","20","20","13445","1360","177","7406","146","4355"
"12","Samuel Studer","Male","Meilen","ZURICH","CH","MPRO","FIN","3:44:17","0:23:41","0:03:04","2:00:39","0:02:24","1:14:28","21","21","21","3313","27","27","27","7","7","7","21","21","21","13457","1421","184","7239","144","4468"
"50","Matthew Palmer","Male","Copenhagen","","DK","MPRO","FIN","3:44:50","0:25:58","0:03:37","2:00:32","0:02:24","1:12:19","22","22","22","3303","65","61","55","29","29","29","22","22","22","13490","1558","217","7232","144","4339"
"35","Neilan Kempmann","Male","Nuremberg","foreigner","DE","MPRO","FIN","3:45:26","0:22:48","0:03:06","2:02:47","0:02:33","1:14:12","23","23","23","3293","12","12","12","13","13","13","23","23","23","13526","1368","186","7367","153","4452"
"36","Michiel Stockman","Male","Oudenaarde","","BE","MPRO","FIN","3:45:35","0:25:40","0:03:11","2:04:07","0:02:23","1:10:14","24","24","24","3290","58","55","50","34","34","34","24","24","24","13535","1540","191","7447","143","4214"
"39","Arne Leiss","Male","Freiburg","BW","DE","MPRO","FIN","3:45:41","0:23:02","0:03:05","2:03:05","0:02:19","1:14:09","25","25","25","3288","17","17","17","27","27","27","25","25","25","13541","1382","185","7385","139","4449"
"28","Florent Lefebvre","Male","saint omer capelle","Hauts-de-France","FR","MPRO","FIN","3:46:03","0:25:13","0:02:58","2:04:33","0:02:28","1:10:51","26","26","26","3281","43","40","38","31","31","31","26","26","26","13563","1513","178","7473","148","4251"
"32","Vincent Größer","Male","Fernwald","HE","DE","MPRO","FIN","3:46:11","0:25:27","0:03:11","2:01:28","0:02:21","1:13:45","27","27","27","3279","51","48","44","28","28","28","27","27","27","13571","1527","191","7288","141","4425"
"15","Thomas Davis","Male","Essex","foreigner","GB","MPRO","FIN","3:46:26","0:23:04","0:03:05","2:05:44","0:02:08","1:12:25","28","28","28","3275","19","19","19","30","30","30","28","28","28","13586","1384","185","7544","128","4345"
"27","Hannes Butters","Male","Saalfeld","DE-TH","DE","MPRO","FIN","3:46:53","0:22:32","0:03:06","2:03:07","0:02:27","1:15:41","29","29","29","3266","2","2","2","15","15","15","29","29","29","13613","1352","186","7387","147","4541"
"49","Antonio Limoli","Male","Catania","foreigner","IT","MPRO","FIN","3:47:24","0:23:04","0:03:09","2:02:48","0:02:36","1:15:47","30","30","30","3257","20","20","20","21","21","21","30","30","30","13644","1384","189","7368","156","4547"
"20","Will Grace","Male","Lavant ","SXW","GB","MPRO","FIN","3:47:49","0:24:37","0:03:30","2:06:35","0:02:35","1:10:33","31","31","31","3250","40","37","37","42","42","42","31","31","31","13669","1477","210","7595","155","4233"
"37","Pierre Stieremans","Male","Chéreng","","FR","MPRO","FIN","3:48:39","0:25:51","0:03:22","2:03:32","0:02:17","1:13:36","32","32","32","3235","63","59","54","32","32","32","32","32","32","13719","1551","202","7412","137","4416"
"30","Bastian Peitersen","Male","Søborg","foreigner","DK","MPRO","FIN","3:49:13","0:25:34","0:03:14","2:05:58","0:02:28","1:11:59","33","33","33","3224","55","52","48","44","44","44","33","33","33","13753","1534","194","7558","148","4319"
"63","Kelvin Gomez","Male","Loughborough","Leicestershire","GI","MPRO","FIN","3:49:32","0:25:28","0:03:21","2:05:39","0:02:34","1:12:30","34","34","34","3219","52","49","45","41","41","41","34","34","34","13772","1528","201","7539","154","4350"
"29","William Mennesson","Male","NICE","","FR","MPRO","FIN","3:49:41","0:23:58","0:03:06","2:07:16","0:02:41","1:12:40","35","35","35","3216","32","32","32","39","39","39","35","35","35","13781","1438","186","7636","161","4360"
"58","Nacho Galvez Ponce","Male","Las Rozas de Madrid","Community of Madrid","ES","MPRO","FIN","3:50:39","0:23:32","0:02:51","2:01:03","0:02:09","1:21:04","36","36","36","3199","25","25","25","9","9","9","36","36","36","13839","1412","171","7263","129","4864"
"44","Filippo Candeo","Male","Monselice","Padova","IT","MPRO","FIN","3:50:58","0:25:16","0:03:31","2:05:56","0:02:23","1:13:51","37","37","37","3193","44","41","39","43","43","43","37","37","37","13858","1516","211","7556","143","4431"
"6","Nick Emde","Male","Bonn","NW","DE","MPRO","FIN","3:51:30","0:23:03","0:03:02","2:01:07","0:02:17","1:22:02","38","38","38","3183","18","18","18","5","5","5","38","38","38","13890","1383","182","7267","137","4922"
"55","Brecht Van Vooren","Male","Denderhoutem","Flemish Region","BE","MPRO","FIN","3:51:45","0:24:04","0:03:26","2:05:52","0:02:39","1:15:45","39","39","39","3179","33","33","33","35","35","35","39","39","39","13905","1444","206","7552","159","4545"
"45","Sergio Lopez","Male","Vitoria-Gasteiz","Álava, Basque Country","ES","MPRO","FIN","3:51:55","0:25:25","0:03:05","2:05:46","0:02:30","1:15:09","40","40","40","3176","47","44","41","38","38","38","40","40","40","13915","1525","185","7546","150","4509"
"25","Nick Thijs","Male","Kapellen","","BE","MPRO","FIN","3:52:31","0:25:31","0:03:15","2:08:11","0:02:40","1:12:54","41","41","41","3165","54","51","47","47","47","47","41","41","41","13951","1531","195","7691","160","4374"
"52","Maxence Castel","Male","Palol de Revardit","Catalonia","FR","MPRO","FIN","3:53:19","0:25:29","0:03:27","2:05:15","0:02:29","1:16:40","42","42","42","3151","53","50","46","37","37","37","42","42","42","13999","1529","207","7515","149","4600"
"33","Ernest Mantell","Male","Tucson","łódzkie","US","MPRO","FIN","3:53:40","0:25:27","0:03:22","2:06:06","0:03:31","1:15:14","43","43","43","3144","50","47","43","45","45","45","43","43","43","14020","1527","202","7566","211","4514"
"59","David Blasco","Male","CARLET","VALENCIA","ES","MPRO","FIN","3:53:54","0:25:25","0:03:13","2:08:27","0:02:40","1:14:09","44","44","44","3140","49","46","42","48","48","48","44","44","44","14034","1525","193","7707","160","4449"
"47","Robin Hermann","Male","Langnau am Albis","ZURICH","CH","MPRO","FIN","3:54:36","0:25:43","0:03:32","2:05:41","0:02:34","1:17:07","45","45","45","3128","59","56","51","46","46","46","45","45","45","14076","1543","212","7541","154","4627"
"57","Ivor Feunekes","Male","Borger","","NL","MPRO","FIN","3:54:58","0:25:48","0:03:36","2:09:14","0:02:56","1:13:24","46","46","46","3121","61","57","52","51","51","51","46","46","46","14098","1548","216","7754","176","4404"
"26","William Even","Male","Brest","","FR","MPRO","FIN","3:55:49","0:22:40","0:03:14","2:07:03","0:02:26","1:20:27","47","47","47","3106","8","8","8","33","33","33","47","47","47","14149","1360","194","7623","146","4827"
"51","Louis Heukemes","Male","Elsenborn","","BE","MPRO","FIN","3:56:51","0:23:51","0:03:33","2:09:47","0:03:13","1:16:28","48","48","48","3087","30","30","30","49","49","49","48","48","48","14211","1431","213","7787","193","4588"
"54","Marek Janisz","Male","Kraków","małopolskie","PL","MPRO","FIN","3:57:24","0:26:01","0:03:29","2:09:05","0:02:21","1:16:27","49","49","49","3077","66","62","56","50","50","50","49","49","49","14244","1561","209","7745","141","4587"
"60","Arthur Berland","Male","Toulouse","Occitania","FR","MPRO","FIN","3:57:48","0:23:20","0:02:56","2:08:08","0:02:26","1:20:58","50","50","50","3070","21","21","21","40","40","40","50","50","50","14268","1400","176","7688","146","4858"
"134","Lars Wichert","Male","Asendorf","NI","DE","M40-44","FIN","3:58:42","0:30:13","0:03:28","2:06:08","0:02:50","1:16:03","51","51","1","3500","174","149","10","52","52","1","51","51","1","14322","1813","208","7568","170","4563"
"103","Hugo Berthias","Male","annecy","FR-ARA","FR","M18-24","FIN","3:59:30","0:31:19","0:04:18","2:05:40","0:02:16","1:15:56","52","52","1","3500","235","203","15","55","55","1","52","52","1","14370","1879","258","7540","136","4556"
"67","Frederik Holm Wester","Male","København Charlottenlund","","DK","MPRO","FIN","3:59:41","0:25:21","0:03:14","2:05:31","0:02:47","1:22:48","53","53","51","3036","45","42","40","36","36","36","53","53","51","14381","1521","194","7531","167","4968"
"41","Ivan Cappelli","Male","Loano","foreigner","IT","MPRO","FIN","4:00:28","0:24:05","0:03:17","2:13:52","0:02:23","1:16:51","54","54","52","3022","34","34","34","54","54","52","54","54","52","14428","1445","197","8032","143","4611"
"206","Brent Van Duren","Male","Aalst","OOST-VLAANDEREN","BE","M30-34","FIN","4:01:19","0:30:31","0:04:20","2:05:43","0:02:36","1:18:09","55","55","1","3500","187","161","23","53","53","1","55","55","1","14479","1831","260","7543","156","4689"
"1043","Robbie Kerremans","Male","Wagenberg","NL-NB","NL","M25-29","FIN","4:01:54","0:27:36","0:03:51","2:11:50","0:03:20","1:15:17","56","56","1","3500","94","82","5","61","61","1","56","56","1","14514","1656","231","7910","200","4517"
"66","Matthias Gravendyk","Male","Paderborn","North Rhine-Westphalia","DE","MPRO","FIN","4:02:40","0:25:37","0:03:08","2:14:56","0:02:21","1:16:38","57","57","53","2982","56","53","49","65","65","55","57","57","53","14560","1537","188","8096","141","4598"
"5017","Cathia Schar","Female","Mézières VD","Vaud","CH","FPRO","FIN","4:03:39","0:26:19","0:03:09","2:15:57","0:02:08","1:16:07","58","1","1","3500","71","6","6","72","3","3","58","1","1","14619","1579","189","8157","128","4567"
"64","Damián Martínez Baz","Male","A Guarda","Pontevedra","ES","MPRO","FIN","4:04:09","0:26:01","0:03:26","2:13:37","0:02:47","1:18:18","59","58","54","2956","67","63","57","60","60","53","59","58","54","14649","1561","206","8017","167","4698"
"126","Matej Jukic","Male","Tenja","HR-foreigner","HR","M30-34","FIN","4:04:40","0:27:13","0:03:56","2:12:21","0:02:41","1:18:29","60","59","2","3439","87","75","4","64","64","4","60","59","2","14680","1633","236","7941","161","4709"
"38","Patrick Benz","Male","Islikon","foreigner","CH","MPRO","FIN","4:04:53","0:26:14","0:03:41","2:18:01","0:02:47","1:14:09","61","60","55","2942","68","64","58","81","75","56","61","60","55","14693","1574","221","8281","167","4449"
"150","Tristan Brunet","Male","Saint-Cézaire-sur-Siagne","ALPES-MARITIMES","US","M30-34","FIN","4:05:08","0:25:53","0:04:19","2:11:54","0:02:22","1:20:40","62","61","3","3431","64","60","1","58","58","2","62","61","3","14708","1553","259","7914","142","4840"
"1979","Lukas Ries","Male","Rotterdam","NL-ZH","DE","M25-29","FIN","4:05:12","0:29:07","0:05:33","2:09:47","0:04:07","1:16:38","63","62","2","3440","138","118","18","66","66","2","63","62","2","14712","1747","333","7787","247","4598"
"128","Jean-Baptiste Olive","Male","Savennieres","MAINE-ET-LOIRE","FR","M18-24","FIN","4:06:23","0:27:09","0:04:18","2:13:48","0:03:00","1:18:09","64","63","2","3376","86","74","4","70","69","5","64","63","2","14783","1629","258","8028","180","4689"
"5029","Sophie Evans","Female","Loughborough","ENG","GB","FPRO","FIN","4:06:25","0:24:23","0:03:49","2:17:23","0:02:00","1:18:49","65","2","2","3450","38","2","2","75","5","5","65","2","2","14785","1463","229","8243","120","4729"
"1577","Isidro Alonso Sanchez","Male","Cartagena ","MURCIA","ES","M35-39","FIN","4:06:45","0:27:55","0:04:50","2:13:04","0:03:05","1:17:52","66","64","1","3500","106","91","3","76","71","2","66","64","1","14805","1675","290","7984","185","4672"
"188","Gabin Sage","Male","Pugey","","FR","M18-24","FIN","4:06:54","0:25:02","0:03:34","2:12:54","0:02:57","1:22:27","67","65","3","3366","42","39","1","56","56","2","67","65","3","14814","1502","214","7974","177","4947"
"5003","Lena Meißner","Female","Saarbrücken","SL","DE","FPRO","FIN","4:06:58","0:24:27","0:03:36","2:17:28","0:02:20","1:19:06","68","3","3","3440","39","3","3","74","4","4","68","3","3","14818","1467","216","8248","140","4746"
"5002","Marjolaine Pierré","Female","Nice","","FR","FPRO","FIN","4:07:21","0:26:24","0:03:17","2:15:17","0:02:22","1:20:00","69","4","4","3433","74","8","8","68","1","1","69","4","4","14841","1584","197","8117","142","4800"
"5006","Marta Lagownik","Female","Gdańsk","POMORSKIE","PL","FPRO","FIN","4:08:20","0:26:59","0:03:10","2:17:32","0:02:17","1:18:22","70","5","5","3415","80","10","10","79","6","6","70","5","5","14900","1619","190","8252","137","4702"
"109","Adam Provaznik","Male","Teplice","CZ-426","CZ","M25-29","FIN","4:08:35","0:29:21","0:04:51","2:14:16","0:02:22","1:17:45","71","66","3","3379","144","124","21","84","78","3","71","66","3","14915","1761","291","8056","142","4665"
"471","ARNAU ROSALENY AZNAR","Male","Alcàsser","ES-VC","ES","M18-24","FIN","4:09:06","0:26:18","0:03:17","2:15:55","0:02:28","1:21:08","72","67","4","3327","70","65","2","73","70","6","72","67","4","14946","1578","197","8155","148","4868"
"53","Gwenaël Millot","Male","Carrières-sous-Poissy","","FR","MPRO","FIN","4:09:17","0:24:09","0:03:22","2:15:58","0:02:28","1:23:20","73","68","56","2863","36","36","36","62","62","54","73","68","56","14957","1449","202","8158","148","5000"
"5001","Daniela Kleiser","Female","Sauerlach","BY","DE","FPRO","FIN","4:10:03","0:30:47","0:03:35","2:18:01","0:02:43","1:14:57","74","6","6","3384","208","29","20","109","14","14","74","6","6","15003","1847","215","8281","163","4497"
"116","Koen Tyteca","Male","Diksmuide","BE-VWV","BE","M35-39","FIN","4:11:26","0:30:53","0:05:22","2:12:10","0:03:10","1:19:51","75","69","2","3415","214","184","18","83","77","4","75","69","2","15086","1853","322","7930","190","4791"
"2543","Nicolas Landais","Male","LES SABLES D OLONNE","VENDEE","FR","M30-34","FIN","4:11:36","0:29:09","0:04:38","2:16:52","0:02:40","1:18:17","76","70","4","3314","139","119","13","97","88","6","76","70","4","15096","1749","278","8212","160","4697"
"65","Juan Prada","Male","Bogota","Bogota dc","CO","MPRO","FIN","4:11:45","0:25:48","0:03:34","2:19:54","0:02:47","1:19:42","77","71","57","2819","62","58","53","90","84","57","77","71","57","15105","1548","214","8394","167","4782"
"5008","Aurelia Boulanger","Female","PARIS","","FR","FPRO","FIN","4:11:52","0:28:13","0:03:33","2:13:36","0:02:15","1:24:14","78","7","7","3352","109","17","17","71","2","2","78","7","7","15112","1693","213","8016","135","5054"
"202","David Scheffer","Male","Groningen","NL-GR","NL","M30-34","FIN","4:12:15","0:26:38","0:04:10","2:11:22","0:03:38","1:26:27","79","72","5","3303","76","68","3","59","59","3","79","72","5","15135","1598","250","7882","218","5187"
"110","Matthew Whitehead","Male","Carlisle","GB-CMA","GB","M18-24","FIN","4:12:30","0:27:52","0:04:38","2:12:07","0:03:00","1:24:52","80","73","5","3266","103","89","7","67","67","4","80","73","5","15150","1672","278","7927","180","5092"
"107","Raphaël Lassegnore","Male","TALENCE","FR-33","FR","M25-29","FIN","4:12:42","0:30:32","0:04:29","2:13:57","0:03:41","1:20:03","81","74","4","3305","189","163","24","87","81","4","81","74","4","15162","1832","269","8037","221","4803"
"1890","Fabio Tallero","Male","Winterthur","CH-ZH","CH","M18-24","FIN","4:12:52","0:27:35","0:03:15","2:10:43","0:02:57","1:28:22","82","75","6","3259","93","81","6","57","57","3","82","75","6","15172","1655","195","7843","177","5302"
"2324","Francisco Ruiz Romero","Male","Ciudad Real","Castille-La Mancha","ES","M30-34","FIN","4:12:56","0:28:28","0:03:42","2:19:55","0:02:39","1:18:12","83","76","6","3290","116","98","8","106","95","8","83","76","6","15176","1708","222","8395","159","4692"
"1356","Jordi Pascual Sales","Male","Carcer","VALENCIA*","ES","M40-44","FIN","4:13:04","0:27:26","0:03:29","2:18:14","0:03:01","1:20:54","84","77","2","3241","92","80","1","88","82","4","84","77","2","15184","1646","209","8294","181","4854"
"1273","Romain Puissegur","Male","Villeneuve De Riviere","","FR","M35-39","FIN","4:13:23","0:29:14","0:04:48","2:13:53","0:03:02","1:22:25","85","78","3","3380","140","120","7","80","74","3","85","78","3","15203","1754","288","8033","182","4945"
"233","James Irvine","Male","Shetland","GB-GB-foreigner","GB","M30-34","FIN","4:14:14","0:29:16","0:03:47","2:18:12","0:02:47","1:20:12","86","79","7","3267","141","121","14","103","92","7","86","79","7","15254","1756","227","8292","167","4812"
"836","Darren Orchard","Male","Wadebridge","Cornwall","GB","M50-54","FIN","4:14:59","0:27:39","0:04:37","2:20:13","0:02:40","1:19:49","87","80","1","3500","96","83","4","110","96","2","87","80","1","15299","1659","277","8413","160","4789"
"5007","Anastacia Damm Nielsen","Female","Vanløse 2720","foreigner","DK","FPRO","FIN","4:15:26","0:27:06","0:03:35","2:18:47","0:02:34","1:23:22","88","8","8","3287","84","12","12","92","8","8","88","8","8","15326","1626","215","8327","154","5002"
"5019","Alice Betto","Female","Roma","Roma","IT","FPRO","FIN","4:15:48","0:24:19","0:04:08","2:22:34","0:02:46","1:22:02","89","9","9","3281","37","1","1","102","11","11","89","9","9","15348","1459","248","8554","166","4922"
"1426","Eddy Lamers","Male","Groenlo","NL-GE","NL","M45-49","FIN","4:15:52","0:27:15","0:03:39","2:16:28","0:03:43","1:24:47","90","81","1","3500","88","76","2","78","73","2","90","81","1","15352","1635","219","8188","223","5087"
"210","Niklas Schweer","Male","Düsseldorf","DE-NW","DE","M40-44","FIN","4:15:55","0:29:22","0:04:34","2:14:24","0:03:46","1:23:49","91","82","3","3190","146","126","6","82","76","2","91","82","3","15355","1762","274","8064","226","5029"
"5009","Leana Bissig","Female","Winterthur","ZH","CH","FPRO","FIN","4:15:56","0:26:16","0:03:14","2:20:09","0:02:18","1:23:58","92","10","10","3278","69","5","5","95","9","9","92","10","10","15356","1576","194","8409","138","5038"
"194","Igor Franko","Male","Valencia","ES-V","UA","M35-39","FIN","4:16:10","0:26:59","0:03:38","2:12:53","0:03:21","1:29:20","93","83","4","3330","81","71","1","63","63","1","93","83","4","15370","1619","218","7973","201","5360"
"5013","Milan Agnew","Female","Bardon","lubelskie","AU","FPRO","FIN","4:16:29","0:26:24","0:03:18","2:21:10","0:02:43","1:22:54","94","11","11","3269","73","7","7","100","10","10","94","11","11","15389","1584","198","8470","163","4974"
"341","Emmanuel RENARD","Male","Toulouse","Occitania","FR","M45-49","FIN","4:16:30","0:25:25","0:03:45","2:17:51","0:03:20","1:26:10","95","84","2","3488","48","45","1","77","72","1","95","84","2","15390","1525","225","8271","200","5170"
"108","Frank Gimenez","Male","BELZ","","FR","M55-59","FIN","4:16:52","0:28:23","0:04:08","2:21:29","0:03:19","1:19:33","96","85","1","3500","113","96","1","117","103","1","96","85","1","15412","1703","248","8489","199","4773"
"2163","Marcello Candiloro","Male","leini","","IT","M35-39","FIN","4:16:55","0:29:33","0:05:21","2:15:56","0:02:44","1:23:21","97","86","5","3317","152","130","8","99","90","6","97","86","5","15415","1773","321","8156","164","5001"
"147","Daniel Blanchart","Male","Calella","","ES","M25-29","FIN","4:17:21","0:34:04","0:04:37","2:20:06","0:02:46","1:15:48","98","87","5","3221","489","427","68","169","150","18","98","87","5","15441","2044","277","8406","166","4548"
"463","Antonio Martí Peris","Male","Catarroja","ES-V","ES","M25-29","FIN","4:18:14","0:28:31","0:03:51","2:22:51","0:03:05","1:19:57","99","88","6","3206","117","99","9","131","115","11","99","88","6","15494","1711","231","8571","185","4797"
"102","Steffen De Geyter","Male","Laarne, Oost Vlaanderen","OOST-VLAANDEREN","BE","M35-39","FIN","4:18:26","0:33:11","0:04:58","2:16:21","0:03:40","1:20:16","100","89","6","3289","393","344","44","126","111","9","100","89","6","15506","1991","298","8181","220","4816"
"123","Torben Detlefsen","Male","Boren","DE-SH","DE","M45-49","FIN","4:18:36","0:34:08","0:05:11","2:16:54","0:03:16","1:19:07","101","90","3","3450","494","432","39","141","124","6","101","90","3","15516","2048","311","8214","196","4747"
"237","Juan Pedro Gimenez Cascales","Male","Sax","ES-ALACANT*","ES","M40-44","FIN","4:18:40","0:28:44","0:04:43","2:15:07","0:03:21","1:26:45","102","91","4","3140","125","107","4","85","79","3","102","91","4","15520","1724","283","8107","201","5205"
"2558","Jose Entrecanales","Male","Madrid","","ES","M35-39","FIN","4:19:02","0:29:41","0:04:32","2:22:07","0:02:56","1:19:47","103","92","7","3278","154","132","9","143","126","13","103","92","7","15542","1781","272","8527","176","4787"
"175","Olivier Cornelis","Male","AARTSELAAR","BE-VAN","BE","M45-49","FIN","4:19:06","0:29:24","0:04:24","2:19:50","0:03:13","1:22:16","104","93","4","3441","147","127","4","115","101","4","104","93","4","15546","1764","264","8390","193","4936"
"227","Lorenzo Bacheca","Male","Dubai","Abu Dhabi","IT","M25-29","FIN","4:19:25","0:27:53","0:04:27","2:19:14","0:02:48","1:25:03","105","94","7","3184","104","90","7","104","93","6","105","94","7","15565","1673","267","8354","168","5103"
"189","Niklas Kampe","Male","Richterswil","CH-CH-ZH","DE","M30-34","FIN","4:19:50","0:30:58","0:06:12","2:12:20","0:03:21","1:26:58","106","95","8","3166","218","187","30","93","85","5","106","95","8","15590","1858","372","7940","201","5218"
"5026","Brooke Gillies","Female","Loughborough","LEICESTERSHIRE","GB","FPRO","FIN","4:19:50","0:26:48","0:03:48","2:21:29","0:02:15","1:25:29","107","12","12","3208","77","9","9","107","12","12","107","12","12","15590","1608","228","8489","135","5129"
"148","Yevhen Slavniy","Male","Kiev","Kyiv","UA","M45-49","FIN","4:20:13","0:27:49","0:04:25","2:17:20","0:04:03","1:26:36","108","96","5","3421","100","86","3","94","86","3","108","96","5","15613","1669","265","8240","243","5196"
"157","Jake Rushby","Male","Newtownards","GB-AND","IE","M25-29","FIN","4:20:17","0:28:48","0:05:29","2:20:15","0:02:36","1:23:08","109","97","8","3169","129","111","14","127","112","10","109","97","8","15617","1728","329","8415","156","4988"
"226","Daniel Benkert","Male","Langenzenn","BAYERN","DE","M30-34","FIN","4:20:22","0:31:16","0:04:15","2:20:44","0:03:17","1:20:51","110","98","9","3157","232","200","33","142","125","15","110","98","9","15622","1876","255","8444","197","4851"
"220","Gaël Chiron","Male","ST LEGER DE MONTBRUN","FR-79","FR","M18-24","FIN","4:20:32","0:27:03","0:04:09","2:17:27","0:02:45","1:29:08","111","99","7","3121","83","72","3","86","80","7","111","99","7","15632","1623","249","8247","165","5348"
"205","Lluis Relat Ventura","Male","Barcelona","ES-B","ES","M25-29","FIN","4:21:29","0:28:49","0:04:09","2:26:44","0:03:04","1:18:42","112","100","9","3147","131","112","15","183","164","20","112","100","9","15689","1729","249","8804","184","4722"
"5005","Kaidi Kivioja","Female","Rakvere","Lääne-Viru maakond","EE","FPRO","FIN","4:21:40","0:28:03","0:03:33","2:17:46","0:02:36","1:29:42","113","13","13","3175","108","16","16","91","7","7","113","13","13","15700","1683","213","8266","156","5382"
"5033","Francesca Smith","Female","London","SRY","GB","FPRO","FIN","4:21:54","0:27:38","0:03:55","2:22:57","0:02:26","1:24:59","114","14","14","3171","95","13","13","125","15","15","114","14","14","15714","1658","235","8577","146","5099"
"485","Bert Verbeke","Male","Menen","BE-VWV","BE","M50-54","FIN","4:22:22","0:26:54","0:04:07","2:14:00","0:03:16","1:34:05","115","101","2","3367","78","69","2","69","68","1","115","101","2","15742","1614","247","8040","196","5645"
"218","Matthieu Pascal","Male","Castelnau","FR-34","FR","M35-39","FIN","4:22:31","0:28:15","0:05:27","2:15:30","0:03:37","1:29:43","116","102","8","3216","110","93","4","89","83","5","116","102","8","15751","1695","327","8130","217","5383"
"43","Lilian Pierre","Male","LA BONNEVILLE","","FR","MPRO","FIN","4:22:50","0:23:52","0:03:15","2:40:46","0:04:02","1:10:54","117","103","58","2619","31","31","31","277","253","59","117","103","58","15770","1432","195","9646","242","4254"
"993","Hugo Duboscq","Male","capbreton","","FR","M35-39","FIN","4:22:53","0:31:25","0:04:42","2:18:32","0:02:55","1:25:19","118","104","9","3209","244","210","23","128","113","10","118","104","9","15773","1885","282","8312","175","5119"
"5021","Sophie Delguste","Female","Louvain la Neuve","","BE","FPRO","FIN","4:23:00","0:29:52","0:03:45","2:26:36","0:02:27","1:20:20","119","15","15","3151","163","24","19","191","22","20","119","15","15","15780","1792","225","8796","147","4820"
"170","Ismael Matallin Cortés","Male","MIRA","ES-V","ES","M35-39","FIN","4:23:02","0:30:06","0:04:43","2:22:00","0:02:59","1:23:14","120","105","10","3206","169","145","11","148","130","14","120","105","10","15782","1806","283","8520","179","4994"
"554","Benjamin O'Sullivan","Male","Zürich","CH-ZH","IE","M25-29","FIN","4:23:05","0:29:16","0:05:22","2:18:43","0:03:27","1:26:17","121","106","10","3118","142","122","19","112","98","7","121","106","10","15785","1756","322","8323","207","5177"
"1333","Daniel Ramon Hernandez","Male","SABIÑANIGO","ES-HU","ES","M40-44","FIN","4:23:06","0:28:40","0:05:20","2:25:17","0:03:28","1:20:21","122","107","5","3060","121","103","3","178","159","10","122","107","5","15786","1720","320","8717","208","4821"
"858","Maksym Babych","Male","Kharkiv","UA-63","UA","M30-34","FIN","4:23:12","0:32:30","0:05:18","2:19:47","0:03:32","1:22:05","123","108","10","3106","328","284","48","156","138","19","123","108","10","15792","1950","318","8387","212","4925"
"549","Florent Copeaux","Male","Lanton","","FR","M35-39","FIN","4:23:17","0:32:20","0:05:13","2:13:25","0:03:22","1:28:57","124","109","11","3202","314","271","34","101","91","7","124","109","11","15797","1940","313","8005","202","5337"
"5018","Molly Savill","Female","Cookridge","WYK","GB","FPRO","FIN","4:23:18","0:25:44","0:03:42","2:26:02","0:03:00","1:24:51","125","16","16","3146","60","4","4","135","17","17","125","16","16","15798","1544","222","8762","180","5091"
"2335","Nael Trottier","Male","Soorts-Hossegor","","FR","M18-24","FIN","4:23:42","0:28:44","0:04:46","2:19:22","0:02:41","1:28:10","126","110","8","3064","126","108","10","111","97","9","126","110","8","15822","1724","286","8362","161","5290"
"421","Alexander Theile","Male","Hannover","DE-NI","DE","M30-34","FIN","4:23:52","0:30:33","0:05:13","2:18:18","0:02:44","1:27:05","127","111","11","3094","190","164","24","119","105","10","127","111","11","15832","1833","313","8298","164","5225"
"5031","Larissa Jasper","Female","Köln","NW","DE","FPRO","FIN","4:23:54","0:27:00","0:03:44","2:21:25","0:03:00","1:28:44","128","17","17","3135","82","11","11","108","13","13","128","17","17","15834","1620","224","8485","180","5324"
"117","Andre Bellaguarda","Male","Fortaleza","","BR","M40-44","FIN","4:24:08","0:28:53","0:05:17","2:17:37","0:03:04","1:29:16","129","112","6","3042","132","113","5","105","94","5","129","112","6","15848","1733","317","8257","184","5356"
"797","Tom Lange","Male","Amsterdam","","DE","M25-29","FIN","4:24:09","0:31:14","0:04:14","2:19:54","0:03:34","1:25:14","130","113","11","3099","229","197","30","134","118","12","130","113","11","15849","1874","254","8394","214","5114"
"136","Pedro Blumenschein","Male","Barcelona","ES-CT","BR","M30-34","FIN","4:24:12","0:29:47","0:05:54","2:19:39","0:04:27","1:24:25","131","114","12","3088","159","136","17","133","117","13","131","114","12","15852","1787","354","8379","267","5065"
"1507","Pedro Rilho","Male","São Lourenço","PT-15","PT","M40-44","FIN","4:24:15","0:31:16","0:04:16","2:22:15","0:03:02","1:23:27","132","115","7","3040","231","199","17","158","140","8","132","115","7","15855","1876","256","8535","182","5007"
"776","Morgan Hili","Female","Saint-Bonnet-en-Champsaur","Provence-Alpes-Côte d'Azur","FR","M40-44","FIN","4:24:16","0:32:58","0:04:20","2:17:02","0:03:20","1:26:36","133","116","8","3039","377","330","35","122","108","7","133","116","8","15856","1978","260","8222","200","5196"
"328","Daniel Jarvis","Male","Southfields","SURREY","GB","M30-34","FIN","4:24:16","0:37:19","0:05:11","2:21:16","0:03:50","1:16:40","134","117","13","3086","979","862","159","230","206","36","134","117","13","15856","2239","311","8476","230","4600"
"1702","Iban Fernández Murillo","Male","Valencia","ES-VC","ES","M40-44","FIN","4:24:45","0:30:31","0:04:34","2:24:21","0:03:26","1:21:51","135","118","9","3031","188","162","14","180","161","11","135","118","9","15885","1831","274","8661","206","4911"
"595","Jack Stead","Male","Goole","GB-ERY","GB","M25-29","FIN","4:24:47","0:32:25","0:04:47","2:17:09","0:03:26","1:27:01","136","119","12","3088","319","276","39","123","109","8","136","119","12","15887","1945","287","8229","206","5221"
"127","Ignacio Delgado Ferreira","Male","Madrid","ES-M","ES","M30-34","FIN","4:25:03","0:35:12","0:04:31","2:19:16","0:02:40","1:23:24","137","120","14","3072","627","546","89","172","153","23","137","120","14","15903","2112","271","8356","160","5004"
"152","Carlos Monreal Vela","Male","London","GB-LONDON, CITY OF","ES","M25-29","FIN","4:25:09","0:27:51","0:03:49","2:18:03","0:03:35","1:31:51","138","121","13","3081","102","88","6","96","87","5","138","121","13","15909","1671","229","8283","215","5511"
"800","Christian Hoßfeld","Male","Wutha-Farnroda","TH","DE","M30-34","FIN","4:25:15","0:32:49","0:04:31","2:16:51","0:05:52","1:25:12","139","122","15","3069","368","321","56","120","106","11","139","122","15","15915","1969","271","8211","352","5112"
"2528","Guillaume Criado","Male","Paris","FR-IDF","FR","M30-34","FIN","4:25:22","0:28:41","0:04:05","2:23:16","0:03:47","1:25:33","140","123","16","3067","124","106","11","140","123","14","140","123","16","15922","1721","245","8596","227","5133"
"125","Pablo Guevara Gil","Male","Madrid","","ES","M30-34","FIN","4:25:27","0:29:04","0:04:30","2:19:56","0:03:57","1:28:00","141","124","17","3065","137","117","12","113","99","9","141","124","17","15927","1744","270","8396","237","5280"
"5028","Mimi Carlton","Female","London","GB-GBN","GB","FPRO","FIN","4:26:05","0:30:54","0:03:52","2:25:22","0:02:58","1:22:58","142","18","18","3096","215","31","22","188","20","18","142","18","18","15965","1854","232","8722","178","4978"
"2111","Achille Favreau","Male","Bordeaux","FR-FR-33","FR","M25-29","FIN","4:26:07","0:28:15","0:04:26","2:21:48","0:03:18","1:28:19","143","125","14","3064","111","94","8","124","110","9","143","125","14","15967","1695","266","8508","198","5299"
"124","Marcelo Marques","Male","Carcavelos","PT-11","PT","M35-39","FIN","4:26:27","0:34:15","0:06:24","2:20:57","0:03:26","1:21:24","144","126","12","3145","513","451","62","208","185","24","144","126","12","15987","2055","384","8457","206","4884"
"149","Luke Smith","Male","London","GB-SRY","GB","M35-39","FIN","4:26:29","0:31:33","0:04:15","2:22:58","0:04:47","1:22:56","145","127","13","3144","251","216","25","168","149","17","145","127","13","15989","1893","255","8578","287","4976"
"2244","Gabriel Monks","Male","Liphook","Hampshire","GB","M25-29","FIN","4:26:45","0:30:59","0:04:56","2:19:47","0:05:53","1:25:09","146","128","15","3052","221","190","28","137","120","13","146","128","15","16005","1859","296","8387","353","5109"
"1846","Àlex Gómez Martínez","Male","El Prat de Llobregat","","ES","M35-39","FIN","4:27:23","0:31:53","0:07:06","2:20:57","0:03:14","1:24:13","147","129","14","3128","273","236","29","186","167","20","147","129","14","16043","1913","426","8457","194","5053"
"2131","Stuart New","Male","Bristol","GB-BST","GB","M45-49","FIN","4:27:29","0:30:24","0:04:15","2:19:23","0:02:32","1:30:55","148","130","6","3290","182","156","9","118","104","5","148","130","6","16049","1824","255","8363","152","5455"
"144","Florian Hess","Male","Gattikon","","CH","M35-39","FIN","4:27:47","0:34:17","0:05:55","2:24:46","0:04:35","1:18:13","149","131","15","3121","518","455","63","244","220","31","149","131","15","16067","2057","355","8686","275","4693"
"1826","Jasmin Siersema","Female","Hengelo","","NL","F25-29","FIN","4:27:48","0:30:47","0:04:29","2:23:03","0:03:05","1:26:24","150","19","1","3500","207","28","3","165","19","1","150","19","1","16068","1847","269","8583","185","5184"
"2432","Annabel Wouters","Female","Oosterhout","","NL","F18-24","FIN","4:28:02","0:30:07","0:04:04","2:22:12","0:02:44","1:28:55","151","20","1","3500","171","25","1","145","18","1","151","20","1","16082","1807","244","8532","164","5335"
"821","Xavier Montesinos","Male","Tiana","","ES","M55-59","FIN","4:28:03","0:33:03","0:03:31","2:22:24","0:02:39","1:26:24","152","132","2","3298","385","338","15","173","154","4","152","132","2","16083","1983","211","8544","159","5184"
"917","Jack Wheaton","Male","London","SRY","GB","M25-29","FIN","4:28:04","0:29:17","0:04:38","2:26:58","0:03:06","1:24:04","153","133","16","3029","143","123","20","199","176","21","153","133","16","16084","1757","278","8818","186","5044"
"5012","Michelle Stratton","Female","NAPERVILLE","IL","US","FPRO","FIN","4:28:04","0:27:39","0:03:32","2:23:38","0:02:43","1:30:31","154","21","19","3060","97","14","14","129","16","16","154","21","19","16084","1659","212","8618","163","5431"
"1951","Sergi Garreta Costantini","Male","Barcelona","ES-B","ES","M18-24","FIN","4:28:15","0:31:05","0:05:03","2:20:14","0:03:46","1:28:07","155","134","9","2982","223","192","13","144","127","12","155","134","9","16095","1865","303","8414","226","5287"
"166","David Procházka","Male","Praha","CZ-104","CZ","M50-54","FIN","4:28:33","0:29:53","0:04:24","2:19:56","0:03:47","1:30:33","156","135","3","3255","164","140","6","121","107","3","156","135","3","16113","1793","264","8396","227","5433"
"1874","Nacho David Cardona","Male","alfafar","","ES","M40-44","FIN","4:28:35","0:34:16","0:05:07","2:20:57","0:03:13","1:25:01","157","136","10","2962","516","454","50","193","170","13","157","136","10","16115","2056","307","8457","193","5101"
"826","Daniel Kruger","Male","London","GB-ENG","ZA","M45-49","FIN","4:28:55","0:30:29","0:05:34","2:23:50","0:03:27","1:25:36","158","137","7","3265","185","159","10","185","166","9","158","137","7","16135","1829","334","8630","207","5136"
"2122","Anthony Fernandez","Male","Mallemort","","FR","M30-34","FIN","4:29:15","0:33:25","0:04:48","2:19:12","0:03:17","1:28:33","159","138","18","2997","419","366","63","152","134","17","159","138","18","16155","2005","288","8352","197","5313"
"713","Jose Martinez Carrera","Male","Villaquilambre","ES-LE","ES","M45-49","FIN","4:29:20","0:36:48","0:06:00","2:20:14","0:02:53","1:23:24","160","139","8","3257","886","777","76","223","199","14","160","139","8","16160","2208","360","8414","173","5004"
"1152","Kay Thijssen","Male","Kronenberg","LIMBURG","NL","M30-34","FIN","4:29:32","0:27:25","0:04:36","2:28:51","0:03:13","1:25:27","161","140","19","2992","91","79","5","197","174","26","161","140","19","16172","1645","276","8931","193","5127"
"1240","Alvaro Agustín Ferrando","Male","Valencia","","ES","M30-34","FIN","4:29:35","0:31:54","0:04:46","2:20:46","0:03:35","1:28:34","162","141","20","2991","275","238","39","154","136","18","162","141","20","16175","1914","286","8446","215","5314"
"925","Edgar Ramírez Bosch","Male","Alginet","","ES","M25-29","FIN","4:29:42","0:28:37","0:04:06","2:25:24","0:03:28","1:28:07","163","142","17","2999","119","101","10","163","145","15","163","142","17","16182","1717","246","8724","208","5287"
"701","Nicolas Thibaut","Male","Kontich","Vlaams Gewest","BE","M18-24","FIN","4:29:51","0:30:11","0:05:47","2:19:11","0:03:43","1:30:58","164","143","10","2953","172","147","11","130","114","10","164","143","10","16191","1811","347","8351","223","5458"
"203","Thomas Krauth","Male","Mühlacker","DE-BW","DE","M35-39","FIN","4:29:53","0:32:16","0:05:11","2:21:53","0:03:17","1:27:17","165","144","16","3083","307","264","32","179","160","18","165","144","16","16193","1936","311","8513","197","5237"
"138","Martin Sägesser","Male","Suhr","AARGAU","CH","M45-49","FIN","4:30:04","0:35:33","0:06:44","2:18:51","0:04:50","1:24:05","166","145","9","3244","674","589","54","203","180","10","166","145","9","16204","2133","404","8331","290","5045"
"5032","Cindy Lefebvre","Female","Schaerbeek","","BE","FPRO","FIN","4:30:05","0:28:49","0:04:32","2:27:00","0:02:26","1:27:19","167","22","20","3024","130","19","18","192","23","21","167","22","20","16205","1729","272","8820","146","5239"
"161","Jérôme Yarro Nimpa","Male","Nice","FR-06","FR","M30-34","FIN","4:30:07","0:40:06","0:04:57","2:17:44","0:03:32","1:23:49","168","146","21","2981","1432","1255","229","219","195","33","168","146","21","16207","2406","297","8264","212","5029"
"1793","James Burke","Male","Bray","IE-WW","IE","M30-34","FIN","4:30:21","0:35:52","0:04:22","2:21:23","0:03:37","1:25:06","169","147","22","2977","722","632","106","209","186","31","169","147","22","16221","2152","262","8483","217","5106"
"151","Florian Enric Portalés Palamós","Male","Puçol, Valencia","ES-AU-TAS","ES","M30-34","FIN","4:30:25","0:30:23","0:04:36","2:26:00","0:03:30","1:25:57","170","148","23","2976","181","155","21","201","178","29","170","148","23","16225","1823","276","8760","210","5157"
"131","Olivier Da Costa","Female","Nîmes","FR-OCC","FR","M35-39","FIN","4:30:48","0:32:32","0:05:37","2:15:24","0:03:32","1:33:43","171","149","17","3067","332","288","37","114","100","8","171","149","17","16248","1952","337","8124","212","5623"
"1209","James Lane","Male","London","GB-LND","GB","M35-39","FIN","4:31:05","0:33:17","0:05:05","2:22:17","0:03:33","1:26:53","172","150","18","3062","405","353","46","194","171","22","172","150","18","16265","1997","305","8537","213","5213"
"221","Aleksei Kuzmin","Male","Valencia","","ES","M30-34","FIN","4:31:27","0:37:28","0:04:00","2:17:41","0:04:10","1:28:08","173","151","24","2957","995","876","162","175","156","24","173","151","24","16287","2248","240","8261","250","5288"
"2460","Pau Trullàs Medina","Male","Vilassar de Mar","Catalonia","ES","M30-34","FIN","4:32:00","0:30:04","0:05:40","2:23:05","0:04:20","1:28:51","174","152","25","2947","168","144","20","170","151","22","174","152","25","16320","1804","340","8585","260","5331"
"2238","Johannes Heumann","Male","Gunzenhausen","DE-BY","DE","M30-34","FIN","4:32:14","0:35:25","0:06:55","2:26:51","0:04:16","1:18:47","175","153","26","2943","653","569","96","299","274","48","175","153","26","16334","2125","415","8811","256","4727"
"2110","Alex Zafrilla Pélach","Male","Valencia","ES-V","ES","M30-34","FIN","4:32:38","0:29:50","0:05:00","2:24:21","0:03:33","1:29:54","176","154","27","2936","162","139","19","176","157","25","176","154","27","16358","1790","300","8661","213","5394"
"541","Mathis PENOT","Male","Pessac","Nouvelle-Aquitaine","FR","M25-29","FIN","4:32:44","0:30:47","0:04:17","2:23:24","0:03:31","1:30:45","177","155","18","2945","206","179","27","167","148","17","177","155","18","16364","1847","257","8604","211","5445"
"154","Pete Eggleston","Male","Cheltenham","GB-GB-Glos","GB","M55-59","FIN","4:32:49","0:30:36","0:04:41","2:21:09","0:03:31","1:32:52","178","156","3","3212","193","166","5","146","128","2","178","156","3","16369","1836","281","8469","211","5572"
"5020","Marie Luyckx","Female","Oost-Vlaanderen","foreigner","BE","FPRO","FIN","4:32:53","0:27:53","0:03:40","2:28:36","0:03:03","1:29:40","179","23","21","2973","105","15","15","189","21","19","179","23","21","16373","1673","220","8916","183","5380"
"113","Birger Debacker","Male","Kortemark","BE-VWV","BE","M45-49","FIN","4:33:01","0:35:25","0:06:00","2:22:46","0:04:17","1:24:32","180","157","10","3191","654","570","52","234","210","16","180","157","10","16381","2125","360","8566","257","5072"
"1718","Borja Núñez De Aysa","Male","Madrid","Comunidad de Madrid","ES","M35-39","FIN","4:33:24","0:29:44","0:05:11","2:20:36","0:06:07","1:31:46","181","158","19","3020","157","134","10","136","119","11","181","158","19","16404","1784","311","8436","367","5506"
"1691","Ollie Goodhew","Male","Tunbridge Wells","KEN","GB","M25-29","FIN","4:33:29","0:25:21","0:06:18","2:25:46","0:03:39","1:32:25","182","159","19","2931","46","43","2","153","135","14","182","159","19","16409","1521","378","8746","219","5545"
"815","Carlos Todo Navarro","Male","La Pobla de Vallbona","ES-Valencia","ES","M30-34","FIN","4:33:59","0:27:51","0:05:31","2:27:50","0:03:49","1:28:58","183","160","28","2912","101","87","7","204","181","30","183","160","28","16439","1671","331","8870","229","5338"
"104","Lionel Bonifacio","Female","Plan de cuques","FR-13","FR","M45-49","FIN","4:34:02","0:31:38","0:03:40","2:29:27","0:02:51","1:26:26","184","161","11","3173","255","219","15","240","216","17","184","161","11","16442","1898","220","8967","171","5186"
"2057","Uwe Seidl","Male","Regensburg","DE-BY","DE","M40-44","FIN","4:34:04","0:32:55","0:06:27","2:22:43","0:04:32","1:27:26","185","162","11","2863","374","327","34","211","188","18","185","162","11","16444","1975","387","8563","272","5246"
"486","Carles Rodrigo Marco","Male","Massanassa","","ES","M35-39","FIN","4:34:05","0:30:47","0:04:54","2:21:35","0:02:41","1:34:08","186","163","20","3008","203","176","15","149","131","15","186","163","20","16445","1847","294","8495","161","5648"
"1959","Sergei Sorokin","Male","Quarteira","PT-08","PT","M40-44","FIN","4:34:08","0:32:02","0:05:21","2:26:11","0:03:29","1:27:04","187","164","12","2862","290","250","23","227","203","21","187","164","12","16448","1922","321","8771","209","5224"
"225","Nicolas LANGE-BERTEAUX","Male","LE BERNARD","FR-85","FR","M35-39","FIN","4:34:11","0:33:51","0:05:31","2:31:13","0:02:34","1:21:02","188","165","21","3006","471","411","56","323","297","39","188","165","21","16451","2031","331","9073","154","4862"
"1091","Daniel Held","Male","Sassenberg","","DE","M35-39","FIN","4:34:38","0:31:47","0:05:23","2:21:07","0:03:07","1:33:13","189","166","22","2998","266","229","27","164","146","16","189","166","22","16478","1907","323","8467","187","5593"
"641","Ben D'Hooge","Male","Grimbergen","BE-VBR","BE","M30-34","FIN","4:34:48","0:28:40","0:06:11","2:23:00","0:04:17","1:32:39","190","167","29","2897","123","105","10","159","141","20","190","167","29","16488","1720","371","8580","257","5559"
"600","JUAN CARLOS JIMENEZ  ESTEFA","Male","Madrid","ES-M","ES","M55-59","FIN","4:34:54","0:31:23","0:04:22","2:23:29","0:03:37","1:32:03","191","168","4","3175","240","207","8","177","158","5","191","168","4","16494","1883","262","8609","217","5523"
"778","Karim Oursana","Male","Lausanne","CH-VD","IT","M30-34","FIN","4:34:58","0:32:35","0:05:14","2:20:08","0:03:13","1:33:49","192","169","30","2894","338","294","50","160","142","21","192","169","30","16498","1955","314","8408","193","5629"
"1454","Vyacheslav Sokirkin","Male","Алматы","Алматы","KZ","M40-44","FIN","4:35:08","0:32:36","0:06:16","2:22:33","0:03:00","1:30:42","193","170","13","2844","344","299","29","207","184","17","193","170","13","16508","1956","376","8553","180","5442"
"472","Daniel Zaccaria","Male","Barcelona","ES-BARCELONA [BARCELONA]","VE","M35-39","FIN","4:35:26","0:33:53","0:04:52","2:24:53","0:03:19","1:28:28","194","171","23","2983","476","415","57","229","205","28","194","171","23","16526","2033","292","8693","199","5308"
"597","Enrico Adamo","Male","Mazara del Vallo","SICILIA","IT","M35-39","FIN","4:35:26","0:30:34","0:05:11","2:26:48","0:03:55","1:28:57","195","172","24","2983","191","165","13","214","191","26","195","172","24","16526","1834","311","8808","235","5337"
"469","Antoine Filoni","Male","la garde","FR-83","FR","M25-29","FIN","4:35:36","0:33:08","0:05:54","2:20:36","0:03:30","1:32:28","196","173","20","2893","389","341","50","182","163","19","196","173","20","16536","1988","354","8436","210","5548"
"1750","Pierre Leroy","Male","Bizanos","FR-64","FR","M30-34","FIN","4:35:37","0:33:07","0:06:54","2:22:16","0:05:19","1:28:01","197","174","31","2882","387","339","59","213","190","32","197","174","31","16537","1987","414","8536","319","5281"
"972","Jonathan Dion","Male","Laval","QC","CA","M35-39","FIN","4:35:39","0:35:16","0:07:53","2:21:14","0:05:13","1:26:04","198","175","25","2979","639","556","75","236","212","30","198","175","25","16539","2116","473","8474","313","5164"
"2049","Andrew Baverstock","Male","Taunton","GB-SOM","GB","M55-59","FIN","4:35:55","0:33:53","0:05:24","2:27:12","0:04:28","1:24:58","199","176","5","3157","472","412","17","265","241","7","199","176","5","16555","2033","324","8832","268","5098"
"2132","Héctor Leña","Male","Sant Iscle de Vallalta","Cataluña","ES","M40-44","FIN","4:35:56","0:29:39","0:05:25","2:24:32","0:03:00","1:33:19","200","177","14","2829","153","131","7","181","162","12","200","177","14","16556","1779","325","8672","180","5599"
"661","Giulio Mantovani","Male","Este","IT-Padova","IT","M30-34","FIN","4:35:58","0:27:41","0:05:11","2:24:29","0:04:15","1:34:22","201","178","32","2876","98","84","6","151","133","16","201","178","32","16558","1661","311","8669","255","5662"
"1986","Guillermo Coloma-Caturla","Male","Madrid","ES-Comunidad de Madrid","ES","M30-34","FIN","4:36:40","0:32:34","0:04:50","2:36:11","0:02:47","1:20:17","202","179","33","2863","337","293","49","399","371","72","202","179","33","16600","1954","290","9371","167","4817"
"141","Thomas Becaud","Male","Abrest","FR-03","FR","M35-39","FIN","4:36:42","0:32:15","0:05:36","2:28:13","0:02:56","1:27:41","203","180","26","2960","306","263","31","260","236","35","203","180","26","16602","1935","336","8893","176","5261"
"119","Patrick Argi","Male","Monaco","MC-CO","MC","M50-54","FIN","4:36:43","0:32:24","0:06:02","2:20:26","0:04:02","1:33:49","204","181","4","3108","317","274","17","171","152","5","204","181","4","16603","1944","362","8426","242","5629"
"212","Álvaro Monedero Álvarez","Male","Madrid","","ES","M30-34","FIN","4:36:49","0:31:53","0:06:50","2:25:58","0:03:18","1:28:50","205","182","34","2861","272","235","37","239","215","39","205","182","34","16609","1913","410","8758","198","5330"
"1138","Gabriel Fort Soto","Male","Barcelona","ES-BARCELONA [BARCELONA]","ES","M35-39","FIN","4:37:00","0:31:32","0:05:57","2:24:40","0:03:38","1:31:12","206","183","27","2955","249","215","24","212","189","25","206","183","27","16620","1892","357","8680","218","5472"
"1937","Lucie Loudenot","Female","DIJON","COTE-D'OR","FR","F30-34","FIN","4:37:10","0:29:44","0:04:34","2:28:25","0:02:54","1:31:33","207","24","1","3500","156","23","2","217","24","1","207","24","1","16630","1784","274","8905","174","5493"
"751","Javier Valle","Male","London","GB-ENG","ES","M35-39","FIN","4:37:20","0:34:31","0:05:06","2:26:06","0:03:22","1:28:14","208","184","28","2949","544","472","65","254","230","34","208","184","28","16640","2071","306","8766","202","5294"
"201","Antoine Bovin","Male","Lausanne","","FR","M30-34","FIN","4:37:39","0:36:54","0:05:31","2:21:40","0:02:39","1:30:55","209","185","35","2846","901","791","145","233","209","37","209","185","35","16659","2214","331","8500","159","5455"
"2156","Alejandro Romero Esteban","Male","Madrid","","ES","M45-49","FIN","4:37:47","0:31:22","0:05:35","2:19:46","0:03:43","1:37:21","210","186","12","3105","239","206","12","147","129","7","210","186","12","16667","1882","335","8386","223","5841"
"1756","Martin Blanco Ruiz","Male","Priego de Córdoba ","Córdoba ","ES","M18-24","FIN","4:37:48","0:28:31","0:04:45","2:24:03","0:05:04","1:35:25","211","187","11","2810","118","100","9","150","132","13","211","187","11","16668","1711","285","8643","304","5725"
"1251","Jonatan Ingelström","Male","26491","SE-M","SE","M40-44","FIN","4:37:49","0:36:06","0:05:33","2:23:30","0:04:17","1:28:23","212","188","15","2795","761","665","83","249","225","24","212","188","15","16669","2166","333","8610","257","5303"
"1068","Xavier Baami González","Male","Cerdanyola del Vallès","ES-B","ES","M25-29","FIN","4:38:02","0:31:30","0:05:26","2:32:17","0:03:21","1:25:28","213","189","21","2849","248","214","34","300","275","38","213","189","21","16682","1890","326","9137","201","5128"
"5030","Friedel Cuypers","Female","Leuven","","BE","FPRO","FIN","4:38:02","0:33:06","0:04:41","2:32:51","0:02:40","1:24:45","214","25","22","2881","386","48","24","325","27","23","214","25","22","16682","1986","281","9171","160","5085"
"106","Yoann Carpentier","Male","Seillans","FR-83","FR","M30-34","FIN","4:38:04","0:34:47","0:04:31","2:15:55","0:02:49","1:40:02","215","190","36","2838","573","496","80","132","116","12","215","190","36","16684","2087","271","8155","169","6002"
"2517","Felix Schwarzmeier","Male","Würzburg","BY","DE","M35-39","FIN","4:38:10","0:34:59","0:06:19","2:14:35","0:06:09","1:36:09","216","191","29","2934","596","516","71","139","122","12","216","191","29","16690","2099","379","8075","369","5769"
"1768","Alexey Savelyev","Male","Bussum","NL-NH","NL","M40-44","FIN","4:38:25","0:34:21","0:04:50","2:24:11","0:03:01","1:32:04","217","192","16","2785","522","457","51","225","201","20","217","192","16","16705","2061","290","8651","181","5524"
"235","Jeff Beckers","Male","Calpe","ES-A","BE","M40-44","FIN","4:38:41","0:31:48","0:05:45","2:23:15","0:04:03","1:33:50","218","193","17","2780","269","232","20","196","173","15","218","193","17","16721","1908","345","8595","243","5630"
"1314","Kristoffer Longva Eriksen","Male","Haslum","Akershus","NO","M25-29","FIN","4:38:44","0:34:57","0:06:59","2:26:08","0:04:34","1:26:07","219","194","22","2837","591","511","87","280","256","33","219","194","22","16724","2097","419","8768","274","5167"
"2509","Joan Samon Talavera","Male","Calella","Catalonia","ES","M25-29","FIN","4:38:47","0:32:33","0:05:15","2:26:16","0:03:51","1:30:52","220","195","23","2836","334","290","42","232","208","23","220","195","23","16727","1953","315","8776","231","5452"
"2578","Jurjen Reinstra","Male","Medemblik","NL-NH","NL","M35-39","FIN","4:38:53","0:30:48","0:06:42","2:26:32","0:05:10","1:29:42","221","196","30","2921","209","180","16","231","207","29","221","196","30","16733","1848","402","8792","310","5382"
"2340","David Martinez De Aragon Gimeno","Male","Cuarte de Huerva","Zaragoza","ES","M25-29","FIN","4:39:07","0:34:48","0:05:16","2:24:46","0:03:46","1:30:32","222","197","24","2830","575","498","86","242","218","25","222","197","24","16747","2088","316","8686","226","5432"
"430","Mark Rushby","Male","Newtownards","GB-AND","IE","M55-59","FIN","4:39:09","0:36:55","0:06:01","2:26:04","0:03:34","1:26:36","223","198","6","3098","907","796","33","297","272","9","223","198","6","16749","2215","361","8764","214","5196"
"1591","Diego Martí Pérez","Male","València","WV","ES","M25-29","FIN","4:39:17","0:31:07","0:04:44","2:28:41","0:03:39","1:31:07","224","199","25","2827","225","194","29","238","214","24","224","199","25","16757","1867","284","8921","219","5467"
"2346","Hugo Ecija Bernal","Male","madrid","ES-MD","ES","M55-59","FIN","4:39:20","0:29:56","0:04:34","2:23:28","0:04:47","1:36:34","225","200","7","3095","167","143","3","161","143","3","225","200","7","16760","1796","274","8608","287","5794"
"2276","tyler hannay","Male","Ramsey","Isle of Man","GB","M18-24","FIN","4:39:20","0:37:28","0:06:48","2:06:34","0:05:28","1:43:03","226","201","12","2783","996","877","61","98","89","8","226","201","12","16760","2248","408","7594","328","6183"
"712","Mario Crespo Martin","Male","Paterna","ES-V","ES","M40-44","FIN","4:39:27","0:31:42","0:04:31","2:29:28","0:04:49","1:28:58","227","202","18","2766","259","223","19","252","228","25","227","202","18","16767","1902","271","8968","289","5338"
"234","Víctor Hernandez Romero","Male","Vilabertran","GIRONA [GERONA]","ES","M35-39","FIN","4:39:43","0:32:54","0:06:19","2:26:25","0:04:46","1:29:19","228","203","31","2906","371","324","42","250","226","32","228","203","31","16783","1974","379","8785","286","5359"
"1782","Christopher Pfitzner","Male","Karlsruhe","BADEN-WURTTEMBERG","GB","M30-34","FIN","4:40:10","0:31:05","0:05:55","2:27:50","0:03:22","1:31:57","229","204","37","2800","224","193","32","243","219","40","229","204","37","16810","1865","355","8870","202","5517"
"969","Maxime Marteau","Male","Madrid","ES-M","FR","M25-29","FIN","4:40:25","0:32:35","0:05:21","2:34:18","0:03:19","1:24:52","230","205","26","2806","339","295","43","360","332","49","230","205","26","16825","1955","321","9258","199","5092"
"214","Koen Devadder","Male","Landen","BE-VBR","BE","M30-34","FIN","4:40:36","0:33:41","0:05:37","2:23:40","0:06:17","1:31:20","231","206","38","2792","448","392","67","222","198","34","231","206","38","16836","2021","337","8620","377","5480"
"228","Leonel Santos","Male","Clarens","CH-CH-VAUD","SZ","M40-44","FIN","4:40:40","0:40:04","0:05:03","2:21:41","0:03:32","1:30:21","232","207","19","2744","1425","1248","151","268","244","28","232","207","19","16840","2404","303","8501","212","5421"
"145","Tomáš Fiedler","Male","Jilemnice","CZ-Liberec Region","CZ","M40-44","FIN","4:40:47","0:32:39","0:04:53","2:25:46","0:04:45","1:32:44","233","208","20","2742","348","303","31","224","200","19","233","208","20","16847","1959","293","8746","285","5564"
"861","Rodrigo Núñez De Aysa","Male","Madrid","","ES","M30-34","FIN","4:40:52","0:33:41","0:05:45","2:26:20","0:03:34","1:31:32","234","209","39","2788","450","394","69","255","231","41","234","209","39","16852","2021","345","8780","214","5492"
"726","Marc Obrador Puigdemont","Male","Alcobendas","ES-MD","ES","M40-44","FIN","4:41:11","0:29:54","0:04:38","2:26:51","0:04:22","1:35:26","235","210","21","2735","165","141","8","206","183","16","235","210","21","16871","1794","278","8811","262","5726"
"581","Antoine Beracochea","Male","Villenave d'Ornon","FR-NAQ","FR","M25-29","FIN","4:41:19","0:35:38","0:04:49","2:25:59","0:03:11","1:31:42","236","211","27","2790","689","602","109","263","239","28","236","211","27","16879","2138","289","8759","191","5502"
"2551","Lluis Herrero","Male","Banyoles","","ES","M50-54","FIN","4:41:27","0:36:10","0:05:59","2:26:57","0:04:27","1:27:54","237","212","5","3023","770","674","59","298","273","12","237","212","5","16887","2170","359","8817","267","5274"
"1204","Dani Zurfluh","Male","Erstfeld","","CH","M45-49","FIN","4:41:30","0:32:02","0:04:05","2:21:25","0:03:22","1:40:36","238","213","13","3038","291","251","20","155","137","8","238","213","13","16890","1922","245","8485","202","6036"
"477","Hugo Pita","Male","Funchal","PT-30","PT","M40-44","FIN","4:41:36","0:36:13","0:05:36","2:24:35","0:03:24","1:31:49","239","214","22","2727","783","686","86","262","238","27","239","214","22","16896","2173","336","8675","204","5509"
"1598","Jorge Miralles Gimenez","Male","Valencia","ES-VC","ES","M18-24","FIN","4:41:36","0:34:27","0:05:49","2:27:44","0:02:57","1:30:40","240","215","13","2742","532","461","33","278","254","18","240","215","13","16896","2067","349","8864","177","5440"
"1442","Jonnie Blackman","Male","Sevenoaks","GB-KEN","GB","M30-34","FIN","4:41:48","0:35:34","0:11:49","2:20:24","0:04:17","1:29:45","241","216","40","2771","676","590","99","275","251","44","241","216","40","16908","2134","709","8424","257","5385"
"715","Philipp Ebach","Male","Bonn","NW","DE","M30-34","FIN","4:41:51","0:30:51","0:05:28","2:32:14","0:04:01","1:29:17","242","217","41","2770","213","183","29","289","265","47","242","217","41","16911","1851","328","9134","241","5357"
"1267","Matthijs Van Tiel","Male","Teteringen","","NL","M18-24","FIN","4:41:58","0:32:35","0:05:31","2:17:46","0:03:19","1:42:46","243","218","14","2735","340","296","18","138","121","11","243","218","14","16918","1955","331","8266","199","6166"
"501","Sean Nicolle","Male","Aylesbury","GB-BUCKINGHAMSHIRE","GB","M55-59","FIN","4:42:00","0:30:59","0:04:57","2:24:01","0:05:02","1:37:02","244","219","8","3047","219","188","6","187","168","6","244","219","8","16920","1859","297","8641","302","5822"
"495","Paul Barrett","Male","Aspull","GTM","GB","M45-49","FIN","4:42:30","0:34:44","0:06:09","2:30:20","0:03:30","1:27:47","245","220","14","3020","570","493","44","338","310","23","245","220","14","16950","2084","369","9020","210","5267"
"870","Bas Harenslak","Male","Leidschendam","NL-ZH","NL","M35-39","FIN","4:42:44","0:33:15","0:06:25","2:20:08","0:03:35","1:39:21","246","221","32","2852","400","350","45","184","165","19","246","221","32","16964","1995","385","8408","215","5961"
"62","Patrik Krelke","Male","Suhl","foreigner","DE","MPRO","FIN","4:42:50","0:31:25","0:03:37","2:26:44","0:02:40","1:38:25","247","222","59","2259","243","209","59","210","187","58","247","222","59","16970","1885","217","8804","160","5905"
"2484","Andreas Maos","Male","London","GB-WSM","CY","M30-34","FIN","4:42:54","0:29:47","0:06:31","2:39:21","0:04:05","1:23:11","248","223","42","2751","158","135","16","448","417","78","248","223","42","16974","1787","391","9561","245","4991"
"1425","Ruud Baars","Male","Aalten","NL-Gelderland","NL","M50-54","FIN","4:43:04","0:37:06","0:06:28","2:25:06","0:04:25","1:29:59","249","224","6","2994","942","827","75","290","266","10","249","224","6","16984","2226","388","8706","265","5399"
"163","Jeroen Biesemans","Male","Oostrozebeke","BE-VWV","BE","M45-49","FIN","4:43:09","0:31:58","0:05:43","2:33:40","0:03:05","1:28:44","250","225","15","3008","281","242","19","339","311","24","250","225","15","16989","1918","343","9220","185","5324"
"329","Markus Lassesen Håland","Male","Bergen","","NO","M25-29","FIN","4:43:18","0:34:24","0:05:57","2:22:21","0:03:51","1:36:45","251","226","28","2754","528","459","76","216","193","22","251","226","28","16998","2064","357","8541","231","5805"
"179","Daniel Petrescu","Male","Le Grand-Saconnex","","RO","M45-49","FIN","4:43:23","0:38:22","0:05:35","2:28:24","0:03:51","1:27:12","252","227","16","3004","1161","1027","100","363","335","29","252","227","16","17003","2302","335","8904","231","5232"
"1530","Sam Twine","Male","London","SXE","GB","M30-34","FIN","4:43:28","0:30:43","0:04:46","2:25:23","0:03:51","1:38:43","253","228","43","2741","200","173","27","198","175","27","253","228","43","17008","1843","286","8723","231","5923"
"1950","Carlos Sebastian puertos","Male","Castelló","Community of Valencia","ES","M30-34","FIN","4:43:33","0:33:51","0:05:25","2:29:57","0:03:44","1:30:36","254","229","44","2739","470","410","71","301","276","49","254","229","44","17013","2031","325","8997","224","5436"
"2423","Ignacio Baeza","Male","Madrid","MD","ES","M25-29","FIN","4:43:35","0:32:48","0:05:38","2:29:57","0:04:13","1:30:58","255","230","29","2749","364","318","46","285","261","34","255","230","29","17015","1968","338","8997","253","5458"
"142","Ralph Castelberg","Male","Liebefeld","CH-CH-BE","CH","M45-49","FIN","4:43:40","0:31:36","0:06:07","2:25:07","0:06:55","1:33:55","256","231","17","2999","253","218","14","220","196","13","256","231","17","17020","1896","367","8707","415","5635"
"1415","Juan Miguel Sanchez Gomez","Male","Valencia ","Valencia ","ES","M45-49","FIN","4:43:42","0:33:00","0:09:38","2:27:52","0:05:29","1:27:44","257","232","18","2999","381","334","30","321","295","22","257","232","18","17022","1980","578","8872","329","5264"
"2167","Julian Dorrego Gamero","Male","Málaga","ES-Andalusia","ES","M25-29","FIN","4:44:01","0:37:40","0:05:45","2:34:16","0:03:34","1:22:46","258","233","30","2741","1030","909","157","504","465","73","258","233","30","17041","2260","345","9256","214","4966"
"171","Ray Kearney","Male","Limerick","IE-M","IE","M40-44","FIN","4:44:05","0:30:17","0:05:31","2:18:00","0:04:38","1:45:39","259","234","23","2683","176","151","11","116","102","6","259","234","23","17045","1817","331","8280","278","6339"
"114","Bettina Steiger","Female","Maisprach","","CH","F50-54","FIN","4:44:07","0:33:36","0:04:43","2:31:29","0:03:40","1:30:39","260","26","1","3500","438","55","1","312","26","1","260","26","1","17047","2016","283","9089","220","5439"
"433","Bruce Leishman","Male","Fulham","HAMMERSMITH AND FULHAM","GB","M35-39","FIN","4:44:09","0:31:16","0:07:03","2:32:53","0:05:49","1:27:08","261","235","33","2826","233","201","21","337","309","40","261","235","33","17049","1876","423","9173","349","5228"
"1129","Manuel Peter","Male","6300","CH-ZG","CH","M30-34","FIN","4:44:11","0:34:55","0:07:23","2:27:26","0:04:22","1:30:05","262","236","45","2728","587","508","84","307","282","51","262","236","45","17051","2095","443","8846","262","5405"
"2030","William Baverstock","Male","North Curry","GB-SOM","GB","M18-24","FIN","4:44:14","0:36:06","0:05:31","2:29:45","0:03:00","1:29:53","263","237","15","2694","758","662","43","341","313","20","263","237","15","17054","2166","331","8985","180","5393"
"929","Jules-Théo ROBIN","Male","Muides-sur-Loire","FR-CVL","FR","M18-24","FIN","4:44:26","0:35:36","0:06:54","2:30:00","0:03:54","1:28:02","264","238","16","2691","683","596","37","371","343","21","264","238","16","17066","2136","414","9000","234","5282"
"2379","Felipe Camprodon Boadas","Male","Barcelona","ES-B","ES","M25-29","FIN","4:44:33","0:35:15","0:06:50","2:23:56","0:04:57","1:33:35","265","239","31","2732","632","551","99","258","234","27","265","239","31","17073","2115","410","8636","297","5615"
"1558","GERBER EXPÓSITO GERBER","Male","REALEJOS (LOS)","ES-TF","CH","M40-44","FIN","4:44:38","0:27:55","0:04:15","2:36:44","0:03:46","1:31:58","266","240","24","2673","107","92","2","295","270","32","266","240","24","17078","1675","255","9404","226","5518"
"1849","Merlijn Becks","Male","Doetinchem","NL-GE","NL","M25-29","FIN","4:44:55","0:35:38","0:06:02","2:24:47","0:05:02","1:33:26","267","241","32","2725","688","601","108","264","240","29","267","241","32","17095","2138","362","8687","302","5606"
"1987","Victor Sanz Ortiz","Male","Luzern","CH-LU","ES","M30-34","FIN","4:44:55","0:34:01","0:05:59","2:31:22","0:03:45","1:29:49","268","242","46","2715","486","424","72","340","312","61","268","242","46","17095","2041","359","9082","225","5389"
"868","Quincy Bergen","Male","Zoetermeer","NL-ZH","NL","M18-24","FIN","4:45:11","0:33:00","0:06:23","2:26:27","0:03:27","1:35:54","269","243","17","2677","382","335","21","256","232","16","269","243","17","17111","1980","383","8787","207","5754"
"2188","Andrea Lucido","Male","Sestu","IT-SARDEGNA","IT","M35-39","FIN","4:45:16","0:27:18","0:05:46","2:27:57","0:05:11","1:39:05","270","244","34","2806","89","77","2","202","179","23","270","244","34","17116","1638","346","8877","311","5945"
"639","Gérald Sucret","Male","Gradignan","","FR","M50-54","FIN","4:45:23","0:32:16","0:05:25","2:19:56","0:03:22","1:44:25","271","245","7","2952","308","265","16","157","139","4","271","245","7","17123","1936","325","8396","202","6265"
"483","Jacob Cross","Male","London","London","GB","M30-34","FIN","4:45:28","0:32:01","0:07:36","2:31:10","0:04:11","1:30:30","272","246","47","2705","287","247","42","330","302","58","272","246","47","17128","1921","456","9070","251","5430"
"985","Olav de Laat","Male","Antwerpen","ANTWERPEN","BE","M18-24","FIN","4:45:38","0:33:08","0:06:03","2:31:27","0:04:17","1:30:43","273","247","18","2669","390","342","22","326","299","19","273","247","18","17138","1988","363","9087","257","5443"
"1123","Yannick Staub","Male","Zug","CH-ZG","CH","M30-34","FIN","4:45:42","0:30:37","0:05:30","2:28:24","0:03:36","1:37:35","274","248","48","2701","195","168","25","237","213","38","274","248","48","17142","1837","330","8904","216","5855"
"2194","Mateo Squire","Male","Cambridge","Cambridgeshire","ES","M35-39","FIN","4:45:45","0:32:21","0:06:01","2:37:45","0:03:37","1:26:02","275","249","35","2798","315","272","35","459","427","55","275","249","35","17145","1941","361","9465","217","5162"
"1257","Zemmie VAN DER SCHAAF","Male","Klippan","","SE","M30-34","FIN","4:46:19","0:34:30","0:05:06","2:26:46","0:05:21","1:34:35","276","250","49","2690","538","466","76","261","237","43","276","250","49","17179","2070","306","8806","321","5675"
"1901","Joaquin Visquert Pitarch","Male","Madrid","","ES","M35-39","FIN","4:46:19","0:33:35","0:05:28","2:32:55","0:05:35","1:28:46","277","251","36","2787","436","382","53","355","327","42","277","251","36","17179","2015","328","9175","335","5326"
"160","Lothaire Hemmer","Male","Montoy Flanville","FR-FR-57","FR","M35-39","FIN","4:46:31","0:31:38","0:05:10","2:23:23","0:04:50","1:41:29","278","252","37","2784","256","220","26","190","169","21","278","252","37","17191","1898","310","8603","290","6089"
"436","Philipp Adler","Male","Wien","AT-9","AT","M25-29","FIN","4:46:33","0:37:07","0:08:02","2:36:15","0:04:22","1:20:47","279","253","33","2696","948","832","145","641","594","96","279","253","33","17193","2227","482","9375","262","4847"
"2494","Alejandro Rodriguez Gomez","Male","Badalona","Catalonia","CO","M30-34","FIN","4:46:37","0:34:24","0:06:10","2:31:54","0:05:55","1:28:14","280","254","50","2684","526","458","74","369","341","67","280","254","50","17197","2064","370","9114","355","5294"
"582","Théo Houriez","Male","etterbeek","","BE","M25-29","FIN","4:46:39","0:29:02","0:05:16","2:24:08","0:04:04","1:44:09","281","255","34","2694","136","116","17","166","147","16","281","255","34","17199","1742","316","8648","244","6249"
"590","Henning Von Poser","Male","Düsseldorf","DE-NORDRHEIN-WESTFALEN","DE","M60-64","FIN","4:46:50","0:33:31","0:05:55","2:25:22","0:04:26","1:37:36","282","256","1","3500","430","376","6","241","217","1","282","256","1","17210","2011","355","8722","266","5856"
"1544","Omar Benhamou Francés","Male","Villena","ES-A","ES","M25-29","FIN","4:46:58","0:37:55","0:06:36","2:33:34","0:03:53","1:25:00","283","257","35","2688","1079","953","170","513","474","77","283","257","35","17218","2275","396","9214","233","5100"
"1982","Thomas Limbioul","Male","Les Bons Villers","","BE","M18-24","FIN","4:47:06","0:27:19","0:05:07","2:28:56","0:03:35","1:42:10","284","258","19","2643","90","78","5","205","182","15","284","258","19","17226","1639","307","8936","215","6130"
"5034","Sonia Tomegros Regalado","Female","
Copenhagen","","DK","FPRO","FIN","4:47:10","0:30:48","0:04:01","2:33:58","0:03:07","1:35:15","285","27","23","2716","210","30","21","294","25","22","285","27","23","17230","1848","241","9238","187","5715"
"2464","IÑAKI ZAERA DE CASO","Male","CEUTA","ES-CE","ES","M40-44","FIN","4:47:20","0:33:15","0:06:20","2:32:08","0:04:46","1:30:51","286","259","25","2624","401","351","36","347","319","36","286","259","25","17240","1995","380","9128","286","5451"
"832","Alexander Berkhout","Male","Leiden","NL-ZH","NL","M30-34","FIN","4:47:22","0:36:16","0:08:22","2:33:57","0:04:59","1:23:48","287","260","51","2671","792","694","118","528","489","91","287","260","51","17242","2176","502","9237","299","5028"
"222","Dominic Renting","Male","Amsterdam","NL-NH","NL","M35-39","FIN","4:47:23","0:34:01","0:06:03","2:25:36","0:04:01","1:37:42","288","261","38","2768","487","425","59","251","227","33","288","261","38","17243","2041","363","8736","241","5862"
"2508","Adrià Aragúndez Sabater","Male","Calella","Catalonia","ES","M25-29","FIN","4:47:24","0:34:15","0:04:20","2:33:33","0:04:26","1:30:50","289","262","36","2681","514","452","75","358","330","47","289","262","36","17244","2055","260","9213","266","5450"
"1808","Ignacio Navalon Soler","Male","silla","VALENCIA*","ES","M45-49","FIN","4:47:27","0:34:48","0:05:33","2:31:30","0:03:35","1:32:01","290","263","19","2931","576","499","45","349","321","27","290","263","19","17247","2088","333","9090","215","5521"
"897","Eugene Malyshev","Male","Minsk","Minsk region","","M25-29","FIN","4:47:29","0:38:01","0:05:49","2:30:29","0:04:39","1:28:31","291","264","37","2679","1101","973","173","412","383","57","291","264","37","17249","2281","349","9029","279","5311"
"2391","Javier Marrero","Male","Santa Brígida","ES-GC","ES","M25-29","FIN","4:47:39","0:35:03","0:05:38","2:27:21","0:03:25","1:36:12","292","265","38","2676","603","523","89","279","255","32","292","265","38","17259","2103","338","8841","205","5772"
"1947","Aurélien Clochepin","Male","Hermonville","Grand Est","FR","M30-34","FIN","4:47:44","0:39:03","0:07:40","2:23:14","0:04:54","1:32:52","293","266","52","2664","1261","1110","200","315","289","53","293","266","52","17264","2343","460","8594","294","5572"
"5016","Laura Strack","Female","Hamburg","HAMBURG","DE","FPRO","FIN","4:47:47","0:32:49","0:04:05","2:33:48","0:02:43","1:34:21","294","28","24","2705","367","47","23","329","28","24","294","28","24","17267","1969","245","9228","163","5661"
"2269","JAIME TOMAS TAPIAS","Male","Madrid","ES-MADRID","ES","M40-44","FIN","4:47:51","0:30:25","0:05:26","2:24:54","0:03:32","1:43:33","295","267","26","2615","183","157","13","195","172","14","295","267","26","17271","1825","326","8694","212","6213"
"1855","Guido Mulero Ogando","Male","Barcelona","Barcelona","ES","M30-34","FIN","4:47:54","0:30:27","0:05:29","2:37:15","0:03:18","1:31:25","296","268","53","2661","184","158","22","390","362","71","296","268","53","17274","1827","329","9435","198","5485"
"1459","GAIZKA DE PRADO","Male","VITORIA","ES-VI","ES","M25-29","FIN","4:48:08","0:36:17","0:06:30","2:29:28","0:04:29","1:31:23","297","269","39","2667","797","699","127","361","333","50","297","269","39","17288","2177","390","8968","269","5483"
"691","Diana Muller","Female","Erlinsbach","CH-AG","CH","F40-44","FIN","4:48:18","0:36:01","0:05:29","2:33:19","0:03:14","1:30:14","298","29","1","3500","747","95","8","427","30","1","298","29","1","17298","2161","329","9199","194","5414"
"216","Marc Cadena","Male","Sant Sadurní d'Anoia","ES-B","ES","M45-49","FIN","4:48:19","0:33:18","0:05:42","2:34:37","0:03:44","1:30:59","299","270","20","2915","406","354","31","400","372","34","299","270","20","17299","1998","342","9277","224","5459"
"1925","Matteo Gaballo","Male","Nardò","Lecce","IT","M40-44","FIN","4:48:26","0:32:36","0:05:35","2:35:20","0:05:15","1:29:39","300","271","27","2604","345","300","30","398","370","43","300","271","27","17306","1956","335","9320","315","5379"
"759","Rob McDowell","Male","Morningside, Edinburgh","GB-MLN","GB","M25-29","FIN","4:48:32","0:26:23","0:06:26","2:37:01","0:03:53","1:34:49","301","272","40","2660","72","66","3","313","287","42","301","272","40","17312","1583","386","9421","233","5689"
"722","Josue Alvarez Perez","Male","LOS REALEJOS","","ES","M40-44","FIN","4:48:36","0:32:07","0:05:15","2:30:17","0:04:33","1:36:24","302","273","28","2601","294","254","25","274","250","30","302","273","28","17316","1927","315","9017","273","5784"
"685","Antonio Berbel","Male","Madrid","Community of Madrid","ES","M30-34","FIN","4:48:38","0:35:01","0:06:18","2:27:09","0:05:28","1:34:41","303","274","54","2648","599","519","85","288","264","46","303","274","54","17318","2101","378","8829","328","5681"
"1939","Christoph Mueller","Male","Sabadell","ES-CT","DE","M45-49","FIN","4:48:43","0:33:45","0:05:38","2:38:50","0:04:30","1:26:00","304","275","21","2908","460","402","35","517","478","46","304","275","21","17323","2025","338","9530","270","5160"
"168","Mike Quinlivan","Male","Clare","IE-CE","IE","M50-54","FIN","4:48:50","0:36:10","0:05:33","2:29:42","0:04:37","1:32:48","305","276","8","2890","772","675","60","342","314","17","305","276","8","17330","2170","333","8982","277","5568"
"2499","RUBEN Gallent","Male","Llíria","ES-V","ES","M35-39","FIN","4:48:51","0:37:06","0:05:46","2:29:29","0:03:56","1:32:33","306","277","39","2742","946","831","107","365","337","43","306","277","39","17331","2226","346","8969","236","5553"
"2550","Romain Grégoire","Male","REIMS","","FR","M18-24","FIN","4:48:54","0:31:04","0:05:06","2:22:53","0:02:57","1:46:53","307","278","20","2610","222","191","12","174","155","14","307","278","20","17334","1864","306","8573","177","6413"
"937","Christian Ortz","Male","Rommerskirchen","NW","DE","M45-49","FIN","4:49:05","0:35:34","0:05:44","2:26:31","0:04:22","1:36:54","308","279","22","2902","678","592","56","276","252","19","308","279","22","17345","2134","344","8791","262","5814"
"1063","Hicham Sadiqui","Male","RABAT","MA-RAB","FR","M40-44","FIN","4:49:11","0:39:34","0:06:27","2:27:30","0:04:53","1:30:47","309","280","29","2591","1343","1178","141","396","368","41","309","280","29","17351","2374","387","8850","293","5447"
"512","Conor Fane","Male","Chinnor","GB-OXF","GB","M30-34","FIN","4:49:15","0:31:23","0:04:45","2:34:08","0:04:48","1:34:11","310","281","55","2637","241","208","34","318","292","55","310","281","55","17355","1883","285","9248","288","5651"
"773","Francesco Morici","Male","Bussigny","CH-VD","IT","M30-34","FIN","4:49:15","0:26:35","0:06:10","2:28:11","0:03:25","1:44:56","311","282","56","2637","75","67","2","200","177","28","311","282","56","17355","1595","370","8891","205","6296"
"420","Daniel Asenjo","Male","Madrid","","ES","M30-34","FIN","4:49:37","0:36:16","0:05:10","2:35:32","0:03:19","1:29:19","312","283","57","2630","795","697","120","487","449","82","312","283","57","17377","2176","310","9332","199","5359"
"1829","Adrián Domingo Gradolí","Male","Catarroja","Community of Valencia","ES","M25-29","FIN","4:49:42","0:29:55","0:04:14","2:35:33","0:04:51","1:35:09","313","284","41","2639","166","142","22","306","281","40","313","284","41","17382","1795","254","9333","291","5709"
"118","Helen Ibbotson","Female","Chipping Norton","GB-OXF","GB","F50-54","FIN","4:49:45","0:40:02","0:05:29","2:31:44","0:03:58","1:28:30","314","30","2","3398","1424","177","12","494","39","2","314","30","2","17385","2402","329","9104","238","5310"
"1993","Antonio Renovell March","Male","Bétera","ES-V","ES","M40-44","FIN","4:49:50","0:32:17","0:05:03","2:37:15","0:03:12","1:32:03","315","285","30","2579","310","267","27","419","390","47","315","285","30","17390","1937","303","9435","192","5523"
"686","Mathieu Dupitier","Male","Noisy le grand","FR-FR-IDF","FR","M40-44","FIN","4:49:52","0:35:41","0:05:24","2:29:20","0:03:51","1:35:36","316","286","31","2579","700","611","72","320","294","33","316","286","31","17392","2141","324","8960","231","5736"
"1103","Santiago Castilla Camelo","Male","Bogotá","CO-DC","CO","M30-34","FIN","4:49:56","0:37:32","0:05:04","2:32:16","0:03:31","1:31:33","317","287","58","2624","1008","888","166","430","400","74","317","287","58","17396","2252","304","9136","211","5493"
"1056","Aifon Peerlinck","Male","Lede","Oost-Vlaanderen","BE","M18-24","FIN","4:49:57","0:37:22","0:05:28","2:35:27","0:03:03","1:28:38","318","288","21","2591","981","864","59","518","479","28","318","288","21","17397","2242","328","9327","183","5318"
"191","Jacek Zielonka","Male","Wieliczka","małopolskie","PL","M45-49","FIN","4:50:07","0:30:23","0:04:50","2:27:26","0:03:24","1:44:04","319","289","23","2883","180","154","8","215","192","11","319","289","23","17407","1823","290","8846","204","6244"
"121","Andreas Schoenherr","Male","Rüschlikon","CH-ZH","CH","M50-54","FIN","4:50:13","0:30:54","0:05:05","2:29:44","0:03:54","1:40:36","320","290","9","2865","216","185","9","253","229","7","320","290","9","17413","1854","305","8984","234","6036"
"178","Paul Hewett","Male","Herts","GB-HRT","GB","M40-44","FIN","4:50:17","0:31:35","0:04:49","2:29:31","0:03:32","1:40:51","321","291","32","2571","252","217","18","257","233","26","321","291","32","17417","1895","289","8971","212","6051"
"284","Katie Good","Female","Fulham","GB-ENG","GB","F35-39","FIN","4:50:17","0:33:14","0:05:41","2:37:43","0:03:04","1:30:36","322","31","1","3500","396","50","3","476","37","3","322","31","1","17417","1994","341","9463","184","5436"
"1253","David KAUNITZ","Male","Klippan","SE-M","SE","M45-49","FIN","4:50:18","0:32:46","0:06:52","2:24:01","0:05:58","1:40:41","323","292","24","2880","359","314","27","228","204","15","323","292","24","17418","1966","412","8641","358","6041"
"948","Calum Blow","","Oadby","LEI","GB","M35-39","FIN","4:50:18","0:36:11","0:07:20","2:35:10","0:04:32","1:27:05","324","293","40","2716","773","676","89","530","491","62","324","293","40","17418","2171","440","9310","272","5225"
"1766","Charles LE FRANCOIS","Male","Cintré","FR-BRE","FR","M30-34","FIN","4:50:35","0:39:03","0:05:57","2:31:59","0:03:02","1:30:34","325","294","59","2613","1262","1111","201","488","450","83","325","294","59","17435","2343","357","9119","182","5434"
"1131","Simon Van Hoof","Male","Kontich","antwerpen","BE","M18-24","FIN","4:50:35","0:37:50","0:06:50","2:21:58","0:03:50","1:40:07","326","295","22","2580","1062","938","66","267","243","17","326","295","22","17435","2270","410","8518","230","6007"
"668","José María Azcárate Ayerra","Male","El Rompido","","ES","M50-54","FIN","4:50:41","0:36:18","0:05:40","2:25:22","0:04:04","1:39:16","327","296","10","2857","800","701","62","271","247","8","327","296","10","17441","2178","340","8722","244","5956"
"407","Noel Keane","Male","Limerick","Limerick, Clare, Tipperary, Kerry, Galway","IE","M50-54","FIN","4:50:52","0:36:49","0:04:32","2:30:30","0:04:10","1:34:51","328","297","11","2854","889","780","70","350","322","19","328","297","11","17452","2209","272","9030","250","5691"
"1408","David JAUGEY","Male","CHESSY","FR-77","FR","M50-54","FIN","4:50:57","0:35:08","0:05:12","2:28:27","0:05:18","1:36:52","329","298","12","2852","612","532","45","292","268","11","329","298","12","17457","2108","312","8907","318","5812"
"167","Jose Ramon Callen","Male","Nueno","HUESCA","ES","M55-59","FIN","4:50:57","0:31:59","0:06:00","2:30:59","0:04:23","1:37:36","330","299","9","2886","283","243","9","296","271","8","330","299","9","17457","1919","360","9059","263","5856"
"2445","Esteban Perez Castilla","Male","Las Palmas de Gran Canaria","LAS PALMAS","ES","M25-29","FIN","4:50:59","0:32:33","0:06:33","2:35:29","0:04:46","1:31:39","331","300","42","2616","333","289","41","418","389","59","331","300","42","17459","1953","393","9329","286","5499"
"423","Henry Booth","Male","Utrecht","NL-UT","NZ","M30-34","FIN","4:51:01","0:43:00","0:06:25","2:24:56","0:04:05","1:32:35","332","301","60","2605","1784","1536","285","413","384","73","332","301","60","17461","2580","385","8696","245","5555"
"816","Tom Godon","Male","Saint Lyphard","","FR","M30-34","FIN","4:51:04","0:31:50","0:05:41","2:32:42","0:03:35","1:37:16","333","302","61","2604","271","234","36","317","291","54","333","302","61","17464","1910","341","9162","215","5836"
"185","Pavels Abelite","Male","Rīga","LV-Rīga","LV","M40-44","FIN","4:51:04","0:35:44","0:05:51","2:32:15","0:04:21","1:32:53","334","303","33","2557","705","615","74","404","375","44","334","303","33","17464","2144","351","9135","261","5573"
"2577","Jan-Willem Smit","Male","Wervershoof","NL-NH","NL","M40-44","FIN","4:51:07","0:37:49","0:08:02","2:28:55","0:06:25","1:29:57","335","304","34","2556","1056","932","111","424","395","48","335","304","34","17467","2269","482","8935","385","5397"
"2511","Pau Rueda","Male","Calella","Catalonia","ES","M25-29","FIN","4:51:12","0:40:59","0:07:14","2:23:58","0:03:33","1:35:29","336","305","43","2612","1552","1349","243","359","331","48","336","305","43","17472","2459","434","8638","213","5729"
"129","Oleg Franko","Male","Valencia","ES-V","UA","M55-59","FIN","4:51:16","0:35:30","0:06:01","2:29:32","0:04:23","1:35:51","337","306","10","2880","666","581","25","335","307","13","337","306","10","17476","2130","361","8972","263","5751"
"1410","Sem Moonen","Male","Ohe en Laak","foreigner","NL","M18-24","FIN","4:51:36","0:41:22","0:05:28","2:29:46","0:04:07","1:30:53","338","307","23","2562","1595","1383","104","475","439","26","338","307","23","17496","2482","328","8986","247","5453"
"1789","Diego Colmenar Ortega","Male","Madrid","ES-M","ES","M40-44","FIN","4:51:39","0:39:10","0:06:21","2:30:09","0:03:48","1:32:11","339","308","35","2546","1280","1124","137","449","418","51","339","308","35","17499","2350","381","9009","228","5531"
"1489","Fabio Premoli","Male","Madrid","MADRID","ES","M40-44","FIN","4:51:40","0:32:02","0:05:37","2:33:15","0:03:22","1:37:24","340","309","36","2546","292","252","24","332","304","34","340","309","36","17500","1922","337","9195","202","5844"
"2390","Alberto Marrero Suneson","Male","Santa Brígida","AU-NSW","ES","M25-29","FIN","4:51:43","0:35:31","0:05:58","2:27:16","0:04:22","1:38:36","341","310","44","2603","670","585","105","291","267","36","341","310","44","17503","2131","358","8836","262","5916"
"112","Angelo Rigopoulos","Male","Bassins (Vaud)","VAUD","IT","M40-44","FIN","4:51:54","0:33:22","0:05:44","2:28:23","0:05:34","1:38:51","342","311","37","2542","415","362","37","273","249","29","342","311","37","17514","2002","344","8903","334","5931"
"2534","Rubén Perez Fernandez","Male","A Coruña","Galicia","ES","M30-34","FIN","4:51:54","0:39:03","0:06:33","2:26:22","0:04:02","1:35:54","343","312","62","2589","1263","1112","202","354","326","64","343","312","62","17514","2343","393","8782","242","5754"
"293","Thomas Logie","Male","Inverness ","GB-SCT","GB","M30-34","FIN","4:52:29","0:35:49","0:05:57","2:30:00","0:04:17","1:36:25","344","313","63","2579","715","625","103","348","320","63","344","313","63","17549","2149","357","9000","257","5785"
"1479","Lamberto Samper Alcón","Male","Rocafort","ES-VALENCIA*","ES","M25-29","FIN","4:52:42","0:28:58","0:06:49","2:31:06","0:04:14","1:41:34","345","314","45","2585","134","114","16","269","245","30","345","314","45","17562","1738","409","9066","254","6094"
"1994","Bart De Beul","Male","Moorsel","","BE","M55-59","FIN","4:52:44","0:33:57","0:06:17","2:29:20","0:03:28","1:39:42","346","315","11","2854","480","419","18","304","279","10","346","315","11","17564","2037","377","8960","208","5982"
"1596","Adrian Cauchi","Male","Zurrieq","foreigner","MT","M40-44","FIN","4:52:45","0:35:30","0:06:48","2:34:50","0:06:08","1:29:28","347","316","38","2527","669","584","68","492","454","58","347","316","38","17565","2130","408","9290","368","5368"
"774","Davide Luigi Brambilla","Male","Antibes","Provence-Alpes-Côte d'Azur","IT","M30-34","FIN","4:52:52","0:31:54","0:05:45","2:25:52","0:03:16","1:46:05","348","317","64","2572","274","237","38","226","202","35","348","317","64","17572","1914","345","8752","196","6365"
"1145","Christoph Meyer","Male","Solothurn","CH-SO","CH","M30-34","FIN","4:52:53","0:33:28","0:05:15","2:27:21","0:03:58","1:42:51","349","318","65","2571","425","371","64","259","235","42","349","318","65","17573","2008","315","8841","238","6171"
"1272","Nicolas Chiron","Male","TOULOUSE","FR-31","FR","M50-54","FIN","4:53:01","0:34:31","0:06:19","2:37:14","0:03:36","1:31:20","350","319","13","2815","542","470","36","512","473","32","350","319","13","17581","2071","379","9434","216","5480"
"1181","António Correia","Male","Cascais","PT-LISBOA","PT","M45-49","FIN","4:53:05","0:32:32","0:13:45","2:31:12","0:03:32","1:32:03","351","320","25","2830","330","286","24","501","462","45","351","320","25","17585","1952","825","9072","212","5523"
"2541","Arthur Fabre","Male","Versailles","","FR","M30-34","FIN","4:53:31","0:36:38","0:06:22","2:32:14","0:03:28","1:34:49","352","321","66","2560","860","754","132","437","406","76","352","321","66","17611","2198","382","9134","208","5689"
"195","Michael Schmidt","Male","Langen","","DE","M55-59","FIN","4:53:36","0:39:42","0:05:47","2:27:41","0:03:20","1:37:06","353","322","12","2838","1372","1200","55","391","363","17","353","322","12","17616","2382","347","8861","200","5826"
"2386","Álvaro Pedraz Prieto","Male","Pozuelo de Alarcón","","ES","M35-39","FIN","4:53:40","0:32:18","0:06:52","2:42:12","0:05:47","1:26:30","354","323","41","2655","312","269","33","637","590","80","354","323","41","17620","1938","412","9732","347","5190"
"2368","Enrique Parra Saez","Male","Madrid","","ES","M45-49","FIN","4:53:50","0:34:10","0:06:58","2:33:15","0:05:31","1:33:56","355","324","26","2816","501","439","41","415","386","35","355","324","26","17630","2050","418","9195","331","5636"
"1374","Alejandro Garcia Dominguez","Male","Zürich","","ES","M35-39","FIN","4:53:57","0:39:09","0:08:03","2:28:01","0:06:03","1:32:41","356","325","42","2650","1278","1123","146","436","405","52","356","325","42","17637","2349","483","8881","363","5561"
"2152","Maithé Rivera","Female","Berlare","BE-VOV","BE","F25-29","FIN","4:54:04","0:36:10","0:05:40","2:39:55","0:03:38","1:28:42","357","32","2","3027","771","97","16","651","48","5","357","32","2","17644","2170","340","9595","218","5322"
"162","Jorge Seguí García","Male","Valencia","ES-V","ES","M50-54","FIN","4:54:14","0:32:08","0:06:36","2:33:15","0:04:00","1:38:15","358","326","14","2793","297","256","14","356","328","20","358","326","14","17654","1928","396","9195","240","5895"
"1795","Ilya Lashch","Male","Bialystok","","PL","M40-44","FIN","4:54:14","0:36:48","0:05:54","2:36:26","0:08:14","1:26:53","359","327","39","2500","885","776","97","548","506","66","359","327","39","17654","2208","354","9386","494","5213"
"2078","Pablo Galao Birkmann","Male","Marktredwitz","BY","ES","M25-29","FIN","4:54:19","0:39:20","0:07:14","2:22:51","0:03:49","1:41:05","360","328","46","2556","1311","1148","205","303","278","39","360","328","46","17659","2360","434","8571","229","6065"
"1625","David Endres","Male","Haan","NW","DE","M30-34","FIN","4:54:37","0:38:45","0:07:09","2:26:27","0:04:16","1:37:59","361","329","67","2540","1221","1076","192","366","338","65","361","329","67","17677","2325","429","8787","256","5879"
"1134","Yoann Senon","Male","Argentat-sur-Dordogne","Nouvelle-Aquitaine","FR","M40-44","FIN","4:54:44","0:31:50","0:06:49","2:33:40","0:04:14","1:38:12","362","330","40","2491","270","233","21","362","334","37","362","330","40","17684","1910","409","9220","254","5892"
"249","Michal Wrzosek","Male","Warszawa","Mazovia","PL","M35-39","FIN","4:54:55","0:42:55","0:05:59","2:29:30","0:04:28","1:32:02","363","331","43","2633","1775","1529","195","524","485","60","363","331","43","17695","2575","359","8970","268","5522"
"838","Ayoub EL ALAMI","Male","Bouskoura","MA-SET","MA","M40-44","FIN","4:54:55","0:36:13","0:08:14","2:34:39","0:04:15","1:31:34","364","332","41","2488","784","687","87","546","505","65","364","332","41","17695","2173","494","9279","255","5494"
"502","Victor Maldonado Rodriguez","Male","Catarroja","","ES","M35-39","FIN","4:54:56","0:30:30","0:04:24","2:27:59","0:02:54","1:49:09","365","333","44","2632","186","160","12","221","197","27","365","333","44","17696","1830","264","8879","174","6549"
"1880","Sergi López","Male","Manresa","Catalonia","ES","M18-24","FIN","4:54:57","0:37:58","0:07:30","2:27:23","0:03:31","1:38:36","366","334","24","2501","1086","960","69","378","350","22","366","334","24","17697","2278","450","8843","211","5916"
"146","JACQUES TROTTIER","Male","Hossegor","FR-40","FR","M55-59","FIN","4:55:12","0:34:30","0:05:54","2:34:24","0:03:33","1:36:52","367","335","13","2810","537","465","20","425","396","20","367","335","13","17712","2070","354","9264","213","5812"
"105","Anders Örbom","Male","Stocksund","SE-AB","SE","M50-54","FIN","4:55:13","0:33:09","0:04:55","2:34:18","0:06:33","1:36:18","368","336","15","2775","392","343","25","364","336","21","368","336","15","17713","1989","295","9258","393","5778"
"2001","Jan Dvorak","Male","Praha 6","CZ-foreigner","CZ","M50-54","FIN","4:55:18","0:36:45","0:06:39","2:29:04","0:05:29","1:37:21","369","337","16","2774","878","770","67","370","342","22","369","337","16","17718","2205","399","8944","329","5841"
"1969","Guillermo Andreu","Male","Madrid","ES-Community of Madrid","ES","M25-29","FIN","4:55:19","0:35:40","0:05:54","2:39:30","0:04:35","1:29:41","370","338","47","2538","695","607","111","622","576","95","370","338","47","17719","2140","354","9570","275","5381"
"2590","Andrea Zanon","Male","New York","NY","IT","M25-29","FIN","4:55:21","0:35:30","0:05:46","2:35:48","0:03:10","1:35:07","371","339","48","2537","667","582","104","491","453","71","371","339","48","17721","2130","346","9348","190","5707"
"2589","Marco Antonioli","Male","New York","NY","IT","M25-29","FIN","4:55:27","0:35:29","0:05:00","2:34:02","0:03:04","1:37:51","372","340","49","2536","664","579","103","417","388","58","372","340","49","17727","2129","300","9242","184","5871"
"2470","Marino Díaz Baixas","Male","San Sebastián de los reyes","Community of Madrid","ES","M25-29","FIN","4:55:33","0:30:39","0:07:00","2:36:00","0:04:11","1:37:44","373","341","50","2534","196","169","25","402","373","54","373","341","50","17733","1839","420","9360","251","5864"
"866","RUBÉN RODRIGUEZ TORRALBA","Male","Rafelbunyol","Community of Valencia","ES","M35-39","FIN","4:55:51","0:35:47","0:07:00","2:35:32","0:04:56","1:32:37","374","342","45","2616","711","621","83","520","481","59","374","342","45","17751","2147","420","9332","296","5557"
"1262","Konstantin Trojanov","Male","Manchester","MANCHESTER","LV","M35-39","FIN","4:55:53","0:35:37","0:07:33","2:29:16","0:05:37","1:37:50","375","343","46","2615","686","599","80","368","340","44","375","343","46","17753","2137","453","8956","337","5870"
"1527","Cristian Lloret Ballester","Male","Ceutí","ES-MU","ES","M45-49","FIN","4:55:56","0:32:41","0:07:51","2:31:02","0:05:20","1:39:01","376","344","27","2778","352","307","25","343","315","25","376","344","27","17756","1961","471","9062","320","5941"
"132","Nieves Gemio Rodríguez","Female","ALBURQUERQUE","ES-BA","ES","F35-39","FIN","4:55:59","0:36:29","0:04:27","2:35:28","0:03:35","1:35:59","377","33","2","3397","827","104","10","468","36","2","377","33","2","17759","2189","267","9328","215","5759"
"684","Kalarith Sisowath","Male","NOISY LE GRAND","FR-IDF","FR","M45-49","FIN","4:56:01","0:32:49","0:04:54","2:33:58","0:03:51","1:40:29","378","345","28","2777","366","320","28","346","318","26","378","345","28","17761","1969","294","9238","231","6029"
"1700","Roberto Emilio Champion","Male","Le Cannet","Provence-Alpes-Côte D'Azur","FR","M25-29","FIN","4:56:10","0:30:20","0:06:17","2:43:36","0:06:58","1:29:00","379","346","51","2523","178","152","23","586","543","86","379","346","51","17770","1820","377","9816","418","5340"
"2575","Joan Bacete","Male","Rivas-Vaciamadrid","MD","ES","M40-44","FIN","4:56:18","0:40:49","0:07:57","2:36:28","0:04:53","1:26:12","380","347","42","2463","1528","1330","158","765","707","92","380","347","42","17778","2449","477","9388","293","5172"
"2472","Valentin Chambriard","Male","CLERMONT-FERRAND","","FR","M30-34","FIN","4:56:19","0:36:17","0:04:39","2:40:17","0:02:56","1:32:10","381","348","68","2510","796","698","121","633","586","106","381","348","68","17779","2177","279","9617","176","5530"
"584","Henry Goodfellow","Male","London","LONDON, CITY OF","AU","M18-24","FIN","4:56:22","0:34:52","0:06:34","2:34:02","0:05:32","1:35:22","382","349","25","2476","581","502","34","443","412","23","382","349","25","17782","2092","394","9242","332","5722"
"358","David Fanlo Villacampa","Male","Igriés","","ES","M50-54","FIN","4:56:27","0:35:23","0:08:36","2:29:05","0:05:55","1:37:28","383","350","17","2753","650","566","49","386","358","24","383","350","17","17787","2123","516","8945","355","5848"
"429","Florian Wellbrock","Male","Alfhausen","NIEDERSACHSEN","DE","M35-39","FIN","4:56:32","0:35:13","0:06:08","2:33:56","0:04:54","1:36:22","384","351","47","2603","629","548","73","438","407","53","384","351","47","17792","2113","368","9236","294","5782"
"1723","Pierre-Antoine Papillon","Male","Neuilly-sur-Seine","FR-92","FR","M40-44","FIN","4:56:36","0:37:50","0:07:04","2:36:49","0:03:27","1:31:27","385","352","43","2457","1057","933","112","649","602","75","385","352","43","17796","2270","424","9409","207","5487"
"2153","ALFONSO RUBIO FERNÁNDEZ","Male","Benavides de Órbigo","Castille & Leon","ES","M35-39","FIN","4:56:36","0:33:35","0:05:31","2:45:31","0:04:49","1:27:12","386","353","48","2602","435","381","52","738","683","97","386","353","48","17796","2015","331","9931","289","5232"
"2527","François Gellé","Male","ARCANGUES","PYRENEES-ATLANTIQUES","FR","M40-44","FIN","4:56:41","0:32:10","0:05:49","2:26:17","0:03:45","1:48:40","387","354","44","2456","299","258","26","235","211","22","387","354","44","17801","1930","349","8777","225","6520"
"1393","Megan Davis","Female","Manchester","ENG","GB","F30-34","FIN","4:56:49","0:28:26","0:05:21","2:42:31","0:03:30","1:37:01","388","34","2","3146","114","18","1","465","35","4","388","34","2","17809","1706","321","9751","210","5821"
"1913","Carlos Pagola","Male","Göteborg","SE-O","ES","M30-34","FIN","4:56:50","0:30:40","0:06:59","2:33:00","0:04:45","1:41:25","389","355","69","2500","198","171","26","327","300","57","389","355","69","17810","1840","419","9180","285","6085"
"2177","Peter Classon","Male","Göteborg","Västra Götaland","SE","M45-49","FIN","4:56:59","0:37:12","0:07:30","2:31:37","0:04:48","1:35:52","390","356","29","2759","963","847","85","466","431","40","390","356","29","17819","2232","450","9097","288","5752"
"2085","Patrick Birkmann","Male","Elche","ES-A","DE","M25-29","FIN","4:57:05","0:30:47","0:04:48","2:31:27","0:04:59","1:45:03","391","357","52","2506","204","177","26","270","246","31","391","357","52","17825","1847","288","9087","299","6303"
"1690","Alvaro Pita Pirri","Male","La Coruña","ES-C","ES","M25-29","FIN","4:57:06","0:32:43","0:05:36","2:26:44","0:04:49","1:47:14","392","358","53","2506","355","310","45","246","222","26","392","358","53","17826","1963","336","8804","289","6434"
"1769","Rafael Angel Carralero Garcia","Male","SAN FERNANDO","ES-CA","ES","M45-49","FIN","4:57:08","0:29:44","0:04:33","2:37:51","0:03:50","1:41:10","393","359","30","2757","155","133","5","357","329","28","393","359","30","17828","1784","273","9471","230","6070"
"204","Tom Atle Bordevik","Male","Reistad","NO-06","NO","M55-59","FIN","4:57:10","0:38:31","0:04:38","2:29:58","0:03:46","1:40:17","394","360","14","2774","1193","1051","49","388","360","16","394","360","14","17830","2311","278","8998","226","6017"
"2241","Andréa Bénézet","Male","Paris","FR-12","FR","M25-29","FIN","4:57:13","0:37:34","0:05:37","2:31:40","0:03:25","1:38:56","395","361","54","2504","1019","899","153","429","399","61","395","361","54","17833","2254","337","9100","205","5936"
"1967","Fernando Frances Gomez","Male","Madrid","ES-MD","ES","M30-34","FIN","4:57:14","0:32:20","0:06:46","2:41:38","0:05:25","1:31:05","396","362","70","2493","313","270","45","607","561","100","396","362","70","17834","1940","406","9698","325","5465"
"651","Edward Capel","Male","London","GB-ENG","GB","M30-34","FIN","4:57:29","0:34:52","0:05:58","2:31:43","0:04:51","1:40:04","397","363","71","2489","583","504","83","373","345","68","397","363","71","17849","2092","358","9103","291","6004"
"370","Juan Carrascal","Male","Lasarte","ES-VI","ES","M45-49","FIN","4:57:31","0:32:09","0:06:57","2:42:10","0:04:01","1:32:14","398","364","31","2750","298","257","21","634","587","52","398","364","31","17851","1929","417","9730","241","5534"
"1218","Hjordis Olafsdottir","Female","Hafnarfjordur","IS-1","IS","F40-44","FIN","4:57:33","0:34:52","0:05:24","2:36:40","0:03:58","1:36:39","399","35","2","3333","580","79","5","484","38","2","399","35","2","17853","2092","324","9400","238","5799"
"180","Thomas Kestel","Male","Düsseldorf","DE-NW","DE","M50-54","FIN","4:57:33","0:36:37","0:06:16","2:29:42","0:05:06","1:39:52","400","365","18","2733","855","750","65","375","347","23","400","365","18","17853","2197","376","8982","306","5992"
"2217","Kaspars Freimanis","Male","Lici","STOPINU NOVADS","LV","M40-44","FIN","4:57:41","0:34:07","0:06:01","2:25:00","0:04:47","1:47:46","401","366","45","2438","492","430","47","248","224","23","401","366","45","17861","2047","361","8700","287","6466"
"752","Jacobo Peña Marin","Male","Madrid","","ES","M40-44","FIN","4:57:41","0:32:32","0:06:37","2:35:56","0:04:20","1:38:16","402","367","46","2438","331","287","28","432","402","49","402","367","46","17861","1952","397","9356","260","5896"
"964","Thiry René","Male","Ghlin","HAINAUT","BE","M30-34","FIN","4:57:42","0:35:51","0:05:43","2:29:02","0:03:53","1:43:13","403","368","72","2485","720","630","104","324","298","56","403","368","72","17862","2151","343","8942","233","6193"
"500","Yoann Bastide","Male","Saint-Marcel-lès-Valence","FR-26","FR","M35-39","FIN","4:57:45","0:40:18","0:05:07","2:40:11","0:03:44","1:28:26","404","369","49","2582","1456","1275","161","775","716","103","404","369","49","17865","2418","307","9611","224","5306"
"1444","Huseyin Oshea","Male","Bromley","GB-KEN","GB","M45-49","FIN","4:57:46","0:33:22","0:05:53","2:30:31","0:04:55","1:43:05","405","370","32","2745","414","361","32","309","284","21","405","370","32","17866","2002","353","9031","295","6185"
"1710","Thomas Clayer","Male","Seignosse","FR-LANDES","FR","M30-34","FIN","4:57:50","0:37:06","0:05:20","2:26:49","0:03:44","1:44:50","406","371","73","2482","944","829","151","302","277","50","406","371","73","17870","2226","320","8809","224","6290"
"1594","Jason Frendo","Male","Mgarr","Missouri","MT","M30-34","FIN","4:57:51","0:37:08","0:04:49","2:30:25","0:03:23","1:42:06","407","372","74","2482","952","836","154","367","339","66","407","372","74","17871","2228","289","9025","203","6126"
"770","Manuel Molina Villa","Male","Chambéry","Auvergne-Rhône-Alpes","CO","M35-39","FIN","4:57:52","0:36:42","0:05:43","2:31:41","0:03:09","1:40:36","408","373","50","2579","871","764","96","408","379","48","408","373","50","17872","2202","343","9101","189","6036"
"139","Luca Bronzo","Male","foligno","IT-PG","IT","M55-59","FIN","4:57:53","0:37:10","0:05:46","2:33:47","0:04:30","1:36:40","409","374","15","2761","959","843","35","480","443","24","409","374","15","17873","2230","346","9227","270","5800"
"1121","Tobias Hackenbruch","Male","Rieden","RP","DE","M35-39","FIN","4:57:53","0:37:47","0:07:22","2:39:00","0:04:42","1:29:02","410","375","51","2579","1049","926","117","721","667","96","410","375","51","17873","2267","442","9540","282","5342"
"184","Lionel Jean","Male","Marseille","","FR","M60-64","FIN","4:57:54","0:35:15","0:06:13","2:31:29","0:05:57","1:39:00","411","376","2","3300","631","550","8","383","355","2","411","376","2","17874","2115","373","9089","357","5940"
"561","Julien Peltier","Male","Quinsac","","FR","M40-44","FIN","4:57:55","0:31:59","0:05:45","2:20:22","0:03:57","1:55:52","412","377","47","2434","284","244","22","162","144","9","412","377","47","17875","1919","345","8422","237","6952"
"2202","mickael deheegher","Male","Saint-Pierre-du-Mont","NOUVELLE-AQUITAINE","FR","M35-39","FIN","4:57:56","0:38:01","0:07:32","2:27:44","0:04:57","1:39:42","413","378","52","2578","1102","974","123","394","366","46","413","378","52","17876","2281","452","8864","297","5982"
"1956","Lorenzo Tavera","Male","Casier","IT-TV","IT","M45-49","FIN","4:58:00","0:36:20","0:07:22","2:30:45","0:05:12","1:38:21","414","379","33","2741","806","707","67","416","387","36","414","379","33","17880","2180","442","9045","312","5901"
"1798","JAvier Polanco","Male","Madrid","Community of Madrid","ES","M40-44","FIN","4:58:03","0:34:33","0:06:47","2:35:36","0:04:54","1:36:13","415","380","48","2431","551","478","55","486","448","57","415","380","48","17883","2073","407","9336","294","5773"
"954","Shawn JAMESON","Male","Barnsley","BARNSLEY","GB","M40-44","FIN","4:58:03","0:36:42","0:07:11","2:37:11","0:04:52","1:32:07","416","381","49","2431","870","763","95","624","578","69","416","381","49","17883","2202","431","9431","292","5527"
"2567","Rafael Ponce Perez-Bustamante","Male","Cadiz","ES-CA","ES","M30-34","FIN","4:58:04","0:35:12","0:06:35","2:33:57","0:03:55","1:38:25","417","382","75","2478","628","547","90","450","419","79","417","382","75","17884","2112","395","9237","235","5905"
"1492","Juan Pablo Trejo Ocampo","Male","san juan del rio qro","san juan del rio qro","MX","M30-34","FIN","4:58:04","0:33:31","0:06:50","2:31:18","0:04:21","1:42:04","418","383","76","2478","432","378","66","344","316","62","418","383","76","17884","2011","410","9078","261","6124"
"442","Fabian Grust","Male","Isernhagen","DE-NI","DE","M25-29","FIN","4:58:10","0:35:03","0:05:59","2:33:49","0:05:01","1:38:18","419","384","55","2487","604","524","90","428","398","60","419","384","55","17890","2103","359","9229","301","5898"
"1421","José María Rodríguez Martínez","Male","Chiva","","ES","M50-54","FIN","4:58:16","0:37:11","0:04:29","2:42:07","0:02:57","1:31:32","420","385","19","2720","960","844","77","710","656","62","420","385","19","17896","2231","269","9727","177","5492"
"2448","Álvaro Valido Franco","Male","Las Palmas de Gran Canaria","Canary Islands","ES","M25-29","FIN","4:58:18","0:33:45","0:05:14","2:33:45","0:03:57","1:41:38","421","386","56","2484","459","401","63","377","349","51","421","386","56","17898","2025","314","9225","237","6098"
"137","Fanny Debouvries","Female","Annecy","FR-74","FR","F30-34","FIN","4:58:24","0:37:44","0:04:23","2:38:11","0:02:48","1:35:17","422","36","3","3117","1044","123","24","588","44","6","422","36","3","17904","2264","263","9491","168","5717"
"449","Tiago Vitorino","Male","Tires, S.Domingos de Rana","PT-11","PT","M40-44","FIN","4:58:24","0:36:31","0:07:25","2:32:37","0:03:57","1:37:54","423","387","50","2425","836","732","92","473","437","56","423","387","50","17904","2191","445","9157","237","5874"
"176","Thomas Taledec","Male","Nantes","FR-44","FR","M35-39","FIN","4:58:31","0:32:48","0:04:33","2:35:38","0:04:33","1:40:58","424","388","53","2568","362","316","41","385","357","45","424","388","53","17911","1968","273","9338","273","6058"
"894","Mat Messer","Male","Hitchin","GB-HRT","GB","M50-54","FIN","4:58:41","0:35:23","0:07:38","2:36:45","0:05:05","1:33:50","425","389","20","2713","651","567","50","568","525","45","425","389","20","17921","2123","458","9405","305","5630"
"1554","Tormod Halsnes","Male","Haugesund","NO-11","NO","M30-34","FIN","4:58:41","0:36:47","0:06:49","2:37:22","0:03:35","1:34:07","426","390","77","2467","883","774","140","617","571","103","426","390","77","17921","2207","409","9442","215","5647"
"2210","ELOI GRAELLS SALISI","Male","Tàrrega","ES-L","PM","M35-39","FIN","4:58:45","0:35:45","0:06:16","2:37:18","0:04:28","1:34:59","427","391","54","2564","706","616","82","554","511","66","427","391","54","17925","2145","376","9438","268","5699"
"1185","Giacomo Bertelli","Male","Milano","IT-MI","IT","M35-39","FIN","4:58:45","0:28:16","0:04:47","2:33:29","0:04:43","1:47:30","428","392","55","2564","112","95","5","266","242","36","428","392","55","17925","1696","287","9209","283","6450"
"1202","Morten Kirkeby","Male","Aarhus","Central Jutland","DK","M25-29","FIN","4:58:48","0:41:00","0:06:50","2:20:57","0:04:26","1:45:36","429","393","57","2475","1554","1351","244","293","269","37","429","393","57","17928","2460","410","8457","266","6336"
"1663","Álvaro López-Elum Alcayde","Male","Montcada","Community of Valencia","ES","M25-29","FIN","4:58:49","0:32:10","0:07:18","2:38:40","0:04:24","1:36:17","430","394","58","2475","300","259","37","515","476","78","430","394","58","17929","1930","438","9520","264","5777"
"1760","Lucas Sanchez Rovira","Male","Valencia","Community of Valencia","ES","M30-34","FIN","4:58:50","0:36:19","0:10:41","2:30:01","0:06:33","1:35:16","431","395","78","2464","804","705","122","490","452","84","431","395","78","17930","2179","641","9001","393","5716"
"1680","Ahti Suppi","Male","Tallinn","Estonia","EE","M50-54","FIN","4:58:55","0:37:23","0:05:23","2:22:21","0:05:36","1:48:12","432","396","21","2709","982","865","79","247","223","6","432","396","21","17935","2243","323","8541","336","6492"
"2123","Shaun Paddison","Male","Bristol","GB-GLS","GB","M55-59","FIN","4:58:55","0:37:42","0:05:28","2:26:41","0:04:06","1:44:57","433","397","16","2743","1039","917","39","314","288","11","433","397","16","17935","2262","328","8801","246","6297"
"1307","Nathanaël Vorlet","Male","Lausanne","","CH","M35-39","FIN","4:58:58","0:35:33","0:05:47","2:33:20","0:03:02","1:41:15","434","398","56","2560","673","588","79","422","393","50","434","398","56","17938","2133","347","9200","182","6075"
"530","Stephane Lampis","Male","Sainte marie aux chenes","FR-FR-Grand Est","FR","M50-54","FIN","4:58:59","0:36:48","0:06:25","2:24:14","0:03:54","1:47:38","435","399","22","2708","887","778","69","272","248","9","435","399","22","17939","2208","385","8654","234","6458"
"660","Tobias Siebenmorgen","Male","Köln","Nordrhein-Westfalen","DE","M40-44","FIN","4:59:02","0:35:56","0:06:38","2:31:18","0:04:35","1:40:36","436","400","51","2414","732","640","79","405","376","45","436","400","51","17942","2156","398","9078","275","6036"
"1371","Patryk Wieczorkowski","Male","Warszawa","PL-MZ","PL","M35-39","FIN","4:59:03","0:38:11","0:05:42","2:35:55","0:06:22","1:32:51","437","401","57","2558","1134","1001","126","573","530","69","437","401","57","17943","2291","342","9355","382","5571"
"806","Matteo Baldini","Male","PADOVA","VENETO","IT","M45-49","FIN","4:59:08","0:33:45","0:05:25","2:33:21","0:05:46","1:40:51","438","402","34","2721","458","400","34","372","344","30","438","402","34","17948","2025","325","9201","346","6051"
"1517","Sergio Peinado Jimenez","Male","Alpedrete","ES-MADRID","ES","M35-39","FIN","4:59:13","0:42:38","0:04:59","2:27:04","0:04:43","1:39:49","439","403","58","2555","1743","1502","193","423","394","51","439","403","58","17953","2558","299","8824","283","5989"
"923","Tim Briggs","Male","Coogee","AU-NSW","GB","M30-34","FIN","4:59:13","0:40:18","0:08:00","2:39:42","0:04:49","1:26:25","440","404","79","2457","1455","1274","233","845","781","135","440","404","79","17953","2418","480","9582","289","5185"
"2208","Lee Murray","Male","Pembroke Dock","GB-PEM","GB","M35-39","FIN","4:59:14","0:30:57","0:05:41","2:35:17","0:05:07","1:42:11","441","405","59","2555","217","186","19","353","325","41","441","405","59","17954","1857","341","9317","307","6131"
"594","Andrea Stefanini","Male","magione","IT-PG","IT","M50-54","FIN","4:59:15","0:33:03","0:05:49","2:31:28","0:03:57","1:44:58","442","406","23","2703","384","337","24","319","293","15","442","406","23","17955","1983","349","9088","237","6298"
"2421","CARLOS MARTÍNEZ SANCHEZ","Male","Albacete","Castille-La Mancha","ES","M35-39","FIN","4:59:15","0:31:21","0:05:03","2:43:34","0:05:04","1:34:13","443","407","60","2555","237","204","22","580","537","70","443","407","60","17955","1881","303","9814","304","5653"
"2407","Jessy Hartman","Male","Venlo","","NL","M35-39","FIN","4:59:16","0:30:40","0:06:36","2:40:00","0:04:06","1:37:53","444","408","61","2554","197","170","14","495","456","57","444","408","61","17956","1840","396","9600","246","5873"
"978","Juan Jesús Martínez López","Male","Torrejón de Ardoz","ES-MD","ES","M50-54","FIN","4:59:16","0:37:44","0:06:21","2:32:34","0:04:12","1:38:24","445","409","24","2702","1045","922","89","477","440","28","445","409","24","17956","2264","381","9154","252","5904"
"468","Sebastian Reyes","Male","Sheffield","SYK","GB","M35-39","FIN","4:59:17","0:34:10","0:05:43","2:28:17","0:04:59","1:46:08","446","410","62","2554","499","437","61","281","257","37","446","410","62","17957","2050","343","8897","299","6368"
"1720","Haakon De Smet","Male","Sint-Truiden","LIMBURG","BE","M30-34","FIN","4:59:20","0:37:26","0:06:34","2:31:54","0:04:51","1:38:36","447","411","80","2455","989","871","161","453","422","80","447","411","80","17960","2246","394","9114","291","5916"
"1101","Frederic Robles","Male","London","England","FR","M40-44","FIN","4:59:25","0:35:38","0:07:00","2:43:10","0:03:53","1:29:44","448","412","52","2407","690","603","71","782","723","95","448","412","52","17965","2138","420","9790","233","5384"
"1870","Víctor Díaz Gómez","Male","Valencia","VALENCIA*","ES","M30-34","FIN","4:59:27","0:36:40","0:07:52","2:35:08","0:03:16","1:36:32","449","413","81","2453","863","757","133","565","522","96","449","413","81","17967","2200","472","9308","196","5792"
"747","Felix Engbers","Male","Sint-Oedenrode","NL-North Brabant","NL","M25-29","FIN","4:59:30","0:36:07","0:06:15","2:27:40","0:06:08","1:43:21","450","414","59","2463","762","666","116","316","290","43","450","414","59","17970","2167","375","8860","368","6201"
"1920","Luigi Avagliano","Male","LECCE","foreigner","IT","M45-49","FIN","4:59:43","0:30:17","0:06:12","2:31:51","0:03:56","1:47:27","451","415","35","2710","175","150","7","283","259","20","451","415","35","17983","1817","372","9111","236","6447"
"1227","Moritz Zinnecker","Male","Zurich","CH-ZH","AT","M30-34","FIN","4:59:49","0:36:00","0:05:29","2:33:50","0:05:15","1:39:15","452","416","82","2447","744","650","112","440","409","77","452","416","82","17989","2160","329","9230","315","5955"
"183","Anthony Heaton-Jones","Male","Wellington","GB-SOM","GB","M45-49","FIN","4:59:50","0:31:45","0:05:57","2:25:03","0:05:45","1:51:20","453","417","36","2708","262","226","18","218","194","12","453","417","36","17990","1905","357","8703","345","6680"
"2483","Christian Medina herrero","Male","ceuta","ES-CE","ES","M35-39","FIN","4:59:52","0:38:28","0:06:23","2:37:50","0:04:31","1:32:40","454","418","63","2543","1185","1045","138","679","629","87","454","418","63","17992","2308","383","9470","271","5560"
"2463","Mikolaj Walkowski","Male","Katowice","śląskie","PL","M40-44","FIN","4:59:58","0:37:59","0:06:10","2:33:09","0:06:50","1:35:50","455","419","53","2397","1093","967","115","496","457","59","455","419","53","17998","2279","370","9189","410","5750"
"892","Jeremy Boutin","Male","Orléans","FR-CVL","FR","M40-44","FIN","4:59:59","0:33:22","0:06:18","2:28:44","0:05:02","1:46:32","456","420","54","2396","416","363","38","286","262","31","456","420","54","17999","2002","378","8924","302","6392"
"2169","César Manuel González Yugueros","Male","Benavides de Órbigo","Castille & Leon","ES","M18-24","FIN","5:00:14","0:39:17","0:07:27","2:33:38","0:07:15","1:32:37","457","421","26","2406","1299","1138","81","590","546","33","457","421","26","18014","2357","447","9218","435","5557"
"938","Marco Meister","Male","Neuss","NW","DE","M25-29","FIN","5:00:17","0:37:54","0:05:55","2:31:10","0:03:45","1:41:32","458","422","60","2449","1070","946","167","431","401","62","458","422","60","18017","2274","355","9070","225","6092"
"755","Tom Hammett","Male","Swansea","GB-WLS","GB","M35-39","FIN","5:00:17","0:33:21","0:06:14","2:36:30","0:04:05","1:40:08","459","423","64","2536","411","358","49","457","426","54","459","423","64","18017","2001","374","9390","245","6008"
"545","Robert Ley","Male","Newquay","CORNWALL","GB","M40-44","FIN","5:00:21","0:35:08","0:05:34","2:30:25","0:04:13","1:45:01","460","424","55","2390","617","537","63","336","308","35","460","424","55","18021","2108","334","9025","253","6301"
"1832","Sascha Pioch","Male","korschenbroich","NW","DE","M45-49","FIN","5:00:29","0:37:46","0:05:27","2:31:21","0:03:27","1:42:27","461","425","37","2696","1048","925","90","420","391","37","461","425","37","18029","2266","327","9081","207","6147"
"1786","Francisco Javier Blanco Gomez","Male","PRIEGO DE CORDOBA","","ES","M50-54","FIN","5:00:30","0:36:56","0:07:50","2:40:50","0:04:25","1:30:30","462","426","25","2680","912","800","73","776","717","66","462","426","25","18030","2216","470","9650","265","5430"
"1232","Kirk Matthews","Male","Llanelli","GB-WLS","GB","M40-44","FIN","5:00:40","0:39:40","0:06:50","2:26:47","0:05:03","1:42:20","463","427","56","2384","1364","1192","143","392","364","40","463","427","56","18040","2380","410","8807","303","6140"
"223","Pol Riveiro Clara","Male","Barcelona","ES-B","ES","M18-24","FIN","5:00:50","0:36:33","0:06:22","2:37:15","0:05:50","1:34:51","464","428","27","2396","840","736","48","584","541","32","464","428","27","18050","2193","382","9435","350","5691"
"829","Charline Simon","Female","Le Plessis Trévise","","FR","F30-34","FIN","5:00:54","0:34:34","0:05:54","2:33:12","0:05:04","1:42:11","465","37","4","3072","552","74","16","401","29","2","465","37","4","18054","2074","354","9192","304","6131"
"2274","Paul Voigt","Male","Köln","North Rhine-Westphalia","DE","M25-29","FIN","5:00:59","0:33:17","0:07:10","2:30:15","0:06:08","1:44:09","466","429","61","2436","403","352","53","328","301","44","466","429","61","18059","1997","430","9015","368","6249"
"460","Jean-Marie Buchot","Male","TOULOUSE","FR-31","FR","M50-54","FIN","5:01:02","0:36:40","0:09:38","2:24:17","0:04:58","1:45:30","467","430","26","2671","862","756","66","322","296","16","467","430","26","18062","2200","578","8657","298","6330"
"217","Nigel Camilleri","Male","Gharghur","MT-15","MT","M45-49","FIN","5:01:09","0:37:55","0:06:23","2:32:17","0:04:56","1:39:38","468","431","38","2684","1072","948","93","474","438","42","468","431","38","18069","2275","383","9137","296","5978"
"182","Aleksandra Wiertelak","Female","Szczecin","PL-ZP","PL","F35-39","FIN","5:01:10","0:38:30","0:05:25","2:32:18","0:04:12","1:40:45","469","38","3","3304","1191","141","14","463","34","1","469","38","3","18070","2310","325","9138","252","6045"
"133","Eric Gourdoux","Male","Balma","FR-31","FR","M50-54","FIN","5:01:13","0:32:55","0:07:03","2:37:54","0:04:43","1:38:38","470","432","27","2667","373","326","22","507","468","31","470","432","27","18073","1975","423","9474","283","5918"
"1861","Fabio Lupo","Male","Madrid","ES-Comunidad de Madrid","IT","M35-39","FIN","5:01:13","0:37:05","0:08:31","2:33:06","0:05:58","1:36:32","471","433","65","2519","936","822","106","531","492","63","471","433","65","18073","2225","511","9186","358","5792"
"933","Ivan Werkhoven","Male","Wilrijk","","BE","M40-44","FIN","5:01:14","0:34:39","0:06:51","2:37:27","0:05:12","1:37:05","472","434","57","2374","562","485","57","539","499","62","472","434","57","18074","2079","411","9447","312","5825"
"791","Julian Spretz","Male","Weißwasser","SACHSEN","DE","M25-29","FIN","5:01:23","0:33:08","0:08:02","2:34:09","0:05:14","1:40:50","473","435","62","2429","388","340","49","439","408","64","473","435","62","18083","1988","482","9249","314","6050"
"2264","Luis Alberto Artiles Campelo","Male","Las Palmas","","ES","M50-54","FIN","5:01:34","0:32:01","0:05:15","2:38:22","0:05:11","1:40:46","474","436","28","2661","289","249","12","446","415","27","474","436","28","18094","1921","315","9502","311","6046"
"1154","Joe Nakamoto","Male","Costa da Caparica","PT-15","BT","M30-34","FIN","5:01:38","0:31:42","0:07:26","2:31:53","0:04:58","1:45:39","475","437","83","2414","258","222","35","333","305","60","475","437","83","18098","1902","446","9113","298","6339"
"140","Markus Reise","Male","Jena","DE-TH","DE","M40-44","FIN","5:01:45","0:38:27","0:06:59","2:31:06","0:04:55","1:40:18","476","438","58","2365","1177","1038","124","472","436","55","476","438","58","18105","2307","419","9066","295","6018"
"232","Jakub Stefka","Male","Wien","AT-9","CZ","M40-44","FIN","5:01:47","0:36:08","0:07:32","2:38:13","0:04:48","1:35:06","477","439","59","2364","765","669","84","657","609","77","477","439","59","18107","2168","452","9493","288","5706"
"1681","Santiago Battilana","Male","Madrid","MADRID","AR","M50-54","FIN","5:01:53","0:38:38","0:07:30","2:32:12","0:04:37","1:38:56","478","440","29","2655","1207","1063","103","522","483","34","478","440","29","18113","2318","450","9132","277","5936"
"716","Totti Schormann","Male","Nettetal","NW","DE","M50-54","FIN","5:01:57","0:35:53","0:08:50","2:36:49","0:05:43","1:34:41","479","441","30","2654","727","636","54","645","598","56","479","441","30","18117","2153","530","9409","343","5681"
"2402","Sean Brien","Male","Dundrum","Dublin","IE","M25-29","FIN","5:02:07","0:40:24","0:07:06","2:39:33","0:05:21","1:29:43","480","442","63","2416","1477","1291","233","822","760","126","480","442","63","18127","2424","426","9573","321","5383"
"1731","Romilly Forbes","Female","Guildford","GB-SRY","GB","F30-34","FIN","5:02:09","0:31:46","0:07:18","2:39:57","0:06:23","1:36:45","481","39","5","3050","264","37","4","544","41","5","481","39","5","18129","1906","438","9597","383","5805"
"2477","Frederik Paulsen","Male","Monaco","Monaco","MC","M25-29","FIN","5:02:12","0:26:55","0:06:04","2:36:48","0:08:48","1:43:37","482","443","64","2414","79","70","4","310","285","41","482","443","64","18132","1615","364","9408","528","6217"
"676","Bas Coenen","Male","Maastricht","Limburg","NL","M30-34","FIN","5:02:16","0:38:13","0:07:20","2:33:31","0:05:14","1:37:59","483","444","84","2402","1140","1007","178","545","504","93","483","444","84","18136","2293","440","9211","314","5879"
"1186","Fernando Herranz Pérez","Male","Valencia","","ES","M40-44","FIN","5:02:17","0:34:54","0:07:12","2:40:23","0:04:20","1:35:29","484","445","60","2355","586","507","58","673","623","79","484","445","60","18137","2094","432","9623","260","5729"
"2214","Antonio Zamorano Díaz","Male","CÓRDOBA","","ES","M40-44","FIN","5:02:24","0:36:16","0:06:13","2:45:04","0:03:30","1:31:21","485","446","61","2353","791","693","88","837","773","101","485","446","61","18144","2176","373","9904","210","5481"
"1693","Nicolas Langles","Male","Cahors","FR-OCC","FR","M35-39","FIN","5:02:28","0:35:52","0:05:09","2:35:39","0:04:51","1:40:58","486","447","66","2497","725","634","86","478","441","56","486","447","66","18148","2152","309","9339","291","6058"
"181","Francisco Javier Hernández Alonso","Male","Aranjuez","ES-MADRID","ES","M50-54","FIN","5:02:31","0:36:13","0:08:44","2:34:34","0:06:14","1:36:46","487","448","31","2644","786","689","61","563","520","44","487","448","31","18151","2173","524","9274","374","5806"
"2070","Florian Kryst","Male","Muenster","Hessen","DE","M40-44","FIN","5:02:32","0:36:28","0:07:20","2:37:22","0:03:33","1:37:50","488","449","62","2351","826","723","91","630","584","72","488","449","62","18152","2188","440","9442","213","5870"
"360","Federico Carossino","Male","Boadilla del Monte","ES-M","AR","M35-39","FIN","5:02:33","0:32:26","0:04:29","2:41:52","0:03:50","1:39:57","489","450","67","2495","324","281","36","534","494","64","489","450","67","18153","1946","269","9712","230","5997"
"408","Shane Larkin","Male","Limerick","Limerick","IE","M50-54","FIN","5:02:34","0:34:40","0:06:33","2:37:46","0:07:40","1:35:54","490","451","32","2643","563","486","38","542","502","37","490","451","32","18154","2080","393","9466","460","5754"
"550","Jesus Ramon","Male","Paiporta","Community of Valencia","ES","M25-29","FIN","5:02:37","0:34:10","0:05:40","2:37:06","0:04:10","1:41:31","491","452","65","2407","500","438","71","485","447","70","491","452","65","18157","2050","340","9426","250","6091"
"1150","Mattia Andreotti","Male","Copenhagen","","IT","M25-29","FIN","5:02:39","0:37:55","0:07:45","2:22:48","0:05:25","1:48:45","492","453","66","2406","1075","950","169","287","263","35","492","453","66","18159","2275","465","8568","325","6525"
"2466","Dimitrijus Sazinas","Male","Charlotte","US-NC","US","M45-49","FIN","5:02:50","0:36:00","0:07:56","2:33:06","0:07:01","1:38:48","493","454","39","2654","745","651","61","489","451","44","493","454","39","18170","2160","476","9186","421","5928"
"947","Marcos Vergara Gómez","Male","Malaga","","ES","M35-39","FIN","5:03:01","0:32:45","0:06:27","2:35:10","0:04:07","1:44:32","494","455","68","2487","356","311","40","414","385","49","494","455","68","18181","1965","387","9310","247","6272"
"1270","Céline von Potobsky","Female","Le Grand-Saconnex","Geneva","CH","F25-29","FIN","5:03:05","0:42:39","0:08:47","2:37:34","0:04:02","1:30:04","495","40","3","2864","1745","242","47","863","68","7","495","40","3","18185","2559","527","9454","242","5404"
"1210","Kevin Debruyne","Female","Koksijde","BE-VWV","BE","M35-39","FIN","5:03:08","0:34:44","0:05:49","2:40:20","0:05:14","1:37:01","496","456","69","2485","569","492","67","613","567","76","496","456","69","18188","2084","349","9620","314","5821"
"1995","jose antonio abellan sanchez","Male","RAAL, EL","Murcia ","ES","M25-29","FIN","5:03:09","0:37:36","0:07:48","2:38:14","0:06:12","1:33:18","497","457","67","2397","1022","902","154","706","652","111","497","457","67","18189","2256","468","9494","372","5598"
"1887","Alex Rambla","Male","València","","ES","M25-29","FIN","5:03:09","0:35:10","0:06:51","2:38:53","0:04:40","1:37:35","498","458","68","2397","622","542","96","614","568","92","498","458","68","18189","2110","411","9533","280","5855"
"973","Juven Molla Gilabert","Male","Valencia","ES-V","ES","M45-49","FIN","5:03:12","0:32:16","0:07:36","2:36:56","0:04:54","1:41:30","499","459","40","2648","309","266","22","481","444","43","499","459","40","18192","1936","456","9416","294","6090"
"2021","Antonio Del Campo Chiner","Male","Catarroja","Comunitat Valenciana","ES","M45-49","FIN","5:03:14","0:31:45","0:07:08","2:39:52","0:05:30","1:38:59","500","460","41","2647","261","225","17","533","493","48","500","460","41","18194","1905","428","9592","330","5939"
"995","Pablo Daeseleire","Male","Antwerpen","ANTWERPEN","BE","M18-24","FIN","5:03:16","0:34:12","0:06:51","2:35:00","0:06:26","1:40:48","501","461","28","2352","505","443","30","455","424","24","501","461","28","18196","2052","411","9300","386","6048"
"120","Vincent De Cleer","Male","Varsenare","BE-VWV","BE","M60-64","FIN","5:03:22","0:36:01","0:06:15","2:37:06","0:03:22","1:40:38","502","462","3","3202","746","652","12","556","513","6","502","462","3","18202","2161","375","9426","202","6038"
"186","Andrew Greenwell","Male","Newcastle upon Tyne","GB-UKM","GB","M40-44","FIN","5:03:23","0:34:57","0:07:17","2:38:57","0:04:34","1:37:38","503","463","63","2335","592","512","60","632","585","73","503","463","63","18203","2097","437","9537","274","5858"
"229","Antonio Navarro","Male","INDIANAPOLIS","US-IN","US","M55-59","FIN","5:03:30","0:31:14","0:05:21","2:39:46","0:05:39","1:41:30","504","464","17","2660","230","198","7","467","432","23","504","464","17","18210","1874","321","9586","339","6090"
"1755","Rafael Rodriguez","Male","Collado Villalba","ES-Comunidad de Madrid","VE","M35-39","FIN","5:03:31","0:41:39","0:09:16","2:32:51","0:06:46","1:32:59","505","465","70","2478","1627","1410","178","709","655","93","505","465","70","18211","2499","556","9171","406","5579"
"359","José María Gallinas Ruiz","Male","Palencia","PALENCIA","ES","M50-54","FIN","5:03:41","0:33:31","0:09:09","2:35:27","0:04:33","1:41:01","506","466","33","2623","429","375","27","514","475","33","506","466","33","18221","2011","549","9327","273","6061"
"1531","Fernando Vazquez","Male","Madrid","Comunidad de Madrid","ES","M40-44","FIN","5:03:44","0:36:43","0:05:53","2:41:40","0:03:00","1:36:28","507","467","64","2329","872","765","96","726","672","86","507","467","64","18224","2203","353","9700","180","5788"
"1189","Stan Van ginkel","Male","Lunteren","Gelderland","NL","M25-29","FIN","5:03:46","0:39:37","0:06:59","2:34:52","0:04:57","1:37:21","508","468","69","2386","1352","1182","214","644","597","98","508","468","69","18226","2377","419","9292","297","5841"
"1817","Neil McConville","Male","Newry","NEWRY, MOURNE AND DOWN","IE","M30-34","FIN","5:03:47","0:38:22","0:05:43","2:36:43","0:03:22","1:39:35","509","469","85","2375","1165","1030","184","610","564","101","509","469","85","18227","2302","343","9403","202","5975"
"391","Derek Ahern","Male","Co Cork","IE-CO","IE","M45-49","FIN","5:03:58","0:41:04","0:05:09","2:36:28","0:03:38","1:37:40","510","470","42","2634","1569","1362","137","678","628","57","510","470","42","18238","2464","309","9388","218","5860"
"1989","Alberto Rando Romero","Male","Cuarte de Huerva","ZARAGOZA","ES","M45-49","FIN","5:04:08","0:33:51","0:06:13","2:38:18","0:06:30","1:39:17","511","471","43","2631","469","409","37","523","484","47","511","471","43","18248","2031","373","9498","390","5957"
"1647","Pierre-Louis Chinazzo","Male","Chatillon","","FR","M40-44","FIN","5:04:14","0:39:18","0:08:45","2:29:56","0:04:20","1:41:56","512","472","65","2320","1302","1140","139","510","471","60","512","472","65","18254","2358","525","8996","260","6116"
"1659","Anthony Verhaere","Male","Schoten","BE-VAN","BE","M50-54","FIN","5:04:15","0:32:07","0:09:36","2:37:47","0:04:07","1:40:38","513","473","34","2613","295","255","13","562","519","43","513","473","34","18255","1927","576","9467","247","6038"
"224","Dave Moriarty","Male","Cuckfield","GB-WSX","IE","M40-44","FIN","5:04:19","0:38:41","0:06:29","2:40:31","0:04:31","1:34:07","514","474","66","2318","1218","1073","129","778","719","94","514","474","66","18259","2321","389","9631","271","5647"
"2164","Luca Vassallo","Male","Pianezza","TO","IT","M50-54","FIN","5:04:19","0:25:38","0:04:44","2:44:27","0:05:23","1:44:07","515","475","35","2612","57","54","1","426","397","26","515","475","35","18259","1538","284","9867","323","6247"
"1113","Stijn Cappendijk","Male","Rotterdam","Zuid-Holland","NL","M25-29","FIN","5:04:20","0:41:27","0:06:02","2:38:30","0:04:40","1:33:40","516","476","70","2376","1610","1396","254","792","733","124","516","476","70","18260","2487","362","9510","280","5620"
"1271","Mikita Rahachou","Male","Tenerife, Los Gigantes","","ES","M30-34","FIN","5:04:22","0:39:04","0:05:37","2:40:08","0:03:28","1:36:04","517","477","86","2365","1266","1114","203","750","694","119","517","477","86","18262","2344","337","9608","208","5764"
"1419","David Rodríguez Cámara","Male","Valencia","","ES","M50-54","FIN","5:04:33","0:37:07","0:04:36","2:39:24","0:03:46","1:39:39","518","478","36","2607","949","833","76","627","581","53","518","478","36","18273","2227","276","9564","226","5979"
"467","Alcidio Da Silva Ferro","Male","Funchal","Madeira","PT","M50-54","FIN","5:04:34","0:40:48","0:06:08","2:35:28","0:03:29","1:38:41","519","479","37","2607","1525","1328","132","670","621","60","519","479","37","18274","2448","368","9328","209","5921"
"2107","Carlos Gracia Calandin","Male","Valencia","ES-Community of Valencia","ES","M50-54","FIN","5:04:40","0:29:24","0:04:32","2:35:51","0:04:59","1:49:53","520","480","38","2605","148","128","5","311","286","14","520","480","38","18280","1764","272","9351","299","6593"
"1917","Cristina Venuto","Female","Galatina","Lecce","IT","F30-34","FIN","5:04:42","0:31:24","0:06:37","2:45:29","0:04:33","1:36:39","521","41","6","3004","242","34","3","699","54","9","521","41","6","18282","1884","397","9929","273","5799"
"1331","Mats Gjertsen","Male","Kleppestø","Vestland","NO","M25-29","FIN","5:04:48","0:36:09","0:07:51","2:32:48","0:06:26","1:41:34","522","481","71","2367","767","671","118","482","445","69","522","481","71","18288","2169","471","9168","386","6094"
"1694","William Bertin","Male","Isle","FR-87","FR","M30-34","FIN","5:04:57","0:42:12","0:07:30","2:41:52","0:04:07","1:29:17","523","482","87","2354","1689","1460","264","950","870","150","523","482","87","18297","2532","450","9712","247","5357"
"1059","Callum Anderson","Male","Edinburgh","EDINBURGH, CITY OF","GB","M25-29","FIN","5:05:06","0:37:54","0:07:05","2:32:56","0:04:31","1:42:41","524","483","72","2362","1068","944","166","508","469","76","524","483","72","18306","2274","425","9176","271","6161"
"2186","Guillem de la Calle Vicente","Male","Sant Joan de les Abadesses","ES-GI","ES","M25-29","FIN","5:05:14","0:38:56","0:08:00","2:35:14","0:06:57","1:36:08","525","484","73","2360","1251","1101","194","665","617","100","525","484","73","18314","2336","480","9314","417","5768"
"1098","Liam Oakley-Bridge","Male","Doncaster","GB-UKM","GB","M30-34","FIN","5:05:22","0:32:14","0:06:55","2:31:41","0:06:12","1:48:20","526","485","88","2347","305","262","44","331","303","59","526","485","88","18322","1934","415","9101","372","6500"
"1909","Pablo Mansilla Sánchez","Male","Madrid","Comunidad de Madrid","ES","M30-34","FIN","5:05:27","0:32:25","0:07:46","2:44:40","0:06:00","1:34:36","527","486","89","2345","320","277","46","751","695","120","527","486","89","18327","1945","466","9880","360","5676"
"2367","Reinart Swertvaegher","Male","Brugge","Flemish Region","BE","M55-59","FIN","5:05:27","0:39:41","0:06:40","2:34:18","0:04:59","1:39:49","528","487","18","2625","1368","1196","54","602","556","26","528","487","18","18327","2381","400","9258","299","5989"
"1600","Alberto Leston","Male","Bern","Bern","ES","M25-29","FIN","5:05:32","0:34:40","0:05:32","2:42:43","0:04:02","1:38:35","529","488","74","2354","566","489","83","687","636","106","529","488","74","18332","2080","332","9763","242","5915"
"2290","Ignacio Fort","Male","Barcelona","ES-B","ES","M30-34","FIN","5:05:35","0:34:43","0:05:34","2:40:14","0:03:27","1:41:37","530","489","90","2343","568","491","79","594","549","97","530","489","90","18335","2083","334","9614","207","6097"
"1079","Mateusz Twardosz","Male","Kraków","PL-MA","PL","M35-39","FIN","5:05:36","0:39:44","0:06:22","2:33:42","0:04:16","1:41:32","531","490","71","2440","1379","1206","156","571","528","68","531","490","71","18336","2384","382","9222","256","6092"
"1960","FRANCISCO PONS MAROTO","Male","Valencia","Community of Valencia","ES","M40-44","FIN","5:05:37","0:36:12","0:06:33","2:33:44","0:04:14","1:44:55","532","491","67","2295","777","680","85","471","435","54","532","491","67","18337","2172","393","9224","254","6295"
"1609","Kerstin Aebersold","Female","Bern","BERN","CH","F25-29","FIN","5:05:46","0:33:08","0:04:43","2:41:15","0:02:59","1:43:40","533","42","4","2816","391","49","9","547","42","3","533","42","4","18346","1988","283","9675","179","6220"
"238","Erin Gilchrist","Female","Amsterdam","NL-NH","GB","F25-29","FIN","5:05:47","0:35:43","0:06:43","2:36:16","0:04:40","1:42:24","534","43","5","2816","703","90","14","532","40","2","534","43","5","18347","2143","403","9376","280","6144"
"1815","Paulo Ross","Male","Belfast","GB-BFS","IE","M35-39","FIN","5:05:50","0:41:21","0:06:58","2:43:22","0:04:10","1:29:59","535","492","72","2436","1593","1382","174","956","876","124","535","492","72","18350","2481","418","9802","250","5399"
"2366","Genaro Borrás Martínez","Male","Madrid","","ES","M45-49","FIN","5:05:54","0:32:59","0:06:21","2:37:04","0:05:32","1:43:57","536","493","44","2599","380","333","29","469","433","41","536","493","44","18354","1979","381","9424","332","6237"
"1165","Ward De Spiegelaere","Male","Beernem","Flemish Region","BE","M40-44","FIN","5:05:57","0:34:56","0:06:31","2:40:35","0:03:48","1:40:07","537","494","68","2289","589","509","59","662","614","78","537","494","68","18357","2096","391","9635","228","6007"
"642","Timothy Buysse","Male","Bornem","BE-VAN","BE","M50-54","FIN","5:05:59","0:36:35","0:08:04","2:34:36","0:04:38","1:42:05","538","495","39","2582","846","741","64","553","510","38","538","495","39","18359","2195","484","9276","278","6125"
"2469","Nicolas Diaz Arroyo","Male","SAN SEBASTIAN D L REYES - MADRID","Community of Madrid","ES","M55-59","FIN","5:05:59","0:34:57","0:05:15","2:34:04","0:04:27","1:47:16","539","496","19","2615","593","513","23","411","382","18","539","496","19","18359","2097","315","9244","267","6436"
"1953","Tim Peirs","Male","Woluwe-Saint-Lambert","Brussels-Capital Region","BE","M30-34","FIN","5:06:00","0:30:44","0:09:30","2:32:19","0:03:54","1:49:32","540","497","91","2335","201","174","28","374","346","69","540","497","91","18360","1844","570","9139","234","6572"
"1470","Christophe Probst","Male","Zürich","Zürich","LU","M30-34","FIN","5:06:02","0:35:19","0:07:34","2:34:31","0:04:57","1:43:41","541","498","92","2335","644","560","92","498","459","85","541","498","92","18362","2119","454","9271","297","6221"
"911","Jan Dhoore","Male","Barcelona","Catalonia","BE","M30-34","FIN","5:06:02","0:32:36","0:09:56","2:38:32","0:06:09","1:38:49","542","499","93","2335","342","297","51","623","577","104","542","499","93","18362","1956","596","9512","369","5929"
"1173","Kerckhof Mathias","Male","Beernem","","BE","M50-54","FIN","5:06:03","0:34:52","0:06:01","2:38:36","0:05:54","1:40:41","543","500","40","2580","582","503","41","559","516","41","543","500","40","18363","2092","361","9516","354","6041"
"1954","Carlos Andres Lorente","Male","Villafranca del Campo","Aragon","ES","M25-29","FIN","5:06:04","0:36:35","0:06:25","2:29:56","0:03:40","1:49:27","544","501","75","2345","849","744","137","382","354","52","544","501","75","18364","2195","385","8996","220","6567"
"653","Henry White","Male","Wadhurst","GB-ENG","GB","M25-29","FIN","5:06:05","0:39:05","0:05:51","2:37:42","0:04:34","1:38:53","545","502","76","2344","1269","1117","197","676","626","103","545","502","76","18365","2345","351","9462","274","5933"
"1803","Luis Morales","Male","Pozuelo de Alarcón","ES-M","ES","M30-34","FIN","5:06:07","0:33:29","0:05:59","2:39:21","0:05:00","1:42:18","546","503","94","2333","426","372","65","536","496","92","546","503","94","18367","2009","359","9561","300","6138"
"1627","Alejandro Alocen","Male","madrid","ES-MADRID","ES","M35-39","FIN","5:06:07","0:32:57","0:05:41","2:51:11","0:04:32","1:31:46","547","504","73","2431","375","328","43","893","823","118","547","504","73","18367","1977","341","10271","272","5506"
"254","Alvaro Marquez","Male","Alcobendas","Community of Madrid","ES","M25-29","FIN","5:06:08","0:34:07","0:06:32","2:43:54","0:04:35","1:37:00","548","505","77","2343","491","429","70","735","680","117","548","505","77","18368","2047","392","9834","275","5820"
"1770","Juan Ferre","Male","Madrid","Community of Madrid","ES","M35-39","FIN","5:06:10","0:38:46","0:05:16","2:39:40","0:03:53","1:38:34","549","506","74","2430","1224","1079","143","707","653","91","549","506","74","18370","2326","316","9580","233","5914"
"2373","Lucas Mirabet","Male","Esplugues de Llobregat","ES-CT","ES","M35-39","FIN","5:06:11","0:33:30","0:09:08","2:49:03","0:06:09","1:28:20","550","507","75","2430","428","374","50","955","875","123","550","507","75","18371","2010","548","10143","369","5300"
"1974","Damiano Garbino","Male","Campoformido","IT-UD","IT","M50-54","FIN","5:06:13","0:32:33","0:06:34","2:38:21","0:05:05","1:43:40","551","508","41","2577","335","291","19","500","461","30","551","508","41","18373","1953","394","9501","305","6220"
"1839","Martin Gonzalez Bescos","Male","Madrid","Community of Madrid","ES","M18-24","FIN","5:06:14","0:34:16","0:05:30","2:40:07","0:04:27","1:41:54","552","509","29","2298","515","453","32","577","534","31","552","509","29","18374","2056","330","9607","267","6114"
"2151","Christophe Cayssiols","Male","Saint Maur Des Fossés","VAL-DE-MARNE","FR","M50-54","FIN","5:06:17","0:30:41","0:07:05","2:36:21","0:04:13","1:47:58","553","510","42","2576","199","172","7","407","378","25","553","510","42","18377","1841","425","9381","253","6478"
"1604","Marijn Dhaenens","Male","Staden","WEST-VLAANDEREN","BE","M30-34","FIN","5:06:21","0:37:33","0:05:41","2:25:05","0:06:08","1:51:54","554","511","95","2329","1015","895","167","282","258","45","554","511","95","18381","2253","341","8705","368","6714"
"1626","Luca Giuseppe Di Giovanni","Male","Torino","Torino","IT","M50-54","FIN","5:06:23","0:27:08","0:05:13","2:37:14","0:04:24","1:52:25","555","512","43","2574","85","73","3","305","280","13","555","512","43","18383","1628","313","9434","264","6745"
"2584","Jose Salmerón Alemany","Male","Montserrat (València)","","ES","M35-39","FIN","5:06:26","0:33:18","0:06:45","2:41:00","0:04:20","1:41:04","556","513","76","2425","407","355","47","620","574","78","556","513","76","18386","1998","405","9660","260","6064"
"1814","Anne Englebert","Female","CASTELNAU LE LEZ","FR-FR-34","FR","F35-39","FIN","5:06:38","0:31:56","0:07:25","2:45:01","0:04:04","1:38:12","557","44","4","3205","278","39","2","732","55","5","557","44","4","18398","1916","445","9901","244","5892"
"1433","Stephen Taylor","Male","Manchester","foreigner","GB","M55-59","FIN","5:06:42","0:34:30","0:05:36","2:34:33","0:04:43","1:47:20","558","514","20","2603","539","467","21","421","392","19","558","514","20","18402","2070","336","9273","283","6440"
"1042","Adam Bennett","Male","London","GB-England","GB","M30-34","FIN","5:06:45","0:34:32","0:06:44","2:43:24","0:07:58","1:34:07","559","515","96","2322","550","477","78","743","687","118","559","515","96","18405","2072","404","9804","478","5647"
"1797","Krystina Reynolds","Female","Oxford ","OXF","GB","F45-49","FIN","5:06:46","0:35:17","0:06:05","2:33:48","0:05:24","1:46:12","560","45","1","3500","642","84","6","433","31","1","560","45","1","18406","2117","365","9228","324","6372"
"758","Erwan Le Gal","Male","Les Sables-d'Olonne","FR-42","FR","M18-24","FIN","5:06:48","0:38:29","0:06:23","2:37:56","0:04:24","1:39:37","561","516","30","2288","1187","1047","75","681","631","35","561","516","30","18408","2309","383","9476","264","5977"
"1132","Rafael Estelles Tallada","Male","PATERNA","ES-V","ES","M60-64","FIN","5:06:51","0:35:30","0:07:57","2:36:25","0:04:38","1:42:20","562","517","4","3139","668","583","10","578","535","9","562","517","4","18411","2130","477","9385","278","6140"
"921","Tomas Leixner","Male","Praha-Kolovraty","CZ-Central Bohemian Region","CZ","M40-44","FIN","5:06:53","0:35:57","0:06:31","2:38:15","0:04:22","1:41:48","563","518","69","2272","739","645","80","606","560","68","563","518","69","18413","2157","391","9495","262","6108"
"409","Oliver Foley","Male","Limerick","IE-LK","IE","M50-54","FIN","5:06:54","0:36:29","0:06:21","2:38:02","0:04:19","1:41:43","564","519","44","2565","829","725","63","611","565","51","564","519","44","18414","2189","381","9482","259","6103"
"1144","Florence Von Ziegler","Female","Zürich","CH-CH-ZH","CH","F30-34","FIN","5:06:54","0:34:25","0:05:24","2:36:17","0:05:04","1:45:44","565","46","7","2964","531","71","14","458","32","3","565","46","7","18414","2065","324","9377","304","6344"
"1488","Sylvain Stoller","Male","Corgémont","","CH","M40-44","FIN","5:07:01","0:39:01","0:05:11","2:36:58","0:04:11","1:41:41","566","520","70","2270","1258","1107","136","629","583","71","566","520","70","18421","2341","311","9418","251","6101"
"1155","Javier Caro","Male","Arroyomolinos","Madrid","ES","M45-49","FIN","5:07:15","0:34:40","0:05:41","2:45:50","0:04:02","1:37:01","567","521","45","2575","565","488","43","797","738","68","567","521","45","18435","2080","341","9950","242","5821"
"981","Hakim Krynen","Male","Putte","","NL","M40-44","FIN","5:07:17","0:36:23","0:05:50","2:42:26","0:04:02","1:38:36","568","522","71","2265","818","716","90","742","686","88","568","522","71","18437","2183","350","9746","242","5916"
"424","Eoin WYLIE","Male","Kilmacanogue","IE-WW","IE","M45-49","FIN","5:07:23","0:36:23","0:05:21","2:40:41","0:05:49","1:39:08","569","523","46","2572","816","714","68","671","622","56","569","523","46","18443","2183","321","9641","349","5948"
"1214","Jel Van Herck","Male","Koksijde","BE-VWV","BE","M35-39","FIN","5:07:28","0:34:32","0:06:43","2:27:06","0:05:55","1:53:12","570","524","77","2407","547","474","66","284","260","38","570","524","77","18448","2072","403","8826","355","6792"
"1791","Jorge Gonzalez Agullo","Male","Elche","ES-A","ES","M35-39","FIN","5:07:33","0:33:39","0:07:13","2:48:42","0:05:56","1:32:04","571","525","78","2405","447","391","54","881","811","115","571","525","78","18453","2019","433","10122","356","5524"
"1719","Jonathan Caruana","Male","Marsaskala","MARSASKALA","MT","M40-44","FIN","5:07:37","0:38:24","0:06:04","2:29:03","0:03:43","1:50:23","572","526","72","2259","1172","1035","122","397","369","42","572","526","72","18457","2304","364","8943","223","6623"
"1748","Marek Šroll","Male","Praha 6","CZ-PRAHA 6","CZ","M45-49","FIN","5:07:39","0:38:33","0:06:26","2:20:02","0:04:53","1:57:44","573","527","47","2567","1197","1054","103","245","221","18","573","527","47","18459","2313","386","8402","293","7064"
"2073","Paul Mutch","Male","Liverpool","Merseyside","GB","M35-39","FIN","5:07:43","0:37:03","0:08:47","2:41:29","0:04:37","1:35:47","574","528","79","2402","932","818","104","833","770","110","574","528","79","18463","2223","527","9689","277","5747"
"702","Alejandro Rivero","Male","Chia","CO-CUN","CO","M50-54","FIN","5:07:48","0:46:01","0:06:06","2:34:46","0:04:45","1:36:11","575","529","45","2549","2004","1703","165","815","754","67","575","529","45","18468","2761","366","9286","285","5771"
"1505","Miguel Martínez Molina","Male","Cartagena","MURCIA, REGION DE","ES","M50-54","FIN","5:07:52","0:33:36","0:06:10","2:41:37","0:05:50","1:40:39","576","530","46","2548","437","383","29","638","591","54","576","530","46","18472","2016","370","9697","350","6039"
"1324","Jose Luis Boronat Suay","Male","valencia","Valencia","ES","M25-29","FIN","5:07:54","0:33:24","0:05:56","2:41:17","0:03:15","1:44:01","577","531","78","2312","418","365","57","601","555","90","577","531","78","18474","2004","356","9677","195","6241"
"1964","Mikel Echeberria Albizu","Male","Gasteiz","ES-PV","ES","M18-24","FIN","5:07:56","0:37:42","0:07:40","2:45:48","0:04:05","1:32:39","578","532","31","2268","1040","918","64","935","857","51","578","532","31","18476","2262","460","9948","245","5559"
"1733","Pablo Alvar","Male","Boadilla del Monte","ES-M","ES","M18-24","FIN","5:07:58","0:35:56","0:06:55","2:42:39","0:04:10","1:38:18","579","533","32","2267","735","642","41","772","713","40","579","533","32","18478","2156","415","9759","250","5898"
"1561","Asmund Haheim","Male","Haugesund","NO-ROGALAND","NO","M25-29","FIN","5:07:58","0:39:23","0:06:59","2:37:15","0:04:46","1:39:35","580","534","79","2310","1315","1152","206","705","651","110","580","534","79","18478","2363","419","9435","286","5975"
"174","Martin Šimek","Male","Klatovy","Pilsen","CZ","M35-39","FIN","5:08:04","0:33:20","0:05:33","2:42:31","0:03:10","1:43:30","581","535","80","2396","410","357","48","640","593","81","581","535","80","18484","2000","333","9751","190","6210"
"489","Matt Harrison","Male","Ampthill","GB-BDF","GB","M25-29","FIN","5:08:10","0:33:14","0:06:14","2:43:19","0:03:35","1:41:46","582","536","80","2307","398","348","52","683","633","105","582","536","80","18490","1994","374","9799","215","6106"
"941","Tim Alberts","Male","Weesp","NL-North Holland","NL","M35-39","FIN","5:08:13","0:42:28","0:05:32","2:33:55","0:03:00","1:43:18","583","537","81","2393","1726","1488","192","659","611","85","583","537","81","18493","2548","332","9235","180","6198"
"1977","Beatrice Faleri","Female","EDINBURGH","GB-SCT","IT","F30-34","FIN","5:08:19","0:33:27","0:06:35","2:42:09","0:04:10","1:41:57","584","47","8","2939","422","54","9","667","49","7","584","47","8","18499","2007","395","9729","250","6117"
"1612","Mathieu Demuynck","Male","Halluin","Hauts-de-France","FR","M25-29","FIN","5:08:23","0:40:06","0:06:36","2:39:17","0:04:40","1:37:44","585","538","81","2303","1433","1256","228","791","732","123","585","538","81","18503","2406","396","9557","280","5864"
"965","Ángel González Ballesteros","Male","Madrid","ES-M","ES","M25-29","FIN","5:08:30","0:36:13","0:06:56","2:49:08","0:04:05","1:32:08","586","539","82","2301","782","685","123","973","891","150","586","539","82","18510","2173","416","10148","245","5528"
"591","Justin Quentin","Male","Changé","SARTHE","FR","M18-24","FIN","5:08:34","0:36:19","0:07:20","2:33:46","0:04:03","1:47:07","587","540","33","2256","802","703","45","499","460","27","587","540","33","18514","2179","440","9226","243","6427"
"2050","Paul Cameron","Male","Bury St Edmunds","foreigner","GB","M50-54","FIN","5:08:35","0:35:05","0:05:15","2:41:04","0:03:19","1:43:52","588","541","47","2535","608","528","44","639","592","55","588","541","47","18515","2105","315","9664","199","6232"
"1126","Thomas Lingier","Male","Everberg","BE-VBR","BE","M25-29","FIN","5:08:36","0:34:30","0:05:25","2:33:21","0:04:16","1:51:04","589","542","83","2299","540","468","78","393","365","53","589","542","83","18516","2070","325","9201","256","6664"
"846","Ryan Claes","Male","Niel","BE-VAN","BE","M25-29","FIN","5:08:40","0:31:22","0:07:58","2:39:05","0:05:13","1:45:02","590","543","84","2298","238","205","31","525","486","79","590","543","84","18520","1882","478","9545","313","6302"
"1763","Marc Macià Grau","Male","Alcalá de Henares","ES-M","ES","M25-29","FIN","5:08:42","0:31:30","0:07:27","2:46:56","0:05:52","1:36:58","591","544","85","2297","247","213","33","783","724","121","591","544","85","18522","1890","447","10016","352","5818"
"2361","Rui MOTA GUEDES","Male","Madrid","MADRID","PT","M50-54","FIN","5:08:44","0:37:54","0:05:59","2:35:57","0:06:33","1:42:22","592","545","48","2532","1069","945","91","576","533","46","592","545","48","18524","2274","359","9357","393","6142"
"1932","Sergio Linares","Male","València","Community of Valencia","ES","M30-34","FIN","5:08:45","0:38:21","0:10:10","2:36:00","0:05:14","1:38:59","593","546","97","2286","1159","1025","183","733","678","117","593","546","97","18525","2301","610","9360","314","5939"
"1176","Kris Bevers","Male","brasschaat","BE-VAN","BE","M55-59","FIN","5:08:45","0:38:36","0:06:35","2:34:38","0:05:52","1:43:04","594","547","21","2566","1202","1058","50","572","529","25","594","547","21","18525","2316","395","9278","352","6184"
"1303","Jose Maria Sardon Doral","Male","Ontigola","","ES","M60-64","FIN","5:08:49","0:27:47","0:06:24","2:41:14","0:10:11","1:43:13","595","548","5","3104","99","85","1","442","411","3","595","548","5","18529","1667","384","9674","611","6193"
"1158","Jesse Lang","Male","Copenhagen","DK-84","NL","M18-24","FIN","5:08:51","0:36:20","0:08:54","2:34:27","0:05:42","1:43:29","596","549","34","2251","808","709","46","566","523","29","596","549","34","18531","2180","534","9267","342","6209"
"2520","Javier Garcia","Male","MADRID","Madrid","ES","M25-29","FIN","5:08:52","0:35:55","0:07:10","2:41:00","0:06:01","1:38:46","597","550","86","2294","730","638","114","719","665","112","597","550","86","18532","2155","430","9660","361","5926"
"1752","Borja Gutiérrez Cairols","Male","Godella","ES-V","ES","M25-29","FIN","5:08:56","0:33:11","0:06:51","2:40:04","0:05:18","1:43:32","598","551","87","2293","395","346","51","582","539","84","598","551","87","18536","1991","411","9604","318","6212"
"1316","Antoine Vinci","Male","Sainte marie la blanche","Bourgogne","FR","M35-39","FIN","5:08:57","0:34:53","0:06:07","2:33:06","0:04:38","1:50:13","599","552","82","2380","584","505","68","406","377","47","599","552","82","18537","2093","367","9186","278","6613"
"999","Callum Gray","Male","Edinburgh","GB-SCT","GB","M25-29","FIN","5:09:01","0:37:43","0:06:59","2:37:48","0:03:42","1:42:49","600","553","88","2291","1043","921","161","674","624","102","600","553","88","18541","2263","419","9468","222","6169"
"1686","Guillermo Villanova Martinez","Male","Valencia","VALENCIA*","ES","M55-59","FIN","5:09:02","0:38:23","0:09:40","2:36:11","0:05:24","1:39:23","601","554","22","2561","1168","1033","48","724","670","31","601","554","22","18542","2303","580","9371","324","5963"
"1228","Jhon Guarin","Male","puzol","Community of Valencia","ES","M35-39","FIN","5:09:03","0:37:23","0:04:58","2:37:58","0:05:28","1:43:16","602","555","83","2378","984","867","111","589","545","73","602","555","83","18543","2243","298","9478","328","6196"
"2385","Louis Tourtois","Male","Paris","FR-IDF","FR","M30-34","FIN","5:09:03","0:37:01","0:07:31","2:39:45","0:05:41","1:39:05","603","556","98","2280","931","817","149","730","676","116","603","556","98","18543","2221","451","9585","341","5945"
"2061","Adrien Lassalle","Male","Fontenay-sous-Bois","","FR","M35-39","FIN","5:09:06","0:39:46","0:06:00","2:32:27","0:04:55","1:45:59","604","557","84","2377","1384","1211","158","516","477","58","604","557","84","18546","2386","360","9147","295","6359"
"1099","José Carlos Díaz Ramos","Male","Córdoba","ES-CO","ES","M30-34","FIN","5:09:08","0:30:59","0:05:29","2:33:17","0:04:12","1:55:11","605","558","99","2279","220","189","31","308","283","52","605","558","99","18548","1859","329","9197","252","6911"
"648","Thomas Brulez","Male","Marcq-en-Baroeul","FR-59","FR","M45-49","FIN","5:09:12","0:36:11","0:06:44","2:32:42","0:04:31","1:49:02","606","559","48","2540","774","677","65","447","416","38","606","559","48","18552","2171","404","9162","271","6542"
"493","Tomas Van Herreweghe","Male","Roosdaal","BE-VBR","BE","M25-29","FIN","5:09:21","0:35:51","0:07:23","2:32:55","0:04:41","1:48:30","607","560","89","2285","719","629","113","461","428","67","607","560","89","18561","2151","443","9175","281","6510"
"1276","Eduardo Roger Través","Male","Valencia","ES-V","ES","M45-49","FIN","5:09:25","0:33:42","0:05:07","2:34:10","0:04:25","1:52:01","608","561","49","2536","453","396","33","384","356","32","608","561","49","18565","2022","307","9250","265","6721"
"1564","Håkon emil Håheim","Male","aksdal","NO-11","NO","M25-29","FIN","5:09:25","0:38:09","0:07:46","2:38:38","0:03:56","1:40:55","609","562","90","2284","1129","997","179","736","681","118","609","562","90","18565","2289","466","9518","236","6055"
"876","Martin Mayer","Male","Oberwaltersdorf","Lower Austria","AT","M55-59","FIN","5:09:27","0:29:21","0:05:12","2:40:57","0:03:49","1:50:07","610","563","23","2553","145","125","2","444","413","21","610","563","23","18567","1761","312","9657","229","6607"
"547","Roger Camiu","Male","Lachen","CH-SZ","CH","M40-44","FIN","5:09:28","0:39:58","0:07:30","2:39:25","0:04:37","1:37:59","611","564","73","2226","1412","1237","149","814","753","98","611","564","73","18568","2398","450","9565","277","5879"
"2510","David Dominguez Salazar","Male","Calella","Catalonia","ES","M25-29","FIN","5:09:28","0:36:54","0:06:18","2:37:25","0:03:52","1:45:00","612","565","91","2283","902","792","140","600","554","89","612","565","91","18568","2214","378","9445","232","6300"
"748","Stefan Vasiljevic","Male","Belgrade","RS-00","RS","M30-34","FIN","5:09:29","0:36:40","0:07:50","2:37:36","0:05:09","1:42:13","613","566","100","2273","865","759","135","664","616","109","613","566","100","18569","2200","470","9456","309","6133"
"482","Leonardo Loureiro","Male","Roussada","PT-11","PT","M45-49","FIN","5:09:32","0:43:15","0:07:22","2:42:12","0:05:29","1:31:14","614","567","50","2534","1810","1556","160","989","906","94","614","567","50","18572","2595","442","9732","329","5474"
"1779","Dario Scalia","Male","PALERMO","PALERMO","IT","M35-39","FIN","5:09:32","0:29:00","0:05:09","2:44:29","0:03:21","1:47:33","615","568","85","2369","135","115","6","529","490","61","615","568","85","18572","1740","309","9869","201","6453"
"650","Aaron Langan","Male","Wishaw","North Lanarkshire","GB","M18-24","FIN","5:09:42","0:39:14","0:06:31","2:47:11","0:04:13","1:32:33","616","569","35","2236","1291","1133","80","996","913","56","616","569","35","18582","2354","391","10031","253","5553"
"211","Emilie Mullier","Female","berlin","DE-BE","FR","F35-39","FIN","5:09:47","0:33:53","0:05:39","2:50:33","0:04:43","1:34:59","617","48","5","3149","473","61","5","906","73","6","617","48","5","18587","2033","339","10233","283","5699"
"1651","Josep Fernandez Sastre","Male","Vilafranca del Penedes","","ES","M50-54","FIN","5:09:48","0:35:20","0:08:18","2:39:30","0:05:07","1:41:33","618","570","49","2513","646","562","48","689","638","61","618","570","49","18588","2120","498","9570","307","6093"
"1802","Nicolas Merola Brewer","Male","Caracas","MIRANDA","VE","M30-34","FIN","5:09:51","0:32:39","0:06:41","2:35:52","0:04:30","1:50:09","619","571","101","2266","349","304","54","434","403","75","619","571","101","18591","1959","401","9352","270","6609"
"757","Daniel Lynn","Male","Winchester","HAMPSHIRE","GB","M40-44","FIN","5:09:53","0:35:29","0:06:49","2:30:36","0:03:55","1:53:04","620","572","74","2218","663","578","67","380","352","38","620","572","74","18593","2129","409","9036","235","6784"
"2283","Guy Luchting","Male","Kronberg","HH","DE","M35-39","FIN","5:09:57","0:35:21","0:10:24","2:37:50","0:05:48","1:40:34","621","573","86","2362","648","564","77","702","648","90","621","573","86","18597","2121","624","9470","348","6034"
"2063","Jaime Esteban","Male","Madrid","","ES","M25-29","FIN","5:09:59","0:36:13","0:06:12","2:33:24","0:05:46","1:48:25","622","574","92","2274","780","683","122","452","421","65","622","574","92","18599","2173","372","9204","346","6505"
"1639","Egbert Hernandez Nieves","Male","Gurabo","PR","US","M30-34","FIN","5:09:59","0:29:25","0:05:34","2:47:39","0:05:13","1:42:08","623","575","102","2264","149","129","15","677","627","110","623","575","102","18599","1765","334","10059","313","6128"
"1116","Joe Buckley","Male","Co Cork","IE-CO","IE","M45-49","FIN","5:10:15","0:39:02","0:06:39","2:36:19","0:04:29","1:43:46","624","576","51","2521","1260","1109","111","660","612","55","624","576","51","18615","2342","399","9379","269","6226"
"190","Béla Kakuk","Male","Zasów","PL-undefined-podkarpackie","HU","M45-49","FIN","5:10:18","0:34:08","0:07:41","2:42:10","0:05:19","1:40:59","625","577","52","2520","496","434","40","717","663","60","625","577","52","18618","2048","461","9730","319","6059"
"666","Matt Cole","Male","Amsterdam","NL-NOORD-HOLLAND","GB","M30-34","FIN","5:10:19","0:35:52","0:06:45","2:35:27","0:05:37","1:46:38","626","578","103","2258","721","631","105","511","472","88","626","578","103","18619","2152","405","9327","337","6398"
"1485","Nico Bart","Male","Zaragoza","ES-Aragon","DE","M25-29","FIN","5:10:24","0:36:20","0:07:05","2:30:22","0:05:28","1:51:09","627","579","93","2267","805","706","130","403","374","55","627","579","93","18624","2180","425","9022","328","6669"
"1796","Alessandro Galasso","Male","Bombinasco","","CH","M45-49","FIN","5:10:27","0:36:33","0:07:15","2:37:10","0:05:13","1:44:16","628","580","53","2517","842","738","71","616","570","51","628","580","53","18627","2193","435","9430","313","6256"
"2019","Francisco Nieto López","Male","Madrid","ES-Madrid","ES","M40-44","FIN","5:10:27","0:32:45","0:06:42","2:46:02","0:04:45","1:40:14","629","581","75","2208","357","312","32","771","712","93","629","581","75","18627","1965","402","9962","285","6014"
"1972","BAPTISTE FOURNIER","Male","Puget-sur-Argens","FR-83","FR","M30-34","FIN","5:10:28","0:37:09","0:06:25","2:37:45","0:04:28","1:44:40","630","582","104","2255","955","839","155","636","589","107","630","582","104","18628","2229","385","9465","268","6280"
"2355","Francis Richardson","Male","Beverley","ERY","GB","M25-29","FIN","5:10:29","0:35:08","0:06:19","2:30:29","0:05:54","1:52:40","631","583","94","2265","611","531","92","352","324","46","631","583","94","18629","2108","379","9029","354","6760"
"1785","Diego José López Jiménez","Male","Ávila ","Castille & Leon","ES","M25-29","FIN","5:10:33","0:37:44","0:07:28","2:38:20","0:05:09","1:41:52","632","584","95","2264","1046","923","162","701","647","108","632","584","95","18633","2264","448","9500","309","6112"
"1281","David Brett","Female","Stirling","CMA","GB","M18-24","FIN","5:10:36","0:33:30","0:05:34","2:47:16","0:05:42","1:38:34","633","585","36","2220","427","373","24","802","742","41","633","585","36","18636","2010","334","10036","342","5914"
"1143","Alejandro López","Male","València","","ES","M40-44","FIN","5:10:46","0:34:27","0:06:14","2:35:22","0:04:20","1:50:22","634","586","76","2202","534","463","52","456","425","52","634","586","76","18646","2067","374","9322","260","6622"
"325","Jan Nogareda Garcia","Male","Hostalnou de Bianya","Catalonia","ES","M25-29","FIN","5:10:54","0:33:48","0:08:45","2:34:51","0:05:16","1:48:15","635","587","96","2258","464","405","64","497","458","72","635","587","96","18654","2028","525","9291","316","6495"
"1722","Eman Teuma","Male","fgura","","MT","M35-39","FIN","5:11:00","0:38:12","0:06:15","2:35:36","0:05:50","1:45:08","636","588","87","2343","1136","1003","127","581","538","71","636","588","87","18660","2292","375","9336","350","6308"
"2440","Carlos Ituiño Garcia","Male","Madrid","Community of Madrid","ES","M25-29","FIN","5:11:00","0:35:08","0:06:48","2:43:19","0:03:57","1:41:48","637","589","97","2256","614","534","93","766","708","120","637","589","97","18660","2108","408","9799","237","6108"
"1125","Yannik Idczak","Male","Kehrig","RP","DE","M30-34","FIN","5:11:09","0:36:09","0:06:30","2:38:27","0:04:15","1:45:47","638","590","105","2243","769","673","116","626","580","105","638","590","105","18669","2169","390","9507","255","6347"
"1571","Ivar Hembre","Male","Oslo","NO-03","NO","M25-29","FIN","5:11:09","0:40:32","0:07:29","2:39:05","0:06:28","1:37:35","639","591","98","2253","1497","1306","236","826","764","129","639","591","98","18669","2432","449","9545","388","5855"
"1456","Hector Sanchez","Male","Colinas de San Antonio","Community of Valencia","ES","M25-29","FIN","5:11:10","0:37:00","0:07:44","2:33:48","0:04:10","1:48:28","640","592","99","2253","929","815","142","527","488","80","640","592","99","18670","2220","464","9228","250","6508"
"1850","José Antonio Zabala Gómez","Male","Huelva","HUELVA","ES","M25-29","FIN","5:11:11","0:36:31","0:09:48","2:46:47","0:04:37","1:33:28","641","593","100","2252","834","730","136","1002","919","157","641","593","100","18671","2191","588","10007","277","5608"
"1886","Fernando Peña Benita","Male","Madrid","ES-M","ES","M30-34","FIN","5:11:14","0:39:26","0:08:23","2:45:55","0:05:24","1:32:06","642","594","106","2241","1325","1161","214","1020","935","162","642","594","106","18674","2366","503","9955","324","5526"
"1642","Luigi Raguseo","Male","Piacenza","EMILIA-ROMAGNA","IT","M40-44","FIN","5:11:17","0:30:47","0:06:46","2:38:39","0:05:12","1:49:54","643","595","77","2193","205","178","16","462","429","53","643","595","77","18677","1847","406","9519","312","6594"
"1933","Mario Liquete Cuadrado","Male","Madrid","Madrid","ES","M25-29","FIN","5:11:18","0:32:39","0:05:57","2:40:34","0:03:19","1:48:48","644","596","101","2250","351","306","44","552","509","82","644","596","101","18678","1959","357","9634","199","6528"
"763","Kirsten Duncan","Female","Edinburgh","GB-SCT","GB","F25-29","FIN","5:11:30","0:29:28","0:07:09","2:53:22","0:04:40","1:36:50","645","49","6","2713","151","22","2","903","72","9","645","49","6","18690","1768","429","10402","280","5810"
"1632","Sergio Dasí Vivó","Male","València","Community of Valencia","ES","M25-29","FIN","5:11:32","0:35:26","0:06:41","2:41:00","0:04:32","1:43:54","646","597","102","2246","657","573","100","688","637","107","646","597","102","18692","2126","401","9660","272","6234"
"2240","Paul Dunne","Male","ballina","Mayo, Sligo","IE","M55-59","FIN","5:11:37","0:35:40","0:05:24","2:32:01","0:05:16","1:53:16","647","598","24","2514","697","608","26","387","359","15","647","598","24","18697","2140","324","9121","316","6796"
"261","Juan Gonzalo Velasquez","Male","Medellín","CO-ANT","CO","M40-44","FIN","5:11:42","0:41:48","0:08:05","2:34:46","0:05:35","1:41:29","648","599","78","2186","1648","1427","168","740","684","87","648","599","78","18702","2508","485","9286","335","6089"
"271","Monique Grossrieder","Female","Düdingen","","CH","F50-54","FIN","5:11:44","0:34:25","0:04:57","2:43:27","0:04:08","1:44:47","649","50","3","3002","529","70","4","685","51","4","649","50","3","18704","2065","297","9807","248","6287"
"2538","Manuel Delgado Prada","Male","A Coruña","Galicia","ES","M30-34","FIN","5:11:48","0:38:47","0:05:32","2:42:53","0:04:12","1:40:24","650","600","107","2231","1227","1082","194","829","766","132","650","600","107","18708","2327","332","9773","252","6024"
"725","Marianne Tarnowskij","Female","Vösendorf","AT-3","AT","F45-49","FIN","5:11:58","0:34:55","0:04:40","2:43:41","0:04:21","1:44:20","651","51","2","3406","588","80","5","692","52","3","651","51","2","18718","2095","280","9821","261","6260"
"598","Dmytro Horbenko","Male","Kryvyiy Rih","Zaporizhia Oblast","UA","M35-39","FIN","5:11:58","0:42:15","0:07:13","2:34:29","0:06:37","1:41:24","652","601","88","2326","1696","1463","186","715","661","95","652","601","88","18718","2535","433","9269","397","6084"
"1921","Luis Enrique Gomez-Rose","Male","London","","ES","M25-29","FIN","5:12:00","0:34:37","0:07:12","2:38:56","0:05:38","1:45:37","653","602","103","2238","558","483","81","608","562","91","653","602","103","18720","2077","432","9536","338","6337"
"1050","David Damjakob","Male","Berlin","BE","DE","M30-34","FIN","5:12:01","0:44:33","0:08:59","2:36:11","0:06:19","1:35:59","654","603","108","2227","1914","1636","301","887","817","141","654","603","108","18721","2673","539","9371","379","5759"
"1637","Meri Vaisanen","Female","London","GB-GB-ENG","FI","F30-34","FIN","5:12:05","0:38:25","0:06:54","2:37:08","0:03:27","1:46:11","655","52","9","2871","1174","139","28","672","50","8","655","52","9","18725","2305","414","9428","207","6371"
"619","Carla Tortós-Sala Granés","Female","Banyoles","ES-GIRONA [GERONA]","ES","F25-29","FIN","5:12:13","0:32:11","0:06:23","2:46:45","0:06:23","1:40:30","656","53","7","2700","301","42","6","767","59","6","656","53","7","18733","1931","383","10005","383","6030"
"1019","Moritz MARKWALDER","Male","Gümligen","CH-BE","CH","M25-29","FIN","5:12:15","0:35:50","0:07:22","2:34:39","0:03:48","1:50:36","657","604","104","2233","717","627","112","505","466","74","657","604","104","18735","2150","442","9279","228","6636"
"1761","Jonathan Quentin","Male","Changé","Pays de la Loire","FR","M30-34","FIN","5:12:15","0:36:36","0:05:45","2:41:15","0:03:32","1:45:08","658","605","109","2223","851","746","130","704","650","114","658","605","109","18735","2196","345","9675","212","6308"
"848","Przemyslaw Janik","Male","Guelff","BE-LUXEMBOURG","PL","M45-49","FIN","5:12:19","0:42:52","0:07:38","2:36:32","0:07:18","1:37:58","659","606","54","2483","1772","1526","158","820","758","76","659","606","54","18739","2572","458","9392","438","5878"
"2398","Jose Miguel Pascual Candela","Male","Alcobendas","ES-MD","ES","M40-44","FIN","5:12:24","0:34:30","0:07:00","2:39:48","0:03:59","1:47:07","660","607","79","2173","536","464","53","635","588","74","660","607","79","18744","2070","420","9588","239","6427"
"775","Murna Griffin O Malley","Female","Limerick","--None--","IE","F45-49","FIN","5:12:31","0:32:46","0:06:38","2:51:47","0:04:43","1:36:38","661","54","3","3396","360","46","3","934","78","8","661","54","3","18751","1966","398","10307","283","5798"
"1372","Marten Wilmots","Male","Gingelom","Flemish Region","BE","M25-29","FIN","5:12:33","0:34:00","0:09:22","2:54:49","0:06:10","1:28:12","662","608","105","2228","484","423","67","1184","1077","192","662","608","105","18753","2040","562","10489","370","5292"
"1139","Mark Uldahl","Male","Støvring","DK-DK-NORDJYLLAND","DK","M45-49","FIN","5:12:38","0:47:59","0:07:41","2:31:24","0:05:06","1:40:28","663","609","55","2478","2090","1763","187","824","762","78","663","609","55","18758","2879","461","9084","306","6028"
"1685","Ieuan Handley","Male","London","GB-ENG","GB","M25-29","FIN","5:12:46","0:36:23","0:07:47","2:47:42","0:05:03","1:35:51","664","610","106","2224","815","713","132","961","881","146","664","610","106","18766","2183","467","10062","303","5751"
"1345","Lesley Van Haren","Male","Amsterdam","","NL","M35-39","FIN","5:12:52","0:40:27","0:06:22","2:36:05","0:03:38","1:46:20","665","611","89","2309","1487","1299","163","686","635","88","665","611","89","18772","2427","382","9365","218","6380"
"1792","Fiona Kelly","Female","Ashford","IE-WW","IE","F35-39","FIN","5:12:52","0:31:33","0:06:07","2:43:30","0:06:56","1:44:47","666","55","6","3093","250","35","1","631","47","4","666","55","6","18772","1893","367","9810","416","6287"
"165","Tamara Vazquez","Female","NUENO","HUESCA","ES","F35-39","FIN","5:12:53","0:42:05","0:07:21","2:41:47","0:03:22","1:38:18","667","56","7","3093","1680","227","28","937","79","7","667","56","7","18773","2525","441","9707","202","5898"
"1618","Aurélien Delobel","Male","Halluin","Hauts-de-France","FR","M25-29","FIN","5:12:55","0:37:57","0:06:02","2:39:36","0:03:46","1:45:34","668","612","107","2221","1082","956","171","703","649","109","668","612","107","18775","2277","362","9576","226","6334"
"844","Paulo Sousa","Male","Fão","BRAGA","PT","M30-34","FIN","5:13:00","0:40:10","0:06:29","2:38:44","0:03:33","1:44:04","669","613","110","2209","1443","1263","231","769","710","123","669","613","110","18780","2410","389","9524","213","6244"
"869","Jesus Maria Martin Calvo","Male","León","ES-LEON","ES","M50-54","FIN","5:13:03","0:35:36","0:06:48","2:38:39","0:04:30","1:47:30","670","614","50","2454","681","594","52","621","575","52","670","614","50","18783","2136","408","9519","270","6450"
"827","Daniel Muth","Male","Neuenstadt","DE-BW","DE","M30-34","FIN","5:13:05","0:32:57","0:08:06","2:37:17","0:05:07","1:49:38","671","615","111","2208","376","329","58","521","482","90","671","615","111","18785","1977","486","9437","307","6578"
"2183","Pascal Lundkvist","Male","Göteborg","Västra Götaland","SE","M30-34","FIN","5:13:15","0:37:14","0:09:12","2:36:48","0:06:18","1:43:43","672","616","112","2205","967","851","156","691","640","112","672","616","112","18795","2234","552","9408","378","6223"
"912","Malo Wessely","Male","Brest","BRETAGNE","FR","M18-24","FIN","5:13:16","0:32:48","0:04:55","2:38:33","0:05:28","1:51:32","673","617","37","2172","363","317","19","464","430","25","673","617","37","18796","1968","295","9513","328","6692"
"865","Andrey Varchenko","Male","Krustkalni, Kekavas pag.","LV-foreigner","LV","M45-49","FIN","5:13:18","0:43:41","0:06:27","2:36:54","0:06:54","1:39:22","674","618","56","2466","1846","1584","166","821","759","77","674","618","56","18798","2621","387","9414","414","5962"
"1843","Laurens Stultjens","Male","Sint-Truiden","BE-VLI","BE","M18-24","FIN","5:13:19","0:37:04","0:08:34","2:38:12","0:05:25","1:44:04","675","619","38","2171","935","821","52","712","658","36","675","619","38","18799","2224","514","9492","325","6244"
"1732","Christopher Bosher","Male","Tunbridge Wells","GB-KEN","GB","M30-34","FIN","5:13:31","0:35:42","0:06:19","2:31:10","0:03:42","1:56:38","676","620","113","2200","702","613","102","389","361","70","676","620","113","18811","2142","379","9070","222","6998"
"1077","Alessandro Santacroce","Male","San Donato Milanese","IT-25","IT","M45-49","FIN","5:13:34","0:35:40","0:08:00","2:37:54","0:05:13","1:46:47","677","621","57","2461","693","605","57","646","599","53","677","621","57","18814","2140","480","9474","313","6407"
"1118","Thomas Korsmo","Male","Frogner","NO-02","NO","M40-44","FIN","5:13:34","0:41:02","0:06:44","2:35:04","0:06:16","1:44:29","678","622","80","2152","1562","1358","161","684","634","80","678","622","80","18814","2462","404","9304","376","6269"
"2349","Ruben Somolinos","Male","MADRID","MADRID","","M25-29","FIN","5:13:35","0:38:56","0:06:43","2:40:41","0:04:42","1:42:33","679","623","108","2209","1252","1102","195","801","741","125","679","623","108","18815","2336","403","9641","282","6153"
"302","Jaime Riva","Male","MADRID","ES-M","ES","M35-39","FIN","5:13:35","0:37:09","0:05:40","2:37:30","0:03:34","1:49:42","680","624","90","2297","953","837","108","587","544","72","680","624","90","18815","2229","340","9450","214","6582"
"893","Wouter Kloosterman","Male","Amsterdam","Noord-Holland","NL","M30-34","FIN","5:13:36","0:43:12","0:07:35","2:32:38","0:05:31","1:44:40","681","625","114","2198","1807","1554","289","696","643","113","681","625","114","18816","2592","455","9158","331","6280"
"2007","Debbie Bowen","Female","Rogerstone","GB-NWP","GB","F45-49","FIN","5:13:39","0:31:56","0:06:50","2:37:23","0:05:15","1:52:15","682","57","4","3376","276","38","2","460","33","2","682","57","4","18819","1916","410","9443","315","6735"
"1490","ANTONIO FORTEA TARREGA","Male","RIBA-ROJA DE TURIA","ES-VALENCIA*","ES","M35-39","FIN","5:13:39","0:31:59","0:06:07","2:40:49","0:05:58","1:48:46","683","626","91","2295","285","245","30","538","498","65","683","626","91","18819","1919","367","9649","358","6526"
"1411","Isolda Ventura Arasanz","Female","Barcelona","Catalonia","ES","F55-59","FIN","5:13:41","0:35:10","0:09:31","2:41:55","0:04:27","1:42:38","684","58","1","3500","623","81","2","807","61","1","684","58","1","18821","2110","571","9715","267","6158"
"2289","Pedro Ivo Meneghesso Olivato","Male","Santarém ","","BR","M40-44","FIN","5:13:43","0:35:15","0:05:57","2:44:44","0:07:06","1:40:41","685","627","81","2149","634","552","65","788","729","96","685","627","81","18823","2115","357","9884","426","6041"
"762","Daniel Mansfield","Female","London","GB-ENG","GB","M45-49","FIN","5:13:43","0:36:55","0:06:42","2:41:23","0:03:56","1:44:47","686","628","58","2458","911","799","79","758","701","63","686","628","58","18823","2215","402","9683","236","6287"
"2529","David Mahamud","Male","Sant Joan Despí","ES-B","ES","M25-29","FIN","5:13:48","0:36:17","0:07:53","2:47:13","0:04:50","1:37:34","687","629","109","2205","798","700","128","944","864","143","687","629","109","18828","2177","473","10033","290","5854"
"1687","Rafa Gonzalez Moreno","Male","silla","","ES","M45-49","FIN","5:13:53","0:36:35","0:06:56","2:36:10","0:05:12","1:49:00","688","630","59","2455","847","742","72","567","524","49","688","630","59","18833","2195","416","9370","312","6540"
"1111","Pepe Letts","Male","Bítem","ES-T","ES","M55-59","FIN","5:13:57","0:32:14","0:07:58","2:40:30","0:04:20","1:48:56","689","631","25","2472","304","261","10","605","559","27","689","631","25","18837","1934","478","9630","260","6536"
"2125","Roger Mayora Belmonte","Male","Argentona","ES-B","ES","M30-34","FIN","5:13:59","0:35:59","0:10:16","2:40:58","0:05:33","1:41:12","690","632","115","2192","740","646","109","830","767","133","690","632","115","18839","2159","616","9658","333","6072"
"1475","Josep Bainat Bono","Male","Valencia","Valencia","ES","M25-29","FIN","5:13:59","0:31:47","0:05:25","2:37:01","0:03:36","1:56:09","691","633","110","2202","268","231","35","410","381","56","691","633","110","18839","1907","325","9421","216","6969"
"2451","Mateo De Escalante Diego","Male","Santander","ES-S","ES","M18-24","FIN","5:14:05","0:41:01","0:06:52","2:39:48","0:05:41","1:40:43","692","634","39","2157","1557","1354","101","839","775","43","692","634","39","18845","2461","412","9588","341","6043"
"677","Robbert Vandeberg","Male","Valkenburg","Limburg","NL","M30-34","FIN","5:14:05","0:37:20","0:10:31","2:38:19","0:06:25","1:41:31","693","635","116","2190","980","863","160","796","737","128","693","635","116","18845","2240","631","9499","385","6091"
"963","Tim de Haan","Male","Wormer","NL-NH","NL","M45-49","FIN","5:14:06","0:33:53","0:07:41","2:31:57","0:05:03","1:55:32","694","636","60","2451","475","414","38","395","367","33","694","636","60","18846","2033","461","9117","303","6932"
"2447","José María Sáez Del Moral","Male","Madrid","ES-M","ES","M30-34","FIN","5:14:08","0:32:37","0:06:40","2:53:28","0:04:57","1:36:25","695","637","117","2189","346","301","52","988","905","155","695","637","117","18848","1957","400","10408","297","5785"
"1852","Oliver Zereen","Male","Tallinn","Harjumaa","EE","M35-39","FIN","5:14:09","0:34:53","0:06:00","2:44:38","0:04:22","1:44:16","696","638","92","2286","585","506","69","774","715","102","696","638","92","18849","2093","360","9878","262","6256"
"308","Ismael Nunez Oliva","Male","Tarragona","ES-T","ES","M35-39","FIN","5:14:11","0:37:00","0:07:10","2:41:16","0:06:07","1:42:38","697","639","93","2286","928","814","102","770","711","100","697","639","93","18851","2220","430","9676","367","6158"
"1816","Miguel Rodriguez Meana","Male","Godella","Valencia","ES","M30-34","FIN","5:14:12","0:42:00","0:07:24","2:39:49","0:05:04","1:39:55","698","640","118","2188","1672","1447","261","869","800","137","698","640","118","18852","2520","444","9589","304","5995"
"2081","Phil Doran","Male","Liverpool","GB-LIV","GB","M35-39","FIN","5:14:15","0:35:16","0:04:50","2:39:12","0:04:02","1:50:54","699","641","94","2285","640","557","76","555","512","67","699","641","94","18855","2116","290","9552","242","6654"
"1640","Belinda Cabrera Werder","Female","Zetzwil","CH-AG","SZ","F25-29","FIN","5:14:15","0:32:36","0:06:05","2:41:55","0:04:09","1:49:30","700","59","8","2663","341","45","8","599","46","4","700","59","8","18855","1956","365","9715","249","6570"
"2458","Pablo Rodríguez Maldonado","Male","Sant joan despi","Catalonia","VE","M45-49","FIN","5:14:33","0:36:46","0:05:30","2:46:43","0:04:35","1:40:59","701","642","61","2443","879","771","74","862","795","82","701","642","61","18873","2206","330","10003","275","6059"
"1055","Rob Clifton","Male","Hackney Wick","GB-ENG","GB","M30-34","FIN","5:14:37","0:36:21","0:05:58","2:34:08","0:07:50","1:50:19","702","643","119","2180","811","711","123","470","434","81","702","643","119","18877","2181","358","9248","470","6619"
"1717","Gilles Robijns","Male","Antwerpen","ANTWERPEN","BE","M30-34","FIN","5:14:37","0:42:54","0:08:58","2:33:18","0:09:25","1:40:02","703","644","120","2180","1774","1528","282","764","706","122","703","644","120","18877","2574","538","9198","565","6002"
"1514","Luis Benavides","Male","Sevilla","","ES","M30-34","FIN","5:14:41","0:35:07","0:06:02","2:48:29","0:06:16","1:38:47","704","645","121","2179","610","530","86","882","812","139","704","645","121","18881","2107","362","10109","376","5927"
"587","Oliver Brandl","Male","Hausmening ","NIEDEROSTERREICH","AT","M45-49","FIN","5:14:44","0:30:36","0:05:58","2:36:19","0:04:00","1:57:51","705","646","62","2440","194","167","11","379","351","31","705","646","62","18884","1836","358","9379","240","7071"
"2493","Thomas Trinder","Male","Los Montesinos","ES-A","GB","M18-24","FIN","5:14:44","0:42:22","0:07:58","2:29:28","0:08:41","1:46:16","706","647","40","2145","1716","1478","109","570","527","30","706","647","40","18884","2542","478","8968","521","6376"
"1024","Simon Béchu","Male","Noisy-Le-Roi","FR-78","FR","M25-29","FIN","5:14:45","0:33:27","0:08:30","2:38:36","0:05:47","1:48:25","707","648","111","2188","423","369","59","596","551","88","707","648","111","18885","2007","510","9516","347","6505"
"1806","Manuel Galan Moreu","Male","Madrid","MADRID","ES","M30-34","FIN","5:14:48","0:40:51","0:06:33","2:50:09","0:04:39","1:32:36","708","649","122","2177","1530","1332","242","1152","1049","185","708","649","122","18888","2451","393","10209","279","5556"
"1377","Guillaume Crochon","Male","Boulogne-Billancourt","FR-Île-de-France","FR","M40-44","FIN","5:14:50","0:36:02","0:07:25","2:52:05","0:03:41","1:35:37","709","650","82","2129","749","654","81","1068","979","120","709","650","82","18890","2162","445","10325","221","5737"
"2154","Jakob Spreng","Male","München","BY","DE","M25-29","FIN","5:14:52","0:39:15","0:09:19","2:36:17","0:04:46","1:45:14","710","651","112","2186","1293","1134","202","753","697","119","710","651","112","18892","2355","559","9377","286","6314"
"2422","Fabio Perugini","Male","CIVITANOVA MARCHE","Marche","IT","M55-59","FIN","5:14:56","0:41:01","0:06:14","2:37:37","0:04:41","1:45:23","711","652","26","2454","1560","1356","64","754","698","34","711","652","26","18896","2461","374","9457","281","6323"
"1552","Marcel Reijers","Male","Dordrecht","South Holland","NL","M50-54","FIN","5:15:10","0:37:16","0:07:39","2:37:20","0:07:38","1:45:16","712","653","51","2416","974","858","78","668","619","59","712","653","51","18910","2236","459","9440","458","6316"
"2341","Joris Wils","Male","Antwerpen","","BE","M55-59","FIN","5:15:11","0:34:01","0:07:18","2:34:17","0:05:48","1:53:47","713","654","27","2450","488","426","19","445","414","22","713","654","27","18911","2041","438","9257","348","6827"
"1628","Israel Andreu Ausina","Male","Foios","ES-V","ES","M30-34","FIN","5:15:12","0:39:50","0:06:48","2:45:55","0:04:37","1:38:01","714","655","123","2170","1391","1217","224","986","904","154","714","655","123","18912","2390","408","9955","277","5881"
"335","Christopher David","Male","London","GB-ENG","GB","M45-49","FIN","5:15:15","0:35:16","0:07:01","2:52:49","0:07:06","1:33:02","715","656","63","2431","641","558","51","1058","969","101","715","656","63","18915","2116","421","10369","426","5582"
"274","Rafael Peidró","Male","Madrid","Community of Madrid","ES","M18-24","FIN","5:15:16","0:33:14","0:06:56","2:44:32","0:04:38","1:45:56","716","657","41","2136","397","347","23","744","688","38","716","657","41","18916","1994","416","9872","278","6356"
"2206","Jorge Juan Gonzalez Martin","Male","Madrid","","ES","M40-44","FIN","5:15:20","0:36:05","0:06:07","2:47:18","0:05:47","1:40:03","717","658","83","2120","756","661","82","877","807","104","717","658","83","18920","2165","367","10038","347","6003"
"207","Silvana Heimgartner","Female","Thalwil","CH-ZH","CH","F40-44","FIN","5:15:24","0:35:56","0:05:52","2:41:29","0:03:55","1:48:12","718","60","3","3012","734","93","7","693","53","3","718","60","3","18924","2156","352","9689","235","6492"
"1201","david escudero gonzalez","Male","L'Eliana","","ES","M40-44","FIN","5:15:24","0:34:14","0:05:37","2:34:20","0:04:52","1:56:20","719","659","84","2119","511","449","49","409","380","46","719","659","84","18924","2054","337","9260","292","6980"
"2282","Stephan Priester","Male","Salzburg","","AT","M35-39","FIN","5:15:29","0:38:13","0:07:37","2:37:57","0:06:12","1:45:30","720","660","95","2262","1141","1008","129","711","657","94","720","660","95","18929","2293","457","9477","372","6330"
"1256","Fernando Belmonte Rios","Male","argamasilla de calatrava","CIUDAD REAL","ES","M30-34","FIN","5:15:29","0:40:22","0:06:58","2:45:50","0:05:14","1:37:06","721","661","124","2165","1464","1282","236","1004","921","159","721","661","124","18929","2422","418","9950","314","5826"
"558","Matthew Wild","Male","London","KEN","GB","M35-39","FIN","5:15:34","0:30:50","0:06:30","2:56:39","0:05:10","1:36:25","722","662","96","2261","212","182","17","1027","942","131","722","662","96","18934","1850","390","10599","310","5785"
"208","Pablo Duque","Male","Zurich","CH-ZH","CH","M30-34","FIN","5:15:34","0:39:55","0:06:40","2:43:14","0:04:32","1:41:13","723","663","125","2163","1404","1229","225","894","824","144","723","663","125","18934","2395","400","9794","272","6073"
"1696","Pierre Bouysse","Male","Limoges","Nouvelle-Aquitaine","FR","M30-34","FIN","5:15:37","0:37:42","0:07:49","2:36:17","0:05:50","1:47:59","724","664","126","2162","1037","915","170","653","605","108","724","664","126","18937","2262","469","9377","350","6479"
"1525","Dominique MERRANT","Male","LANFAINS","Brittany","FR","M50-54","FIN","5:15:42","0:33:26","0:04:59","2:41:05","0:04:34","1:51:39","725","665","52","2407","421","368","26","560","517","42","725","665","52","18942","2006","299","9665","274","6699"
"1521","Alexandre Sanchez","Male","Yvonand","VAUD","FR","M25-29","FIN","5:15:44","0:38:16","0:07:02","2:37:27","0:04:37","1:48:22","726","666","113","2171","1151","1017","181","680","630","104","726","666","113","18944","2296","422","9447","277","6502"
"2017","Miguel Sánchez De Santiago","Male","Madrid","Madrid","ES","M40-44","FIN","5:15:47","0:30:20","0:05:59","2:54:04","0:04:10","1:41:14","727","667","85","2112","179","153","12","915","839","105","727","667","85","18947","1820","359","10444","250","6074"
"1754","Charlie Kaczanowski","Male","Saint-Jacques-de-la-Lande","FR-BRE","FR","M25-29","FIN","5:15:54","0:40:35","0:05:24","2:33:37","0:03:44","1:52:33","728","668","114","2168","1504","1311","238","564","521","83","728","668","114","18954","2435","324","9217","224","6753"
"1834","jose moreno martinez","Male","alfafar","VALENCIA*","ES","M35-39","FIN","5:15:56","0:36:18","0:10:18","2:35:43","0:06:27","1:47:10","729","669","97","2254","801","702","90","669","620","86","729","669","97","18956","2178","618","9343","387","6430"
"1066","Oussama Adlouni Alami","Male","Casablanca","Casablanca-Settat","MA","M40-44","FIN","5:15:57","0:36:36","0:06:25","2:40:24","0:04:09","1:48:23","730","670","86","2109","853","748","94","697","644","82","730","670","86","18957","2196","385","9624","249","6503"
"795","Mercedes Ruiz Henestrosa Laynez","Female","Rota","ES-Andalusia","ES","F40-44","FIN","5:15:58","0:35:15","0:05:51","2:45:12","0:03:43","1:45:56","731","61","4","3002","633","82","6","800","60","5","731","61","4","18958","2115","351","9912","223","6356"
"1105","Justyna Majewska-Bogdanska","Female","London","GB-ENG","PL","F35-39","FIN","5:15:59","0:33:16","0:06:45","2:51:58","0:05:25","1:38:34","732","62","8","3037","402","51","4","965","81","8","732","62","8","18959","1996","405","10318","325","5914"
"475","Dale Crossley","Male","Biggleswade","GB-Hampshire","GB","M40-44","FIN","5:16:05","0:35:25","0:04:18","2:33:12","0:03:57","1:59:12","733","671","87","2107","655","571","66","381","353","39","733","671","87","18965","2125","258","9192","237","7152"
"367","Adrian Blancas Mengod","Male","Sabadell","Barcelona","ES","M30-34","FIN","5:16:09","0:28:40","0:08:40","2:41:49","0:08:12","1:48:48","734","672","127","2153","122","104","9","551","508","95","734","672","127","18969","1720","520","9709","492","6528"
"296","Giammaria Varriale","Male","Bernex (GE)","CH-GE","CH","M45-49","FIN","5:16:22","0:34:59","0:07:58","2:43:15","0:05:02","1:45:08","735","673","64","2411","597","517","46","798","739","69","735","673","64","18982","2099","478","9795","302","6308"
"1261","Hector Lopez","Male","SORIA","ES-SO","ES","M45-49","FIN","5:16:31","0:38:54","0:08:47","2:40:20","0:05:43","1:42:48","736","674","65","2408","1244","1097","110","846","782","80","736","674","65","18991","2334","527","9620","343","6168"
"2573","Gonzalo Roig Sanchez","Male","Valencia","Community of Valencia","ES","M30-34","FIN","5:16:32","0:32:49","0:05:19","2:56:30","0:03:46","1:38:08","737","675","128","2146","369","322","57","1042","954","165","737","675","128","18992","1969","319","10590","226","5888"
"122","Vanessa Semadeni","Female","Zollikon","CH-ZH","DE","F50-54","FIN","5:16:35","0:34:34","0:05:56","2:39:52","0:06:20","1:49:53","738","63","4","2915","553","75","5","591","45","3","738","63","4","18995","2074","356","9592","380","6593"
"2439","Jose Ignacio García-Salmones Baselga","Male","Alcobendas","Community of Madrid","ES","M25-29","FIN","5:16:36","0:35:56","0:08:01","2:47:30","0:04:38","1:40:31","739","676","115","2155","733","641","115","945","865","144","739","676","115","18996","2156","481","10050","278","6031"
"2582","José Alvarez Villasán","Male","CÁDIZ","","ES","M35-39","FIN","5:16:36","0:36:59","0:06:50","2:37:13","0:06:41","1:48:53","740","677","98","2242","922","809","101","619","573","77","740","677","98","18996","2219","410","9433","401","6533"
"1500","Alex Moroni","Male","HORLEY","GB-SRY","IT","M25-29","FIN","5:16:36","0:32:59","0:06:40","2:44:36","0:05:07","1:47:13","741","678","116","2155","379","332","48","727","673","114","741","678","116","18996","1979","400","9876","307","6433"
"1836","Goura Corma","Male","Madrid","MD","ES","M25-29","FIN","5:16:37","0:45:03","0:05:21","2:39:16","0:05:10","1:41:47","742","679","117","2155","1953","1662","294","883","813","135","742","679","117","18997","2703","321","9556","310","6107"
"944","Antoine Mostermans","Male","Paris","Île-de-France","FR","M30-34","FIN","5:16:37","0:38:18","0:05:56","2:36:26","0:04:32","1:51:25","743","680","129","2144","1156","1022","182","604","558","99","743","680","129","18997","2298","356","9386","272","6685"
"2083","Zsolt Jakab","Male","Leányfalu","HU-PE","HU","M50-54","FIN","5:16:49","0:38:14","0:07:08","2:35:18","0:05:37","1:50:31","744","681","53","2387","1144","1011","98","603","557","49","744","681","53","19009","2294","428","9318","337","6631"
"567","Helen Tunnicliffe","Female","Leicester","LEI","GB","F45-49","FIN","5:16:49","0:28:55","0:06:05","2:51:58","0:03:36","1:46:15","745","64","5","3319","133","20","1","818","62","4","745","64","5","19009","1735","365","10318","216","6375"
"2481","Joan Casanovas Skoubo","Male","Sabadell","Barcelona","ES","M25-29","FIN","5:16:53","0:24:50","0:08:26","2:38:38","0:05:47","1:59:12","746","682","118","2150","41","38","1","351","323","45","746","682","118","19013","1490","506","9518","347","7152"
"514","Marc-Antoine Robles","Male","Lattes","","FR","M35-39","FIN","5:16:53","0:34:10","0:06:46","2:40:58","0:04:07","1:50:53","747","683","99","2237","498","436","60","658","610","84","747","683","99","19013","2050","406","9658","247","6653"
"2225","Luis Velasco","Male","Madrid","","ES","M30-34","FIN","5:16:56","0:33:11","0:06:54","2:39:05","0:05:37","1:52:09","748","684","130","2138","394","345","60","550","507","94","748","684","130","19016","1991","414","9545","337","6729"
"805","Maite Valentina Borja de Miguel","Female","València","Community of Valencia","ES","F18-24","FIN","5:16:56","0:35:28","0:07:06","2:45:50","0:04:21","1:44:11","749","65","2","2619","660","85","5","852","66","3","749","65","2","19016","2128","426","9950","261","6251"
"1321","Jacopo Pagliarin","Male","Vigevano","Pavia","IT","M30-34","FIN","5:17:00","0:34:13","0:07:23","2:54:34","0:04:02","1:36:47","750","685","131","2137","508","446","73","1088","994","170","750","685","131","19020","2053","443","10474","242","5807"
"200","Kim De Beule","Male","Beauvechain","BE-WBR","BE","M40-44","FIN","5:17:00","0:35:37","0:08:09","2:41:05","0:07:06","1:45:03","751","686","88","2090","685","598","70","752","696","89","751","686","88","19020","2137","489","9665","426","6303"
"1233","Josh George","Male","Llanelli","GB-WLS","GB","M45-49","FIN","5:17:03","0:36:31","0:07:50","2:31:27","0:06:05","1:55:11","752","687","66","2398","833","729","69","451","420","39","752","687","66","19023","2191","470","9087","365","6911"
"1206","Chris Bell","Male","St Mary","GREAT BRITAIN","JE","M45-49","FIN","5:17:06","0:29:49","0:05:38","2:49:40","0:04:53","1:47:05","753","688","67","2397","161","138","6","763","705","65","753","688","67","19026","1789","338","10180","293","6425"
"796","Davide Panizzolo","Male","Stra’","IT-VE","IT","M50-54","FIN","5:17:06","0:45:05","0:09:38","2:41:22","0:05:42","1:35:19","754","689","54","2381","1955","1664","160","1083","992","98","754","689","54","19026","2705","578","9682","342","5719"
"2408","Tim Verschoor","Male","Uden","NOORD-BRABANT","NL","M40-44","FIN","5:17:12","0:30:11","0:05:11","2:40:01","0:05:22","1:56:26","755","690","89","2087","173","148","9","441","410","50","755","690","89","19032","1811","311","9601","322","6986"
"2450","Jose Luis Moles","Male","Madrid","Madrid ","ES","M45-49","FIN","5:17:23","0:33:51","0:06:28","2:54:20","0:05:48","1:36:56","756","691","68","2392","468","408","36","1044","956","98","756","691","68","19043","2031","388","10460","348","5816"
"2087","paolo loche","Male","Oristano","OR","IT","M50-54","FIN","5:17:29","0:33:02","0:09:15","2:37:11","0:04:59","1:53:01","757","692","55","2375","383","336","23","558","515","40","757","692","55","19049","1982","555","9431","299","6781"
"2557","Guillermo Muntaner Pérez-Urria","Male","Madrid","ES-M","ES","M25-29","FIN","5:17:34","0:39:06","0:08:10","2:47:34","0:05:38","1:37:05","758","693","119","2138","1270","1118","198","1048","960","166","758","693","119","19054","2346","490","10054","338","5825"
"2203","Miguel Añó","Male","Santander","","ES","M18-24","FIN","5:17:36","0:34:58","0:07:14","2:46:34","0:04:06","1:44:44","759","694","42","2094","594","514","35","860","793","45","759","694","42","19056","2098","434","9994","246","6284"
"1146","Jakub Wojas","Male","Mysłowice","PL-SL","PL","M35-39","FIN","5:17:37","0:41:54","0:06:18","2:51:16","0:06:13","1:31:56","760","695","100","2224","1659","1437","183","1232","1119","145","760","695","100","19057","2514","378","10276","373","5516"
"1161","Fernando Landa","Male","Madrid","ES-Madrid","ES","M30-34","FIN","5:17:38","0:36:50","0:06:42","2:33:58","0:04:47","1:55:22","761","696","132","2126","891","782","142","502","463","86","761","696","132","19058","2210","402","9238","287","6922"
"1351","Michiel Hoeijmakers","Male","Utrecht","Utrecht","NL","M35-39","FIN","5:17:39","0:36:26","0:10:53","2:42:25","0:07:02","1:40:54","762","697","101","2223","821","719","91","888","818","117","762","697","101","19059","2186","653","9745","422","6054"
"951","Antonio Rodriguez Perez-Reverte","Male","Cartagena","Region of Murcia","ES","M40-44","FIN","5:17:40","0:33:50","0:07:43","2:37:14","0:06:29","1:52:23","763","698","90","2078","467","407","43","535","495","61","763","698","90","19060","2030","463","9434","389","6743"
"1578","Julio González Losantos","Male","Alcobendas","ES-M","ES","M35-39","FIN","5:17:43","0:33:31","0:06:43","2:41:20","0:04:11","1:51:59","764","699","102","2222","431","377","51","647","600","83","764","699","102","19063","2011","403","9680","251","6719"
"1882","Ruben Deliën","Male","Jesus Pobre","ES-A","ES","M35-39","FIN","5:17:44","0:38:28","0:08:05","2:46:18","0:06:50","1:38:03","765","700","103","2222","1186","1046","139","991","908","127","765","700","103","19064","2308","485","9978","410","5883"
"990","Mathias Janssens","Male","Antwerpen","ANTWERPEN","BE","M25-29","FIN","5:17:46","0:34:05","0:06:59","2:39:52","0:04:49","1:52:01","766","701","120","2134","490","428","69","615","569","93","766","701","120","19066","2045","419","9592","289","6721"
"640","Torben Schramm","Male","Nordenham","HB","DE","M40-44","FIN","5:17:49","0:37:23","0:07:39","2:39:53","0:04:45","1:48:08","767","702","91","2075","983","866","103","756","699","90","767","702","91","19069","2243","459","9593","285","6488"
"585","Fabio Sisani","Male","Magione","Umbria","IT","M55-59","FIN","5:17:51","0:45:33","0:07:16","2:38:56","0:04:10","1:41:55","768","703","28","2402","1981","1685","89","958","878","41","768","703","28","19071","2733","436","9536","250","6115"
"833","Rémi Moreno","Male","Montreuil","","FR","M30-34","FIN","5:17:51","0:32:45","0:08:05","2:44:54","0:05:18","1:46:49","769","704","133","2122","358","313","55","780","721","125","769","704","133","19071","1965","485","9894","318","6409"
"2298","Quique Sanchez-Flores Casanova","Male","Pozuelo de Alarcón","MD","ES","M25-29","FIN","5:17:54","0:35:27","0:07:56","2:43:43","0:04:30","1:46:18","770","705","121","2132","658","574","101","825","763","128","770","705","121","19074","2127","476","9823","270","6378"
"1562","Knut Helge Håheim","Male","VORMEDAL","NO-11","NO","M30-34","FIN","5:18:00","0:37:00","0:08:23","2:42:33","0:06:08","1:43:55","771","706","134","2119","925","811","147","844","780","134","771","706","134","19080","2220","503","9753","368","6235"
"841","Hachem Ftiah","Male","Casablanca","MA-SET","MA","M35-39","FIN","5:18:02","0:35:08","0:05:48","2:44:35","0:03:35","1:48:57","772","707","104","2216","613","533","72","773","714","101","772","707","104","19082","2108","348","9875","215","6537"
"2056","Oscar Karlsson","Male","Stockholm","SE-AB","SE","M40-44","FIN","5:18:03","0:40:37","0:07:20","2:44:00","0:04:31","1:41:36","773","708","92","2071","1507","1314","155","963","883","109","773","708","92","19083","2437","440","9840","271","6096"
"1052","Carlos Martin Casasampera","Male","BÉTERA","ES-V","ES","M50-54","FIN","5:18:11","0:35:09","0:07:13","2:37:46","0:04:51","1:53:12","774","709","56","2362","620","540","46","583","540","47","774","709","56","19091","2109","433","9466","291","6792"
"508","Mark Patterson","Male","Chinnor","GB-OXF","GB","M50-54","FIN","5:18:12","0:38:00","0:05:14","2:33:36","0:04:31","1:56:50","775","710","57","2362","1098","970","94","483","446","29","775","710","57","19092","2280","314","9216","271","7010"
"193","Roman Maslov","Male","Dnipro","UA-foreigner","UA","M40-44","FIN","5:18:19","0:44:40","0:05:11","2:34:08","0:03:33","1:50:47","776","711","93","2066","1923","1643","192","716","662","83","776","711","93","19099","2680","311","9248","213","6647"
"2437","Carlota Clotet Alsina","Female","Barcelona","ES-B","ES","F30-34","FIN","5:18:27","0:39:18","0:07:00","2:51:15","0:05:23","1:35:32","777","66","10","2756","1301","162","32","1151","103","17","777","66","10","19107","2358","420","10275","323","5732"
"343","Mika Colic","Male","Hard ","VORARLBERG","RS","M18-24","FIN","5:18:31","0:36:45","0:06:11","2:41:39","0:04:14","1:49:42","778","712","43","2077","876","768","50","737","682","37","778","712","43","19111","2205","371","9699","254","6582"
"1955","jose manuel leon ojeda","Male","Madrid","","ES","M50-54","FIN","5:18:31","0:40:02","0:07:40","2:50:08","0:05:54","1:34:47","779","713","58","2356","1421","1245","122","1167","1061","103","779","713","58","19111","2402","460","10208","354","5687"
"1015","Freek Ursem","Male","Spanbroek","NL-NH","NL","M18-24","FIN","5:18:35","0:41:31","0:09:18","2:42:55","0:07:55","1:36:55","780","714","44","2076","1615","1401","105","1021","936","58","780","714","44","19115","2491","558","9775","475","5815"
"1518","David Fredouelle","Male","Castelldefels","Cataluña","FR","M25-29","FIN","5:18:35","0:37:41","0:08:14","2:44:11","0:06:35","1:41:53","781","715","122","2119","1032","911","158","908","835","139","781","715","122","19115","2261","494","9851","395","6113"
"2565","Pierre NICOLAS","Male","Longeville-lès-Metz","FR-57","FR","M45-49","FIN","5:18:36","0:38:32","0:11:27","2:39:33","0:12:48","1:36:16","782","716","69","2370","1194","1052","102","879","809","84","782","716","69","19116","2312","687","9573","768","5776"
"2537","Juan Sebastián Alarcón  Mondragón","Male","Benidorm","Community of Valencia","ES","M25-29","FIN","5:18:36","0:41:32","0:06:25","2:50:19","0:04:23","1:35:57","783","717","123","2119","1616","1402","255","1186","1079","193","783","717","123","19116","2492","385","10219","263","5757"
"828","Stuart Russell","Male","Dublin","IE-D","IE","M40-44","FIN","5:18:46","0:33:45","0:05:18","2:39:54","0:03:41","1:56:07","784","718","94","2058","461","403","41","540","500","63","784","718","94","19126","2025","318","9594","221","6967"
"268","Thomas Fox","Male","Munich","DE-BY","DE","M60-64","FIN","5:18:49","0:39:14","0:08:41","2:29:19","0:06:50","1:54:45","785","719","6","2924","1289","1131","22","493","455","4","785","719","6","19129","2354","521","8959","410","6885"
"2191","Mariusz Matuszewski","Male","Warszawa","PL-MZ","PL","M50-54","FIN","5:18:50","0:36:07","0:07:27","2:37:11","0:05:55","1:52:10","786","720","59","2350","763","667","58","609","563","50","786","720","59","19130","2167","447","9431","355","6730"
"1390","Samuel Schembri","Male","Siggiewi","SIGGIEWI","MT","M25-29","FIN","5:18:52","0:42:43","0:08:23","2:42:59","0:06:39","1:38:09","787","721","124","2114","1752","1509","268","1031","945","164","787","721","124","19132","2563","503","9779","399","5889"
"1992","Juanan Navarro Moreno","Male","Valencia","ES-V","ES","M45-49","FIN","5:18:57","0:38:16","0:09:42","2:42:46","0:04:36","1:43:37","788","722","70","2364","1153","1019","98","922","846","91","788","722","70","19137","2296","582","9766","276","6217"
"1306","Jochem van Wattum","Male","Groningen","Groningen","NL","M18-24","FIN","5:18:59","0:38:57","0:08:42","2:41:55","0:05:43","1:43:43","789","723","45","2069","1253","1103","79","880","810","48","789","723","45","19139","2337","522","9715","343","6223"
"1811","Jhon Pons Camarena","Male","Massanassa","Community of Valencia","ES","M35-39","FIN","5:19:02","0:36:31","0:08:11","2:43:49","0:05:16","1:45:15","790","724","105","2198","835","731","92","856","789","111","790","724","105","19142","2191","491","9829","316","6315"
"2065","Ignacio Calleja","Male","Madrid","","ES","M25-29","FIN","5:19:09","0:34:35","0:06:47","2:35:18","0:05:28","1:57:01","791","725","125","2109","554","479","79","479","442","68","791","725","125","19149","2075","407","9318","328","7021"
"2519","Sacha Bloem","Male","Amsterdam","North Holland","NL","M25-29","FIN","5:19:09","0:38:40","0:07:11","2:47:31","0:04:42","1:41:05","792","726","126","2109","1212","1067","187","1010","925","159","792","726","126","19149","2320","431","10051","282","6065"
"173","Andre Janssen","Male","Erkelenz","DE-NW","DE","M50-54","FIN","5:19:12","0:39:13","0:08:40","2:36:25","0:07:15","1:47:38","793","727","60","2344","1287","1129","107","731","677","63","793","727","60","19152","2353","520","9385","435","6458"
"2233","Eduardo Garcia Plaza","Male","Madrid","ES-MADRID","ES","M25-29","FIN","5:19:15","0:36:12","0:08:18","2:55:17","0:05:27","1:34:00","794","728","127","2107","776","679","119","1241","1128","201","794","728","127","19155","2172","498","10517","327","5640"
"2339","Aleix Mortes Ribera","Male","Vilassar de Mar","","ES","M35-39","FIN","5:19:21","0:35:50","0:07:21","2:40:11","0:04:54","1:51:05","795","729","106","2193","716","626","84","695","642","89","795","729","106","19161","2150","441","9611","294","6665"
"1447","Matthias Noppe","Male","rekkem","west vlaanderen","BE","M25-29","FIN","5:19:22","0:40:04","0:08:39","2:31:28","0:05:23","1:53:47","796","730","128","2105","1427","1250","224","585","542","85","796","730","128","19162","2404","519","9088","323","6827"
"231","Sergio Laureano Sánchez","Male","Torrejón de Ardoz","ES-M","ES","M45-49","FIN","5:19:23","0:36:37","0:06:33","2:46:55","0:05:04","1:44:13","797","731","71","2356","857","752","73","907","834","89","797","731","71","19163","2197","393","10015","304","6253"
"2255","Pere Font Juanola","Male","VIC","ES-B","ES","M50-54","FIN","5:19:26","0:38:29","0:08:34","2:44:24","0:06:32","1:41:26","798","732","61","2339","1188","1048","101","946","866","87","798","732","61","19166","2309","514","9864","392","6086"
"621","Françoise Theate","Female","MONS","","BE","F60-64","FIN","5:19:27","0:30:35","0:05:42","2:52:14","0:04:32","1:46:24","799","67","1","3500","192","27","1","855","67","2","799","67","1","19167","1835","342","10334","272","6384"
"1949","Ignacio Fernández Fernández","Male","Talavera de la Reina","Castille-La Mancha","ES","M30-34","FIN","5:19:32","0:36:49","0:08:59","2:38:05","0:06:54","1:48:44","800","733","135","2092","888","779","141","713","659","115","800","733","135","19172","2209","539","9485","414","6524"
"1580","Joan S. Navarro","Male","Deltebre","Catalonia","ES","M40-44","FIN","5:19:34","0:37:59","0:06:35","2:42:44","0:04:36","1:47:40","801","734","95","2044","1090","964","114","832","769","100","801","734","95","19174","2279","395","9764","276","6460"
"902","Gustavo Alberto Martínez Mira","Male","Medellín","CO-ANT","CO","M35-39","FIN","5:19:36","0:38:26","0:06:21","2:40:16","0:05:59","1:48:34","802","735","107","2188","1176","1037","136","759","702","98","802","735","107","19176","2306","381","9616","359","6514"
"1391","Jose Maria Tinajero Rosero","Male","Pamplona ","NAVARRA","EC","M18-24","FIN","5:19:39","0:40:20","0:06:01","2:50:55","0:08:51","1:33:33","803","736","46","2057","1461","1279","93","1135","1036","66","803","736","46","19179","2420","361","10255","531","5613"
"1187","Dylan Letourneau","Male","Ugchelen","NL-GE","NL","M18-24","FIN","5:19:40","0:35:54","0:08:32","2:51:34","0:05:38","1:38:02","804","737","47","2057","728","637","40","1077","986","63","804","737","47","19180","2154","512","10294","338","5882"
"886","LAURENT DELLA SCHIAVA","Male","NIMES","","FR","M60-64","FIN","5:19:41","0:37:52","0:05:57","2:36:00","0:04:30","1:55:22","805","738","7","2908","1065","941","20","574","531","8","805","738","7","19181","2272","357","9360","270","6922"
"311","Lorenz HOMEISTER","Male","Halle","DE-ST","DE","M40-44","FIN","5:19:43","0:42:55","0:05:19","2:30:47","0:05:35","1:55:08","806","739","96","2041","1776","1530","182","543","503","64","806","739","96","19183","2575","319","9047","335","6908"
"2082","Peter Doran","Male","Liverpool","MSY","GB","M35-39","FIN","5:19:44","0:41:42","0:05:35","2:36:27","0:04:18","1:51:42","807","740","108","2186","1633","1416","179","708","654","92","807","740","108","19184","2502","335","9387","258","6702"
"1549","Chloe Haentjens","Female","London","GTM","FR","F30-34","FIN","5:19:48","0:36:22","0:05:54","2:42:38","0:04:06","1:50:48","808","68","11","2732","812","101","20","755","57","10","808","68","11","19188","2182","354","9758","246","6648"
"1457","Bagytzhan Kozhrakov","Male","Almaty","Алматы","KZ","M45-49","FIN","5:19:50","0:38:10","0:08:32","2:40:02","0:06:49","1:46:17","809","741","72","2348","1130","998","97","813","752","75","809","741","72","19190","2290","512","9602","409","6377"
"1522","Jose Giménez Ferrer","Male","ZARAGOZA","","ES","M40-44","FIN","5:20:00","0:35:08","0:06:23","2:51:02","0:03:25","1:44:02","810","742","97","2036","616","536","62","985","903","111","810","742","97","19200","2108","383","10262","205","6242"
"2130","Jose Angel Espinar Gallego","Male","Madrid","Community of Madrid","ES","M30-34","FIN","5:20:05","0:32:38","0:05:44","2:39:55","0:04:32","1:57:16","811","743","136","2082","347","302","53","519","480","89","811","743","136","19205","1958","344","9595","272","7036"
"1741","Vicente Micó Tamayo","Male","València","ES-V","ES","M25-29","FIN","5:20:07","0:39:30","0:07:11","2:49:03","0:05:15","1:39:08","812","744","129","2092","1335","1170","211","1070","981","174","812","744","129","19207","2370","431","10143","315","5948"
"2025","Julian Kuntz","Male","Linxe","Nouvelle-Aquitaine","FR","M35-39","FIN","5:20:08","0:37:28","0:06:41","2:44:24","0:03:45","1:47:51","813","745","109","2179","994","875","112","857","790","112","813","745","109","19208","2248","401","9864","225","6471"
"158","Juan Carlos Riveiro Insua","Male","Menlo Park","US-CA","US","M50-54","FIN","5:20:11","0:32:46","0:08:40","2:37:24","0:06:46","1:54:36","814","746","62","2326","361","315","21","537","497","36","814","746","62","19211","1966","520","9444","406","6876"
"2185","Nicolas Finkielsztejn","Male","Nyon","","BR","M25-29","FIN","5:20:11","0:37:50","0:07:40","2:52:25","0:05:14","1:37:03","815","747","130","2090","1061","937","165","1173","1067","190","815","747","130","19211","2270","460","10345","314","5823"
"1341","Audric Munten","Male","Helmsange","LU-LU","LU","M35-39","FIN","5:20:17","0:33:48","0:06:43","2:53:19","0:04:41","1:41:46","816","748","110","2176","463","404","55","1023","938","130","816","748","110","19217","2028","403","10399","281","6106"
"1934","Francisco Primo Ruiz","Male","València","","ES","M40-44","FIN","5:20:17","0:39:53","0:07:30","2:36:36","0:04:50","1:51:28","817","749","98","2031","1398","1223","147","718","664","84","817","749","98","19217","2393","450","9396","290","6688"
"542","Richard Wait","Male","Casares","ES-MALAGA","GI","M45-49","FIN","5:20:18","0:39:39","0:08:32","2:38:19","0:05:57","1:47:52","818","750","73","2340","1357","1187","118","805","745","70","818","750","73","19218","2379","512","9499","357","6472"
"269","Bennet Hennings","Male","Lostau","DE-ST","DE","M18-24","FIN","5:20:19","0:39:49","0:08:55","2:40:32","0:05:56","1:45:07","819","751","48","2045","1390","1216","86","870","801","47","819","751","48","19219","2389","535","9632","356","6307"
"2307","Alberto Garcia Tamames","Male","Las Palmas de Gran Canaria","Las Palmas","ES","M30-34","FIN","5:20:19","0:39:39","0:06:06","2:40:39","0:04:18","1:49:36","820","752","137","2078","1359","1189","218","803","743","130","820","752","137","19219","2379","366","9639","258","6576"
"1177","Marc Wesseling","Male","Amsterdam","","NL","M30-34","FIN","5:20:20","0:40:51","0:08:20","2:48:41","0:06:36","1:35:52","821","753","138","2077","1531","1333","243","1169","1063","189","821","753","138","19220","2451","500","10121","396","5752"
"2173","Vincent DUQUESNE","Male","Vercorin","CH-VS","CH","M45-49","FIN","5:20:24","0:35:41","0:07:25","2:44:49","0:05:43","1:46:46","822","754","74","2338","698","609","58","843","779","79","822","754","74","19224","2141","445","9889","343","6406"
"406","Gerry Mcintyre","Male","Shannon","Clare","IE","M55-59","FIN","5:20:28","0:36:53","0:08:01","2:49:46","0:06:31","1:39:18","823","755","29","2355","898","788","32","1045","957","44","823","755","29","19228","2213","481","10186","391","5958"
"1973","Jorge Gamón Company","Male","Valencia","ES-Community of Valencia","ES","M25-29","FIN","5:20:31","0:37:43","0:06:45","2:48:59","0:04:23","1:42:41","824","756","131","2084","1042","920","160","1014","929","160","824","756","131","19231","2263","405","10139","263","6161"
"569","Filomena Gomes","Female","Quinta do Conde","SETUBAL","PT","F55-59","FIN","5:20:32","0:39:46","0:07:03","2:40:31","0:05:18","1:47:55","825","69","2","3376","1385","174","5","834","64","2","825","69","2","19232","2386","423","9631","318","6475"
"219","Luca Bella Boone","Female","Oost-Vlaanderen","","BE","F18-24","FIN","5:20:39","0:35:16","0:05:35","2:38:18","0:03:20","1:58:10","826","70","3","2552","638","83","4","549","43","2","826","70","3","19239","2116","335","9498","200","7090"
"603","BENOIT DECHENE","Male","BUZANCAIS","FR-Centre-Val de Loire","FR","M30-34","FIN","5:20:40","0:37:15","0:07:12","2:45:29","0:05:17","1:45:27","827","757","139","2071","970","854","157","900","830","145","827","757","139","19240","2235","432","9929","317","6327"
"1556","Micha Wets","Male","Wichelen","OOST-VLAANDEREN","BE","M40-44","FIN","5:20:41","0:38:48","0:10:37","2:37:49","0:09:28","1:43:59","828","758","99","2024","1229","1084","130","831","768","99","828","758","99","19241","2328","637","9469","568","6239"
"1395","Carola Eriksson","Female","Täby","SE-AB","SE","F45-49","FIN","5:20:43","0:41:23","0:06:32","2:41:13","0:04:20","1:47:14","829","71","6","3248","1597","213","24","866","69","5","829","71","6","19243","2483","392","9673","260","6434"
"428","Julien Perroteau","Male","BEAUVOISIN","FR-GARD","FR","M40-44","FIN","5:20:44","0:36:57","0:06:26","2:39:45","0:04:51","1:52:45","830","759","100","2023","915","803","100","690","639","81","830","759","100","19244","2217","386","9585","291","6765"
"2369","Jean-Noel Vergnes","Male","Ramonville Saint-Agne","FR-31","FR","M45-49","FIN","5:20:51","0:38:47","0:09:05","2:38:05","0:05:14","1:49:39","831","760","75","2330","1228","1083","107","789","730","66","831","760","75","19251","2327","545","9485","314","6579"
"1991","German Conte Perez","Male","ZARAGOZA","ZARAGOZA","ES","M55-59","FIN","5:21:05","0:32:26","0:06:25","2:33:45","0:04:04","2:04:25","832","761","30","2344","321","278","12","376","348","14","832","761","30","19265","1946","385","9225","244","7465"
"1462","Jeremy de Combas","Male","Loisin","FR-74","FR","M25-29","FIN","5:21:06","0:33:21","0:11:15","2:46:11","0:07:11","1:43:08","833","762","132","2074","413","360","55","924","848","142","833","762","132","19266","2001","675","9971","431","6188"
"1633","Ignacio Verdera","Male","València","Community of Valencia","ES","M25-29","FIN","5:21:12","0:40:23","0:08:10","2:49:02","0:05:30","1:38:07","834","763","133","2072","1473","1287","232","1155","1051","187","834","763","133","19272","2423","490","10142","330","5887"
"1701","Victor BOURLOT","Male","Limoges","Nouvelle-Aquitaine","FR","M30-34","FIN","5:21:20","0:34:25","0:07:49","2:48:43","0:04:58","1:45:23","835","764","140","2059","530","460","75","930","853","148","835","764","140","19280","2065","469","10123","298","6323"
"169","Ali Al-Tek","Male","London","GB-LND","GB","M55-59","FIN","5:21:21","0:36:06","0:06:05","2:28:50","0:05:05","2:05:15","836","765","31","2339","760","664","28","334","306","12","836","765","31","19281","2166","365","8930","305","7515"
"342","Andrew Haines","Male","leeds","58750W-21887","GB","M45-49","FIN","5:21:22","0:41:25","0:05:16","2:49:03","0:05:13","1:40:25","837","766","76","2321","1604","1390","140","1071","982","102","837","766","76","19282","2485","316","10143","313","6025"
"1005","Marc Schneeberger","Male","Cascais","PT-11","CH","M50-54","FIN","5:21:26","0:31:46","0:06:34","2:43:45","0:05:49","1:53:32","838","767","63","2303","265","228","11","663","615","58","838","767","63","19286","1906","394","9825","349","6812"
"2062","James Lister","Male","London","London","GB","M25-29","FIN","5:21:28","0:37:14","0:06:01","2:49:51","0:05:41","1:42:41","839","768","134","2067","965","849","147","1001","918","156","839","768","134","19288","2234","361","10191","341","6161"
"2248","Giorgio Stellin","Male","Padova","IT-PD","IT","M45-49","FIN","5:21:32","0:40:57","0:06:05","2:37:06","0:04:21","1:53:02","840","769","77","2318","1546","1343","136","720","666","61","840","769","77","19292","2457","365","9426","261","6782"
"347","Pablo Pujol","Male","Madrid","ES-M","ES","M25-29","FIN","5:21:32","0:35:09","0:07:58","2:53:46","0:04:52","1:39:47","841","770","135","2066","621","541","95","1120","1021","180","841","770","135","19292","2109","478","10426","292","5987"
"1563","John Van Ganse","Male","Uccle","BRUSSELS HOOFDSTEDELIJK GEWEST","BE","M25-29","FIN","5:21:35","0:36:13","0:08:05","2:51:27","0:06:50","1:39:00","842","771","136","2065","785","688","124","1072","983","175","842","771","136","19295","2173","485","10287","410","5940"
"631","Amaury Trockels","Male","Westcliff on SEA","England","DE","M30-34","FIN","5:21:40","0:39:19","0:17:01","2:45:37","0:05:49","1:33:55","843","772","141","2053","1306","1144","209","1313","1181","211","843","772","141","19300","2359","1021","9937","349","5635"
"1007","Grzegorz Mazurkiewicz","Male","Wrocław","Dolnośląskie","PL","M50-54","FIN","5:21:41","0:39:53","0:08:09","2:44:56","0:06:31","1:42:12","844","773","64","2299","1400","1225","119","999","916","94","844","773","64","19301","2393","489","9896","391","6132"
"2258","Stephanie Colbourne","Female","London","OXF","CA","F30-34","FIN","5:21:42","0:36:41","0:07:41","2:46:53","0:06:25","1:44:02","845","72","12","2698","867","107","21","939","80","13","845","72","12","19302","2201","461","10013","385","6242"
"287","Katie Spendlove","Female","Northampton","GB-NTH","GB","F45-49","FIN","5:21:43","0:41:01","0:06:51","2:42:19","0:04:59","1:46:33","846","73","7","3230","1559","204","21","911","74","6","846","73","7","19303","2461","411","9739","299","6393"
"563","Victor Rodriguez","Male","Hem","","FR","M40-44","FIN","5:21:49","0:39:00","0:07:15","2:47:27","0:03:58","1:44:09","847","774","101","2003","1257","1106","135","1019","934","116","847","774","101","19309","2340","435","10047","238","6249"
"527","Georgi Litivnov","Male","Berlin","Berlin","UA","M30-34","FIN","5:21:49","0:37:29","0:06:20","2:41:07","0:04:51","1:52:02","848","775","142","2051","998","879","163","757","700","121","848","775","142","19309","2249","380","9667","291","6722"
"657","Didier Willemssens","Male","AARTSELAAR","BE-VAN","BE","M60-64","FIN","5:22:01","0:35:48","0:06:20","2:39:38","0:05:38","1:54:37","849","776","8","2866","712","622","11","652","604","11","849","776","8","19321","2148","380","9578","338","6877"
"1672","Pierre Galewski","Male","Chargé","FR-37","FR","M45-49","FIN","5:22:02","0:37:54","0:05:27","2:43:17","0:04:52","1:50:31","850","777","78","2309","1071","947","92","809","748","72","850","777","78","19322","2274","327","9797","292","6631"
"689","Rogier Op 't Hoog","Male","Moergestel","NL-Noord-Brabant","NL","M35-39","FIN","5:22:07","0:35:56","0:07:48","2:37:24","0:04:50","1:56:09","851","778","111","2143","736","643","87","628","582","79","851","778","111","19327","2156","468","9444","290","6969"
"2417","Javier Arechaga Iribarnegaray","Male","Alboraya","","ES","M50-54","FIN","5:22:07","0:35:46","0:07:20","2:41:39","0:05:52","1:51:31","852","779","65","2291","709","619","53","746","690","64","852","779","65","19327","2146","440","9699","352","6691"
"1318","Gabriele Zanetti","Male","Vigevano","IT-LOMBARDIA","IT","M35-39","FIN","5:22:12","0:35:57","0:06:30","2:43:24","0:03:58","1:52:22","853","780","112","2141","737","644","88","784","725","104","853","780","112","19332","2157","390","9804","238","6742"
"2400","Armand Bleus","Male","Maastricht","Limburg","NL","M35-39","FIN","5:22:15","0:32:36","0:08:22","2:44:57","0:07:07","1:49:13","854","781","113","2141","343","298","39","787","728","105","854","781","113","19335","1956","502","9897","427","6553"
"1662","Christian Pio Spagnol","Male","Żejtun, Malta","","MT","M30-34","FIN","5:22:17","0:41:33","0:06:22","2:43:43","0:06:27","1:44:12","855","782","143","2042","1618","1403","255","952","872","151","855","782","143","19337","2493","382","9823","387","6252"
"2474","Alfonso Cabanas Diaz","Male","Madrid","Madrid","ES","M18-24","FIN","5:22:19","0:35:40","0:04:58","3:00:32","0:04:18","1:36:51","856","783","49","2009","694","606","38","1289","1167","75","856","783","49","19339","2140","298","10832","258","5811"
"734","Melvin Lopez","Male","Saint-Jean-de-Védas","Occitania","FR","M25-29","FIN","5:22:19","0:34:27","0:07:11","2:46:36","0:06:02","1:48:03","857","784","137","2052","533","462","77","848","784","133","857","784","137","19339","2067","431","9996","362","6483"
"1837","PAULA AVIÑO","Female","Villanueva De Castellon","Community of Valencia","ES","F35-39","FIN","5:22:21","0:35:39","0:07:59","2:56:32","0:06:04","1:36:06","858","74","9","2922","692","88","7","1252","115","12","858","74","9","19341","2139","479","10592","364","5766"
"411","Roisin Doran","Female","Monaleen","Limerick","IE","F50-54","FIN","5:22:26","0:39:09","0:06:06","2:50:39","0:04:34","1:41:58","859","75","5","2810","1277","155","11","1075","91","6","859","75","5","19346","2349","366","10239","274","6118"
"1297","Eveliina Puustjarvi","Female","Söderkulla","FI-06","FI","F40-44","FIN","5:22:27","0:36:17","0:06:25","2:44:27","0:05:44","1:49:33","860","76","5","2885","799","99","9","828","63","6","860","76","5","19347","2177","385","9867","344","6573"
"2016","Diego Sanchez Chicharro","Male","Valladolid","Valladolid","ES","M50-54","FIN","5:22:29","0:36:03","0:06:12","2:48:23","0:03:37","1:48:16","861","785","66","2285","752","657","55","920","844","82","861","785","66","19349","2163","372","10103","217","6496"
"1585","Pauls Vitols","Male","Jurmala","LV-JUR","LV","M45-49","FIN","5:22:33","0:44:39","0:06:20","2:39:04","0:05:20","1:47:10","862","786","79","2299","1922","1642","172","905","833","88","862","786","79","19353","2679","380","9544","320","6430"
"369","Miguel Hernández","Male","Vitoria","ES-VI","ES","M45-49","FIN","5:22:36","0:31:25","0:06:48","2:46:25","0:07:00","1:50:58","863","787","80","2298","245","211","13","741","685","62","863","787","80","19356","1885","408","9985","420","6658"
"1286","Marcelo Gowland","Male","Alcobendas","ES-MD","AR","M40-44","FIN","5:22:39","0:37:33","0:09:06","2:51:00","0:05:35","1:39:25","864","788","102","1988","1009","889","105","1159","1054","127","864","788","102","19359","2253","546","10260","335","5965"
"2294","Pierre Gallon","Male","Paris","FR-75","FR","M60-64","FIN","5:22:41","0:32:41","0:06:45","2:40:20","0:06:34","1:56:20","865","789","9","2854","353","308","5","569","526","7","865","789","9","19361","1961","405","9620","394","6980"
"2064","Marco Martin","Male","Madrid","ES-MD","ES","M25-29","FIN","5:22:41","0:38:12","0:07:26","2:51:52","0:04:44","1:40:27","866","790","138","2045","1137","1004","180","1147","1046","186","866","790","138","19361","2292","446","10312","284","6027"
"2580","Agostinho André","Male","Madrid","","PT","M30-34","FIN","5:22:48","0:42:11","0:05:15","2:39:35","0:04:44","1:51:03","867","791","144","2033","1688","1459","263","819","757","131","867","791","144","19368","2531","315","9575","284","6663"
"2236","Javier Herrero Benavides","Male","Madrid","Community of Madrid","ES","M25-29","FIN","5:22:49","0:42:36","0:08:08","2:52:30","0:04:42","1:34:54","868","792","139","2043","1739","1500","267","1344","1207","217","868","792","139","19369","2556","488","10350","282","5694"
"1182","Frederico Vidal","Male","Cascais","PT-11","PT","M45-49","FIN","5:22:52","0:31:44","0:04:43","2:53:17","0:05:20","1:47:48","869","793","81","2294","260","224","16","890","820","85","869","793","81","19372","1904","283","10397","320","6468"
"156","Wilfried Uten","Male","Heverlee","BE-VBR","BE","M60-64","FIN","5:22:54","0:36:44","0:09:12","2:31:38","0:06:04","1:59:16","870","794","10","2850","874","766","18","503","464","5","870","794","10","19374","2204","552","9098","364","7156"
"780","Tomás Manuel Bouzas Pedreira","Male","Pontevedra","Galicia","ES","M25-29","FIN","5:22:55","0:28:38","0:07:09","2:40:12","0:05:00","2:01:56","871","795","140","2041","120","102","11","454","423","66","871","795","140","19375","1718","429","9612","300","7316"
"1876","Giovanni Vultaggio","Male","trapani","TP","IT","M45-49","FIN","5:23:01","0:32:42","0:06:45","2:51:51","0:04:31","1:47:11","872","796","82","2291","354","309","26","940","860","93","872","796","82","19381","1962","405","10311","271","6431"
"905","Yauheni Kurcheuski","Male","Minsk","MINSKAJA  VOBLASC","","M35-39","FIN","5:23:05","0:36:36","0:07:24","2:37:25","0:05:38","1:56:02","873","797","114","2126","854","749","95","643","596","82","873","797","114","19385","2196","444","9445","338","6962"
"1241","Oliver Cameron-Hayes","Male","Rocafort","ES-V","US","M40-44","FIN","5:23:05","0:38:01","0:09:50","2:40:29","0:06:05","1:48:41","874","798","103","1981","1100","972","116","850","785","103","874","798","103","19385","2281","590","9629","365","6521"
"1877","steven verbeek","Male","Lier","BE-VAN","BE","M35-39","FIN","5:23:08","0:38:22","0:07:31","2:34:38","0:06:05","1:56:32","875","799","115","2125","1163","1028","134","595","550","75","875","799","115","19388","2302","451","9278","365","6992"
"1900","Declan Bagnall","Male","Dublin","IE-D","IE","M45-49","FIN","5:23:09","0:36:59","0:06:02","2:43:38","0:05:41","1:50:49","876","800","83","2288","920","807","81","810","749","73","876","800","83","19389","2219","362","9818","341","6649"
"2403","Marco Aurelio Trindade Costa","Male","London","GB-ENG","GB","M30-34","FIN","5:23:13","0:38:57","0:08:10","2:47:02","0:05:11","1:43:52","877","801","145","2025","1254","1104","199","1033","946","163","877","801","145","19393","2337","490","10022","311","6232"
"862","Juan Luis Tejero","Male","Vilanova del valles","","ES","M30-34","FIN","5:23:13","0:40:45","0:07:51","2:49:49","0:05:26","1:39:22","878","802","146","2025","1519","1324","241","1194","1087","195","878","802","146","19393","2445","471","10189","326","5962"
"1515","José Ignacio Ochoa Artes","Male","VALÈNCIA","Community of Valencia","ES","M25-29","FIN","5:23:14","0:38:41","0:06:17","2:54:41","0:04:43","1:38:52","879","803","141","2036","1217","1072","189","1234","1121","199","879","803","141","19394","2321","377","10481","283","5932"
"630","Rene Delbaere","Male","Berchem","BE-VAN","BE","M65-69","FIN","5:23:17","0:34:08","0:05:37","2:45:57","0:04:31","1:53:03","880","804","1","3500","495","433","1","779","720","1","880","804","1","19397","2048","337","9957","271","6783"
"1349","Lucas Van Geldern","Male","Maarssen","","NL","M30-34","FIN","5:23:19","0:36:41","0:07:10","2:34:07","0:05:01","2:00:20","881","805","147","2024","866","760","136","509","470","87","881","805","147","19399","2201","430","9247","301","7220"
"344","Hamza Benziane","Male","Rabat","foreigner","MA","M35-39","FIN","5:23:20","0:41:31","0:06:54","2:43:44","0:06:38","1:44:33","882","806","116","2121","1614","1400","176","969","887","125","882","806","116","19400","2491","414","9824","398","6273"
"760","Ella Lee","Female","Gerrards Cross ","BKM","GB","F25-29","FIN","5:23:24","0:34:51","0:07:06","2:51:15","0:06:24","1:43:48","883","77","9","2499","579","78","13","1005","84","11","883","77","9","19404","2091","426","10275","384","6228"
"2146","Liam Ó Ceallaigh","Male","Galway","IE-G","IE","M25-29","FIN","5:23:25","0:39:51","0:07:49","2:39:45","0:05:14","1:50:45","884","807","142","2032","1393","1219","219","836","772","131","884","807","142","19405","2391","469","9585","314","6645"
"741","Fernando Adrian Pol","Male","Malaga","ES-MA","AR","M35-39","FIN","5:23:28","0:47:12","0:06:29","2:35:41","0:04:12","1:49:54","885","808","117","2119","2061","1741","220","872","803","114","885","808","117","19408","2832","389","9341","252","6594"
"2036","Ignacio Llanso y Perez","Male","Barcelona","Catalonia","ES","M25-29","FIN","5:23:29","0:35:31","0:06:31","2:45:01","0:05:29","1:50:56","886","809","143","2031","671","586","106","823","761","127","886","809","143","19409","2131","391","9901","329","6656"
"2498","Fredy Portella Suñe","Male","Barcelona","ES-CT","ES","M55-59","FIN","5:23:32","0:36:44","0:07:07","2:39:41","0:04:50","1:55:11","887","810","32","2300","875","767","31","700","646","30","887","810","32","19412","2204","427","9581","290","6911"
"1729","jaume reig gonzalez","Male","madrid","Community of Madrid","ES","M40-44","FIN","5:23:36","0:37:47","0:06:29","2:36:49","0:03:56","1:58:34","888","811","104","1971","1050","927","110","625","579","70","888","811","104","19416","2267","389","9409","236","7114"
"1907","Alessandro Varia","Male","palermo","IT-PA","IT","M50-54","FIN","5:23:40","0:39:54","0:07:58","2:43:03","0:08:28","1:44:16","889","812","67","2263","1402","1227","120","926","850","83","889","812","67","19420","2394","478","9783","508","6256"
"2022","Hugo Gonzalez","Male","London","","ES","M35-39","FIN","5:23:46","0:43:43","0:07:04","2:36:08","0:04:39","1:52:13","890","813","118","2113","1852","1588","201","816","755","109","890","813","118","19426","2623","424","9368","279","6733"
"2088","Christian Baumann","Male","Pully","CH-VD","CH","M50-54","FIN","5:23:49","0:40:18","0:11:08","2:38:26","0:08:01","1:45:57","891","814","68","2261","1454","1273","124","897","827","78","891","814","68","19429","2418","668","9506","481","6357"
"823","Tim van Lint","Male","Vianen","Utrecht","NL","M25-29","FIN","5:23:51","0:34:11","0:07:14","2:33:48","0:05:34","2:03:05","892","815","144","2024","503","441","72","435","404","63","892","815","144","19431","2051","434","9228","334","7385"
"2159","Javier Puig","Male","Madrid","MD","ES","M30-34","FIN","5:23:51","0:38:32","0:07:54","2:50:32","0:07:08","1:39:45","893","816","148","2014","1196","1053","189","1123","1024","175","893","816","148","19431","2312","474","10232","428","5985"
"2295","Guillermo Chen Lapuente","Male","MADRID","ES-Community of Madrid","ES","M30-34","FIN","5:23:52","0:39:58","0:07:00","2:51:15","0:04:42","1:40:56","894","817","149","2014","1414","1239","228","1185","1078","192","894","817","149","19432","2398","420","10275","282","6056"
"1546","Constantinos Stylianou","Male","Barcelona","Catalonia","CY","M25-29","FIN","5:24:03","0:33:23","0:06:48","2:45:42","0:04:42","1:53:28","895","818","145","2021","417","364","56","785","726","122","895","818","145","19443","2003","408","9942","282","6808"
"2149","Pierre Baude","Male","Asson","PYRENEES-ATLANTIQUES","FR","M55-59","FIN","5:24:08","0:32:30","0:07:02","2:48:57","0:05:46","1:49:53","896","819","33","2289","329","285","13","854","788","36","896","819","33","19448","1950","422","10137","346","6593"
"1940","Gonzalo Calero","Male","Alcobendas","ES-Madrid","ES","M30-34","FIN","5:24:11","0:37:52","0:08:52","2:50:47","0:05:19","1:41:21","897","820","150","2008","1066","942","171","1148","1047","183","897","820","150","19451","2272","532","10247","319","6081"
"2109","Paméla Neveu","Female","Saint Étienne au Mont - Ecault","FR-62","FR","F40-44","FIN","5:24:13","0:37:26","0:08:10","2:52:21","0:04:59","1:41:18","898","78","6","2853","992","119","10","1174","107","14","898","78","6","19453","2246","490","10341","299","6078"
"996","Tom Garmston","Male","London","GB-LND","GB","M25-29","FIN","5:24:14","0:28:48","0:08:30","2:54:47","0:05:13","1:46:55","899","821","146","2018","128","110","13","967","885","147","899","821","146","19454","1728","510","10487","313","6415"
"1605","Fabienne Schmidt","Female","Jena","TH","DE","F25-29","FIN","5:24:16","0:41:32","0:07:46","2:43:54","0:05:25","1:45:38","900","79","10","2483","1617","215","43","1006","85","12","900","79","10","19456","2492","466","9834","325","6338"
"155","Inge Schumacher","Female","Heverlee","BE-VBR","BE","F60-64","FIN","5:24:20","0:37:47","0:08:29","2:38:20","0:05:35","1:54:09","901","80","2","3412","1051","124","3","739","56","1","901","80","2","19460","2267","509","9500","335","6849"
"2392","Carlos Rivera","Male","Madrid","ES-MD","ES","M25-29","FIN","5:24:25","0:34:36","0:06:55","2:53:42","0:05:29","1:43:43","902","822","147","2014","557","482","80","1062","973","170","902","822","147","19465","2076","415","10422","329","6223"
"177","Nicola Lanzarini","Male","Sorbara di Bomporto","IT-45","IT","M50-54","FIN","5:24:34","0:34:58","0:06:31","2:49:40","0:05:33","1:47:52","903","823","69","2247","595","515","42","933","856","85","903","823","69","19474","2098","391","10180","333","6472"
"1364","MARIANO FARGUS","Female","Ciudad de Buenos Aires","Buenos Aires City Region","AR","M50-54","FIN","5:24:34","0:32:12","0:07:09","2:50:10","0:06:11","1:48:52","904","824","70","2247","302","260","15","878","808","75","904","824","70","19474","1932","429","10210","371","6532"
"2249","Charles Maleyrat","Male","Limoges","","FR","M30-34","FIN","5:24:41","0:36:32","0:07:45","2:45:06","0:04:52","1:50:26","905","825","151","1999","838","734","128","873","804","138","905","825","151","19481","2192","465","9906","292","6626"
"667","Domenico Tupputi","Male","Carpi","IT-EMILIA-ROMAGNA","IT","M50-54","FIN","5:24:42","0:37:36","0:09:15","2:42:56","0:06:14","1:48:40","906","826","71","2245","1023","903","85","892","822","76","906","826","71","19482","2256","555","9776","374","6520"
"458","David Arnao Alvarez","Male","VALENCIA","","ES","M50-54","FIN","5:24:50","0:32:26","0:06:13","2:33:02","0:03:56","2:09:14","907","827","72","2242","323","280","18","345","317","18","907","827","72","19490","1946","373","9182","236","7754"
"1506","Mike Hes","Male","Haarlem","NL-NH","NL","M30-34","FIN","5:24:57","0:35:12","0:06:03","2:41:33","0:03:49","1:58:20","908","828","152","1994","626","545","88","682","632","111","908","828","152","19497","2112","363","9693","229","7100"
"2399","Max Freeman","Male","Broadway","GB-AK","GB","M30-34","FIN","5:24:59","0:35:29","0:07:59","2:49:36","0:05:37","1:46:19","909","829","153","1994","662","577","97","1000","917","157","909","829","153","19499","2129","479","10176","337","6379"
"1865","Rubén Segura Cañizares","Male","Madrid","Comunidad de Madrid","ES","M18-24","FIN","5:25:00","0:33:36","0:08:39","2:58:18","0:04:41","1:39:45","910","830","50","1961","439","384","25","1269","1150","72","910","830","50","19500","2016","519","10698","281","5985"
"492","Dirk Enderle","Male","Endingen am Kaiserstuhl","DE-BW","DE","M55-59","FIN","5:25:07","0:39:04","0:08:12","2:41:19","0:05:22","1:51:11","911","831","34","2271","1265","1113","51","858","791","37","911","831","34","19507","2344","492","9679","322","6671"
"1078","Andre Reid","Male","London","GB-ENG","GB","M45-49","FIN","5:25:08","0:35:26","0:07:58","2:50:40","0:05:08","1:45:56","912","832","84","2253","656","572","53","1030","944","96","912","832","84","19508","2126","478","10240","308","6356"
"2328","Florent Vernhes","Male","Brussels","BE-BRUSSELS HOOFDSTEDELIJK GEWEST","FR","M45-49","FIN","5:25:09","0:39:43","0:08:57","2:40:27","0:06:47","1:49:15","913","833","85","2252","1374","1202","120","865","797","83","913","833","85","19509","2383","537","9627","407","6555"
"1629","Paul Michel","Male","Rehau","BAYERN","DE","M18-24","FIN","5:25:09","0:37:25","0:07:19","2:43:03","0:06:09","1:51:12","914","834","51","1958","987","869","60","841","777","44","914","834","51","19509","2245","439","9783","369","6672"
"1405","Matthias Parmentier","Male","Zwevegem","Flemish Region","BE","M25-29","FIN","5:25:14","0:34:41","0:06:08","2:41:21","0:03:28","1:59:36","915","835","148","2000","567","490","84","666","618","101","915","835","148","19514","2081","368","9681","208","7176"
"1469","Antonie De Kok","Male","Zundert","NOORD-BRABANT","NL","M55-59","FIN","5:25:16","0:37:48","0:10:05","2:36:53","0:06:12","1:54:19","916","836","35","2268","1052","928","40","748","692","33","916","836","35","19516","2268","605","9413","372","6859"
"632","Yannick Quintelier","Male","Sint-Job-in't-Goor","Flemish Region","BE","M25-29","FIN","5:25:19","0:37:14","0:08:57","2:37:59","0:07:14","1:53:55","917","837","149","1998","968","852","148","723","669","113","917","837","149","19519","2234","537","9479","434","6835"
"2420","Pedro Carretero Cristóbal","Male","Madrid","Comunidad de Madrid","ES","M35-39","FIN","5:25:21","0:34:31","0:08:31","2:47:08","0:07:55","1:47:16","918","838","119","2085","541","469","64","910","837","119","918","838","119","19521","2071","511","10028","475","6436"
"1698","Kevin Merle","Male","Cahors","FR-46","FR","M30-34","FIN","5:25:22","0:41:01","0:07:16","2:46:52","0:05:19","1:44:55","919","839","154","1987","1556","1353","245","1059","970","167","919","839","154","19522","2461","436","10012","319","6295"
"732","Andrzej Gorecki","Male","Milton Keynes","England","PL","M40-44","FIN","5:25:24","0:35:42","0:09:18","2:40:59","0:06:15","1:53:11","920","840","105","1939","701","612","73","790","731","97","920","840","105","19524","2142","558","9659","375","6791"
"1451","Heiko Wein","Male","Heidesheim","DE-RP","DE","M60-64","FIN","5:25:24","0:36:14","0:08:00","2:40:31","0:06:34","1:54:05","921","841","11","2805","788","691","13","747","691","14","921","841","11","19524","2174","480","9631","394","6845"
"1590","Javier Ibáñez Cervera","Male","València","ES-V","ES","M18-24","FIN","5:25:31","0:35:41","0:06:42","2:51:30","0:05:01","1:46:37","922","842","52","1951","699","610","39","1024","939","59","922","842","52","19531","2141","402","10290","301","6397"
"2119","Alejandro Mate","Male","Madrid","ES-Community of Madrid","ES","M25-29","FIN","5:25:33","0:33:57","0:07:46","2:48:18","0:07:26","1:48:06","923","843","150","1994","481","420","65","904","832","138","923","843","150","19533","2037","466","10098","446","6486"
"2222","Simon Malen","Male","Saint-Saturnin-lès-Avignon","","FR","M18-24","FIN","5:25:40","0:36:50","0:06:47","2:43:06","0:03:54","1:55:03","924","844","53","1949","892","783","51","812","751","42","924","844","53","19540","2210","407","9786","234","6903"
"1085","Llorenc Gabriel Medina","Male","Okehampton","GB-DEVON","ES","M40-44","FIN","5:25:44","0:39:38","0:07:23","2:41:09","0:04:55","1:52:40","925","845","106","1933","1354","1184","142","847","783","102","925","845","106","19544","2378","443","9669","295","6760"
"2513","Andre Sameiro Machado","Male","Eindhoven","NOORD-BRABANT","PT","M25-29","FIN","5:25:44","0:40:48","0:07:39","2:48:47","0:08:08","1:40:21","926","846","151","1991","1526","1329","240","1133","1034","185","926","846","151","19544","2448","459","10127","488","6021"
"1827","Mustafa Salih","Male","Tring","GB-HRT","GB","M60-64","FIN","5:25:45","0:34:45","0:08:31","2:40:59","0:05:46","1:55:44","927","847","12","2799","571","494","7","725","671","13","927","847","12","19545","2085","511","9659","346","6944"
"187","Martin Pešta","Male","Prague","undefined-Prague","CZ","M50-54","FIN","5:25:50","0:36:54","0:07:12","2:37:47","0:05:52","1:58:05","928","848","73","2224","900","790","71","656","608","57","928","848","73","19550","2214","432","9467","352","7085"
"2441","pedro Zarauza Merodio","Male","MADRID","Community of Madrid","ES","M25-29","FIN","5:26:05","0:43:49","0:07:14","2:44:07","0:05:32","1:45:22","929","849","152","1984","1856","1592","284","1060","971","169","929","849","152","19565","2629","434","9847","332","6322"
"1222","Massimiliano Rossetti","Male","MONTALTO DORA","IT-TO","IT","M55-59","FIN","5:26:06","0:36:24","0:06:07","2:39:29","0:05:17","1:58:49","930","850","36","2253","819","717","29","661","613","28","930","850","36","19566","2184","367","9569","317","7129"
"365","Jorge Jimenez Vidal","Male","Barbastro","ES-AR","ES","M40-44","FIN","5:26:11","0:32:54","0:07:07","2:50:57","0:05:29","1:49:44","931","851","107","1925","370","323","33","929","852","106","931","851","107","19571","1974","427","10257","329","6584"
"1493","Romain Guicherd","Male","Oxford","ENG","FR","M35-39","FIN","5:26:11","0:45:44","0:07:07","2:40:32","0:04:30","1:48:18","932","852","120","2070","1991","1691","213","1011","926","129","932","852","120","19571","2744","427","9632","270","6498"
"616","kerry cockman","Female","Bridgend","GB-BGE","GB","F40-44","FIN","5:26:12","0:39:12","0:06:56","2:50:34","0:04:51","1:44:39","933","81","7","2817","1284","158","14","1116","98","11","933","81","7","19572","2352","416","10234","291","6279"
"1726","Alejandro Pérez Lahuerta","Male","Zaragoza","ES-AR","ES","M25-29","FIN","5:26:12","0:43:05","0:10:22","2:55:47","0:05:04","1:31:54","934","853","153","1982","1796","1546","275","1525","1364","242","934","853","153","19572","2585","622","10547","304","5514"
"1417","Arno Roelandts","Male","Antwerpen","BE-VAN","BE","M25-29","FIN","5:26:14","0:40:01","0:07:28","2:40:53","0:05:20","1:52:33","935","854","154","1982","1417","1241","222","851","786","134","935","854","154","19574","2401","448","9653","320","6753"
"1133","Jesse Hoekstra","Male","Lemmer","NL-FR","NL","M25-29","FIN","5:26:16","0:37:48","0:08:54","2:44:02","0:06:22","1:49:10","936","855","155","1981","1054","930","164","921","845","141","936","855","155","19576","2268","534","9842","382","6550"
"1570","Johan August Østbye","Male","Oslo","NO-03","NO","M25-29","FIN","5:26:17","0:41:20","0:08:28","2:44:10","0:07:01","1:45:18","937","856","156","1981","1592","1381","250","1026","941","162","937","856","156","19577","2480","508","9850","421","6318"
"1541","Niels Vorsselmans","Female","Zoersel","Flemish Region","BE","M18-24","FIN","5:26:19","0:40:39","0:07:40","2:44:32","0:05:57","1:47:31","938","857","54","1937","1515","1321","97","993","910","55","938","857","54","19579","2439","460","9872","357","6451"
"1275","Iván Castro Valera","Male","València","Community of Valencia","ES","M30-34","FIN","5:26:27","0:38:23","0:06:50","2:51:28","0:04:18","1:45:29","939","858","155","1967","1167","1032","186","1115","1018","174","939","858","155","19587","2303","410","10288","258","6329"
"2411","Felix Niederer","Male","Öpfingen","Baden-Württemberg","DE","M18-24","FIN","5:26:29","0:34:09","0:07:43","2:53:28","0:05:08","1:46:00","940","859","55","1934","497","435","28","1065","976","62","940","859","55","19589","2049","463","10408","308","6360"
"393","Harry Oliphant","Male","Youghal","CO","IE","M25-29","FIN","5:26:31","0:45:09","0:07:26","2:41:26","0:04:16","1:48:15","941","860","157","1976","1962","1669","296","1029","943","163","941","860","157","19591","2709","446","9686","256","6495"
"1358","Jonas Nanko","Male","Göttingen","NI","DE","M18-24","FIN","5:26:32","0:38:02","0:06:43","2:39:58","0:04:28","1:57:21","942","861","56","1933","1107","977","70","745","689","39","942","861","56","19592","2282","403","9598","268","7041"
"2315","Carlos Alcaide","Male","Valencia","ES-V","ES","M30-34","FIN","5:26:36","0:35:36","0:08:09","3:07:11","0:04:58","1:30:42","943","862","156","1964","684","597","101","1577","1402","253","943","862","156","19596","2136","489","11231","298","5442"
"1047","William Gair","Male","Godstone","GB-England","GB","M25-29","FIN","5:26:42","0:37:55","0:07:57","2:51:10","0:06:14","1:43:26","944","863","158","1973","1074","949","168","1126","1027","182","944","863","158","19602","2275","477","10270","374","6206"
"1096","Christian Fayos Sena","Male","Xirivella","Community of Valencia","ES","M30-34","FIN","5:26:44","0:36:36","0:10:16","2:56:53","0:05:47","1:37:12","945","864","157","1962","852","747","131","1361","1222","221","945","864","157","19604","2196","616","10613","347","5832"
"2250","Adrien Bouhy","Male","Bruxelles","Brussels-Capital Region","BE","M30-34","FIN","5:26:44","0:41:12","0:08:46","2:44:45","0:08:39","1:43:21","946","865","158","1962","1580","1371","249","1047","959","166","946","865","158","19604","2472","526","9885","519","6201"
"264","Jason English","Male","Kettering","Northamptonshire","GB","M55-59","FIN","5:26:47","0:38:02","0:09:06","2:50:19","0:07:31","1:41:50","947","866","37","2241","1103","975","44","1142","1042","50","947","866","37","19607","2282","546","10219","451","6110"
"1010","Marine Cochet","Female","Brest","Brittany","FR","F25-29","FIN","5:26:47","0:31:21","0:05:06","2:56:14","0:05:54","1:48:12","948","82","11","2438","236","33","4","987","83","10","948","82","11","19607","1881","306","10574","354","6492"
"239","Michal Jankowski","Male","Gdynia","","PL","M40-44","FIN","5:26:47","0:35:03","0:09:44","2:34:43","0:10:28","1:56:50","949","867","108","1914","600","520","61","561","518","67","949","867","108","19607","2103","584","9283","628","7010"
"1304","Simon Smith","Male","Kentsboro","Hants","GB","M50-54","FIN","5:26:50","0:42:27","0:05:28","2:39:51","0:04:58","1:54:06","950","868","74","2206","1724","1486","144","840","776","70","950","868","74","19610","2547","328","9591","298","6846"
"2212","Jose Luis Jimenez Aisa","Male","Dos Hermanas","Andalucía","ES","M50-54","FIN","5:26:56","0:34:13","0:06:57","2:51:11","0:04:12","1:50:23","951","869","75","2204","506","444","34","977","895","91","951","869","75","19616","2053","417","10271","252","6623"
"1928","Adam Goslin","Male","Dublin","IE-D","IE","M30-34","FIN","5:26:59","0:33:14","0:06:49","2:45:57","0:04:49","1:56:10","952","870","159","1958","399","349","61","793","734","127","952","870","159","19619","1994","409","9957","289","6970"
"1908","Nicola Fabio Corsini","Male","Palermo","IT-PA","IT","M50-54","FIN","5:27:04","0:36:55","0:07:58","2:46:40","0:05:13","1:50:18","953","871","76","2202","909","797","72","951","871","88","953","871","76","19624","2215","478","10000","313","6618"
"2254","Diego Serani","Male","madrid","Community of Madrid","EC","M25-29","FIN","5:27:06","0:40:23","0:07:10","2:34:16","0:04:44","2:00:33","954","872","159","1966","1470","1286","231","654","606","99","954","872","159","19626","2423","430","9256","284","7233"
"1385","Michael Bruninx","Male","Ouderkerk Aan De Amstel","North Holland","NL","M45-49","FIN","5:27:07","0:43:16","0:10:31","2:36:04","0:06:14","1:51:02","955","873","86","2217","1816","1561","162","895","825","86","955","873","86","19627","2596","631","9364","374","6662"
"1439","Michal Pikusa","Male","Glattpark (Opfikon)","Zurich","PL","M25-29","FIN","5:27:09","0:46:37","0:09:36","2:46:15","0:05:49","1:38:52","956","874","160","1965","2038","1726","306","1324","1191","215","956","874","160","19629","2797","576","9975","349","5932"
"872","Fricis Zaržeckis","Male","Garciema","LV-011","LV","M30-34","FIN","5:27:12","0:37:55","0:05:55","2:45:51","0:04:28","1:53:04","957","875","160","1954","1076","951","172","885","815","140","957","875","160","19632","2275","355","9951","268","6784"
"215","Agnieszka Lukawska","Female","Gdańsk","PL-PM","PL","F40-44","FIN","5:27:13","0:34:38","0:04:59","2:45:26","0:04:51","1:57:18","958","83","8","2799","560","76","3","760","58","4","958","83","8","19633","2078","299","9926","291","7038"
"880","DIEGO PEZZOLI","Male","SONGAVAZZO","AB","IT","M45-49","FIN","5:27:13","0:36:31","0:06:58","2:46:26","0:04:42","1:52:36","959","876","87","2215","837","733","70","899","829","87","959","876","87","19633","2191","418","9986","282","6756"
"2377","Patricio Garay Gonzalez De La Bastida","Male","Madrid","","ES","M25-29","FIN","5:27:14","0:35:28","0:06:45","2:49:57","0:05:48","1:49:16","960","877","161","1964","661","576","102","971","889","149","960","877","161","19634","2128","405","10197","348","6556"
"680","Pedro Borges","Male","Pinhal Novo","PT-15","PT","M40-44","FIN","5:27:15","0:33:37","0:08:43","2:51:02","0:06:58","1:46:56","961","878","109","1906","441","386","40","1008","923","114","961","878","109","19635","2017","523","10262","418","6416"
"301","Galiya Brogden","Female","London","GB-BKM","GB","F45-49","FIN","5:27:17","0:41:03","0:07:47","2:51:56","0:04:53","1:41:38","962","84","8","3130","1564","205","22","1276","120","11","962","84","8","19637","2463","467","10316","293","6098"
"1062","Robert Simpson","Male","London","England","GB","M25-29","FIN","5:27:20","0:28:44","0:07:25","2:41:43","0:08:19","2:01:09","963","879","162","1962","127","109","12","506","467","75","963","879","162","19640","1724","445","9703","499","7269"
"1649","Ferran de Andrés Vert","Male","Luzern","CH-LU","ES","M25-29","FIN","5:27:23","0:40:04","0:08:48","2:40:51","0:04:46","1:52:54","964","880","163","1961","1428","1251","225","886","816","136","964","880","163","19643","2404","528","9651","286","6774"
"450","Lisa De Ste Croix","Female","St Lawrence","","JE","F45-49","FIN","5:27:33","0:39:37","0:10:38","2:48:42","0:04:48","1:43:48","965","85","9","3125","1350","169","17","1211","111","10","965","85","9","19653","2377","638","10122","288","6228"
"1346","Renaldo De Groot","Male","Brasschaat","","NL","M65-69","FIN","5:27:35","0:37:33","0:06:28","2:41:44","0:08:36","1:53:15","966","881","2","3422","1011","891","5","781","722","2","966","881","2","19655","2253","388","9704","516","6795"
"1368","Noe Vendrells Parcerisa","Male","Redhill","SRY","ES","M25-29","FIN","5:27:35","0:39:40","0:11:12","2:51:16","0:05:02","1:40:25","967","882","164","1957","1360","1190","217","1319","1187","213","967","882","164","19655","2380","672","10276","302","6025"
"904","Stephan Zimmermann","Male","Barcelona","","BE","M25-29","FIN","5:27:36","0:39:14","0:07:40","2:40:28","0:07:43","1:52:32","968","883","165","1957","1288","1130","201","835","771","130","968","883","165","19656","2354","460","9628","463","6752"
"1003","Alvaro Moraleda","Male","Zaragoza","Zaragoza","ES","M30-34","FIN","5:27:38","0:36:25","0:07:51","2:52:59","0:06:16","1:44:07","969","884","161","1946","820","718","124","1134","1035","178","969","884","161","19658","2185","471","10379","376","6247"
"538","Jason Austin","Male","Ickford","GB-BKM","GB","M35-39","FIN","5:27:38","0:35:50","0:08:16","2:41:13","0:05:38","1:56:40","970","885","121","2044","718","628","85","768","709","99","970","885","121","19658","2150","496","9673","338","7000"
"2316","Carlos Florín Ferraz Iusan","Male","Teruel","Aragon","ES","M18-24","FIN","5:27:41","0:36:13","0:06:50","2:46:02","0:06:49","1:51:48","971","886","57","1912","781","684","44","864","796","46","971","886","57","19661","2173","410","9962","409","6708"
"2189","Wojciech Orzech","Male","Warszawa","pomorskie","PL","M55-59","FIN","5:27:46","0:39:16","0:09:21","2:51:04","0:05:57","1:42:09","972","887","38","2223","1295","1135","52","1235","1122","57","972","887","38","19666","2356","561","10264","357","6129"
"2559","Eivind Blais","Female","Pau","","FR","M35-39","FIN","5:27:46","0:38:17","0:06:56","2:46:15","0:04:19","1:51:59","973","888","122","2041","1154","1020","132","947","867","122","973","888","122","19666","2297","416","9975","259","6719"
"1009","Menno Dellisse","Male","Rhode-Saint-Genèse","BE-VBR","BE","M50-54","FIN","5:27:48","0:34:40","0:08:14","2:45:57","0:06:35","1:52:21","974","889","77","2189","564","487","39","861","794","72","974","889","77","19668","2080","494","9957","395","6741"
"366","Lucía Grasa Rodrigo","Female","Barbastro","ES-Aragon","ES","F45-49","FIN","5:27:50","0:34:32","0:07:00","2:55:59","0:03:58","1:46:22","975","86","10","3120","546","73","4","1145","101","9","975","86","10","19670","2072","420","10559","238","6382"
"2168","Chloé Lecrique","Female","München","DE-BY","FR","F30-34","FIN","5:27:51","0:43:10","0:07:14","2:55:13","0:03:26","1:38:48","976","87","13","2587","1801","251","45","1429","149","28","976","87","13","19671","2590","434","10513","206","5928"
"2401","Rick Van Den Boorn","Male","Maastricht","","NL","M35-39","FIN","5:27:54","0:31:47","0:10:29","2:52:17","0:06:58","1:46:23","977","890","123","2039","267","230","28","1040","952","133","977","890","123","19674","1907","629","10337","418","6383"
"330","Arnout Groen","Male","València","Community of Valencia","NL","M30-34","FIN","5:27:55","0:36:30","0:08:31","2:40:52","0:05:09","1:56:53","978","891","162","1941","831","727","127","786","727","126","978","891","162","19675","2190","511","9652","309","7013"
"694","Benjamín Valero Esteve","Male","Torrent","Community of Valencia","ES","M18-24","FIN","5:28:02","0:31:18","0:06:04","3:12:32","0:05:29","1:32:40","979","892","58","1906","234","202","14","1542","1378","93","979","892","58","19682","1878","364","11552","329","5560"
"1458","Alejandro Martinez Senent","Male","København","DK-84","ES","M25-29","FIN","5:28:13","0:36:27","0:06:20","2:38:15","0:03:58","2:03:14","980","893","166","1946","823","721","134","618","572","94","980","893","166","19693","2187","380","9495","238","7394"
"1280","Jaime Madera Mascarell","Male","Madrid","ES-MD","ES","M30-34","FIN","5:28:22","0:36:13","0:08:00","2:55:14","0:05:12","1:43:43","981","894","163","1933","787","690","117","1230","1117","201","981","894","163","19702","2173","480","10514","312","6223"
"1301","Carl Bale","Male","Bridgend","Mid Glamorgan","GB","M45-49","FIN","5:28:23","0:35:16","0:07:31","2:43:54","0:05:44","1:55:59","982","895","88","2194","636","554","50","811","750","74","982","895","88","19703","2116","451","9834","344","6959"
"1053","Xavier Copp","Male","Surrey ","England","GB","M25-29","FIN","5:28:24","0:35:00","0:06:37","2:46:11","0:05:18","1:55:18","983","896","167","1943","598","518","88","842","778","132","983","896","167","19704","2100","397","9971","318","6918"
"1976","Dominik Voss","Male","Berlin","Berlin","DE","M25-29","FIN","5:28:25","0:38:36","0:11:23","2:46:12","0:05:11","1:47:03","984","897","168","1942","1201","1057","186","1089","995","176","984","897","168","19705","2316","683","9972","311","6423"
"1944","Castellote Jose","Male","la eliana (valencia)","","ES","M40-44","FIN","5:28:26","0:42:19","0:06:39","2:54:30","0:05:59","1:38:59","985","898","110","1884","1713","1475","174","1354","1215","142","985","898","110","19706","2539","399","10470","359","5939"
"2096","Javier Martinez Garcia","Male","Madrid","","ES","M45-49","FIN","5:28:28","0:37:32","0:08:58","2:54:39","0:04:23","1:42:56","986","899","89","2193","1006","886","88","1288","1166","127","986","899","89","19708","2252","538","10479","263","6176"
"1213","Adrian Mustea","Male","București","București","MD","M30-34","FIN","5:28:34","0:42:33","0:11:14","2:44:57","0:06:19","1:43:32","987","900","164","1929","1733","1494","273","1206","1096","197","987","900","164","19714","2553","674","9897","379","6212"
"1011","Damian Slowinski","Male","Poznan","Greater Poland","PL","M45-49","FIN","5:28:36","0:39:24","0:08:19","2:49:15","0:06:55","1:44:43","988","901","90","2190","1321","1157","117","1124","1025","109","988","901","90","19716","2364","499","10155","415","6283"
"588","Michal Jiřík","Male","Praha 9","CZ-Prague","CZ","M50-54","FIN","5:28:39","0:45:10","0:10:47","2:36:58","0:07:08","1:48:35","989","902","78","2174","1963","1670","161","997","914","93","989","902","78","19719","2710","647","9418","428","6515"
"717","Rory Everett","Male","Blagdon","GB-England","GB","M30-34","FIN","5:28:48","0:33:41","0:08:36","2:56:59","0:08:55","1:40:37","990","903","165","1925","449","393","68","1226","1113","200","990","903","165","19728","2021","516","10619","535","6037"
"1480","Alvaro Cristobal Boyer","Male","Madrid","Community of Madrid","ES","M25-29","FIN","5:28:51","0:36:12","0:06:21","2:47:58","0:05:14","1:53:07","991","904","169","1934","778","681","120","917","841","140","991","904","169","19731","2172","381","10078","314","6787"
"1502","Henk-Jan Keuter","Male","Emmen","Drenthe","NL","M35-39","FIN","5:28:53","0:37:56","0:08:41","2:49:55","0:05:51","1:46:29","992","905","124","2021","1081","955","120","1106","1009","137","992","905","124","19733","2276","521","10195","351","6389"
"2501","Tim Guillemet","Male","Morainvilliers","FR-78","FR","M35-39","FIN","5:28:59","0:38:21","0:06:12","2:54:29","0:04:04","1:45:53","993","906","125","2019","1160","1026","133","1214","1103","141","993","906","125","19739","2301","372","10469","244","6353"
"697","Wouter Van den Berge","Male","Zierikzee","NL-ZE","NL","M30-34","FIN","5:29:12","0:38:27","0:08:25","2:45:58","0:04:49","1:51:32","994","907","166","1918","1180","1040","187","990","907","156","994","907","166","19752","2307","505","9958","289","6692"
"859","Andrii Kovalov","Male","Kharkiv","KHARKIVSKA OBLAST","UA","M45-49","FIN","5:29:13","0:36:12","0:09:11","2:38:32","0:06:56","1:58:22","995","908","91","2179","775","678","66","714","660","59","995","908","91","19753","2172","551","9512","416","7102"
"2449","Franco Guitart Romeo","Male","Madrid","MADRID","ES","M30-34","FIN","5:29:18","0:40:36","0:06:45","2:54:17","0:07:09","1:40:32","996","909","167","1916","1505","1312","239","1304","1175","209","996","909","167","19758","2436","405","10457","429","6032"
"1013","Damian Howald","Male","Worb","CH-Bern","CH","M30-34","FIN","5:29:29","0:35:59","0:07:54","2:45:16","0:05:46","1:54:34","997","910","168","1913","741","647","110","867","798","136","997","910","168","19769","2159","474","9916","346","6874"
"282","Edoardo Roversi","Male","Milan","","IT","M18-24","FIN","5:29:33","0:39:53","0:04:53","2:49:24","0:03:34","1:51:48","998","911","59","1879","1396","1221","87","1034","947","60","998","911","59","19773","2393","293","10164","214","6708"
"464","Fabian Löffler","Male","Dortmund","NORDRHEIN-WESTFALEN","DE","M25-29","FIN","5:29:37","0:36:16","0:07:53","2:36:17","0:05:11","2:04:00","999","912","170","1921","794","696","126","593","548","87","999","912","170","19777","2176","473","9377","311","7440"
"2187","Ignacio Álvarez Moreno","Male","Valdetorres de Jarama","ES-M","ES","M25-29","FIN","5:29:38","0:39:17","0:07:51","2:55:12","0:04:08","1:43:09","1000","913","171","1920","1300","1139","203","1322","1189","214","1000","913","171","19778","2357","471","10512","248","6189"
"1644","Angelo Calò","Male","Valencia","Valencia","IT","M35-39","FIN","5:29:42","0:37:32","0:08:30","2:56:16","0:05:16","1:42:09","1001","914","126","2006","1007","887","113","1320","1188","154","1001","914","126","19782","2252","510","10576","316","6129"
"727","Paul Tuck","Male","Swindon","GB-WIL","GB","M55-59","FIN","5:29:44","0:32:54","0:11:19","2:45:46","0:13:42","1:46:03","1002","915","39","2188","372","325","14","902","831","39","1002","915","39","19784","1974","679","9946","822","6363"
"803","Rónán Tempany","Male","Downpatrick","GB-NIR","IE","M25-29","FIN","5:29:46","0:38:40","0:08:59","2:46:09","0:06:56","1:49:03","1003","916","172","1918","1214","1069","188","1022","937","161","1003","916","172","19786","2320","539","9969","416","6543"
"601","Jozsef Ivan","Male","Brussels","Brussels-Capital Region","HU","M55-59","FIN","5:29:46","0:38:08","0:11:32","2:33:40","0:07:34","1:58:52","1004","917","40","2187","1123","992","46","694","641","29","1004","917","40","19786","2288","692","9220","454","7132"
"1740","Cécile Colas","Female","Epagny Metz-Tessy","Auvergne-Rhône-Alpes","FR","F25-29","FIN","5:29:51","0:33:49","0:07:04","3:00:15","0:06:00","1:42:43","1005","88","12","2383","466","60","11","1284","122","17","1005","88","12","19791","2029","424","10815","360","6163"
"2396","Francisco Foncillas","Male","Alcobendas","MD","ES","M25-29","FIN","5:29:52","0:32:24","0:05:48","2:58:45","0:04:17","1:48:39","1006","918","173","1916","318","275","38","1122","1023","181","1006","918","173","19792","1944","348","10725","257","6519"
"515","Marc Aurel Haensch","Male","Hamburg","DE-HH","DE","M30-34","FIN","5:29:53","0:36:16","0:08:24","2:52:45","0:05:38","1:46:50","1007","919","169","1905","793","695","119","1141","1041","181","1007","919","169","19793","2176","504","10365","338","6410"
"1229","Patrycja Kowalewska","Female","Pierwoszyno","PL-PM","PL","F18-24","FIN","5:30:03","0:40:23","0:05:47","2:58:11","0:04:39","1:41:02","1008","89","4","2383","1472","186","10","1379","143","6","1008","89","4","19803","2423","347","10691","279","6062"
"681","Charlie Fox","Male","Marton, Rugby","England","GB","M30-34","FIN","5:30:03","0:39:30","0:09:44","2:45:59","0:06:19","1:48:31","1009","920","170","1902","1332","1168","215","1061","972","168","1009","920","170","19803","2370","584","9959","379","6511"
"1483","Jack Matthews","Male","London","GB-ENG","GB","M30-34","FIN","5:30:03","0:37:41","0:07:38","2:55:54","0:04:14","1:44:35","1010","921","171","1902","1033","912","169","1290","1168","207","1010","921","171","19803","2261","458","10554","254","6275"
"605","Alexia Grant","Female","Wells","GB-SOMERSET","GB","F25-29","FIN","5:30:04","0:40:25","0:04:57","2:58:05","0:04:34","1:42:03","1011","90","13","2379","1479","187","37","1352","139","20","1011","90","13","19804","2425","297","10685","274","6123"
"1208","Andrew Ruddy","Male","Grouville","Jersey","JE","M50-54","FIN","5:30:04","0:30:50","0:04:42","2:43:51","0:04:28","2:06:13","1012","922","79","2148","211","181","8","557","514","39","1012","922","79","19804","1850","282","9831","268","7573"
"2424","Alejandro Sanchez Sanchez","Male","Albacete","Albacete","ES","M35-39","FIN","5:30:05","0:43:40","0:05:46","2:50:08","0:06:32","1:43:58","1013","923","127","2000","1844","1582","198","1233","1120","146","1013","923","127","19805","2620","346","10208","392","6238"
"2419","Gonçalo Ribeiro","Male","Lisboa","PT-11","PT","M30-34","FIN","5:30:09","0:32:26","0:07:10","2:41:16","0:04:33","2:04:44","1014","924","172","1901","322","279","47","612","566","102","1014","924","172","19809","1946","430","9676","273","7484"
"546","Duncan Crawford","Male","Bicester","GB-OXF","GB","M45-49","FIN","5:30:13","0:42:16","0:05:32","2:50:21","0:06:04","1:46:00","1015","925","92","2161","1707","1470","152","1181","1074","118","1015","925","92","19813","2536","332","10221","364","6360"
"1428","Bart Zwarteveen","Male","Hardenberg","NL-OV","NL","M30-34","FIN","5:30:13","0:43:51","0:10:42","2:44:03","0:06:41","1:44:57","1016","926","173","1899","1861","1596","295","1201","1092","196","1016","926","173","19813","2631","642","9843","401","6297"
"2393","Jonathan Brochet","Male","London","England","GB","M35-39","FIN","5:30:14","0:36:35","0:07:46","2:55:29","0:05:56","1:44:28","1017","927","128","1997","850","745","94","1243","1130","149","1017","927","128","19814","2195","466","10529","356","6268"
"599","Lucrezia Lupi","Female","Novi Ligure","","IT","F35-39","FIN","5:30:15","0:39:30","0:06:17","2:51:49","0:06:02","1:46:37","1018","91","10","2780","1334","165","21","1154","104","11","1018","91","10","19815","2370","377","10309","362","6397"
"746","Andrea Bousquié","Female","Bourg St Andeol","FR-07","FR","F40-44","FIN","5:30:32","0:38:27","0:07:20","2:50:05","0:04:49","1:49:52","1019","92","9","2739","1179","140","12","1074","90","8","1019","92","9","19832","2307","440","10205","289","6592"
"721","Eugenio Marti Garcia De Quiros","Male","Valencia","VALENCIA*","ES","M50-54","FIN","5:30:51","0:39:38","0:10:08","2:54:49","0:07:40","1:38:35","1020","928","80","2134","1356","1186","114","1388","1243","114","1020","928","80","19851","2378","608","10489","460","5915"
"1848","Brad Lewis","Male","Cincinnati","US-OH","US","M25-29","FIN","5:30:53","0:31:56","0:09:57","2:53:31","0:06:49","1:48:41","1021","929","174","1898","277","239","36","1066","977","172","1021","929","174","19853","1916","597","10411","409","6521"
"2147","Jonno Wilkes","Male","London","GB-ENG","GB","M25-29","FIN","5:30:53","0:40:06","0:08:20","2:51:56","0:08:19","1:42:14","1022","930","175","1898","1430","1253","227","1263","1145","204","1022","930","175","19853","2406","500","10316","499","6134"
"1728","Max Jensen","Male","Allinge","","DK","M30-34","FIN","5:30:57","0:36:53","0:07:14","2:45:38","0:07:12","1:54:01","1023","931","174","1886","897","787","144","889","819","142","1023","931","174","19857","2213","434","9938","432","6841"
"1194","Javier Garcia Perez","Male","London","GB-Greater London","ES","M25-29","FIN","5:30:57","0:33:21","0:08:43","2:57:55","0:07:35","1:43:22","1024","932","176","1897","412","359","54","1246","1133","203","1024","932","176","19857","2001","523","10675","455","6202"
"1935","Daniel Ubeda","Male","moncada","","ES","M40-44","FIN","5:31:03","0:33:56","0:06:54","3:03:05","0:03:44","1:43:23","1025","933","111","1837","478","417","45","1367","1228","144","1025","933","111","19863","2036","414","10985","224","6203"
"2489","Kat Herrera Panchi","Female","Chella","Community of Valencia","EC","F25-29","FIN","5:31:03","0:33:44","0:05:24","2:57:20","0:06:11","1:48:24","1026","93","14","2361","456","58","10","1103","97","14","1026","93","14","19863","2024","324","10640","371","6504"
"1247","Sofia Geffner","Female","Madrid","ES-M","AR","F35-39","FIN","5:31:17","0:36:22","0:05:47","2:59:27","0:04:35","1:45:05","1027","94","11","2762","813","102","9","1303","129","14","1027","94","11","19877","2182","347","10767","275","6305"
"1504","Thom Langen","Male","Assen","DRENTHE","NL","M25-29","FIN","5:31:31","0:50:45","0:07:25","2:34:45","0:04:48","1:53:48","1028","934","177","1886","2177","1830","330","995","912","155","1028","934","177","19891","3045","445","9285","288","6828"
"885","Christopher Simmons","Male","Hamburg","Hamburg","DE","M40-44","FIN","5:31:33","0:41:57","0:11:21","2:44:12","0:05:53","1:48:10","1029","935","112","1828","1662","1438","170","1143","1043","126","1029","935","112","19893","2517","681","9852","353","6490"
"1406","Vicente Navarrete Sifri","Male","Santiago","Santiago Metropolitan Region","CL","M35-39","FIN","5:31:43","0:41:37","0:06:29","2:46:50","0:07:06","1:49:40","1030","936","129","1970","1624","1408","177","1054","965","134","1030","936","129","19903","2497","389","10010","426","6580"
"837","fran fayos","Male","xirivella","","ES","M25-29","FIN","5:31:43","0:46:41","0:09:57","2:49:24","0:07:14","1:38:28","1031","937","178","1883","2042","1729","308","1447","1295","230","1031","937","178","19903","2801","597","10164","434","5908"
"1574","Joseph Sturgess","Male","Madrid","Community of Madrid","GB","M35-39","FIN","5:31:50","0:36:55","0:10:21","2:50:47","0:06:16","1:47:31","1032","938","130","1968","906","795","99","1177","1070","139","1032","938","130","19910","2215","621","10247","376","6451"
"1282","Reece Sherry","Male","Johnstown Wood","Meath","IE","M25-29","FIN","5:31:51","0:38:51","0:07:10","3:00:38","0:05:46","1:39:27","1033","939","179","1880","1236","1090","193","1459","1306","233","1033","939","179","19911","2331","430","10838","346","5967"
"2223","Paul Muller","Male","Vessy","CH-GE","CH","M18-24","FIN","5:31:54","0:34:11","0:08:37","2:48:33","0:05:38","1:54:56","1034","940","60","1836","502","440","29","943","863","53","1034","940","60","19914","2051","517","10113","338","6896"
"817","Patryk Rozniewski","Male","Krakow","PL-MA","PL","M45-49","FIN","5:31:55","0:45:07","0:10:16","2:45:45","0:06:34","1:44:14","1035","941","93","2131","1958","1666","174","1283","1162","126","1035","941","93","19915","2707","616","9945","394","6254"
"2473","Florian Briquet","Male","Libourne","","FR","M35-39","FIN","5:32:01","0:45:09","0:10:38","2:53:06","0:06:36","1:36:32","1036","942","131","1965","1961","1668","210","1515","1356","176","1036","942","131","19921","2709","638","10386","396","5792"
"307","Adam Kirtley","Male","Plymouth","DEV","GB","M50-54","FIN","5:32:01","0:38:05","0:06:56","2:44:11","0:03:59","1:58:50","1037","943","81","2113","1114","984","96","868","799","73","1037","943","81","19921","2285","416","9851","239","7130"
"1873","Dani Olmo Villanueva","Male","Madrid","ES-MD","ES","M50-54","FIN","5:32:01","0:36:47","0:08:59","2:44:50","0:06:12","1:55:13","1038","944","82","2113","882","773","68","918","842","81","1038","944","82","19921","2207","539","9890","372","6913"
"637","Stef Van Heyste","Male","Kalmthout","ANTWERPEN","BE","M30-34","FIN","5:32:01","0:40:25","0:07:28","2:41:53","0:05:26","1:56:49","1039","945","175","1867","1483","1295","237","891","821","143","1039","945","175","19921","2425","448","9713","326","7009"
"2395","Alberto Barranco","Male","Madrid","","ES","M55-59","FIN","5:32:02","0:44:23","0:10:53","2:53:35","0:07:50","1:35:22","1040","946","41","2147","1901","1626","82","1514","1355","68","1040","946","41","19922","2663","653","10415","470","5722"
"2556","Pierre-luc François","Male","Sigean","","FR","M40-44","FIN","5:32:05","0:43:19","0:09:14","2:51:24","0:06:45","1:41:23","1041","947","113","1819","1820","1563","184","1368","1229","145","1041","947","113","19925","2599","554","10284","405","6083"
"517","Jérôme Michel","Male","Audun le roman","FR-54","FR","M40-44","FIN","5:32:13","0:33:49","0:06:35","2:43:46","0:05:47","2:02:16","1042","948","114","1816","465","406","42","722","668","85","1042","948","114","19933","2029","395","9826","347","7336"
"672","Marco Mutto","Male","PADOVA","IT-PD","IT","M35-39","FIN","5:32:15","0:36:54","0:11:26","2:50:34","0:07:37","1:45:43","1043","949","132","1961","905","794","98","1210","1100","140","1043","949","132","19935","2214","686","10234","457","6343"
"2374","Fran Saura","Male","Torre-Pacheco","Murcia","ES","M45-49","FIN","5:32:19","0:39:09","0:09:00","2:46:51","0:05:37","1:51:41","1044","950","94","2123","1276","1122","113","1056","967","100","1044","950","94","19939","2349","540","10011","337","6701"
"1697","Guillaume HONTARREDE","Male","Montpezat-de-Quercy","FR-82","FR","M35-39","FIN","5:32:19","0:38:13","0:07:09","2:45:42","0:06:03","1:55:12","1045","951","133","1959","1139","1006","128","931","854","120","1045","951","133","19939","2293","429","9942","363","6912"
"1930","Jesús Sánchez Pedregosa","Male","Picanya","Valencia","ES","M40-44","FIN","5:32:22","0:38:28","0:07:31","2:57:29","0:06:10","1:42:44","1046","952","115","1814","1183","1043","126","1353","1214","141","1046","952","115","19942","2308","451","10649","370","6164"
"2198","Fabien Bisensang","Male","Saint Pierre du Mont","Nouvelle-Aquitaine","FR","M30-34","FIN","5:32:27","0:40:20","0:09:08","2:53:42","0:06:01","1:43:15","1047","953","176","1859","1460","1278","235","1341","1204","218","1047","953","176","19947","2420","548","10422","361","6195"
"363","Veronika Lipp","Female","Kirchdorf","DE-BY","DE","F25-29","FIN","5:32:28","0:37:41","0:05:29","3:02:38","0:04:27","1:42:13","1048","95","15","2336","1035","122","20","1438","151","23","1048","95","15","19948","2261","329","10958","267","6133"
"1692","Maarten Willemsen","Male","Utrecht","NL-UT","NL","M30-34","FIN","5:32:34","0:40:32","0:09:02","2:42:04","0:08:06","1:52:50","1049","954","177","1857","1496","1305","238","953","873","152","1049","954","177","19954","2432","542","9724","486","6770"
"980","Darren Farrell","Male","Dublin 12","Dublin","IE","M45-49","FIN","5:32:35","0:38:00","0:08:29","2:44:08","0:07:05","1:54:53","1050","955","95","2119","1094","968","95","919","843","90","1050","955","95","19955","2280","509","9848","425","6893"
"1599","Maxim Maximov","Male","Jena","TH","CZ","M30-34","FIN","5:32:35","0:39:56","0:09:26","2:44:14","0:04:57","1:54:02","1051","956","178","1857","1407","1232","226","1016","931","161","1051","956","178","19955","2396","566","9854","297","6842"
"1809","Raphael Harlé","Male","Nice","ALPES-MARITIMES","FR","M40-44","FIN","5:32:36","0:35:55","0:07:33","2:51:23","0:05:54","1:51:51","1052","957","116","1809","731","639","78","1049","961","118","1052","957","116","19956","2155","453","10283","354","6711"
"2009","Camilo Lozada","Male","Nurnberg","BY","CO","M25-29","FIN","5:32:37","0:41:01","0:07:43","2:51:54","0:04:34","1:47:25","1053","958","180","1867","1558","1355","245","1272","1153","206","1053","958","180","19957","2461","463","10314","274","6445"
"273","Evgeniia Porguneva","Female","Moscow","","","F40-44","FIN","5:32:38","0:43:10","0:06:20","2:55:58","0:04:23","1:42:47","1054","96","10","2702","1802","252","26","1419","147","19","1054","96","10","19958","2590","380","10558","263","6167"
"2443","Pere QUILES","Male","barcelona","ES-B","ES","M18-24","FIN","5:32:50","0:34:13","0:07:29","2:53:12","0:06:08","1:51:48","1055","959","61","1820","507","445","31","1052","963","61","1055","959","61","19970","2053","449","10392","368","6708"
"361","Jorge Peredo Abejas","Male","Madrid","ES-M","ES","M45-49","FIN","5:32:53","0:39:58","0:08:04","2:43:14","0:05:04","1:56:33","1056","960","96","2113","1409","1234","125","938","859","92","1056","960","96","19973","2398","484","9794","304","6993"
"1532","Jade KERDULJ","Female","Biganos","NOUVELLE-AQUITAINE","FR","F25-29","FIN","5:32:59","0:38:24","0:08:06","3:05:13","0:05:08","1:36:08","1057","97","16","2326","1173","138","24","1598","178","31","1057","97","16","19979","2304","486","11113","308","5768"
"394","Stephen Kelleher","Male","Killeagh","Cork","IE","M45-49","FIN","5:33:01","0:40:25","0:07:27","2:46:48","0:07:45","1:50:38","1058","961","97","2111","1478","1292","132","1043","955","97","1058","961","97","19981","2425","447","10008","465","6638"
"1038","Falk Schaaf","Male","Luxembourg","LU-LU","DE","M40-44","FIN","5:33:04","0:35:09","0:10:24","2:46:15","0:07:51","1:53:26","1059","962","117","1801","619","539","64","959","879","107","1059","962","117","19984","2109","624","9975","471","6806"
"415","David Murphy","Male","Limerick","Limerick","IE","M50-54","FIN","5:33:04","0:43:08","0:09:14","2:46:05","0:04:49","1:49:49","1060","963","83","2094","1798","1548","150","1195","1088","104","1060","963","83","19984","2588","554","9965","289","6589"
"209","Pedro Leiria","Male","mem martins - algueirão","PT-11","PT","M50-54","FIN","5:33:07","0:40:21","0:07:46","2:48:20","0:06:33","1:50:07","1061","964","84","2093","1462","1280","125","1101","1005","100","1061","964","84","19987","2421","466","10100","393","6607"
"1291","Konrad Wiliczkiewicz","Male","Biestrzyków","PL-DS","PL","M45-49","FIN","5:33:07","0:36:09","0:07:32","2:49:57","0:05:24","1:54:06","1062","965","98","2109","768","672","64","1017","932","95","1062","965","98","19987","2169","452","10197","324","6846"
"1684","Joseph CAMILLERI","Male","Malta","MT-15","MT","M40-44","FIN","5:33:09","0:40:10","0:07:00","2:49:24","0:05:14","1:51:21","1063","966","118","1799","1442","1262","152","1111","1014","122","1063","966","118","19989","2410","420","10164","314","6681"
"353","Margot Gillespie","Female","Shenley, Hertsmere","HERTFORDSHIRE","GB","F25-29","FIN","5:33:16","0:34:00","0:06:10","2:49:47","0:05:19","1:58:00","1064","98","17","2321","485","62","12","901","71","8","1064","98","17","19996","2040","370","10187","319","7080"
"529","Andrew Lee Watkins","Male","Porthcawl","Bridgend","GB","M40-44","FIN","5:33:29","0:38:35","0:07:59","2:38:32","0:06:43","2:01:39","1065","967","119","1793","1200","1056","127","762","704","91","1065","967","119","20009","2315","479","9512","403","7299"
"402","Edward Fahy","Male","Raheen","Limerick","IE","M65-69","FIN","5:33:35","0:41:42","0:07:49","2:49:01","0:04:57","1:50:05","1066","968","3","3314","1632","1415","9","1199","1091","8","1066","968","3","20015","2502","469","10141","297","6605"
"1919","Carmelo Romano","Male","Matino","foreigner","IT","M55-59","FIN","5:33:37","0:42:15","0:06:28","2:40:41","0:03:46","2:00:27","1067","969","42","2118","1699","1465","71","874","805","38","1067","969","42","20017","2535","388","9641","226","7227"
"1529","Jardi Kroes","Male","Barcelona","Barcelona","NL","M30-34","FIN","5:33:40","0:44:43","0:09:02","2:55:35","0:06:15","1:38:06","1068","970","179","1837","1930","1649","303","1526","1365","243","1068","970","179","20020","2683","542","10535","375","5886"
"2327","Cedric Chaumard","Male","Paris","FR-IDF","FR","M40-44","FIN","5:33:48","0:37:37","0:10:24","2:45:39","0:07:34","1:52:35","1069","971","120","1788","1024","904","109","1018","933","115","1069","971","120","20028","2257","624","9939","454","6755"
"1362","Carlos Bacete Castello","Male","Valencia","FL","ES","M55-59","FIN","5:33:51","0:37:14","0:07:35","2:55:55","0:04:35","1:48:31","1070","972","43","2114","966","850","37","1274","1155","61","1070","972","43","20031","2234","455","10555","275","6511"
"1107","Sebastiaan Maljers","Male","Amsterdam","NL-NH","NL","M25-29","FIN","5:33:53","0:39:30","0:10:01","2:49:14","0:05:33","1:49:34","1071","973","181","1844","1337","1172","212","1207","1097","197","1071","973","181","20033","2370","601","10154","333","6574"
"1975","James Tunnacliffe","Male","Edinburgh","GB-SCT","GB","M35-39","FIN","5:33:53","0:33:55","0:07:03","2:48:42","0:06:23","1:57:50","1072","974","134","1931","477","416","58","884","814","116","1072","974","134","20033","2035","423","10122","383","7070"
"2261","Ben Crowther","Male","lee on the solent","hampshire","GB","M35-39","FIN","5:33:56","0:45:56","0:07:38","2:37:45","0:06:10","1:56:27","1073","975","135","1930","2000","1699","214","941","861","121","1073","975","135","20036","2756","458","9465","370","6987"
"1094","Massimo Michiels","Male","Galmaarden","BE-Vlaams-Brabant","BE","M25-29","FIN","5:33:56","0:36:12","0:10:55","2:37:25","0:06:44","2:02:41","1074","976","182","1843","779","682","121","734","679","116","1074","976","182","20036","2172","655","9445","404","7361"
"2023","Grzegorz Stelmaszek","Male","Dublin","IE-D","PL","M40-44","FIN","5:33:57","0:41:58","0:08:13","2:46:42","0:06:28","1:50:36","1075","977","121","1785","1663","1439","171","1121","1022","123","1075","977","121","20037","2518","493","10002","388","6636"
"1936","Manon Masset","Female","Castelnau-de-Guers","","FR","F30-34","FIN","5:34:03","0:34:23","0:06:00","2:53:37","0:05:34","1:54:29","1076","99","14","2476","525","68","12","1028","86","14","1076","99","14","20043","2063","360","10417","334","6869"
"2487","Miguel Martínez Castillo","Male","Sax","ES-ALACANT*","ES","M40-44","FIN","5:34:06","0:36:57","0:07:50","2:48:28","0:06:50","1:54:00","1077","978","122","1782","916","804","101","1007","922","113","1077","978","122","20046","2217","470","10108","410","6840"
"2245","Oscar Lizarbe","Male","Pamplona","ES-NA","ES","M18-24","FIN","5:34:06","0:38:14","0:06:02","2:58:40","0:04:19","1:46:52","1078","979","62","1797","1145","1012","74","1335","1198","77","1078","979","62","20046","2294","362","10720","259","6412"
"2020","Marcos Alejandro Pérez Fernández","Male","Guadalajara","Guadalajara ","ES","M25-29","FIN","5:34:07","0:38:19","0:07:01","2:56:38","0:04:23","1:47:46","1079","980","183","1840","1157","1023","182","1314","1182","211","1079","980","183","20047","2299","421","10598","263","6466"
"1014","Lukas Markwalder","Male","Gerzensee","CH-BE","CH","M35-39","FIN","5:34:07","0:38:22","0:09:19","2:41:36","0:07:19","1:57:30","1080","981","136","1927","1164","1029","135","871","802","113","1080","981","136","20047","2302","559","9696","439","7050"
"1147","Cameron Watt","Male","Reigate","GB-England","GB","M25-29","FIN","5:34:10","0:36:26","0:09:08","2:35:50","0:07:55","2:04:51","1081","982","184","1839","822","720","133","642","595","97","1081","982","184","20050","2186","548","9350","475","7491"
"704","Donadoni Warrenaar","Male","Burgh-Haamstede ","Zeeland","NL","M30-34","FIN","5:34:11","0:37:00","0:09:53","2:51:30","0:07:36","1:48:12","1082","983","180","1828","927","813","148","1192","1085","194","1082","983","180","20051","2220","593","10290","456","6492"
"1029","Henry Levey","Male","Chelmsford ","England","GB","M18-24","FIN","5:34:23","0:31:57","0:06:14","2:58:15","0:05:23","1:52:34","1083","984","63","1792","279","240","17","1099","1003","65","1083","984","63","20063","1917","374","10695","323","6754"
"1361","Valerie Cesar","Female","Hasselt","Flemish Region","BE","F40-44","FIN","5:34:23","0:40:38","0:08:58","2:47:49","0:07:13","1:49:47","1084","100","11","2670","1510","194","19","1140","100","13","1084","100","11","20063","2438","538","10069","433","6587"
"2304","Oleksii Kovalchuk","Male","Киев","UA-Днепровский","UA","M35-39","FIN","5:34:25","0:37:35","0:09:03","2:49:56","0:06:33","1:51:18","1085","985","137","1922","1021","901","115","1110","1013","138","1085","985","137","20065","2255","543","10196","393","6678"
"531","Jose Guillermo Torres Acevedo","Male","Guaynabo","US-PR","US","M40-44","FIN","5:34:29","0:39:53","0:08:00","2:59:39","0:05:30","1:41:27","1086","986","123","1775","1397","1222","146","1482","1327","155","1086","986","123","20069","2393","480","10779","330","6087"
"1122","Rafael Estellés Tatay","Male","Valencia","ES-V","ES","M25-29","FIN","5:34:30","0:36:15","0:06:18","2:49:59","0:04:12","1:57:46","1087","987","185","1833","790","692","125","984","902","154","1087","987","185","20070","2175","378","10199","252","7066"
"248","Tomasz Zastawny","Male","WARSZAWA","mazowieckie","PL","M45-49","FIN","5:34:34","0:42:33","0:07:20","2:49:11","0:04:36","1:50:54","1088","988","99","2083","1735","1496","155","1215","1104","120","1088","988","99","20074","2553","440","10151","276","6654"
"1749","Luis Ferrer Obanos","Male","Godella","ES-V","ES","M60-64","FIN","5:34:37","0:41:24","0:06:28","2:44:25","0:04:06","1:58:14","1089","989","13","2639","1601","1387","31","972","890","17","1089","989","13","20077","2484","388","9865","246","7094"
"2098","Carles Espinós","Male","Esplugues de Llobregat","CT","ES","M30-34","FIN","5:34:37","0:42:30","0:07:55","2:52:00","0:06:38","1:45:33","1090","990","181","1820","1728","1490","271","1323","1190","214","1090","990","181","20077","2550","475","10320","398","6333"
"1200","SERGIO AGUADO BERENGUER","Male","PICASSENT","ES-VALENCIA","ES","M45-49","FIN","5:34:38","0:34:36","0:05:16","3:00:16","0:05:45","1:48:46","1091","991","100","2082","555","480","42","1250","1136","123","1091","991","100","20078","2076","316","10816","345","6526"
"1449","frédéric SECHET","Male","noisy le grand","","FR","M50-54","FIN","5:34:39","0:33:44","0:06:34","2:50:13","0:04:55","1:59:14","1092","992","85","2066","455","398","32","916","840","80","1092","992","85","20079","2024","394","10213","295","7154"
"735","Ben Sheppard","Male","BRISTOL","GB-England","GB","M30-34","FIN","5:34:46","0:41:44","0:10:00","3:04:53","0:06:22","1:31:46","1093","993","182","1817","1639","1421","256","1733","1527","283","1093","993","182","20086","2504","600","11093","382","5506"
"2488","Jon Herrera","Male","Madrid","Community of Madrid","ES","M25-29","FIN","5:34:51","0:35:38","0:08:51","2:52:02","0:04:19","1:54:00","1094","994","186","1826","687","600","107","1105","1008","177","1094","994","186","20091","2138","531","10322","259","6840"
"1576","Niko HAK ORTEGA","Male","Alicante","","ES","M18-24","FIN","5:34:53","0:40:54","0:07:21","2:43:13","0:04:37","1:58:47","1095","995","64","1783","1537","1338","99","948","868","54","1095","995","64","20093","2454","441","9793","277","7127"
"654","Janis Davis","Male","Riga","LV-Rīga","LV","M35-39","FIN","5:34:56","0:37:58","0:06:51","2:35:34","0:05:37","2:08:55","1096","996","138","1912","1087","961","121","592","547","74","1096","996","138","20096","2278","411","9334","337","7735"
"441","Joshua Schaffrin","Male","Lünen","NORDRHEIN-WESTFALEN","DE","M25-29","FIN","5:34:57","0:33:25","0:06:54","2:38:38","0:04:44","2:11:16","1097","997","187","1825","420","367","58","541","501","81","1097","997","187","20097","2005","414","9518","284","7876"
"1192","Victor Vejstrup Sloth","Male","Aarhus C","Central Jutland","DK","M25-29","FIN","5:34:58","0:46:08","0:07:03","2:45:30","0:05:58","1:50:19","1098","998","188","1824","2013","1712","304","1205","1095","196","1098","998","188","20098","2768","423","9930","358","6619"
"1983","Cristina Primiceri","Female","Casarano","LECCE","IT","F35-39","FIN","5:35:03","0:34:16","0:06:11","3:08:53","0:03:54","1:41:49","1099","101","12","2694","517","63","6","1527","162","20","1099","101","12","20103","2056","371","11333","234","6109"
"1310","Agustín Larzábal","Male","Madrid","Madrid","AR","M35-39","FIN","5:35:04","0:40:59","0:08:23","2:46:42","0:05:05","1:53:56","1100","999","139","1910","1550","1347","172","1082","991","136","1100","999","139","20104","2459","503","10002","305","6836"
"1033","Ben Hazell","Male","Braunton","England","GB","M25-29","FIN","5:35:05","0:37:26","0:06:04","3:01:22","0:05:15","1:44:58","1101","1000","189","1822","988","870","150","1396","1251","222","1101","1000","189","20105","2246","364","10882","315","6298"
"1295","Vincent Espinosa","Male","Nice","Provence-Alpes-Côte D'Azur","FR","M30-34","FIN","5:35:10","0:42:30","0:07:12","2:47:17","0:06:58","1:51:13","1102","1001","183","1810","1729","1491","272","1125","1026","176","1102","1001","183","20110","2550","432","10037","418","6673"
"871","Enrique Campos","Male","Madrid","Community of Madrid","ES","M18-24","FIN","5:35:11","0:37:57","0:09:22","2:42:49","0:07:25","1:57:38","1103","1002","65","1777","1083","957","67","909","836","49","1103","1002","65","20111","2277","562","9769","445","7058"
"551","Alexander Fuchs","Male","Kandel","DE-RP","DE","M45-49","FIN","5:35:15","0:42:02","0:07:29","2:54:53","0:05:32","1:45:18","1104","1003","101","2071","1676","1451","148","1380","1237","136","1104","1003","101","20115","2522","449","10493","332","6318"
"2032","Raoul Pfafferott","Male","Amsterdam","North Holland","DE","M45-49","FIN","5:35:19","0:40:16","0:09:52","2:46:05","0:07:31","1:51:34","1105","1004","102","2069","1453","1272","129","1090","996","104","1105","1004","102","20119","2416","592","9965","451","6694"
"745","Marius Boneu","Male","Saint-Germain-en-Laye","FR-78","FR","M18-24","FIN","5:35:22","0:38:07","0:07:02","2:45:56","0:03:59","2:00:17","1106","1005","66","1774","1121","990","73","932","855","50","1106","1005","66","20122","2287","422","9956","239","7217"
"2200","Mark Henderson","Male","Dublin","IE-D","IE","M45-49","FIN","5:35:23","0:37:09","0:06:45","2:52:25","0:04:52","1:54:13","1107","1006","103","2068","954","838","83","1093","998","105","1107","1006","103","20123","2229","405","10345","292","6853"
"2172","Juan Soriano Vergés","Male","Valencia","ES-Valencia","ES","M25-29","FIN","5:35:25","0:42:16","0:09:58","2:47:43","0:08:56","1:46:31","1108","1007","190","1816","1702","1467","264","1245","1132","202","1108","1007","190","20125","2536","598","10063","536","6391"
"790","Florian Saurs","Male","Amsterdam","","FR","M30-34","FIN","5:35:26","0:40:19","0:08:14","2:49:15","0:05:37","1:52:01","1109","1008","184","1805","1459","1277","234","1166","1060","188","1109","1008","184","20126","2419","494","10155","337","6721"
"509","Fanny Clarimont","Female","Bompas","","FR","F30-34","FIN","5:35:28","0:34:29","0:09:11","2:55:36","0:07:26","1:48:46","1110","102","15","2450","535","72","15","1224","113","20","1110","102","15","20128","2069","551","10536","446","6526"
"2207","Axel Hoelscher","Male","Frankfurt am Main","DE-HE","DE","M35-39","FIN","5:35:36","0:37:03","0:10:06","2:38:58","0:04:46","2:04:43","1111","1009","140","1900","934","820","105","795","736","106","1111","1009","140","20136","2223","606","9538","286","7483"
"1453","Sjoerd Van Uythoven","Male","Bladel","NL-NB","NL","M25-29","FIN","5:35:39","0:39:38","0:09:36","2:51:20","0:07:10","1:47:55","1112","1010","191","1812","1355","1185","216","1268","1149","205","1112","1010","191","20139","2378","576","10280","430","6475"
"1764","Bartolomé Piñero Richarte","Male","Jerez de la Fra","ES-CA","ES","M60-64","FIN","5:35:41","0:39:22","0:06:12","2:55:12","0:05:10","1:49:46","1113","1011","14","2620","1312","1149","23","1275","1156","23","1113","1011","14","20141","2362","372","10512","310","6586"
"2312","Aleix Franch ruiz","Male","Granollers","ES-B","ES","M30-34","FIN","5:35:42","0:42:47","0:08:52","2:48:41","0:06:30","1:48:52","1114","1012","185","1801","1764","1520","279","1260","1142","203","1114","1012","185","20142","2567","532","10121","390","6532"
"622","Ashleigh Campbell","Female","London","SRY","GB","F30-34","FIN","5:35:43","0:38:23","0:08:48","2:53:08","0:05:16","1:50:08","1115","103","16","2446","1169","136","27","1259","118","22","1115","103","16","20143","2303","528","10388","316","6608"
"986","Deborah Noel","Female","St Albans","HRT","GB","F40-44","FIN","5:35:45","0:37:38","0:10:03","2:52:35","0:04:51","1:50:39","1116","104","12","2645","1026","121","11","1256","117","16","1116","104","12","20145","2258","603","10355","291","6639"
"1001","Torben Krauss","Male","München","DE-BY","DE","M35-39","FIN","5:35:47","0:44:11","0:08:12","2:41:50","0:05:34","1:56:00","1117","1013","141","1897","1884","1612","204","1036","949","132","1117","1013","141","20147","2651","492","9710","334","6960"
"1583","Terence Huijgen","Male","Utrecht","Utrecht","NL","M35-39","FIN","5:35:51","0:43:43","0:09:16","2:53:39","0:05:46","1:43:28","1118","1014","142","1896","1851","1587","200","1458","1305","171","1118","1014","142","20151","2623","556","10419","346","6208"
"2552","Theo Roux de Bezieux","Male","London","GB-ENG","FR","M25-29","FIN","5:35:57","0:41:24","0:06:37","3:04:17","0:04:19","1:39:19","1119","1015","192","1807","1600","1386","251","1614","1431","248","1119","1015","192","20157","2484","397","11057","259","5959"
"1423","Paul Smith","Male","Edinburgh","GB-SCT","GB","M30-34","FIN","5:35:58","0:39:42","0:07:21","2:48:59","0:04:23","1:55:33","1120","1016","186","1796","1369","1197","220","1079","988","169","1120","1016","186","20158","2382","441","10139","263","6933"
"537","Yannick Semat","Male","Eyguières","FR-BOUCHES-DU-RHONE","FR","M50-54","FIN","5:36:02","0:41:43","0:08:19","2:41:55","0:06:21","1:57:44","1121","1017","86","2041","1635","1417","142","964","884","89","1121","1017","86","20162","2503","499","9715","381","7064"
"2014","Holly Lewis","Female","Clevedon ","SOMERSET","GB","F30-34","FIN","5:36:03","0:35:55","0:06:03","2:56:33","0:04:47","1:52:45","1122","105","17","2440","729","92","18","1196","108","19","1122","105","17","20163","2155","363","10593","287","6765"
"392","Darragh Martin","Male","Youghal","foreigner","IE","M45-49","FIN","5:36:03","0:40:38","0:06:51","2:55:31","0:04:49","1:48:15","1123","1018","104","2056","1512","1318","135","1337","1200","131","1123","1018","104","20163","2438","411","10531","289","6495"
"1984","Katia Durì","Female","Plasencis","","IT","F40-44","FIN","5:36:06","0:31:12","0:07:56","2:56:58","0:05:10","1:54:48","1124","106","13","2639","228","32","1","1086","94","9","1124","106","13","20166","1872","476","10618","310","6888"
"1588","Jaime Rabassa","Male","Alcobendas","ES-Community of Madrid","ES","M18-24","FIN","5:36:12","0:38:53","0:07:03","2:50:21","0:04:52","1:55:02","1125","1019","67","1759","1243","1096","78","1091","997","64","1125","1019","67","20172","2333","423","10221","292","6902"
"447","Finley Bird","Male","Winterbourne","GB-England","GB","M25-29","FIN","5:36:14","0:37:05","0:09:32","2:51:38","0:08:39","1:49:19","1126","1020","193","1802","941","826","143","1187","1080","194","1126","1020","193","20174","2225","572","10298","519","6559"
"564","Luca Ciamporcero","Male","Ossona","Mi","IT","M50-54","FIN","5:36:14","0:33:57","0:08:01","2:45:08","0:04:27","2:04:41","1127","1021","87","2037","479","418","33","827","765","69","1127","1021","87","20174","2037","481","9908","267","7481"
"857","Donal Watters","Male","Smithfield","AU-QLD","AU","M65-69","FIN","5:36:15","0:43:14","0:10:20","2:50:00","0:04:48","1:47:52","1128","1022","4","3266","1809","1555","18","1357","1218","10","1128","1022","4","20175","2594","620","10200","288","6472"
"2090","Seleem El Baz","Male","Barcelona","Catalonia","EG","M18-24","FIN","5:36:24","0:37:05","0:07:47","3:01:54","0:07:41","1:41:57","1129","1023","68","1755","937","823","53","1462","1309","87","1129","1023","68","20184","2225","467","10914","461","6117"
"1168","Fernando Carvallo Arrau","Male","Edinburgh","GB-EDH","CL","M30-34","FIN","5:36:32","0:41:29","0:08:01","2:47:52","0:06:42","1:52:28","1130","1024","187","1786","1612","1398","253","1137","1038","179","1130","1024","187","20192","2489","481","10072","402","6748"
"2127","Kamil Pyrzak","Male","Warszawa","PL-mazowieckie","PL","M40-44","FIN","5:36:36","0:38:08","0:06:35","2:48:15","0:04:45","1:58:54","1131","1025","124","1737","1125","993","119","998","915","112","1131","1025","124","20196","2288","395","10095","285","7134"
"1476","Sean Sheppard","Male","Lausanne","Vaud","CH","M30-34","FIN","5:36:39","0:38:00","0:11:50","2:49:57","0:04:51","1:52:00","1132","1026","188","1784","1095","969","174","1240","1127","202","1132","1026","188","20199","2280","710","10197","291","6720"
"718","Philipp Pintzke","Male","Bonn","NORDRHEIN-WESTFALEN","DE","M35-39","FIN","5:36:40","0:36:51","0:09:16","2:40:18","0:07:52","2:02:23","1133","1027","143","1881","893","784","97","804","744","107","1133","1027","143","20200","2211","556","9618","472","7343"
"1790","Juan Pascual Perez Moner","Male","Almussafes","Valencia","ES","M30-34","FIN","5:36:41","0:42:29","0:07:18","2:48:00","0:05:05","1:53:49","1134","1028","189","1783","1727","1489","270","1165","1059","187","1134","1028","189","20201","2549","438","10080","305","6829"
"1039","Jose Mesado","Male","Madrid","","ES","M35-39","FIN","5:36:42","0:36:34","0:08:48","2:50:40","0:06:41","1:53:58","1135","1029","144","1880","844","739","93","1080","989","135","1135","1029","144","20202","2194","528","10240","401","6838"
"2053","hugo martinez","Male","pezenas","HERAULT","FR","M25-29","FIN","5:36:45","0:34:00","0:06:31","2:51:14","0:03:35","2:01:25","1136","1030","194","1792","483","422","66","957","877","145","1136","1030","194","20205","2040","391","10274","215","7285"
"1379","Ignacio Muntañola Carretero","Male","Valencia","ES-V","ES","M35-39","FIN","5:36:48","0:34:56","0:05:58","2:51:25","0:06:11","1:58:17","1137","1031","145","1879","590","510","70","974","892","126","1137","1031","145","20208","2096","358","10285","371","7097"
"1070","Carlos Guzman","Male","bogota","Distrito Capital","CO","M40-44","FIN","5:36:54","0:34:32","0:07:22","3:04:46","0:05:02","1:45:12","1138","1032","125","1732","545","473","54","1460","1307","153","1138","1032","125","20214","2072","442","11086","302","6312"
"1058","Nuno Pereira","Male","Nieuwegein","UTRECHT","PT","M50-54","FIN","5:36:55","0:47:13","0:10:32","2:47:22","0:07:33","1:44:16","1139","1033","88","2025","2062","1742","168","1404","1259","116","1139","1033","88","20215","2833","632","10042","453","6256"
"544","Niels Comte","Male","Bayonne ","Pyrénées atlantiques","FR","M18-24","FIN","5:37:04","0:36:37","0:10:29","2:51:13","0:06:38","1:52:08","1140","1034","69","1743","856","751","49","1189","1082","69","1140","1034","69","20224","2197","629","10273","398","6728"
"1450","CLEMENT VICTORIA","Male","Marseille","Provence-Alpes-Côte D'Azur","FR","M25-29","FIN","5:37:08","0:37:06","0:07:16","2:48:59","0:07:28","1:56:18","1141","1035","195","1785","943","828","144","1009","924","158","1141","1035","195","20228","2226","436","10139","448","6978"
"1151","Chris Smith","Male","London","GB-ENG","GB","M35-39","FIN","5:37:11","0:38:54","0:08:31","2:52:46","0:05:26","1:51:33","1142","1036","146","1872","1248","1099","145","1254","1138","150","1142","1036","146","20231","2334","511","10366","326","6693"
"1309","Kenan Senay","Male","Bruxelles","Région de Bruxelles-Capitale","BE","M25-29","FIN","5:37:13","0:35:04","0:07:40","2:55:11","0:07:34","1:51:44","1143","1037","196","1784","605","525","91","1171","1065","189","1143","1037","196","20233","2104","460","10511","454","6704"
"703","Maximilian Ackermann","Male","London","GB-KEC","GB","M18-24","FIN","5:37:15","0:38:39","0:09:28","2:50:24","0:05:45","1:52:59","1144","1038","70","1740","1210","1065","77","1197","1089","70","1144","1038","70","20235","2319","568","10224","345","6779"
"1455","Hugo Champoux","Male","SURESNES","Île-de-France","FR","M18-24","FIN","5:37:15","0:40:25","0:07:11","2:45:55","0:07:22","1:56:22","1145","1039","71","1740","1480","1293","94","1015","930","57","1145","1039","71","20235","2425","431","9955","442","6982"
"914","Christian Simon","Male","montauban","FR-82","FR","M55-59","FIN","5:37:19","0:42:22","0:07:20","2:51:37","0:06:37","1:49:23","1146","1040","44","2051","1718","1480","72","1292","1170","62","1146","1040","44","20239","2542","440","10297","397","6563"
"840","Manuel Bravin","Male","Maschwanden","CH-ZH","CH","M45-49","FIN","5:37:19","0:41:23","0:06:54","2:47:43","0:04:39","1:56:42","1147","1041","105","2033","1596","1384","139","1076","985","103","1147","1041","105","20239","2483","414","10063","279","7002"
"845","Alexandre Raymond","Male","Nanterre","","FR","M50-54","FIN","5:37:25","0:37:58","0:08:18","2:49:54","0:04:42","1:56:32","1148","1042","89","2016","1088","962","93","1087","993","99","1148","1042","89","20245","2278","498","10194","282","6992"
"1097","Guillermo Martínez López","Male","Munich","BAYERN","ES","M30-34","FIN","5:37:30","0:37:00","0:10:45","2:55:05","0:08:55","1:45:46","1149","1043","190","1768","924","810","146","1332","1196","216","1149","1043","190","20250","2220","645","10505","535","6346"
"2079","Roberto Galao Malo","Male","Benissa","ES-A","ES","M50-54","FIN","5:37:31","0:40:29","0:10:20","2:57:34","0:04:24","1:44:44","1150","1044","90","2014","1492","1302","130","1500","1341","129","1150","1044","90","20251","2429","620","10654","264","6284"
"1881","German Paez Garcia","Male","Malaga","ANDALUCIA","ES","M25-29","FIN","5:37:36","0:41:19","0:08:14","2:48:25","0:05:40","1:53:57","1151","1045","197","1777","1591","1380","249","1175","1068","191","1151","1045","197","20256","2479","494","10105","340","6837"
"272","tomas mannaert","Male","Dendermonde","Flemish Region","BE","M50-54","FIN","5:37:38","0:31:08","0:06:09","2:41:13","0:08:10","2:11:00","1152","1046","91","2012","226","195","10","526","487","35","1152","1046","91","20258","1868","369","9673","490","7860"
"568","Pierre-Vincent Taisne","Male","London","GB-LND","FR","M30-34","FIN","5:37:39","0:43:49","0:09:49","2:57:04","0:05:58","1:40:57","1153","1047","191","1766","1857","1593","294","1568","1394","250","1153","1047","191","20259","2629","589","10624","358","6057"
"1878","Patrick Kyne","Male","Ballsbridge","Dublin","IE","M30-34","FIN","5:37:39","0:34:32","0:06:33","2:39:31","0:06:30","2:10:34","1154","1048","192","1766","548","475","77","598","553","98","1154","1048","192","20259","2072","393","9571","390","7834"
"1486","Jack Longley","Male","Leamington Spa","WAR","GB","M35-39","FIN","5:37:40","0:40:55","0:09:06","3:02:26","0:06:06","1:39:07","1155","1049","147","1863","1541","1341","170","1618","1433","185","1155","1049","147","20260","2455","546","10946","366","5947"
"1666","Mauro Ezequiel Mandagaran","Male","Opera","IT-25","IT","M45-49","FIN","5:37:41","0:35:59","0:07:43","2:36:07","0:06:20","2:11:32","1156","1050","106","2027","742","648","60","575","532","50","1156","1050","106","20261","2159","463","9367","380","7892"
"2179","Raul Villalba Trujillo","Male","Madrid","ES-M","ES","M30-34","FIN","5:37:46","0:35:15","0:09:59","2:52:17","0:06:08","1:54:07","1157","1051","193","1763","635","553","91","1149","1048","184","1157","1051","193","20266","2115","599","10337","368","6847"
"2314","Joan Lee","Female","London","ENG","GB","F40-44","FIN","5:37:50","0:46:28","0:07:06","2:53:34","0:04:27","1:46:14","1158","107","14","2608","2032","309","30","1472","154","20","1158","107","14","20270","2788","426","10414","267","6374"
"2013","Mickaël Barat","Male","Villate","","FR","M40-44","FIN","5:37:51","0:40:53","0:08:31","2:47:45","0:05:59","1:54:42","1159","1052","126","1715","1535","1336","160","1128","1029","124","1159","1052","126","20271","2453","511","10065","359","6882"
"1675","Giacomo Folliguet","Male","Hamburg","Hamburg","DE","M25-29","FIN","5:37:53","0:39:08","0:09:39","2:52:52","0:06:08","1:50:06","1160","1053","198","1772","1273","1119","199","1307","1178","210","1160","1053","198","20273","2348","579","10372","368","6606"
"739","Javier Casas","Male","Torrent","Valencia","ES","M30-34","FIN","5:37:54","0:36:09","0:07:37","2:47:45","0:06:38","1:59:46","1161","1054","194","1761","766","670","115","949","869","149","1161","1054","194","20274","2169","457","10065","398","7186"
"2097","Jean-Rémi Rieunier","Male","Levallois perret","Ile de france","FR","M30-34","FIN","5:37:59","0:50:17","0:05:50","2:37:00","0:05:31","1:59:20","1162","1055","195","1760","2167","1822","332","1003","920","158","1162","1055","195","20279","3017","350","9420","331","7160"
"1961","Aitor Echeberria","Male","Schlieren","CH-Zürich","ES","M30-34","FIN","5:37:59","0:51:46","0:10:09","2:45:17","0:06:59","1:43:48","1163","1056","196","1760","2195","1843","335","1475","1321","233","1163","1056","196","20279","3106","609","9917","419","6228"
"1619","Hernan Lopez Bacas","Male","València","","ES","M35-39","FIN","5:38:05","0:42:22","0:07:48","2:48:55","0:06:34","1:52:26","1164","1057","148","1856","1719","1481","190","1216","1105","142","1164","1057","148","20285","2542","468","10135","394","6746"
"1978","Jesús Frigols Segui","Male","Chella","ES-V","ES","M50-54","FIN","5:38:10","0:34:45","0:09:04","2:57:12","0:05:52","1:51:16","1165","1058","92","2002","572","495","40","1281","1160","111","1165","1058","92","20290","2085","544","10632","352","6676"
"1095","Tom POUGET","Male","Pessac","","FR","M35-39","FIN","5:38:13","0:35:13","0:07:31","2:58:43","0:06:35","1:50:12","1166","1059","149","1853","630","549","74","1297","1172","152","1166","1059","149","20293","2113","451","10723","395","6612"
"1715","Vlad Gumenyuk","Male","Barcelona","ES-B","UA","M45-49","FIN","5:38:14","0:39:16","0:08:53","2:53:29","0:05:15","1:51:21","1167","1060","107","2017","1298","1137","115","1306","1177","128","1167","1060","107","20294","2356","533","10409","315","6681"
"2161","Jordi AMOROS CATALAN","Male","Calella","ES-B","ES","M60-64","FIN","5:38:20","0:43:04","0:08:21","2:50:01","0:05:57","1:50:58","1168","1061","15","2573","1795","1545","36","1296","1171","25","1168","1061","15","20300","2584","501","10201","357","6658"
"1156","Oscar Mories Cordero","Male","alcorcon","Madrid","ES","M45-49","FIN","5:38:26","0:37:15","0:07:58","2:52:30","0:06:56","1:53:47","1169","1062","108","2013","969","853","86","1161","1056","114","1169","1062","108","20306","2235","478","10350","416","6827"
"1093","Victor-Constantin Cioaba","Male","Puerto de Santiago, Tenerife, Canarias","ES-TF","RO","M25-29","FIN","5:38:29","0:42:56","0:09:56","2:44:01","0:06:41","1:54:54","1170","1063","199","1761","1778","1532","271","1119","1020","179","1170","1063","199","20309","2576","596","9841","401","6894"
"930","Bo Heite","Male","Kiel","DE-Schleswig-Holstein","DE","M25-29","FIN","5:38:41","0:39:26","0:10:55","2:55:00","0:07:37","1:45:43","1171","1064","200","1757","1328","1164","209","1412","1266","226","1171","1064","200","20321","2366","655","10500","457","6343"
"1595","Karl Abela","Male","Zejtun","ZEJTUN","MT","M25-29","FIN","5:38:42","0:41:45","0:06:41","3:01:31","0:06:29","1:42:16","1172","1065","201","1757","1642","1424","261","1544","1380","245","1172","1065","201","20322","2505","401","10891","389","6136"
"2524","Volodymyr Vasyliev","Male","Kiev","KYIV","UA","M50-54","FIN","5:38:44","0:38:15","0:07:28","3:01:20","0:04:27","1:47:13","1173","1066","93","1992","1149","1015","99","1469","1316","126","1173","1066","93","20324","2295","448","10880","267","6433"
"2444","Josh Barton","Male","Edinburgh","Scotland","GB","M30-34","FIN","5:38:49","0:38:28","0:08:24","2:50:31","0:06:44","1:54:43","1174","1067","197","1745","1184","1044","188","1138","1039","180","1174","1067","197","20329","2308","504","10231","404","6883"
"2536","ALVARO CELORIO MERA","Male","Benidorm","Community of Valencia","VE","M25-29","FIN","5:38:50","0:40:22","0:07:53","2:53:45","0:05:42","1:51:08","1175","1068","202","1755","1466","1284","230","1316","1184","212","1175","1068","202","20330","2422","473","10425","342","6668"
"2112","James Geldart","Male","Onchan","GREAT BRITAIN","IM","M45-49","FIN","5:38:51","0:40:26","0:08:01","2:36:39","0:04:42","2:09:03","1176","1069","109","2006","1484","1296","133","761","703","64","1176","1069","109","20331","2426","481","9399","282","7743"
"961","Carlos Sorte","Male","Vila Cova da Lixa","Vila Cova da Lixa","PT","M35-39","FIN","5:38:53","0:45:02","0:07:47","2:46:22","0:06:36","1:53:06","1177","1070","150","1841","1951","1661","209","1219","1108","143","1177","1070","150","20333","2702","467","9982","396","6786"
"1712","Emilio Castell Ramon","Male","Valencia","VALENCIA*","ES","M60-64","FIN","5:38:54","0:36:52","0:09:01","2:55:16","0:06:26","1:51:18","1178","1071","16","2562","895","785","19","1287","1165","24","1178","1071","16","20334","2212","541","10516","386","6678"
"499","Jason Scott","Male","Prestonpans","GB-Scotland","GB","M30-34","FIN","5:38:54","0:35:08","0:08:01","2:58:49","0:06:40","1:50:15","1179","1072","198","1743","615","535","87","1315","1183","212","1179","1072","198","20334","2108","481","10729","400","6615"
"1673","Marlène VIGNERIE","Female","Angoulême","Nouvelle-Aquitaine","FR","F30-34","FIN","5:38:54","0:41:43","0:08:30","2:51:12","0:06:57","1:50:32","1180","108","18","2388","1634","218","41","1295","125","24","1180","108","18","20334","2503","510","10272","417","6632"
"1376","Alejandro Villavicencio","Male","Palamós","Girona","ES","M25-29","FIN","5:38:56","0:38:27","0:10:36","2:58:45","0:07:11","1:43:59","1181","1073","203","1753","1178","1039","184","1486","1330","237","1181","1073","203","20336","2307","636","10725","431","6239"
"1104","Vladimir Petrov","Male","Benahavis","ES-MA","ES","M50-54","FIN","5:38:59","0:37:30","0:06:05","2:45:01","0:04:27","2:05:55","1182","1074","94","1988","1003","884","82","859","792","71","1182","1074","94","20339","2250","365","9901","267","7555"
"945","Robert Garnier","","Amsterdam","North Holland","NL","M40-44","FIN","5:39:01","0:48:05","0:09:45","2:54:38","0:05:33","1:40:59","1183","1075","127","1694","2100","1769","200","1619","1434","165","1183","1075","127","20341","2885","585","10478","333","6059"
"2104","Mccreagh Lackman","Female","Richmond","VA","US","F30-34","FIN","5:39:13","0:33:17","0:09:46","2:58:18","0:06:18","1:51:33","1184","109","19","2383","404","52","8","1293","123","23","1184","109","19","20353","1997","586","10698","378","6693"
"903","Arnaud Zimmermann","Male","Brooklyn ","New York","BE","M25-29","FIN","5:39:14","0:38:30","0:11:53","2:50:19","0:08:17","1:50:15","1185","1076","204","1748","1190","1050","185","1273","1154","207","1185","1076","204","20354","2310","713","10219","497","6615"
"1021","Iva Baronova","Female","Brno","South Moravia","CZ","F45-49","FIN","5:39:16","0:38:11","0:08:23","2:55:55","0:04:58","1:51:50","1186","110","11","2915","1132","133","15","1326","134","14","1186","110","11","20356","2291","503","10555","298","6710"
"2587","Matthias Snaterse","Male","Amsterdam","NL-NH","NL","M30-34","FIN","5:39:28","0:38:54","0:14:58","2:37:00","0:10:45","1:57:51","1187","1077","199","1733","1247","1098","197","925","849","147","1187","1077","199","20368","2334","898","9420","645","7071"
"351","Alexander Nichols","Male","Lisboa","Continental Portugal","US","M40-44","FIN","5:39:28","0:45:42","0:08:58","2:50:48","0:07:28","1:46:31","1188","1078","128","1686","1990","1690","196","1420","1273","149","1188","1078","128","20368","2742","538","10248","448","6391"
"1130","Carlos Verdera Busutil","Male","Valencia","Community of Valencia","ES","M30-34","FIN","5:39:36","0:42:59","0:08:38","2:56:47","0:06:16","1:44:56","1189","1079","200","1730","1782","1534","284","1501","1342","239","1189","1079","200","20376","2579","518","10607","376","6296"
"2054","Charles Ognois-Ausset","Male","Santa-Maria-di-Lota","Corsica","FR","M25-29","FIN","5:39:37","0:32:28","0:07:18","2:52:36","0:05:15","2:02:00","1190","1080","205","1741","326","282","40","980","898","152","1190","1080","205","20377","1948","438","10356","315","7320"
"2199","David Flynn","Male","Benahavis ","","GB","M50-54","FIN","5:39:41","0:39:30","0:09:13","2:41:08","0:05:26","2:04:24","1191","1081","95","1975","1333","1169","109","896","826","77","1191","1081","95","20381","2370","553","9668","326","7464"
"1120","Marieke Roos","Female","Loenga","NL-FR","NL","F25-29","FIN","5:39:42","0:37:55","0:10:05","2:54:34","0:10:41","1:46:27","1192","111","18","2205","1073","125","21","1327","135","18","1192","111","18","20382","2275","605","10474","641","6387"
"539","Diego Lopez De Castilla","Male","Kirkland","WA","PE","M45-49","FIN","5:39:45","0:38:41","0:08:23","2:56:27","0:06:29","1:49:44","1193","1082","110","1990","1219","1074","106","1356","1217","133","1193","1082","110","20385","2321","503","10587","389","6584"
"1188","Raquel Henares","Female","Mexico","Mexico","ES","F45-49","FIN","5:39:48","0:42:13","0:08:07","2:52:56","0:04:54","1:51:38","1194","112","12","2905","1693","232","27","1348","138","15","1194","112","12","20388","2533","487","10376","294","6698"
"629","Roger Huber","Male","Bichelsee","TG","CH","M55-59","FIN","5:40:03","0:37:56","0:09:18","2:49:32","0:06:09","1:57:08","1195","1083","45","2002","1080","954","43","1117","1019","48","1195","1083","45","20403","2276","558","10172","369","7028"
"1911","Belén Bonet Jara","Female","Pinoso","Community of Valencia","ES","F25-29","FIN","5:40:07","0:40:52","0:07:54","3:06:52","0:05:08","1:39:21","1196","113","19","2198","1532","199","40","1712","205","38","1196","113","19","20407","2452","474","11212","308","5961"
"1879","Keith Pyper","Male","Bray","IE-WW","IE","M50-54","FIN","5:40:07","0:38:47","0:05:46","2:36:01","0:08:11","2:11:23","1197","1084","96","1967","1226","1081","106","597","552","48","1197","1084","96","20407","2327","346","9361","491","7883"
"1207","Grace Murphy","Female","Ballina","IE-MO","IE","F35-39","FIN","5:40:11","0:39:37","0:06:30","2:45:57","0:04:39","2:03:28","1198","114","13","2601","1351","170","22","966","82","9","1198","114","13","20411","2377","390","9957","279","7408"
"1022","Jonas Meisner","Male","Köln","NW","DE","M25-29","FIN","5:40:11","0:37:58","0:11:13","2:45:49","0:08:44","1:56:28","1199","1085","206","1730","1085","959","172","1055","966","167","1199","1085","206","20411","2278","673","9949","524","6988"
"2365","Ricards Paulavics","Male","Liepaja","Latvia","LV","M40-44","FIN","5:40:12","0:37:33","0:07:05","2:47:12","0:07:06","2:01:14","1200","1086","129","1673","1012","892","107","960","880","108","1200","1086","129","20412","2253","425","10032","426","7274"
"1586","Daniel Sanguino","Male","Madrid","ES-MD","ES","M40-44","FIN","5:40:12","0:39:13","0:09:31","3:01:20","0:04:49","1:45:20","1201","1087","130","1673","1286","1128","138","1548","1383","160","1201","1087","130","20412","2353","571","10880","289","6320"
"1017","Carlo Rohner","Male","Neuss","Nordrhein-Westfalen","DE","M25-29","FIN","5:40:18","0:40:04","0:09:15","2:45:47","0:08:44","1:56:28","1202","1088","207","1728","1426","1249","223","1057","968","168","1202","1088","207","20418","2404","555","9947","524","6988"
"994","Roberto Font","Male","Paterna","VALENCIA*","ES","M30-34","FIN","5:40:20","0:46:17","0:09:07","2:46:38","0:05:50","1:52:28","1203","1089","201","1717","2021","1715","312","1317","1185","213","1203","1089","201","20420","2777","547","9998","350","6748"
"1553","Kim Van Nijverseel","Female","Wichelen","OOST-VLAANDEREN","BE","F40-44","FIN","5:40:21","0:39:03","0:08:15","2:51:21","0:05:42","1:55:59","1204","115","15","2563","1264","152","13","1204","110","15","1204","115","15","20421","2343","495","10281","342","6959"
"522","José De Oliveira","Male","Saint-Mandé","FR-77","FR","M45-49","FIN","5:40:23","0:40:01","0:07:16","2:53:35","0:07:08","1:52:24","1205","1090","111","1978","1418","1242","126","1278","1157","125","1205","1090","111","20423","2401","436","10415","428","6744"
"1918","Carlos Galende","Male","Madrid","","ES","M30-34","FIN","5:40:25","0:37:31","0:07:11","2:58:28","0:05:40","1:51:34","1206","1091","202","1716","1004","885","165","1340","1203","217","1206","1091","202","20425","2251","431","10708","340","6694"
"1903","Nikita Galochkin","Male","Valencia","Valencia","ES","M40-44","FIN","5:40:33","0:38:59","0:09:50","2:49:43","0:05:49","1:56:12","1207","1092","131","1666","1255","1105","134","1198","1090","130","1207","1092","131","20433","2339","590","10183","349","6972"
"2118","Jules Lliboutry","Male","Perpignan","PYRENEES-ORIENTALES","FR","M18-24","FIN","5:40:37","0:40:06","0:07:53","2:53:10","0:03:38","1:55:50","1208","1093","72","1679","1431","1254","89","1285","1163","74","1208","1093","72","20437","2406","473","10390","218","6950"
"1533","Andrea Aiello","Male","Palermo","Italia","IT","M55-59","FIN","5:40:42","0:30:07","0:06:48","2:59:25","0:04:28","1:59:54","1209","1094","46","1991","170","146","4","1094","999","47","1209","1094","46","20442","1807","408","10765","268","7194"
"1499","Leri Wolfaardt","Female","Amsterdam","NL-NH","NL","F30-34","FIN","5:40:42","0:36:15","0:06:40","2:51:57","0:04:10","2:01:41","1210","116","20","2356","789","98","19","1050","89","15","1210","116","20","20442","2175","400","10317","250","7301"
"1080","Enzo BARBARA","Male","Roche-lez-Beaupré","Burgundy-Franche-Comte","FR","M30-34","FIN","5:40:47","0:39:35","0:08:58","3:02:17","0:06:20","1:43:38","1211","1095","203","1709","1348","1181","217","1572","1397","251","1211","1095","203","20447","2375","538","10937","380","6218"
"742","Pavlo Melnichenko","Male","Kyiv","UA-30","UA","M40-44","FIN","5:40:48","0:36:21","0:08:32","2:54:22","0:05:17","1:56:15","1212","1096","132","1662","810","710","89","1223","1111","131","1212","1096","132","20448","2181","512","10462","317","6975"
"1292","Christophe Lepoivre","Female","MARSEILLE","FR-BOUCHES-DU-RHONE","FR","M55-59","FIN","5:40:55","0:36:35","0:08:48","2:51:42","0:06:39","1:57:10","1213","1097","47","1987","848","743","30","1127","1028","49","1213","1097","47","20455","2195","528","10302","399","7030"
"2465","Salvador Mas Capdevila","Male","Vilanova i la Geltrú","Barcelona","ES","M45-49","FIN","5:40:55","0:38:49","0:07:04","2:51:23","0:06:34","1:57:04","1214","1098","112","1969","1231","1086","108","1136","1037","110","1214","1098","112","20455","2329","424","10283","394","7024"
"1279","Juan Madera Mascarell","Male","Madrid","ES-MADRID","DO","M30-34","FIN","5:40:56","0:39:30","0:08:25","2:59:13","0:06:36","1:47:12","1215","1099","204","1706","1336","1171","216","1471","1318","232","1215","1099","204","20456","2370","505","10753","396","6432"
"852","Lucia Ray","Female","Rueschlikon","CH-CH-ZURICH","CH","F40-44","FIN","5:40:56","0:40:00","0:06:31","2:49:49","0:03:52","2:00:44","1216","117","16","2552","1416","176","15","1095","96","10","1216","117","16","20456","2400","391","10189","232","7244"
"2095","Liam Dillon","Male","Bishops Stortford","GB-HRT","IE","M50-54","FIN","5:41:01","0:39:34","0:10:38","2:50:17","0:08:30","1:52:01","1217","1100","97","1951","1344","1179","113","1266","1147","110","1217","1100","97","20461","2374","638","10217","510","6721"
"1366","Antonio Martinez Golderos","Male","Valencia","ES-Valencia","ES","M45-49","FIN","5:41:06","0:41:52","0:09:39","2:55:40","0:07:39","1:46:16","1218","1101","113","1965","1656","1434","144","1473","1319","144","1218","1101","113","20466","2512","579","10540","459","6376"
"2336","Jose Ignacio Maldonado","Male","Madrid","ES-M","ES","M35-39","FIN","5:41:09","0:46:36","0:10:01","2:52:28","0:06:45","1:45:19","1219","1102","151","1800","2035","1725","218","1521","1360","177","1219","1102","151","20469","2796","601","10348","405","6319"
"1706","Guy Aufenacker","Male","Zumikon","CH-ZH","CH","M55-59","FIN","5:41:09","0:34:32","0:09:22","2:54:28","0:05:25","1:57:23","1220","1103","48","1982","549","476","22","1191","1084","53","1220","1103","48","20469","2072","562","10468","325","7043"
"2356","Conor O Donnell","Male","Dublin","Leinster","IE","M30-34","FIN","5:41:11","0:39:46","0:08:50","2:49:02","0:06:54","1:56:39","1221","1104","205","1702","1388","1214","223","1158","1053","186","1221","1104","205","20471","2386","530","10142","414","6999"
"2103","Siobhan Woods","Female","Raheny, Dublin 5","Dublin","IE","F30-34","FIN","5:41:15","0:38:22","0:08:19","3:05:19","0:06:36","1:42:39","1222","118","21","2346","1162","135","26","1605","181","34","1222","118","21","20475","2302","499","11119","396","6159"
"1970","Enzo Piazza","Male","Saint-Gély-du-Fesc","HERAULT","FR","M18-24","FIN","5:41:16","0:44:20","0:06:27","2:52:44","0:04:11","1:53:35","1223","1105","73","1668","1894","1620","117","1355","1216","80","1223","1105","73","20476","2660","387","10364","251","6815"
"1416","Lucas Ehrlich","Male","Overveen","NL-NH","NL","M25-29","FIN","5:41:19","0:41:43","0:07:24","2:55:12","0:05:36","1:51:23","1224","1106","208","1710","1637","1419","260","1377","1236","221","1224","1106","208","20479","2503","444","10512","336","6683"
"1083","Marcus Loeck","Male","Langen","Hesse","DE","M45-49","FIN","5:41:23","0:38:17","0:07:20","2:37:51","0:06:00","2:11:54","1225","1107","114","1960","1155","1021","99","698","645","58","1225","1107","114","20483","2297","440","9471","360","7914"
"1317","Thomas Bedu","Male","Bourges","FR-18","FR","M55-59","FIN","5:41:24","0:44:30","0:06:51","2:59:33","0:04:24","1:46:05","1226","1108","49","1978","1907","1630","84","1575","1400","72","1226","1108","49","20484","2670","411","10773","264","6365"
"612","Jean-Marc Morel","Male","Woldingham","GB-SRY","ZA","M50-54","FIN","5:41:25","0:35:16","0:08:34","2:48:30","0:07:46","2:01:19","1227","1109","98","1944","637","555","47","975","893","90","1227","1109","98","20485","2116","514","10110","466","7279"
"2381","Ignacio Seguí Davalillo","Male","Madrid","Community of Madrid","ES","M25-29","FIN","5:41:25","0:39:02","0:08:36","2:44:52","0:05:49","2:03:06","1228","1110","209","1708","1259","1108","196","983","901","153","1228","1110","209","20485","2342","516","9892","349","7386"
"1394","Jose Antonio Ruesgas Jimenez","Male","Bétera","","ES","M55-59","FIN","5:41:31","0:35:04","0:06:57","2:42:15","0:04:49","2:12:26","1229","1111","50","1976","606","526","24","729","675","32","1229","1111","50","20491","2104","417","9735","289","7946"
"802","Jack Stevens","Male","London","England","GB","M25-29","FIN","5:41:32","0:40:30","0:11:45","3:08:47","0:07:48","1:32:43","1230","1112","210","1706","1493","1303","235","1816","1594","274","1230","1112","210","20492","2430","705","11327","468","5563"
"2380","Calum Harris","Male","Brighton and Hove","England","GB","M30-34","FIN","5:41:35","0:39:24","0:09:59","3:00:02","0:05:45","1:46:25","1231","1113","206","1695","1320","1156","212","1530","1368","244","1231","1113","206","20495","2364","599","10802","345","6385"
"2140","Harry Balfour","Male","London","GB-ENG","GB","M25-29","FIN","5:41:46","0:37:44","0:08:59","3:05:53","0:07:40","1:41:30","1232","1114","211","1702","1047","924","163","1623","1437","249","1232","1114","211","20506","2264","539","11153","460","6090"
"1996","Alejandro Balongo Gutiérrez","Male","Madrid","Community of Madrid","ES","M35-39","FIN","5:41:50","0:31:09","0:07:48","3:07:19","0:05:33","1:50:02","1233","1115","152","1788","227","196","20","1453","1300","169","1233","1115","152","20510","1869","468","11239","333","6602"
"1348","John van Haren","Male","Houten","Utrecht","NL","M40-44","FIN","5:41:51","0:46:14","0:08:53","2:50:25","0:06:00","1:50:18","1234","1116","133","1643","2016","1714","197","1425","1278","151","1234","1116","133","20511","2774","533","10225","360","6618"
"1160","Toni Romero","Male","Valencia","ES-Valencia","ES","M30-34","FIN","5:41:56","0:38:12","0:11:08","2:48:57","0:07:50","1:55:49","1235","1117","207","1688","1138","1005","177","1188","1081","193","1235","1117","207","20516","2292","668","10137","470","6949"
"1142","Robin Kies","Male","Ettlingen","DE-DE-BADEN-WURTTEMBERG","DE","M30-34","FIN","5:42:00","0:47:09","0:08:01","2:41:19","0:06:02","1:59:29","1236","1118","208","1687","2059","1739","314","1104","1007","173","1236","1118","208","20520","2829","481","9679","362","7169"
"2145","Jorge Giralt","Male","Tiana","","ES","M50-54","FIN","5:42:01","0:37:40","0:08:50","2:57:28","0:07:07","1:50:57","1237","1119","99","1933","1029","908","86","1370","1231","113","1237","1119","99","20521","2260","530","10648","427","6657"
"1159","Alfonso Novo Navarro","Male","Campolivar","ES-Community of Valencia","ES","M25-29","FIN","5:42:03","0:34:11","0:09:53","2:54:20","0:07:50","1:55:49","1238","1120","212","1697","504","442","73","1193","1086","195","1238","1120","212","20523","2051","593","10460","470","6949"
"1550","Christian Thomson-Frost","Male","TONBRIDGE","GB-KEN","GB","M25-29","FIN","5:42:05","0:38:05","0:08:00","2:43:48","0:04:42","2:07:30","1239","1121","213","1696","1115","985","176","898","828","137","1239","1121","213","20525","2285","480","9828","282","7650"
"1375","Eamon Dennehy","Male","Cork","Cork","IE","M45-49","FIN","5:42:05","0:43:34","0:06:33","2:50:26","0:05:57","1:55:36","1240","1122","115","1948","1838","1576","165","1267","1148","124","1240","1122","115","20525","2614","393","10226","357","6936"
"2325","Miguel Joaquín Hervás Alonso","Male","Madrid","MADRID, COMUNIDAD DE","ES","M30-34","FIN","5:42:06","0:38:51","0:11:56","2:56:36","0:08:18","1:46:24","1241","1123","209","1685","1239","1092","195","1476","1322","234","1241","1123","209","20526","2331","716","10596","498","6384"
"1467","Pierre Zenou","Male","L'Eliana","Community of Valencia","FR","M35-39","FIN","5:42:06","0:40:59","0:09:17","2:53:55","0:08:31","1:49:23","1242","1124","153","1783","1551","1348","173","1375","1235","158","1242","1124","153","20526","2459","557","10435","511","6563"
"2162","Carlos Gramunt Farga","Male","Barcelona","","ES","M30-34","FIN","5:42:06","0:41:06","0:10:11","2:53:44","0:06:50","1:50:15","1243","1125","210","1685","1571","1363","247","1402","1257","226","1243","1125","210","20526","2466","611","10424","410","6615"
"1513","Thom Smeets","Male","Sittard","NL-LI","NL","M25-29","FIN","5:42:13","0:49:08","0:09:45","2:57:00","0:07:32","1:38:47","1244","1126","214","1694","2135","1794","323","1716","1511","258","1244","1126","214","20533","2948","585","10620","452","5927"
"2371","Santiago Henriquez","Male","San Sebastián de los Reyes","ES-MD","ES","M45-49","FIN","5:42:15","0:36:56","0:11:53","2:51:18","0:08:29","1:53:39","1245","1127","116","1945","914","802","80","1249","1135","122","1245","1127","116","20535","2216","713","10278","509","6819"
"2287","Carlos JIMÉNEZ GONZÁLEZ","Male","Toulouse","FR-31","ES","M35-39","FIN","5:42:18","0:37:59","0:11:13","2:54:03","0:06:16","1:52:47","1246","1128","154","1780","1091","965","122","1347","1210","156","1246","1128","154","20538","2279","673","10443","376","6767"
"1320","Jaime Santodomingo Díez","Male","Madrid","MADRID, COMUNIDAD DE","ES","M30-34","FIN","5:42:28","0:36:05","0:09:46","2:54:30","0:06:56","1:55:11","1247","1129","211","1679","755","660","114","1262","1144","204","1247","1129","211","20548","2165","586","10470","416","6911"
"1636","Carlos Perez Climent","Male","Alfafar","","ES","M50-54","FIN","5:42:29","0:39:34","0:07:53","2:43:52","0:04:48","2:06:22","1248","1130","100","1925","1341","1176","111","942","862","86","1248","1130","100","20549","2374","473","9832","288","7582"
"198","Selcuk Yildirim","Male","Berlin","foreigner","DE","M60-64","FIN","5:42:35","0:39:45","0:07:33","2:50:05","0:07:20","1:57:52","1249","1131","17","2496","1382","1209","25","1139","1040","20","1249","1131","17","20555","2385","453","10205","440","7072"
"1579","Louis Tchoukriel","Male","Marly-le-Roi","FR-78","FR","M18-24","FIN","5:42:38","0:38:06","0:07:23","3:05:16","0:04:52","1:47:02","1250","1132","74","1643","1119","989","72","1570","1396","95","1250","1132","74","20558","2286","443","11116","292","6422"
"1926","Jaime Ortiz-Cañavate González","Male","València","Community of Valencia","ES","M25-29","FIN","5:42:44","0:33:38","0:05:47","3:13:53","0:03:35","1:45:52","1251","1133","215","1685","444","389","62","1649","1458","251","1251","1133","215","20564","2018","347","11633","215","6352"
"737","Javier Santiago","Male","Pedralba","VALENCIANA, COMUNITAT*","ES","M30-34","FIN","5:42:48","0:39:26","0:06:17","2:58:57","0:04:11","1:53:57","1252","1134","212","1673","1324","1160","213","1390","1245","224","1252","1134","212","20568","2366","377","10737","251","6837"
"1678","George Spiteri","Male","ZABBAR","","MT","M40-44","FIN","5:42:48","0:40:47","0:08:57","2:42:37","0:10:46","1:59:41","1253","1135","134","1626","1523","1327","157","978","896","110","1253","1135","134","20568","2447","537","9757","646","7181"
"1183","Ricardo Emilio","Male","Cascais","LISBOA","PT","M50-54","FIN","5:42:59","0:39:46","0:07:23","2:52:01","0:07:11","1:56:38","1254","1136","101","1916","1387","1213","118","1218","1107","107","1254","1136","101","20579","2386","443","10321","431","6998"
"1109","János Blanckaert","Male","Adegem","BE-VOV","BE","M45-49","FIN","5:43:03","0:41:58","0:11:47","2:48:16","0:08:22","1:52:39","1255","1137","117","1930","1665","1441","145","1318","1186","129","1255","1137","117","20583","2518","707","10096","502","6759"
"1615","Martin Jugel","Male","Gera","DE-TH","DE","M35-39","FIN","5:43:03","0:39:12","0:10:47","3:02:35","0:07:25","1:43:04","1256","1138","155","1766","1285","1127","147","1621","1435","186","1256","1138","155","20583","2352","647","10955","445","6184"
"1757","Pablo Salvo","Male","Campolivar","ES-V","ES","M25-29","FIN","5:43:07","0:36:30","0:07:48","2:39:58","0:05:50","2:13:02","1257","1139","216","1678","832","728","135","728","674","115","1257","1139","216","20587","2190","468","9598","350","7982"
"1589","Pablo Fornas Campos","Male","Valencia","ES-V","ES","M25-29","FIN","5:43:12","0:36:08","0:06:28","2:59:02","0:05:31","1:56:03","1258","1140","217","1676","764","668","117","1305","1176","209","1258","1140","217","20592","2168","388","10742","331","6963"
"2268","Nacho Perez Royuela","Male","El Tablero","ES-GC","ES","M25-29","FIN","5:43:15","0:39:26","0:08:25","2:46:28","0:04:35","2:04:20","1259","1141","218","1675","1327","1163","208","1038","951","165","1259","1141","218","20595","2366","505","9988","275","7460"
"2300","Carlos Picón Torralba","Male","Madrid","ES-MD","ES","M25-29","FIN","5:43:16","0:44:46","0:11:02","2:58:54","0:09:54","1:38:40","1260","1142","219","1675","1934","1652","293","1688","1488","255","1260","1142","219","20596","2686","662","10734","594","5920"
"2574","Sergio Kelly Tamargo","Male","Alicante (Alacant)","Community of Valencia","IE","M18-24","FIN","5:43:19","0:37:05","0:06:27","2:47:40","0:04:51","2:07:16","1261","1143","75","1631","938","824","54","936","858","52","1261","1143","75","20599","2225","387","10060","291","7636"
"604","Charley McCourt","Female","East Lothian","GB-GB-SCT","GB","F30-34","FIN","5:43:20","0:36:46","0:06:35","3:09:12","0:03:51","1:46:56","1262","119","22","2309","881","109","22","1620","186","36","1262","119","22","20600","2206","395","11352","231","6416"
"756","Timothy Cocquyt","Male","Londerzeel","Flemish Region","BE","M40-44","FIN","5:43:21","0:30:44","0:05:01","2:58:09","0:04:13","2:05:14","1263","1144","135","1616","202","175","15","1025","940","117","1263","1144","135","20601","1844","301","10689","253","7514"
"422","Kyle Perkins","Male","Hurst","GB-BRC","GB","M40-44","FIN","5:43:26","0:35:36","0:07:42","3:10:36","0:05:36","1:43:55","1264","1145","136","1614","682","595","69","1671","1476","171","1264","1145","136","20606","2136","462","11436","336","6235"
"1743","Joshua Roche","Male","Greenwich","NSW","AU","M30-34","FIN","5:43:26","0:36:45","0:09:45","2:39:10","0:04:46","2:13:01","1265","1146","213","1661","877","769","139","777","718","124","1265","1146","213","20606","2205","585","9550","286","7981"
"1002","Carmen Grosse","Female","Zürich","","CH","F65-69","FIN","5:43:28","0:30:17","0:06:53","2:56:56","0:05:35","2:03:46","1266","120","1","3500","177","26","1","1032","87","1","1266","120","1","20608","1817","413","10616","335","7426"
"2358","Francisco Javier Ramos Carretero","Male","Madrid","ES-M","ES","M50-54","FIN","5:43:29","0:35:33","0:10:08","3:01:05","0:04:51","1:51:52","1267","1147","102","1907","672","587","51","1461","1308","124","1267","1147","102","20609","2133","608","10865","291","6712"
"2496","Alex Portella","Male","Barcelona","ES-CT","ES","M18-24","FIN","5:43:31","0:37:57","0:05:22","2:39:13","0:04:05","2:16:54","1268","1148","76","1627","1084","958","68","675","625","34","1268","1148","76","20611","2277","322","9553","245","8214"
"1860","Robert Kitt","Male","Tallinn","EE-37","EE","M45-49","FIN","5:43:32","0:40:24","0:08:00","2:50:48","0:06:18","1:58:02","1269","1149","118","1922","1475","1289","131","1221","1110","121","1269","1149","118","20612","2424","480","10248","378","7082"
"362","Alejandro Banegas","Male","Madrid","","ES","M45-49","FIN","5:43:35","0:39:14","0:06:56","2:51:55","0:05:43","1:59:46","1270","1150","119","1921","1290","1132","114","1178","1071","116","1270","1150","119","20615","2354","416","10315","343","7186"
"1858","Moonika Kitt","Female","Tallinn","EE-37","EE","F45-49","FIN","5:43:39","0:42:49","0:09:23","2:57:37","0:07:57","1:45:53","1271","121","13","2836","1769","246","29","1537","164","18","1271","121","13","20619","2569","563","10657","477","6353"
"1336","Victor Paganini","Male","Luzern","CH-LU","BR","M25-29","FIN","5:43:39","0:33:37","0:10:14","3:04:59","0:06:29","1:48:19","1272","1151","220","1668","442","387","61","1513","1354","241","1272","1151","220","20619","2017","614","11099","389","6499"
"2388","Besson JULIEN","Male","Les Sables D’olonne","","FR","M40-44","FIN","5:43:39","0:42:36","0:07:55","2:49:37","0:07:49","1:55:41","1273","1152","137","1610","1741","1501","178","1251","1137","133","1273","1152","137","20619","2556","475","10177","469","6941"
"1312","Mikael Rigert","Male","Borås","","SE","M55-59","FIN","5:43:43","0:33:44","0:06:49","2:54:18","0:04:05","2:04:47","1274","1153","51","1936","457","399","16","1051","962","45","1274","1153","51","20623","2024","409","10458","245","7487"
"2486","Ismael Gil Moreno","Male","Madrid","ES-MADRID","ES","M25-29","FIN","5:43:49","0:41:07","0:09:43","2:53:07","0:06:58","1:52:53","1275","1154","221","1665","1573","1365","247","1369","1230","220","1275","1154","221","20629","2467","583","10387","418","6773"
"1547","Gunita Sprude","Female","Riga","Riga","LV","F35-39","FIN","5:43:53","0:46:48","0:08:31","2:50:30","0:05:46","1:52:18","1276","122","14","2535","2045","314","39","1439","152","18","1276","122","14","20633","2808","511","10230","346","6738"
"1910","Gavin Oconnor","Male","Killorglin","Kerry, Cork","IE","M45-49","FIN","5:43:56","0:36:02","0:08:36","2:41:24","0:05:53","2:12:01","1277","1155","120","1914","750","655","62","794","735","67","1277","1155","120","20636","2162","516","9684","353","7921"
"2383","Paco Huertas","Male","Granada","ES-GR","ES","M25-29","FIN","5:43:59","0:38:46","0:07:36","2:57:22","0:04:58","1:55:18","1278","1156","222","1662","1225","1080","191","1360","1221","219","1278","1156","222","20639","2326","456","10642","298","6918"
"1747","Michael Maurin","Male","Acigné","FR-BRE","FR","M40-44","FIN","5:44:09","0:41:59","0:07:23","3:04:03","0:05:07","1:45:38","1279","1157","138","1601","1667","1443","172","1654","1463","170","1279","1157","138","20649","2519","443","11043","307","6338"
"1539","Jordi Morillas Torres","Male","Mollet del Valles","ES-Barcelona","ES","M25-29","FIN","5:44:09","0:38:20","0:06:54","3:11:07","0:04:48","1:43:01","1280","1158","223","1659","1158","1024","183","1724","1518","260","1280","1158","223","20649","2300","414","11467","288","6181"
"750","Sam Seegers","Male","Sint-oedenrode","NL-NB","NL","M25-29","FIN","5:44:17","0:37:26","0:08:12","2:46:32","0:04:51","2:07:17","1281","1159","224","1657","990","872","151","970","888","148","1281","1159","224","20657","2246","492","9992","291","7637"
"316","Kais Garchi Casal","Male","Madrid","ES-M","ES","M35-39","FIN","5:44:19","0:47:37","0:11:20","2:56:13","0:07:12","1:41:58","1282","1160","156","1743","2078","1755","223","1700","1498","195","1282","1160","156","20659","2857","680","10573","432","6118"
"1519","Luis Cela Novoa","Male","Navia","ASTURIAS, PRINCIPADO DE","ES","M50-54","FIN","5:44:22","0:36:06","0:08:03","3:12:18","0:07:04","1:40:50","1283","1161","103","1891","759","663","57","1730","1524","146","1283","1161","103","20662","2166","483","11538","424","6050"
"322","Hayley Leadbeater","Female","Milton Keynes","BKM","GB","F55-59","FIN","5:44:22","0:34:22","0:06:32","2:47:21","0:05:35","2:10:32","1284","123","3","2947","524","67","1","849","65","3","1284","123","3","20662","2062","392","10041","335","7832"
"1773","Joan Pujol","Male","Gurb","Barcelona","ES","M18-24","FIN","5:44:22","0:40:39","0:09:13","2:53:20","0:04:38","1:56:33","1285","1162","77","1612","1513","1319","96","1343","1206","78","1285","1162","77","20662","2439","553","10400","278","6993"
"516","Richard Keenlyside","Male","Yarm","GB-NYK","GB","M50-54","FIN","5:44:28","0:43:01","0:09:27","2:38:30","0:10:17","2:03:13","1286","1163","104","1889","1788","1540","148","928","851","84","1286","1163","104","20668","2581","567","9510","617","7393"
"543","Carles Salvador Soriano Perez","Male","Berkel en Rodenrijs","ZUID-HOLLAND","ES","M35-39","FIN","5:44:29","0:35:44","0:09:27","3:00:16","0:05:37","1:53:24","1287","1164","157","1740","704","614","81","1417","1271","164","1287","1164","157","20669","2144","567","10816","337","6804"
"1028","Patrick Kolijn","Male","Hoeksche Waard","Zuid-Holland","NL","M50-54","FIN","5:44:29","0:36:58","0:07:22","2:51:41","0:07:09","2:01:19","1288","1165","105","1889","918","806","74","1078","987","97","1288","1165","105","20669","2218","442","10301","429","7279"
"2548","Patrick Volk","Male","Stuttgart","BW","DE","M30-34","FIN","5:44:31","0:38:14","0:12:42","2:52:50","0:07:19","1:53:25","1289","1166","214","1642","1143","1010","179","1362","1223","222","1289","1166","214","20671","2294","762","10370","439","6805"
"1006","Sil Grouls","Male","Heerlen","NL-Limburg","NL","M35-39","FIN","5:44:32","0:36:58","0:12:08","2:57:22","0:06:41","1:51:24","1290","1167","158","1739","917","805","100","1456","1303","170","1290","1167","158","20672","2218","728","10642","401","6684"
"1906","Girolamo Costa","Male","palermo","IT-PA","IT","M45-49","FIN","5:44:37","0:36:47","0:09:38","2:51:43","0:06:16","2:00:13","1291","1168","121","1902","884","775","75","1179","1072","117","1291","1168","121","20677","2207","578","10303","376","7213"
"1801","Juan Garrido Diaz","Male","Madrid","Community of Madrid","VE","M30-34","FIN","5:44:39","0:35:29","0:07:03","3:02:20","0:06:00","1:53:46","1292","1169","215","1640","665","580","98","1397","1252","225","1292","1169","215","20679","2129","423","10940","360","6826"
"1381","Maurits Van Klaveren","Male","Den Haag","NL-ZUID-HOLLAND","NL","M30-34","FIN","5:44:46","0:37:06","0:09:21","2:54:41","0:06:55","1:56:42","1293","1170","216","1637","945","830","152","1286","1164","206","1293","1170","216","20686","2226","561","10481","415","7002"
"192","Laura Ravera","Female","torino","IT-IT-TO","IT","F35-39","FIN","5:44:51","0:37:25","0:06:03","3:11:23","0:04:26","1:45:34","1294","124","15","2517","985","118","12","1694","201","23","1294","124","15","20691","2245","363","11483","266","6334"
"1597","Dizzy Leman","Female","Plymouth","DEV","UA","F25-29","FIN","5:44:51","0:38:00","0:05:25","3:10:14","0:03:48","1:47:23","1295","125","20","2113","1097","128","23","1662","194","35","1295","125","20","20691","2280","325","11414","228","6443"
"1888","Mark Simmonds","Male","ArrensMarsous","","FR","M65-69","FIN","5:44:52","0:43:02","0:07:36","2:46:03","0:05:53","2:02:19","1296","1171","5","3111","1789","1541","15","1114","1017","6","1296","1171","5","20692","2582","456","9963","353","7339"
"2347","Annabel Fox","Female","Bristol","England","GB","F30-34","FIN","5:45:02","0:43:02","0:10:40","2:56:33","0:05:53","1:48:53","1297","126","23","2278","1792","249","44","1556","169","31","1297","126","23","20702","2582","640","10593","353","6533"
"1164","Logan Rogers-Jenkins","Male","London","London","GB","M30-34","FIN","5:45:05","0:31:58","0:06:08","3:04:39","0:05:03","1:57:17","1298","1172","217","1632","280","241","40","1331","1195","215","1298","1172","217","20705","1918","368","11079","303","7037"
"2133","Ramon Roger Camprubi","Male","Ripoll","Catalonia","ES","M40-44","FIN","5:45:07","0:41:25","0:08:35","2:50:38","0:05:19","1:59:10","1299","1173","139","1584","1602","1388","165","1271","1152","136","1299","1173","139","20707","2485","515","10238","319","7150"
"1437","Ásdís Alexandersdóttir","Female","Hafnarfjörður","IS-1","IS","F25-29","FIN","5:45:12","0:44:37","0:05:03","2:47:52","0:06:57","2:00:44","1300","127","21","2106","1920","280","55","1150","102","15","1300","127","21","20712","2677","303","10072","417","7244"
"414","Barry-John Keating","Male","Adare","LIMERICK","IE","M45-49","FIN","5:45:17","0:40:26","0:07:11","2:56:10","0:07:03","1:54:27","1301","1174","122","1890","1485","1297","134","1364","1225","135","1301","1174","122","20717","2426","431","10570","423","6867"
"1448","Marie Gerard","Female","Noisy-le-Grand","","FR","F35-39","FIN","5:45:19","0:39:16","0:07:59","2:53:15","0:06:00","1:58:49","1302","128","16","2509","1297","161","20","1265","119","13","1302","128","16","20719","2356","479","10395","360","7129"
"1885","Alejandro Vizcaíno Sánchez","Male","Rota","CADIZ","ES","M50-54","FIN","5:45:20","0:37:33","0:11:22","2:51:19","0:07:22","1:57:44","1303","1175","106","1873","1016","896","83","1255","1139","109","1303","1175","106","20720","2253","682","10279","442","7064"
"1082","James Watt","Male","Bicester","GB-OXF","GB","M35-39","FIN","5:45:21","0:37:11","0:12:35","2:49:30","0:06:48","1:59:17","1304","1176","159","1725","961","845","110","1225","1112","144","1304","1176","159","20721","2231","755","10170","408","7157"
"1958","Linda Reitter","Female","Barcelona","Catalonia","DE","F30-34","FIN","5:45:28","0:32:13","0:06:18","3:09:16","0:04:05","1:53:36","1305","129","24","2270","303","43","7","1487","157","29","1305","129","24","20728","1933","378","11356","245","6816"
"2101","Rob Diffley","Male","Raheny, Dublin 5","Dublin","IE","M30-34","FIN","5:45:32","0:38:05","0:06:43","2:52:25","0:05:09","2:03:10","1306","1177","218","1624","1113","983","176","1132","1033","177","1306","1177","218","20732","2285","403","10345","309","7390"
"1250","Anthony Techer","Male","Lausanne","Vaud","FR","M30-34","FIN","5:45:33","0:34:49","0:09:48","3:05:37","0:05:48","1:49:30","1307","1178","219","1623","577","500","81","1553","1386","248","1307","1178","219","20733","2089","588","11137","348","6570"
"1359","Michaël Smets","Male","Buizingen","BE-VBR","BE","M35-39","FIN","5:45:37","0:42:51","0:09:56","2:55:22","0:09:22","1:48:06","1308","1179","160","1720","1771","1525","194","1490","1333","174","1308","1179","160","20737","2571","596","10522","562","6486"
"1582","Anita Sonnenfroh","Female","Colmenar Viejo","ES-MADRID","DE","F45-49","FIN","5:45:46","0:40:25","0:10:50","2:51:06","0:05:48","1:57:38","1309","130","14","2798","1481","188","18","1321","133","13","1309","130","14","20746","2425","650","10266","348","7058"
"2005","Marc NAVARRO","Male","Badalona","","ES","M30-34","FIN","5:45:47","0:53:18","0:08:46","2:52:43","0:06:29","1:44:30","1310","1180","220","1619","2218","1857","337","1691","1491","272","1310","1180","220","20747","3198","526","10363","389","6270"
"918","Marc Roset","Male","Lleida","Lleida","ES","M30-34","FIN","5:45:48","0:42:40","0:08:08","2:57:50","0:05:52","1:51:18","1311","1181","221","1619","1748","1505","274","1509","1350","242","1311","1181","221","20748","2560","488","10670","352","6678"
"1463","Nick Axup","Male","London","GB-LND","GB","M40-44","FIN","5:45:48","0:43:55","0:09:51","2:49:28","0:06:47","1:55:47","1312","1182","140","1572","1869","1603","186","1345","1208","139","1312","1182","140","20748","2635","591","10168","407","6947"
"427","Nicholas Steuer","Male","Schifferstadt","DE-RP","DE","M40-44","FIN","5:45:52","0:37:29","0:08:09","2:54:40","0:06:23","1:59:11","1313","1183","141","1571","999","880","104","1258","1141","135","1313","1183","141","20752","2249","489","10480","383","7151"
"199","Jean Paul Poitras","Male","Brussels","BE-BRU","CA","M55-59","FIN","5:45:52","0:42:49","0:06:30","2:49:39","0:06:52","2:00:02","1314","1184","52","1898","1768","1523","75","1212","1101","54","1314","1184","52","20752","2569","390","10179","412","7202"
"1400","Paul Derbyshire","Male","Oldham","GB-Lancashire","GB","M50-54","FIN","5:45:57","0:47:13","0:07:57","2:51:27","0:05:02","1:54:18","1315","1185","107","1862","2063","1743","169","1457","1304","123","1315","1185","107","20757","2833","477","10287","302","6858"
"1112","Rick Frolichs","Male","Brunssum","","NL","M65-69","FIN","5:45:59","0:37:09","0:06:47","2:50:42","0:07:33","2:03:48","1316","1186","6","3091","956","840","4","1041","953","3","1316","1186","6","20759","2229","407","10242","453","7428"
"1067","Henry Simpson","Male","London","England","GB","M25-29","FIN","5:46:12","0:31:29","0:06:27","2:59:16","0:08:12","2:00:48","1317","1187","225","1622","246","212","32","1130","1031","183","1317","1187","225","20772","1889","387","10756","492","7248"
"2232","Fiona Ord","Female","Amersham","GB-BUCKINGHAMSHIRE","GB","F45-49","FIN","5:46:15","0:37:31","0:06:38","2:46:03","0:08:07","2:07:55","1318","131","15","2789","1005","120","12","913","76","7","1318","131","15","20775","2251","398","9963","487","7675"
"315","Alberto Rafael Rodríguez Iglesias","Male","Móstoles","Community of Madrid","ES","M25-29","FIN","5:46:19","0:35:11","0:11:16","2:58:41","0:04:59","1:56:12","1319","1188","226","1620","624","543","97","1406","1261","224","1319","1188","226","20779","2111","676","10721","299","6972"
"1430","Adrien Foret","Male","Lectoure","GERS","FR","M30-34","FIN","5:46:32","0:41:15","0:06:47","2:45:24","0:05:42","2:07:24","1320","1189","222","1606","1585","1376","251","1013","928","160","1320","1189","222","20792","2475","407","9924","342","7644"
"115","Monica Lanzendörfer","Female","Düsseldorf","DE-NW","DE","F60-64","FIN","5:46:38","0:36:43","0:07:09","2:54:41","0:04:28","2:03:36","1321","132","3","3010","873","108","2","1200","109","3","1321","132","3","20798","2203","429","10481","268","7416"
"1424","Killian Linnane","Male","Surry Hills","NSW","IE","M30-34","FIN","5:46:38","0:36:02","0:08:22","3:09:50","0:07:04","1:45:20","1322","1190","223","1604","748","653","113","1677","1480","267","1322","1190","223","20798","2162","502","11390","424","6320"
"1245","Anja Göttker-Schnetmann","Female","Frankfurt","DE-HE","DE","F50-54","FIN","5:46:38","0:37:19","0:09:37","2:50:40","0:10:40","1:58:21","1323","133","6","2374","978","117","9","1156","105","7","1323","133","6","20798","2239","577","10240","640","7101"
"1193","Niek Slinkman-Wiersema","Male","Wesepe","Overijssel","NL","M30-34","FIN","5:46:40","0:42:47","0:07:19","3:09:37","0:05:31","1:41:26","1324","1191","224","1603","1766","1521","280","1792","1574","292","1324","1191","224","20800","2567","439","11377","331","6086"
"2352","Emma Durrant","Female","London","GB-LND","GB","F30-34","FIN","5:46:41","0:38:54","0:06:14","2:58:51","0:04:34","1:58:08","1325","134","25","2248","1245","148","30","1372","140","26","1325","134","25","20801","2334","374","10731","274","7088"
"385","Brian OConnell","Male","Cork","IE-CO","IE","M40-44","FIN","5:46:41","0:37:33","0:07:44","2:52:27","0:06:29","2:02:28","1326","1192","142","1556","1010","890","106","1164","1058","128","1326","1192","142","20801","2253","464","10347","389","7348"
"607","Stéphane Wallet","Male","La Chapelle aux pots","FR-60","FR","M50-54","FIN","5:46:46","0:38:01","0:07:09","2:44:18","0:07:37","2:09:41","1327","1193","108","1847","1099","971","95","875","806","74","1327","1193","108","20806","2281","429","9858","457","7781"
"2257","Assem Baizhiyenova","Female","Almaty","Almaty","KZ","F40-44","FIN","5:46:46","0:40:28","0:09:51","2:51:15","0:06:34","1:58:39","1328","135","17","2447","1489","190","17","1300","127","17","1328","135","17","20806","2428","591","10275","394","7119"
"2148","Maria Alcorta Garrido","Female","SAN SEBASTIAN","","ES","F45-49","FIN","5:46:52","0:35:40","0:08:04","3:00:36","0:06:34","1:55:58","1329","136","16","2778","696","89","7","1378","142","16","1329","136","16","20812","2140","484","10836","394","6958"
"627","Jenny Reitter Hill","Female","Cheltenham","GLS","GB","F50-54","FIN","5:46:59","0:35:33","0:07:02","2:56:38","0:05:09","2:02:36","1330","137","7","2368","675","86","6","1222","112","8","1330","137","7","20819","2133","422","10598","309","7356"
"1658","VICENT CHULVI MAÑEZ","Male","València","ES-V","ES","M45-49","FIN","5:46:59","0:35:06","0:07:28","2:56:05","0:05:41","2:02:40","1331","1194","123","1859","609","529","49","1202","1093","119","1331","1194","123","20819","2106","448","10565","341","7360"
"1777","Giovanni Filoramo","Male","Palermo","IT-Sicilia","IT","M30-34","FIN","5:47:01","0:29:48","0:06:33","2:49:52","0:06:28","2:14:20","1332","1195","225","1597","160","137","18","799","740","129","1332","1195","225","20821","1788","393","10192","388","8060"
"331","Luis Peiró Sancho Sopranis","Male","Madrid","Community of Madrid","ES","M45-49","FIN","5:47:06","0:43:20","0:07:29","2:47:11","0:04:11","2:04:56","1333","1196","124","1857","1822","1565","163","1176","1069","115","1333","1196","124","20826","2600","449","10031","251","7496"
"1669","Gert Prins","Male","Paterswolde","NL-DR","NL","M55-59","FIN","5:47:09","0:40:54","0:07:53","2:43:39","0:06:07","2:08:34","1334","1197","53","1874","1539","1340","62","982","900","42","1334","1197","53","20829","2454","473","9819","367","7714"
"793","Arne Klewitz","Male","Wiesbaden","HESSEN","DE","M50-54","FIN","5:47:14","0:40:23","0:08:10","2:45:42","0:06:37","2:06:21","1335","1198","109","1839","1474","1288","127","1037","950","95","1335","1198","109","20834","2423","490","9942","397","7581"
"851","Dmitri Turcan","Male","Chisinau","Moldova","MD","M40-44","FIN","5:47:15","0:44:35","0:11:34","3:01:36","0:06:19","1:43:11","1336","1199","143","1546","1915","1637","191","1752","1543","178","1336","1199","143","20835","2675","694","10896","379","6191"
"410","Maeve Collins","Female","Limerick","IE-LK","IE","F30-34","FIN","5:47:18","0:44:30","0:06:49","2:50:16","0:07:39","1:58:04","1337","138","26","2237","1908","278","50","1302","128","25","1337","138","26","20838","2670","409","10216","459","7084"
"387","Connor Goulding","Male","Youghal","CORK","IE","M40-44","FIN","5:47:23","0:41:25","0:07:45","3:01:31","0:07:31","1:49:10","1338","1200","144","1543","1603","1389","166","1567","1393","161","1338","1200","144","20843","2485","465","10891","451","6550"
"809","Maria Garcia Perez","Female","Segorbe","Community of Valencia","ES","F25-29","FIN","5:47:25","0:31:37","0:05:44","2:58:44","0:06:02","2:05:18","1339","139","22","2066","254","36","5","1084","92","13","1339","139","22","20845","1897","344","10724","362","7518"
"1412","Simone Broek","Female","Breda","Noord-Brabant","NL","F30-34","FIN","5:47:28","0:47:59","0:08:38","2:56:55","0:05:13","1:48:43","1340","140","27","2234","2091","328","61","1658","193","38","1340","140","27","20848","2879","518","10615","313","6523"
"297","Mark Fosdike","Male","Brooklyn","NY","AU","M35-39","FIN","5:47:29","0:38:29","0:07:53","2:55:22","0:07:19","1:58:26","1341","1201","161","1686","1189","1049","140","1308","1179","153","1341","1201","161","20849","2309","473","10522","439","7106"
"1403","Marie Cras","Female","Wortegem-Petegem","Flemish Region","BE","F25-29","FIN","5:47:37","0:38:31","0:06:56","3:02:14","0:04:32","1:55:23","1342","141","23","2063","1192","142","25","1485","156","25","1342","141","23","20857","2311","416","10934","272","6923"
"976","Erick Fernandez","Male","Dublin","IE-D","VE","M35-39","FIN","5:47:39","0:49:25","0:08:16","2:54:58","0:04:45","1:50:16","1343","1202","162","1683","2145","1803","228","1625","1439","188","1343","1202","162","20859","2965","496","10498","285","6616"
"1051","Brad Frankel","Male","London","England","GB","M40-44","FIN","5:47:42","0:38:04","0:07:11","3:01:57","0:06:30","1:53:59","1344","1203","145","1538","1111","981","117","1474","1320","154","1344","1203","145","20862","2284","431","10917","390","6839"
"506","Javier Libros Monteagudo","Male","Buñol","Community of Valencia","ES","M35-39","FIN","5:47:50","0:40:36","0:06:30","3:02:23","0:05:05","1:53:17","1345","1204","163","1680","1506","1313","167","1532","1370","179","1345","1204","163","20870","2436","390","10943","305","6797"
"2080","Henk Oosterhof","Male","Amersfoort","UTRECHT","NL","M65-69","FIN","5:47:51","0:34:19","0:08:08","2:52:29","0:07:01","2:05:54","1346","1205","7","3057","520","456","3","1053","964","4","1346","1205","7","20871","2059","488","10349","421","7554"
"1354","Wolfgang Wild","Male","Monheim ","BY","DE","M60-64","FIN","5:47:52","0:36:23","0:09:01","2:46:29","0:05:28","2:10:31","1347","1206","18","2401","817","715","15","962","882","15","1347","1206","18","20872","2183","541","9989","328","7831"
"1924","Rob Keenan","Male","Raheny","IE-D","IE","M30-34","FIN","5:47:54","0:36:00","0:07:00","2:47:46","0:03:54","2:13:14","1348","1207","226","1581","743","649","111","923","847","146","1348","1207","226","20874","2160","420","10066","234","7994"
"1471","Aubry REGNIER","Male","Valencia","ES-V","FR","M30-34","FIN","5:47:55","0:38:52","0:08:26","3:06:40","0:08:50","1:45:08","1349","1208","227","1581","1241","1094","196","1673","1478","266","1349","1208","227","20875","2332","506","11200","530","6308"
"1254","David Breen","Male","Crazies Hill","England","IE","M25-29","FIN","5:47:56","0:37:15","0:08:02","2:58:25","0:05:57","1:58:15","1350","1209","227","1591","971","855","149","1358","1219","218","1350","1209","227","20876","2235","482","10705","357","7095"
"1735","Javier Prieto Ramos","Male","Majadahonda","MADRID","ES","M18-24","FIN","5:47:57","0:37:18","0:08:30","2:57:34","0:05:20","1:59:14","1351","1210","78","1547","975","859","58","1350","1212","79","1351","1210","78","20877","2238","510","10654","320","7154"
"1788","Sarah Landwehr","Female","Dettingen unter Teck","DE-BW","DE","F18-24","FIN","5:47:59","0:44:41","0:06:20","2:50:51","0:05:24","2:00:43","1352","142","5","2060","1925","281","19","1312","132","5","1352","142","5","20879","2681","380","10251","324","7243"
"1032","Michael Wiese","Male","Hamburg","","DE","M65-69","FIN","5:48:00","0:43:51","0:06:11","2:48:08","0:05:46","2:04:04","1353","1211","8","3055","1860","1595","19","1183","1076","7","1353","1211","8","20880","2631","371","10088","346","7444"
"900","Tony Corcoran","Male","Carlow","IE-CW","IE","M40-44","FIN","5:48:00","0:42:24","0:09:53","2:48:00","0:09:32","1:58:11","1354","1212","146","1532","1721","1483","175","1257","1140","134","1354","1212","146","20880","2544","593","10080","572","7091"
"2452","Helge Ningel","Male","München","BY","DE","M25-29","FIN","5:48:00","0:40:32","0:08:41","2:56:04","0:06:48","1:55:55","1355","1213","228","1590","1498","1307","237","1409","1264","225","1355","1213","228","20880","2432","521","10564","408","6955"
"1461","Navid Ali","Male","Almaty","Almaty Region","KZ","M35-39","FIN","5:48:02","0:44:36","0:10:00","2:51:16","0:05:57","1:56:13","1356","1214","164","1676","1919","1640","207","1443","1291","167","1356","1214","164","20882","2676","600","10276","357","6973"
"683","Nadine Lehmann","Female","Winterthur","","CH","F40-44","FIN","5:48:05","0:34:19","0:05:10","2:54:54","0:04:28","2:09:14","1357","143","18","2423","521","65","2","1039","88","7","1357","143","18","20885","2059","310","10494","268","7754"
"1482","Amina Zhanassova","Female","Almaty","Алматы","KZ","F25-29","FIN","5:48:07","0:44:51","0:10:00","2:51:20","0:05:51","1:56:05","1358","144","24","2054","1942","284","56","1448","153","24","1358","144","24","20887","2691","600","10280","351","6965"
"1759","Laura Cervero Fernandez","Female","Jerez de la frontera","ES-CA","ES","F50-54","FIN","5:48:10","0:36:55","0:07:01","2:56:52","0:05:54","2:01:28","1359","145","8","2347","908","112","7","1277","121","9","1359","145","8","20890","2215","421","10612","354","7288"
"928","Simone Zegers","Female","Bodegraven-Reeuwijk","NL-ZH","NL","F35-39","FIN","5:48:12","0:43:42","0:06:30","2:55:22","0:04:13","1:58:24","1360","146","17","2457","1849","264","32","1427","148","16","1360","146","17","20892","2622","390","10522","253","7104"
"847","Murat Köksal","Male","İstanbul","TR-34","TR","M40-44","FIN","5:48:13","0:36:33","0:08:32","2:52:05","0:08:44","2:02:19","1361","1215","147","1528","841","737","93","1129","1030","125","1361","1215","147","20893","2193","512","10325","524","7339"
"275","Alexey Bozhkov","Male","Zhukovsky","Central Federal District","","M50-54","FIN","5:48:15","0:44:48","0:09:58","2:53:36","0:06:56","1:52:58","1362","1216","110","1821","1936","1654","156","1498","1339","128","1362","1216","110","20895","2688","598","10416","416","6778"
"1512","Tom Detour","Male","Nice","PROVENCE-ALPES-COTE-D’AZUR","FR","M18-24","FIN","5:48:19","0:38:05","0:07:16","3:06:03","0:06:56","1:50:00","1363","1217","79","1541","1116","986","71","1588","1412","97","1363","1217","79","20899","2285","436","11163","416","6600"
"625","Pavel Novak","Male","Plzen","South Bohemian Region","CZ","M40-44","FIN","5:48:20","0:35:45","0:07:31","2:38:27","0:05:21","2:21:15","1364","1218","148","1526","707","617","75","650","603","76","1364","1218","148","20900","2145","451","9507","321","8475"
"942","Thomas HALLER","Male","Männedorf","","CH","M55-59","FIN","5:48:21","0:41:10","0:08:42","2:48:01","0:05:02","2:05:27","1365","1219","54","1853","1576","1368","65","1168","1062","52","1365","1219","54","20901","2470","522","10081","302","7527"
"1575","Luc Essemilaire","Male","Montauban","FR-82","FR","M60-64","FIN","5:48:21","0:40:35","0:09:45","2:48:35","0:07:56","2:01:32","1366","1220","19","2392","1502","1309","29","1209","1099","21","1366","1220","19","20901","2435","585","10115","476","7292"
"1239","Adrian maza","Male","Ontinyent","ES-Valencia","ES","M18-24","FIN","5:48:25","0:31:41","0:10:28","3:06:08","0:05:26","1:54:42","1367","1221","80","1539","257","221","16","1495","1338","90","1367","1221","80","20905","1901","628","11168","326","6882"
"346","Mika Kivimäki","Male","Lahti","","FI","M55-59","FIN","5:48:26","0:37:25","0:10:17","2:48:07","0:06:43","2:05:54","1368","1222","55","1851","986","868","38","1073","984","46","1368","1222","55","20906","2245","617","10087","403","7554"
"1859","Josep Salvador López","Male","Alginet","ES-VC","ES","M25-29","FIN","5:48:29","0:37:42","0:08:59","3:00:13","0:04:29","1:57:05","1369","1223","229","1581","1038","916","159","1465","1312","234","1369","1223","229","20909","2262","539","10813","269","7025"
"1363","ALFONSO Martín Martínez","Male","Valencia","Valencia","ES","M50-54","FIN","5:48:38","0:34:31","0:07:41","2:57:07","0:06:51","2:02:29","1370","1224","111","1814","543","471","37","1228","1115","108","1370","1224","111","20918","2071","461","10627","411","7349"
"731","Stefan Höpping","Male","Amt Wachsenburg","THURINGEN","DE","M45-49","FIN","5:48:45","0:46:43","0:09:29","3:10:43","0:05:27","1:36:22","1371","1225","125","1828","2044","1731","182","1908","1666","174","1371","1225","125","20925","2803","569","11443","327","5782"
"1734","Mario Saludas Allepuz","Male","Binéfar","Huesca","ES","M30-34","FIN","5:48:50","0:41:45","0:10:46","3:11:42","0:07:32","1:37:04","1372","1226","228","1564","1644","1425","258","1862","1635","301","1372","1226","228","20930","2505","646","11502","452","5824"
"1683","Arturo Benedetti Pirri","Male","Düsseldorf","Nordrheinwestfahlen","ES","M18-24","FIN","5:48:56","0:36:02","0:08:39","3:02:42","0:06:05","1:55:28","1373","1227","81","1530","751","656","42","1477","1323","88","1373","1227","81","20936","2162","519","10962","365","6928"
"2309","José Antonio Hernández Braceros","Male","Ciempozuelos","ES-MD","ES","M50-54","FIN","5:48:59","0:41:03","0:08:01","2:43:47","0:07:35","2:08:33","1374","1228","112","1808","1565","1360","135","992","909","92","1374","1228","112","20939","2463","481","9827","455","7713"
"1948","Alberto Coca Velasco","Male","Madrid","ES-M","ES","M35-39","FIN","5:49:01","0:46:02","0:09:54","2:48:52","0:06:52","1:57:21","1375","1229","165","1659","2005","1704","216","1393","1248","162","1375","1229","165","20941","2762","594","10132","412","7041"
"1872","Maria Lazaro Carrasco Julia","Female","Madrid","Community of Madrid","ES","F25-29","FIN","5:49:03","0:35:57","0:09:21","3:04:46","0:06:14","1:52:45","1376","147","25","2037","738","94","15","1549","166","28","1376","147","25","20943","2157","561","11086","374","6765"
"2231","Nicholas Ord","Male","Amersham","GB-BKM","GB","M45-49","FIN","5:49:03","0:38:50","0:07:10","3:05:05","0:03:32","1:54:26","1377","1230","126","1822","1234","1088","109","1580","1405","153","1377","1230","126","20943","2330","430","11105","212","6866"
"2215","Lalo Rodriguez Vacas","Male","Córdoba","","ES","M40-44","FIN","5:49:07","0:38:26","0:07:09","2:55:32","0:05:28","2:02:32","1378","1231","149","1512","1175","1036","123","1282","1161","137","1378","1231","149","20947","2306","429","10532","328","7352"
"2363","Oriol Moncunill Hurtado","Male","Valls","ES-T","ES","M30-34","FIN","5:49:09","0:33:44","0:07:51","2:57:37","0:04:45","2:05:12","1379","1232","229","1559","454","397","70","1220","1109","199","1379","1232","229","20949","2024","471","10657","285","7512"
"1249","Paul Brannon","Male","Flimwell","GB-ESX","GB","M35-39","FIN","5:49:10","0:43:41","0:13:32","2:50:49","0:10:25","1:50:43","1380","1233","166","1656","1845","1583","199","1489","1332","173","1380","1233","166","20950","2621","812","10249","625","6643"
"906","Guillaume Hardy","Male","Saint erblon","","FR","M40-44","FIN","5:49:14","0:43:00","0:09:34","2:52:56","0:05:51","1:57:53","1381","1234","150","1510","1785","1537","183","1421","1274","150","1381","1234","150","20954","2580","574","10376","351","7073"
"1025","Paula Lopez De Silanes","Female","Divonne les Bains","","ES","F40-44","FIN","5:49:22","0:40:18","0:10:00","2:52:16","0:05:38","2:01:09","1382","148","19","2400","1458","182","16","1328","136","18","1382","148","19","20962","2418","600","10336","338","7269"
"466","Johanna Bogle","Female","Prestbury","England","GB","F45-49","FIN","5:49:23","0:37:05","0:08:34","3:12:31","0:05:39","1:45:33","1383","149","17","2732","939","115","11","1764","214","24","1383","149","17","20963","2225","514","11551","339","6333"
"1912","Miguel Sanchez","Male","München","Bayern","ES","M25-29","FIN","5:49:24","0:35:11","0:08:37","2:53:24","0:04:18","2:07:54","1384","1235","230","1565","625","544","98","1131","1032","184","1384","1235","230","20964","2111","517","10404","258","7674"
"1386","Mark Ratcliffe","Male","Almeria","ALMERIA","ES","M60-64","FIN","5:49:25","0:41:26","0:10:06","2:54:01","0:07:11","1:56:42","1385","1236","20","2373","1605","1391","32","1422","1275","29","1385","1236","20","20965","2486","606","10441","431","7002"
"2313","Ruben Bella Barba","Male","Majadahonda","Community of Madrid","ES","M30-34","FIN","5:49:27","0:36:41","0:11:56","2:59:33","0:08:53","1:52:24","1386","1237","230","1553","868","761","137","1492","1335","236","1386","1237","230","20967","2201","716","10773","533","6744"
"767","Carina Wolf","Female","Schaffhausen","Schaffhausen","CH","F35-39","FIN","5:49:28","0:39:08","0:06:58","2:50:00","0:04:20","2:09:02","1387","150","18","2434","1272","154","18","1085","93","10","1387","150","18","20968","2348","418","10200","260","7742"
"1830","Javier Coteron","Male","València","ES-V","ES","M30-34","FIN","5:49:29","0:37:05","0:09:36","3:03:12","0:06:24","1:53:12","1388","1238","231","1553","940","825","150","1540","1376","246","1388","1238","231","20969","2225","576","10992","384","6792"
"1491","Anaïs DEVAUD","Female","Brussels","BE-BRU","BE","F25-29","FIN","5:49:32","0:41:03","0:08:16","3:04:13","0:08:00","1:48:00","1389","151","26","2028","1566","206","41","1657","192","34","1389","151","26","20972","2463","496","11053","480","6480"
"2375","Albert Aguilar","Male","Sant Just Desvern","ES-B","ES","M35-39","FIN","5:49:36","0:40:47","0:08:10","2:59:53","0:05:33","1:55:13","1390","1239","167","1648","1521","1326","169","1512","1353","175","1390","1239","167","20976","2447","490","10793","333","6913"
"1822","Thibault Sulowski","Male","Paris","Île-de-France","FR","M30-34","FIN","5:49:38","0:38:15","0:09:01","3:07:20","0:08:13","1:46:49","1391","1240","232","1550","1150","1016","181","1685","1486","270","1391","1240","232","20978","2295","541","11240","493","6409"
"693","Douglas Miller","Male","CANTON","US-MA","US","M40-44","FIN","5:49:39","0:44:18","0:07:02","2:58:39","0:05:39","1:54:02","1392","1241","151","1502","1890","1616","188","1546","1381","159","1392","1241","151","20979","2658","422","10719","339","6842"
"1593","Piero Lunanuova","Male","Valencia","ES-V","ES","M18-24","FIN","5:49:41","0:41:54","0:08:13","2:49:35","0:06:07","2:03:52","1393","1242","82","1516","1658","1436","106","1237","1124","71","1393","1242","82","20981","2514","493","10175","367","7432"
"2091","Sergio Marina Martín","Male","Alcorcón ","Madrid","ES","M35-39","FIN","5:49:42","0:41:44","0:07:03","3:13:01","0:04:21","1:43:33","1394","1243","168","1646","1638","1420","180","1830","1607","210","1394","1243","168","20982","2504","423","11581","261","6213"
"2037","Jose Nobre","Male","London","GB-ENG","PT","M35-39","FIN","5:49:45","0:39:58","0:11:25","2:51:18","0:09:00","1:58:04","1395","1244","169","1646","1413","1238","160","1329","1193","155","1395","1244","169","20985","2398","685","10278","540","7084"
"2260","Gavin Griffin","Male","winchester","England","GI","M50-54","FIN","5:49:48","0:39:39","0:09:43","2:47:05","0:06:57","2:06:24","1396","1245","113","1793","1358","1188","115","1102","1006","101","1396","1245","113","20988","2379","583","10025","417","7584"
"882","Jen Collins","Female","Kingston upon Thames","GB-ENG","GB","F30-34","FIN","5:49:52","0:34:18","0:08:26","3:07:33","0:06:40","1:52:56","1397","152","28","2191","519","64","10","1557","170","32","1397","152","28","20992","2058","506","11253","400","6776"
"1263","Fjodors Lebedevs","Male","london","GB-ENG","LV","M40-44","FIN","5:50:01","0:41:03","0:08:40","3:01:01","0:07:58","1:51:19","1398","1246","152","1496","1567","1361","162","1569","1395","162","1398","1246","152","21001","2463","520","10861","478","6679"
"1862","Adam Eason","Male","Dublin 13","IE-Dublin","IE","M18-24","FIN","5:50:02","0:44:18","0:08:49","2:55:02","0:08:41","1:53:11","1399","1247","83","1510","1891","1617","116","1491","1334","89","1399","1247","83","21002","2658","529","10502","521","6791"
"1108","Jasper Maljers","Male","Amsterdam","NL-NH","NL","M30-34","FIN","5:50:02","0:39:23","0:09:57","2:48:48","0:06:54","2:04:59","1400","1248","233","1543","1316","1153","210","1180","1073","190","1400","1248","233","21002","2363","597","10128","414","7499"
"2323","Diego Villar Sanchez","Male","Valencia","ES-Valencia","ES","M25-29","FIN","5:50:11","0:34:48","0:10:32","3:05:40","0:06:45","1:52:27","1401","1249","231","1550","574","497","85","1578","1403","247","1401","1249","231","21011","2088","632","11140","405","6747"
"1296","Rustam Gaitov","Male","Almaty","Almaty","KZ","M40-44","FIN","5:50:15","0:39:42","0:08:28","2:50:11","0:07:56","2:03:58","1402","1250","153","1492","1373","1201","144","1190","1083","129","1402","1250","153","21015","2382","508","10211","476","7438"
"714","Jelle te Winkel","Male","Amsterdam","North Holland","NL","M25-29","FIN","5:50:22","0:47:06","0:07:24","2:52:27","0:05:11","1:58:15","1403","1251","232","1547","2057","1738","312","1466","1313","235","1403","1251","232","21022","2826","444","10347","311","7095"
"2218","Wilfredo Flores","Male","Alcobendas","ES-MD","VE","M40-44","FIN","5:50:24","0:45:21","0:08:45","2:55:44","0:04:07","1:56:27","1404","1252","154","1489","1976","1680","195","1538","1374","158","1404","1252","154","21024","2721","525","10544","247","6987"
"771","Gianluca Crippa","Male","Genève","GE","IT","M30-34","FIN","5:50:24","0:43:01","0:08:48","3:03:09","0:05:45","1:49:42","1405","1253","234","1536","1787","1539","287","1697","1496","276","1405","1253","234","21024","2581","528","10989","345","6582"
"950","Baptiste Jourdain","Male","Salouël","Hauts-de-France","FR","M18-24","FIN","5:50:39","0:40:38","0:08:25","2:56:37","0:05:26","1:59:33","1406","1254","84","1499","1511","1317","95","1432","1283","85","1406","1254","84","21039","2438","505","10597","326","7173"
"2142","Hiago Cesar Xavier","Male","Santa pola","Alicante ","ES","M30-34","FIN","5:50:41","0:49:40","0:07:56","2:50:47","0:05:11","1:57:08","1407","1255","235","1531","2152","1810","329","1499","1340","238","1407","1255","235","21041","2980","476","10247","311","7028"
"1023","Florian Faggo","Male","Grevenbroich","NW","DE","M25-29","FIN","5:50:49","0:37:39","0:10:14","3:00:01","0:06:04","1:56:51","1408","1256","233","1539","1028","907","156","1488","1331","238","1408","1256","233","21049","2259","614","10801","364","7011"
"2108","Natalia Navarro Luján","Female","Turís","VALENCIA","ES","F25-29","FIN","5:50:53","0:39:11","0:07:46","2:53:06","0:07:04","2:03:45","1409","153","27","2004","1283","157","27","1247","114","16","1409","153","27","21053","2351","466","10386","424","7425"
"765","Pio Vassallo","Male","Mosta","Malta","MT","M45-49","FIN","5:50:56","0:36:03","0:09:51","2:51:49","0:05:22","2:07:51","1410","1257","127","1788","753","658","63","1160","1055","113","1410","1257","127","21056","2163","591","10309","322","7671"
"1355","Hugo Truf","Male","Bordeaux","Nouvelle-Aquitaine","FR","M25-29","FIN","5:51:04","0:36:46","0:06:50","2:57:54","0:05:56","2:03:38","1411","1258","234","1535","880","772","139","1298","1173","208","1411","1258","234","21064","2206","410","10674","356","7418"
"2446","Dani Muset Velasco","Male","El Masnou","Barcelona","ES","M18-24","FIN","5:51:05","0:39:27","0:08:20","2:58:26","0:09:41","1:55:11","1412","1259","85","1491","1329","1165","83","1451","1298","86","1412","1259","85","21065","2367","500","10706","581","6911"
"635","Jan Hellemons","Male","Merksem","BE-VAN","BE","M60-64","FIN","5:51:06","0:43:55","0:08:26","2:40:01","0:05:49","2:12:56","1413","1260","21","2343","1866","1600","39","979","897","18","1413","1260","21","21066","2635","506","9601","349","7976"
"1037","Matthias Smet","Male","Madrid","Madrid","BE","M30-34","FIN","5:51:08","0:35:20","0:11:12","2:45:53","0:05:30","2:13:13","1414","1261","236","1523","647","563","94","981","899","153","1414","1261","236","21068","2120","672","9953","330","7993"
"2284","Daniel del Sastre","Male","Madrid","Community of Madrid","ES","M45-49","FIN","5:51:09","0:48:49","0:16:51","3:02:49","0:09:52","1:32:48","1415","1262","128","1784","2125","1788","189","1938","1685","177","1415","1262","128","21069","2929","1011","10969","592","5568"
"1905","Raul Bastos Carrillo","Male","Madrid","Community of Madrid","ES","M30-34","FIN","5:51:11","0:35:36","0:08:27","2:52:22","0:06:55","2:07:51","1416","1263","237","1522","680","593","100","1098","1002","171","1416","1263","237","21071","2136","507","10342","415","7671"
"1751","David Salvo Moreno","Male","Campolivar","ES-Community of Valencia","ES","M25-29","FIN","5:51:14","0:36:39","0:10:57","2:48:56","0:10:45","2:03:57","1417","1264","235","1532","861","755","138","1107","1010","178","1417","1264","235","21074","2199","657","10136","645","7437"
"1342","Glauco Moura","Male","Luxembourg","LU-LU","BR","M35-39","FIN","5:51:16","0:41:49","0:10:43","2:40:21","0:10:07","2:08:15","1418","1265","170","1618","1649","1428","182","994","911","128","1418","1265","170","21076","2509","643","9621","607","7695"
"808","Gabriele Cappellozza","Male","vigonza","padova","IT","M45-49","FIN","5:51:19","0:37:48","0:06:37","2:37:17","0:05:29","2:24:08","1419","1266","129","1781","1055","931","91","648","601","54","1419","1266","129","21079","2268","397","9437","329","8648"
"2305","Yevhenii Sokur","Male","Castelldefels","Catalonia","UA","M30-34","FIN","5:51:21","0:39:10","0:09:13","3:01:30","0:06:40","1:54:48","1420","1267","238","1519","1282","1126","207","1541","1377","247","1420","1267","238","21081","2350","553","10890","400","6888"
"2228","Yeray Sardon","Male","Burgos","Castille & Leon","ES","M30-34","FIN","5:51:36","0:39:10","0:09:15","2:56:57","0:05:44","2:00:29","1421","1268","239","1514","1281","1125","206","1414","1268","229","1421","1268","239","21096","2350","555","10617","344","7229"
"1434","Kinga Szarkowska","Female","Amsterdam","NL-NH","PL","F30-34","FIN","5:51:37","0:39:09","0:08:09","3:03:21","0:09:16","1:51:42","1422","154","29","2159","1279","156","31","1562","172","33","1422","154","29","21097","2349","489","11001","556","6702"
"614","Jeffrey Borbon","Male","Bogotá","CO-CUN","CO","M40-44","FIN","5:51:39","0:44:32","0:07:27","2:54:28","0:07:39","1:57:33","1423","1269","155","1466","1910","1632","190","1455","1302","152","1423","1269","155","21099","2672","447","10468","459","7053"
"1866","Gary Omahoney","Male","Ballina","IE-Mayo","IE","M40-44","FIN","5:51:42","0:41:45","0:06:09","2:47:35","0:04:05","2:12:09","1424","1270","156","1466","1640","1422","167","1067","978","119","1424","1270","156","21102","2505","369","10055","245","7929"
"2069","Nico Wilke","Male","Fahrenzhausen","DE-BAYERN","DE","M30-34","FIN","5:51:50","0:35:24","0:06:00","2:52:46","0:04:58","2:12:41","1425","1271","240","1510","652","568","95","1035","948","164","1425","1271","240","21110","2124","360","10366","298","7961"
"236","Nelson Archer","Male","Amsterdam","North Holland","NL","M25-29","FIN","5:51:50","0:38:51","0:08:44","2:50:19","0:07:23","2:06:33","1426","1272","236","1521","1235","1089","192","1170","1064","188","1426","1272","236","21110","2331","524","10219","443","7593"
"2220","Clement Sangouard","Male","villeurbanne","","FR","M18-24","FIN","5:51:50","0:37:16","0:07:28","2:55:51","0:04:17","2:06:58","1427","1273","86","1478","973","857","57","1270","1151","73","1427","1273","86","21110","2236","448","10551","257","7618"
"2430","Harry Moseley","Male","London","London","GB","M30-34","FIN","5:51:51","0:37:59","0:09:17","3:07:34","0:06:33","1:50:27","1428","1274","241","1510","1092","966","173","1693","1493","274","1428","1274","241","21111","2279","557","11254","393","6627"
"345","Luiza Ludvig de Sousa","Female","Florianópolis","Santa Catarina","BR","F30-34","FIN","5:51:54","0:38:32","0:08:46","3:08:02","0:06:25","1:50:09","1429","155","30","2154","1195","143","29","1703","203","40","1429","155","30","21114","2312","526","11282","385","6609"
"1215","Rhys Francis","Male","Leigh","GB-GTM","GB","M30-34","FIN","5:52:01","0:37:18","0:08:28","3:06:52","0:09:00","1:50:23","1430","1275","242","1507","977","861","158","1626","1440","259","1430","1275","242","21121","2238","508","11212","540","6623"
"1004","Angel Moraleda Solera","Male","Zaragoza","Zaragoza","ES","M18-24","FIN","5:52:04","0:37:41","0:07:21","2:52:52","0:06:13","2:07:56","1431","1276","87","1473","1031","910","63","1172","1066","68","1431","1276","87","21124","2261","441","10372","373","7676"
"1064","Hugo Delaroux","Male","Le Mans","","FR","M30-34","FIN","5:52:04","0:42:47","0:07:58","2:56:23","0:07:15","1:57:41","1432","1277","243","1506","1763","1519","278","1470","1317","231","1432","1277","243","21124","2567","478","10583","435","7061"
"975","Carlos Luna","Male","Drogheda","IE-Meath, Westmeath, Louth","VE","M30-34","FIN","5:52:17","0:37:30","0:08:23","3:02:34","0:05:11","1:58:40","1433","1278","244","1502","1000","881","164","1506","1347","240","1433","1278","244","21137","2250","503","10954","311","7120"
"2278","JOSÉ ANTONIO QUEVEDO MONEDERO","Male","LAS PALMAS DE GRAN CANARIA","ES-GC","ES","M60-64","FIN","5:52:18","0:40:26","0:10:46","2:28:41","0:08:32","2:23:52","1434","1279","22","2321","1486","1298","28","579","536","10","1434","1279","22","21138","2426","646","8921","512","8632"
"1807","Valentina Paredes","Female","Madrid","","VE","F30-34","FIN","5:52:18","0:40:56","0:06:51","3:00:31","0:05:52","1:58:08","1435","156","31","2147","1544","202","38","1496","158","30","1435","156","31","21138","2456","411","10831","352","7088"
"1089","Amedeo Cioffi","Male","Betera","ES-VC","IT","M40-44","FIN","5:52:18","0:38:12","0:08:04","2:57:34","0:06:48","2:01:41","1436","1280","157","1455","1135","1002","121","1365","1226","143","1436","1280","157","21138","2292","484","10654","408","7301"
"1223","Emilia Pisani","Female","Paris","FR-IDF","IT","F50-54","FIN","5:52:20","0:41:45","0:10:20","2:49:27","0:08:03","2:02:45","1437","157","9","2272","1645","220","14","1299","126","10","1437","157","9","21140","2505","620","10167","483","7365"
"505","Laura Haensch","Female","Hamburg","DE-HAMBURG","DE","F25-29","FIN","5:52:24","0:44:07","0:08:53","2:49:53","0:08:02","2:01:29","1438","158","28","1977","1877","269","53","1334","137","19","1438","158","28","21144","2647","533","10193","482","7289"
"355","Jan Hait","Male","Dortmund","NW","DE","M30-34","FIN","5:52:25","0:39:42","0:10:53","2:52:40","0:06:14","2:02:57","1439","1281","245","1500","1370","1198","221","1346","1209","219","1439","1281","245","21145","2382","653","10360","374","7377"
"1603","Vincent Chavoutier","Male","Asnieres sur Seine","Île-de-France","FR","M40-44","FIN","5:52:26","0:44:47","0:10:31","3:09:23","0:06:31","1:41:14","1440","1282","158","1452","1935","1653","194","1868","1641","191","1440","1282","158","21146","2687","631","11363","391","6074"
"1339","Daniele Bianchi","Male","Briosco","LOMBARDIA","IT","M45-49","FIN","5:52:29","0:39:22","0:08:36","2:49:36","0:05:08","2:09:47","1441","1283","130","1760","1314","1151","116","1153","1050","111","1441","1283","130","21149","2362","516","10176","308","7787"
"1071","Daniela Segura","Female","Bogota","Bogota DC","CO","F35-39","FIN","5:52:30","0:36:59","0:06:25","3:05:29","0:06:15","1:57:22","1442","159","19","2380","923","114","11","1516","160","19","1442","159","19","21150","2219","385","11129","375","7042"
"1516","Gonzalo Sancho","Male","Valencia","ES-M","ES","M25-29","FIN","5:52:31","0:37:39","0:06:48","3:14:32","0:04:36","1:48:55","1443","1284","237","1508","1027","906","155","1777","1562","267","1443","1284","237","21151","2259","408","11672","276","6535"
"2579","Chica Bijwaard","Female","Wervershoof","NL-NH","NL","F40-44","FIN","5:52:42","0:51:50","0:10:13","2:48:13","0:09:51","1:52:36","1444","160","20","2340","2197","354","39","1555","168","23","1444","160","20","21162","3110","613","10093","591","6756"
"2344","Juan Manuel Puentes Juan","Male","Elda","Community of Valencia","ES","M40-44","FIN","5:52:45","0:34:07","0:07:52","3:01:22","0:04:36","2:04:48","1445","1285","159","1447","493","431","48","1349","1211","140","1445","1285","159","21165","2047","472","10882","276","7488"
"403","Conor Cosgrave","Male","Limerick","Limerick","IE","M25-29","FIN","5:52:47","0:38:05","0:07:24","2:54:13","0:07:02","2:06:03","1446","1286","238","1504","1117","987","177","1238","1125","200","1446","1286","238","21167","2285","444","10453","422","7563"
"1652","Heiko Conze","Male","Valencia","ES-V","DE","M50-54","FIN","5:52:58","0:41:34","0:09:26","3:01:18","0:05:28","1:55:12","1447","1287","114","1736","1621","1406","138","1613","1430","140","1447","1287","114","21178","2494","566","10878","328","6912"
"526","Rafael Sarmiento Martinez","Male","Messel","DE-HE","DE","M40-44","FIN","5:53:01","0:37:18","0:09:12","2:52:47","0:05:20","2:08:24","1448","1288","160","1442","976","860","102","1227","1114","132","1448","1288","160","21181","2238","552","10367","320","7704"
"910","Lluis Pallardo","Male","valencia","ES-HI","ES","M40-44","FIN","5:53:08","0:34:36","0:08:28","3:05:57","0:07:45","1:56:23","1449","1289","161","1440","556","481","56","1519","1359","156","1449","1289","161","21188","2076","508","11157","465","6983"
"2495","Alberto Bazaga Figueroa","Male","Madrid","MADRID","ES","M25-29","FIN","5:53:10","0:46:51","0:06:31","2:56:50","0:05:02","1:57:55","1450","1290","239","1497","2048","1733","310","1552","1385","246","1450","1290","239","21190","2811","391","10610","302","7075"
"1689","Juan Francisco Milán Torres","Male","Almería","Almería","ES","M18-24","FIN","5:53:10","0:40:45","0:09:49","3:07:51","0:06:04","1:48:41","1451","1291","88","1454","1518","1323","98","1768","1554","109","1451","1291","88","21190","2445","589","11271","364","6521"
"555","Pierre-Louis Couillerot","Male","Paris","FR-IDF","FR","M25-29","FIN","5:53:12","0:47:33","0:08:07","3:04:17","0:05:26","1:47:50","1452","1292","240","1496","2076","1753","315","1796","1578","269","1452","1292","240","21192","2853","487","11057","326","6470"
"891","Jean François ROUCOULES","Male","Nimes","","FR","M60-64","FIN","5:53:17","0:39:44","0:06:12","2:46:11","0:07:25","2:13:45","1453","1293","23","2303","1377","1204","24","968","886","16","1453","1293","23","21197","2384","372","9971","445","8025"
"1566","martin carmichael","Male","Ayr","GB-SCT","GB","M55-59","FIN","5:53:20","0:44:49","0:08:16","2:52:36","0:05:44","2:01:55","1454","1294","56","1763","1939","1657","87","1435","1286","66","1454","1294","56","21200","2689","496","10356","344","7315"
"1370","Jesper van den Berg","Male","Breda","North Brabant","NL","M35-39","FIN","5:53:23","0:43:55","0:09:59","2:47:04","0:07:45","2:04:40","1455","1295","171","1580","1868","1602","203","1280","1159","151","1455","1295","171","21203","2635","599","10024","465","7480"
"649","Jim Fitzgerald","Male","WAREHAM","GB-DOR","IE","M50-54","FIN","5:53:28","0:52:42","0:06:47","2:52:30","0:06:20","1:55:09","1456","1296","115","1727","2206","1849","178","1604","1424","139","1456","1296","115","21208","3162","407","10350","380","6909"
"1046","Alex Essl","Male","Ilford","GB-ESS","GB","M25-29","FIN","5:53:32","0:35:08","0:07:49","3:02:00","0:05:15","2:03:20","1457","1297","241","1490","618","538","94","1399","1254","223","1457","1297","241","21212","2108","469","10920","315","7400"
"2160","Luis González-Besada Espinosa","Male","Madrid","Community of Madrid","ES","M35-39","FIN","5:53:34","0:38:27","0:08:55","2:52:18","0:06:01","2:07:53","1458","1298","172","1577","1182","1042","137","1236","1123","147","1458","1298","172","21214","2307","535","10338","361","7673"
"1727","Nick Heigener","Male","Hamburg","DE-HH","NL","M25-29","FIN","5:53:36","0:34:37","0:10:29","2:50:09","0:07:24","2:10:56","1459","1299","242","1489","559","484","82","1064","975","171","1459","1299","242","21216","2077","629","10209","444","7856"
"645","Markus Müller-Stoye","Male","Frankfurt","HE","DE","M45-49","FIN","5:53:39","0:38:36","0:09:18","2:48:39","0:05:26","2:11:40","1460","1300","131","1739","1203","1059","104","1108","1011","107","1460","1300","131","21219","2316","558","10119","326","7900"
"1725","Leon Goedegebure","Male","Zierikzee","NL-Zeeland","NL","M45-49","FIN","5:53:48","0:40:02","0:10:49","2:55:57","0:04:45","2:02:14","1461","1301","132","1737","1423","1247","127","1463","1310","142","1461","1301","132","21228","2402","649","10557","285","7334"
"1679","Blanca Ballesteros Pereyra","Female","Madrid","MADRID, COMUNIDAD DE","ES","F25-29","FIN","5:53:58","0:40:13","0:08:17","3:02:18","0:07:34","1:55:35","1462","161","29","1949","1447","181","35","1571","175","30","1462","161","29","21238","2413","497","10938","454","6935"
"814","Marta Ballester Llorens","Female","València","Valencia","ES","F18-24","FIN","5:54:05","0:33:42","0:06:17","3:01:47","0:03:56","2:08:23","1463","162","6","1951","451","57","3","1310","130","4","1463","162","6","21245","2022","377","10907","236","7703"
"1962","Matthias Benatier","Male","Paris","Île-de-France","FR","M30-34","FIN","5:54:07","0:44:51","0:12:17","3:03:08","0:07:51","1:45:59","1464","1302","246","1469","1941","1658","304","1806","1585","294","1464","1302","246","21247","2691","737","10988","471","6359"
"606","Ion Bereciartúa Goñi","Male","San Sebastián","GIPUZKOA","ES","M45-49","FIN","5:54:07","0:35:04","0:08:09","3:07:11","0:04:53","1:58:50","1465","1303","133","1731","607","527","48","1558","1388","150","1465","1303","133","21247","2104","489","11231","293","7130"
"2455","Dmytro Koshyk","Male","Odessa","foreigner","UA","M45-49","FIN","5:54:08","0:44:04","0:08:37","3:03:37","0:04:44","1:53:06","1466","1304","134","1731","1872","1606","169","1722","1516","163","1466","1304","134","21248","2644","517","11017","284","6786"
"2334","Gonzalo Bolea","Male","Madrid","","ES","M30-34","FIN","5:54:09","0:40:39","0:07:55","2:48:57","0:07:18","2:09:20","1467","1305","247","1469","1514","1320","240","1146","1045","182","1467","1305","247","21249","2439","475","10137","438","7760"
"1965","Adriano Borrelli","Male","Padova","Veneto","IT","M45-49","FIN","5:54:10","0:46:19","0:10:47","2:55:52","0:06:21","1:54:51","1468","1306","135","1730","2022","1716","179","1634","1446","155","1468","1306","135","21250","2779","647","10552","381","6891"
"1230","Albertet Llinares Unquiles","Male","Sabadell","Catalonia","ES","M50-54","FIN","5:54:13","0:37:55","0:07:49","3:11:06","0:04:48","1:52:34","1469","1307","116","1713","1078","952","92","1736","1529","147","1469","1307","116","21253","2275","469","11466","288","6754"
"1496","Thomas Fleury","Male","Bruxelles","BE-BRU","BE","M25-29","FIN","5:54:17","0:36:20","0:09:13","3:00:14","0:06:26","2:02:05","1470","1308","243","1477","807","708","131","1436","1287","229","1470","1308","243","21257","2180","553","10814","386","7325"
"1671","David Moreno Del Valle","Male","San Fernando","ES-CA","ES","M30-34","FIN","5:54:25","0:38:39","0:06:04","2:56:09","0:06:47","2:06:45","1471","1309","248","1464","1209","1064","191","1279","1158","205","1471","1309","248","21265","2319","364","10569","407","7605"
"1534","Sebastian Bell","Male","Valencia","Valencia","DE","M25-29","FIN","5:54:26","0:37:28","0:10:29","2:50:55","0:06:49","2:08:44","1472","1310","244","1474","997","878","152","1208","1098","198","1472","1310","244","21266","2248","629","10255","409","7724"
"1665","Carmen Carbonell Gil","Male","Alfinac","Community of Valencia","ES","F25-29","FIN","5:54:27","0:39:40","0:09:47","2:58:54","0:07:56","1:58:11","1473","163","30","1940","1362","171","31","1497","159","26","1473","163","30","21267","2380","587","10734","476","7091"
"1384","Ian Plugge","Male","OUDERKERK AAN AMSTEL","NL-NH","NL","M45-49","FIN","5:54:33","0:41:08","0:08:44","2:36:43","0:05:44","2:22:15","1474","1311","136","1723","1574","1366","138","806","746","71","1474","1311","136","21273","2468","524","9403","344","8535"
"982","Thierry Pech","Male","LABASTIDE D ANJOU","FR-11","FR","M60-64","FIN","5:54:38","0:49:04","0:12:12","2:47:56","0:07:46","1:57:41","1475","1312","24","2279","2133","1792","50","1524","1363","34","1475","1312","24","21278","2944","732","10076","466","7061"
"818","Raul Ciudad Gimenez","Male","València","ES-VC","ES","M35-39","FIN","5:54:39","0:40:34","0:10:25","2:54:52","0:07:29","2:01:18","1476","1313","173","1557","1501","1308","165","1445","1293","168","1476","1313","173","21279","2434","625","10492","449","7278"
"2270","Santiago Barrientos Marin","Male","Pozuelo de Alarcón","ES-Madrid","CO","M35-39","FIN","5:54:41","0:43:50","0:16:44","2:52:50","0:11:42","1:49:35","1477","1314","174","1557","1858","1594","202","1655","1464","191","1477","1314","174","21281","2630","1004","10370","702","6575"
"1868","Jesus Lazaro Carrasco De La Fuente","Male","Madrid","Madrid","ES","M60-64","FIN","5:54:57","0:43:23","0:10:40","2:51:49","0:08:58","2:00:07","1478","1315","25","2273","1825","1567","38","1444","1292","31","1478","1315","25","21297","2603","640","10309","538","7207"
"2048","Olivier Bechi","Male","PARIS","FR-IDF","FR","M50-54","FIN","5:54:58","0:47:26","0:10:54","2:38:16","0:06:31","2:11:51","1479","1316","117","1700","2072","1750","170","1113","1016","102","1479","1316","117","21298","2846","654","9496","391","7911"
"1237","Matthew Hardcastle","Male","Reading","READING","GB","M30-34","FIN","5:54:58","0:45:49","0:08:51","2:59:01","0:07:13","1:54:05","1480","1317","249","1454","1996","1696","310","1661","1468","265","1480","1317","249","21298","2749","531","10741","433","6845"
"835","Joanne Garzoni","Female","Chester","foreigner","GB","F40-44","FIN","5:55:01","0:40:49","0:08:25","3:00:44","0:06:24","1:58:39","1481","164","21","2299","1527","198","21","1545","165","21","1481","164","21","21301","2449","505","10844","384","7119"
"1305","Mynor Alejandro Gutierrez Altamirano","Male","Leuven","BE-VBR","GT","M30-34","FIN","5:55:08","0:42:46","0:09:22","2:58:07","0:06:12","1:58:41","1482","1318","250","1451","1760","1517","277","1554","1387","249","1482","1318","250","21308","2566","562","10687","372","7121"
"2433","Bogdan Polishchuk","Male","Kyiv","UA-KYIV","UA","M35-39","FIN","5:55:09","0:49:18","0:06:33","3:05:01","0:06:15","1:48:03","1483","1319","175","1548","2137","1795","227","1812","1590","205","1483","1319","175","21309","2958","393","11101","375","6483"
"2311","Alfonso Górriz Del Cura","Male","Madrid","Community of Madrid","ES","M25-29","FIN","5:55:10","0:35:39","0:09:45","3:09:31","0:05:25","1:54:50","1484","1320","245","1461","691","604","110","1696","1495","256","1484","1320","245","21310","2139","585","11371","325","6890"
"1404","Antonin Villemin","Male","Arreux","Grand Est","FR","M30-34","FIN","5:55:10","0:32:05","0:06:21","2:58:01","0:06:25","2:12:18","1485","1321","251","1450","293","253","43","1100","1004","172","1485","1321","251","21310","1925","381","10681","385","7938"
"729","Ben Francus","Male","Lint","ANTWERPEN","BE","M60-64","FIN","5:55:31","0:32:18","0:08:01","3:02:33","0:05:59","2:06:41","1486","1322","26","2263","311","268","4","1333","1197","26","1486","1322","26","21331","1938","481","10953","359","7601"
"2364","Eckart Pech","Male","München","BY","DE","M55-59","FIN","5:55:33","0:45:17","0:09:23","2:56:39","0:08:54","1:55:21","1487","1323","57","1723","1969","1675","88","1582","1407","73","1487","1323","57","21333","2717","563","10599","534","6921"
"2427","Will Chesney","Male","London","ENG","GB","M30-34","FIN","5:55:33","0:36:42","0:09:54","3:08:10","0:07:08","1:53:40","1488","1324","252","1443","869","762","138","1689","1489","271","1488","1324","252","21333","2202","594","11290","428","6820"
"754","Timothy Collins","Male","Camberley","GB-SRY","GB","M35-39","FIN","5:55:38","0:41:27","0:07:48","2:55:23","0:06:35","2:04:25","1489","1325","176","1540","1606","1392","175","1389","1244","160","1489","1325","176","21338","2487","468","10523","395","7465"
"1061","Felix Pech","Male","München","Bavaria","DE","M18-24","FIN","5:55:39","0:45:16","0:09:28","2:56:39","0:08:55","1:55:20","1490","1326","89","1409","1968","1674","120","1587","1411","96","1490","1326","89","21339","2716","568","10599","535","6920"
"2028","Héctor Huertos Jiménez","Male","Monfarracinos","Zamora","ES","M18-24","FIN","5:55:42","0:37:33","0:09:12","3:10:20","0:06:21","1:52:15","1491","1327","90","1408","1013","893","62","1740","1533","107","1491","1327","90","21342","2253","552","11420","381","6735"
"1501","Daniele Tani","Male","Roma","IT-Lazio","IT","M30-34","FIN","5:55:46","0:32:00","0:12:16","2:53:54","0:07:50","2:09:46","1492","1328","253","1439","286","246","41","1182","1075","191","1492","1328","253","21346","1920","736","10434","470","7786"
"2563","Jaime Matesanz","Male","Irun","EUSKAL HERRIA","ES","M30-34","FIN","5:55:51","0:33:19","0:17:45","3:00:23","0:06:45","1:57:39","1493","1329","254","1438","408","356","62","1591","1415","255","1493","1329","254","21351","1999","1065","10823","405","7059"
"2060","Heidi Toure","Female","London","GB-ENG","FR","F35-39","FIN","5:56:00","0:38:51","0:07:29","2:55:28","0:08:36","2:05:36","1494","165","20","2317","1238","147","16","1311","131","15","1494","165","20","21360","2331","449","10528","516","7536"
"326","Mario Alvarez","Male","Mequon","WI","US","M50-54","FIN","5:56:00","0:38:11","0:11:02","2:55:36","0:09:35","2:01:35","1495","1330","118","1681","1133","1000","97","1395","1250","115","1495","1330","118","21360","2291","662","10536","575","7295"
"636","Alfonso Vallejo","Male","Medellin","Antioquia","CO","M35-39","FIN","5:56:01","0:39:51","0:08:35","3:03:58","0:07:48","1:55:50","1496","1331","177","1533","1392","1218","159","1617","1432","184","1496","1331","177","21361","2391","515","11038","468","6950"
"682","Matteo Burgsthaler","Male","Trento","Trentino-Alto Adige","IT","M45-49","FIN","5:56:03","0:41:33","0:08:48","2:57:10","0:05:25","2:03:07","1497","1332","137","1696","1619","1404","142","1481","1326","145","1497","1332","137","21363","2493","528","10630","325","7387"
"2560","Jorge Ruiz San José","Male","Madrid","ES-M","ES","M30-34","FIN","5:56:03","0:42:41","0:08:34","2:53:17","0:13:52","1:57:40","1498","1333","255","1434","1749","1506","275","1385","1241","223","1498","1333","255","21363","2561","514","10397","832","7060"
"484","Joan Ribas","Male","Barcelona","Catalonia","ES","M45-49","FIN","5:56:05","0:45:14","0:07:02","2:56:49","0:05:15","2:01:45","1499","1334","138","1696","1966","1672","175","1522","1361","148","1499","1334","138","21365","2714","422","10609","315","7305"
"319","Hugo Nogareda","Male","Olot","Catalonia","ES","M25-29","FIN","5:56:07","0:41:41","0:09:14","2:54:46","0:06:36","2:03:50","1500","1335","246","1444","1629","1412","257","1434","1285","228","1500","1335","246","21367","2501","554","10486","396","7430"
"473","Malte Melis","Male","Lünen","NW","DE","M18-24","FIN","5:56:09","0:46:23","0:07:24","2:47:31","0:04:41","2:10:11","1501","1336","91","1400","2024","1718","122","1291","1169","76","1501","1336","91","21369","2783","444","10051","281","7811"
"1835","Ivan Iturat Beltrán","Male","Valencia","ES-VALENCIA*","ES","M30-34","FIN","5:56:10","0:35:52","0:09:09","3:04:34","0:05:31","2:01:04","1502","1337","256","1432","726","635","108","1534","1371","245","1502","1337","256","21370","2152","549","11074","331","7264"
"2239","Javier Herrero Lamo de Espinosa","Male","Madrid","MADRID","ES","M55-59","FIN","5:56:33","0:32:22","0:07:25","2:57:57","0:06:22","2:12:27","1503","1338","58","1705","316","273","11","1163","1057","51","1503","1338","58","21393","1942","445","10677","382","7947"
"172","Xavier Montañà Caelles","Male","CALELLA","ES-B","ES","M45-49","FIN","5:56:35","0:37:33","0:07:05","2:51:44","0:06:38","2:13:34","1504","1339","139","1687","1014","894","89","1096","1000","106","1504","1339","139","21395","2253","425","10304","398","8014"
"939","Elias Panayi","Male","Nicosia","Aglantzia","CY","M18-24","FIN","5:56:38","0:32:58","0:09:28","3:09:00","0:06:53","1:58:19","1505","1340","92","1391","378","331","20","1590","1414","98","1505","1340","92","21398","1978","568","11340","413","7099"
"2438","Aymeric Lefranc","Male","Vanves","FR-IDF","FR","M50-54","FIN","5:56:38","0:37:42","0:06:20","2:42:56","0:06:32","2:23:08","1506","1341","119","1670","1041","919","88","817","756","68","1506","1341","119","21398","2262","380","9776","392","8588"
"1805","Federico Andres Leonard Herrera","Male","Madrid","","VE","M30-34","FIN","5:56:39","0:40:07","0:05:51","3:07:05","0:03:37","2:00:01","1507","1342","257","1424","1434","1257","230","1637","1449","262","1507","1342","257","21399","2407","351","11225","217","7201"
"1863","Julien Bernard","Male","Paris","","FR","M40-44","FIN","5:56:47","0:39:23","0:11:39","2:53:59","0:07:09","2:04:37","1508","1343","162","1374","1318","1154","140","1403","1258","148","1508","1343","162","21407","2363","699","10439","429","7477"
"1875","Michael Clockaerts","Male","Grobbendonk","BE-VAN","BE","M35-39","FIN","5:56:49","0:42:16","0:06:49","2:50:40","0:05:32","2:11:33","1509","1344","178","1518","1704","1469","187","1239","1126","148","1509","1344","178","21409","2536","409","10240","332","7893"
"2084","Matthew Upson","Male","Valencia","Communidad Valenciana","GB","M40-44","FIN","5:56:51","0:36:50","0:10:07","3:07:29","0:09:23","1:53:03","1510","1345","163","1373","890","781","98","1681","1484","173","1510","1345","163","21411","2210","607","11249","563","6783"
"2342","Catraoine McDonnell","Female","Manchester ","GTM","IE","F25-29","FIN","5:56:55","0:41:22","0:08:42","3:10:47","0:09:12","1:46:52","1511","166","31","1895","1594","212","42","1811","222","43","1511","166","31","21415","2482","522","11447","552","6412"
"850","Lena Ollenschläger","Female","Frankfurt am Main","DE-HE","DE","F45-49","FIN","5:56:55","0:36:51","0:08:28","2:56:03","0:06:20","2:09:14","1512","167","18","2597","894","110","9","1294","124","12","1512","167","18","21415","2211","508","10563","380","7754"
"2322","Clara Sarasola Ysasi-Ysasmendi","Female","madrid","MADRID","ES","F25-29","FIN","5:57:06","0:40:10","0:06:26","3:07:19","0:04:47","1:58:25","1513","168","32","1892","1441","180","34","1670","195","36","1513","168","32","21426","2410","386","11239","287","7105"
"669","Lorcan McParland","Male","New York","New York","IE","M25-29","FIN","5:57:07","0:41:27","0:07:38","2:53:53","0:05:53","2:08:17","1514","1346","247","1426","1608","1394","252","1336","1199","216","1514","1346","247","21427","2487","458","10433","353","7697"
"1398","Isabel Folgado García","Female","Valencia","","ES","F35-39","FIN","5:57:09","0:35:52","0:07:00","3:02:55","0:07:35","2:03:47","1515","169","21","2296","724","91","8","1437","150","17","1515","169","21","21429","2152","420","10975","455","7427"
"1772","Aurelie Casimiri","Female","barcelona","ES-B","FR","F35-39","FIN","5:57:13","0:38:34","0:08:14","3:03:53","0:07:31","1:59:01","1516","170","22","2295","1198","144","15","1565","174","21","1516","170","22","21433","2314","494","11033","451","7141"
"2492","Sergio Avellaneda Bermejo","Male","BOADILLA DEL MONTE","","ES","M55-59","FIN","5:57:16","0:37:03","0:07:38","2:55:48","0:05:13","2:11:35","1517","1347","59","1692","933","819","34","1264","1146","60","1517","1347","59","21436","2223","458","10548","313","7895"
"2480","María Pérez-Serrabona","Female","Madrid","Community of Madrid","ES","F25-29","FIN","5:57:17","0:36:28","0:05:11","3:02:55","0:08:23","2:04:20","1518","171","33","1889","825","103","17","1386","145","22","1518","171","33","21437","2188","311","10975","503","7460"
"1045","Fabrizio Filippo Saracco","Male","Canelli","","IT","M55-59","FIN","5:57:18","0:44:45","0:08:31","3:02:51","0:06:54","1:54:17","1519","1348","60","1692","1933","1651","86","1720","1514","80","1519","1348","60","21438","2685","511","10971","414","6857"
"368","Mariano Torrente Seoane","Male","Madrid","MD","ES","M40-44","FIN","5:57:18","0:38:06","0:13:14","3:08:04","0:06:02","1:51:53","1520","1349","164","1365","1118","988","118","1788","1571","183","1520","1349","164","21438","2286","794","11284","362","6713"
"1699","Jack Wilkinson","Male","Fifield","GB-OXF","GB","M30-34","FIN","5:57:19","0:49:20","0:12:59","3:04:46","0:07:16","1:42:57","1521","1350","258","1412","2139","1797","324","1911","1669","306","1521","1350","258","21439","2960","779","11086","436","6177"
"1420","GEMA MARQUES","Female","VALENCIA","Community of Valencia","ES","F45-49","FIN","5:57:20","0:42:00","0:13:29","3:17:09","0:06:11","1:38:32","1522","172","19","2589","1669","225","26","1999","268","34","1522","172","19","21440","2520","809","11829","371","5912"
"926","Etienne Lejeune","Male","abbecourt","OISE","FR","M30-34","FIN","5:57:22","0:36:27","0:13:39","3:09:02","0:08:44","1:49:29","1523","1351","259","1411","824","722","125","1785","1568","291","1523","1351","259","21442","2187","819","11342","524","6569"
"1622","Christian Sokop","Male","Wien","AT-9","AT","M45-49","FIN","5:57:31","0:42:10","0:07:27","2:55:19","0:05:39","2:06:56","1524","1352","140","1670","1687","1458","151","1398","1253","138","1524","1352","140","21451","2530","447","10519","339","7616"
"2242","Tom Webb","Male","Amsterdam","NH","GB","M30-34","FIN","5:57:32","0:44:06","0:08:26","3:00:34","0:06:14","1:58:12","1525","1353","260","1408","1875","1608","299","1642","1453","263","1525","1353","260","21452","2646","506","10834","374","7092"
"2045","Carlos Prieto Jimenez","Male","Manises","ES-YT","ES","M40-44","FIN","5:57:33","0:38:51","0:11:37","3:02:27","0:07:40","1:56:58","1526","1354","165","1360","1240","1093","132","1633","1445","168","1526","1354","165","21453","2331","697","10947","460","7018"
"788","Francois Knoetze","Male","London","GB-GB-ENG","ZA","M25-29","FIN","5:57:33","0:32:49","0:08:36","2:50:56","0:05:53","2:19:20","1527","1355","248","1418","365","319","47","976","894","151","1527","1355","248","21453","1969","516","10256","353","8360"
"1397","Jonny Bucht","Male","Ekerö","SE-AB","SE","M40-44","FIN","5:57:36","0:42:39","0:06:45","2:47:00","0:07:05","2:14:07","1528","1356","166","1359","1744","1503","179","1097","1001","121","1528","1356","166","21456","2559","405","10020","425","8047"
"491","Ivan Artukovic","Male","Zagreb","HR-ZAGREBACKA ZUPANIJA","HR","M35-39","FIN","5:57:41","0:37:34","0:07:18","3:00:59","0:05:29","2:06:21","1529","1357","179","1503","1018","898","114","1442","1290","166","1529","1357","179","21461","2254","438","10859","329","7581"
"213","Urs Eichenberger","Male","Zürich","CH-ZH","CH","M55-59","FIN","5:57:43","0:42:35","0:09:53","2:54:30","0:06:56","2:03:50","1530","1358","61","1684","1738","1499","73","1467","1314","67","1530","1358","61","21463","2555","593","10470","416","7430"
"2476","David Rahola Codinach","Male","Barcelona","","ES","M30-34","FIN","5:57:43","0:34:49","0:10:32","3:10:59","0:07:42","1:53:42","1531","1359","261","1404","578","501","82","1723","1517","280","1531","1359","261","21463","2089","632","11459","462","6822"
"989","James Stait","Male","Leatherhead","Surrey","GB","M55-59","FIN","5:57:58","0:47:58","0:08:04","2:44:02","0:06:30","2:11:23","1532","1360","62","1680","2088","1761","95","1248","1134","59","1532","1360","62","21478","2878","484","9842","390","7883"
"1392","Carys Evans","Female","Ceredigion ","GB-WLS","GB","F30-34","FIN","5:58:05","0:31:58","0:06:37","3:01:37","0:06:22","2:11:31","1533","173","32","2043","282","40","5","1253","116","21","1533","173","32","21485","1918","397","10897","382","7891"
"2170","Johannes Rudolf de Groot","Male","Rotterdam","South Holland","NL","M30-34","FIN","5:58:05","0:47:19","0:07:28","3:01:40","0:04:08","1:57:30","1534","1361","262","1398","2065","1745","315","1728","1522","282","1534","1361","262","21485","2839","448","10900","248","7050"
"849","Fernando Pons Casañ","Male","Albal","Valencia","ES","M50-54","FIN","5:58:13","0:38:40","0:09:34","3:00:02","0:06:29","2:03:27","1535","1362","120","1641","1215","1070","104","1494","1337","127","1535","1362","120","21493","2320","574","10802","389","7407"
"378","Joseph Daly","Male","Cork","Cork","IE","M45-49","FIN","5:58:15","0:47:58","0:08:53","2:57:55","0:06:31","1:56:57","1536","1363","141","1657","2089","1762","186","1690","1490","160","1536","1363","141","21495","2878","533","10675","391","7017"
"578","Alica Koblovska","Female","Prague","PRAHA 8","CZ","F40-44","FIN","5:58:18","0:47:02","0:08:00","3:10:39","0:05:10","1:47:28","1537","174","22","2240","2055","319","33","1889","236","26","1537","174","22","21498","2822","480","11439","310","6448"
"2535","Axel Henker","Male","Stuttgart","BW","DE","M45-49","FIN","5:58:20","0:39:47","0:10:10","3:00:38","0:06:12","2:01:34","1538","1364","142","1655","1389","1215","121","1560","1389","151","1538","1364","142","21500","2387","610","10838","372","7294"
"2115","Sam Davin","Male","Chipping Norton","OXF","GB","M25-29","FIN","5:58:25","0:45:18","0:06:26","3:14:55","0:04:31","1:47:14","1539","1365","249","1402","1970","1676","297","1903","1664","287","1539","1365","249","21505","2718","386","11695","271","6434"
"413","Rory Keating","Male","Newcastle West","Limerick, Cork","IE","M45-49","FIN","5:58:25","0:36:54","0:08:09","2:58:44","0:07:18","2:07:20","1540","1366","143","1654","899","789","77","1363","1224","134","1540","1366","143","21505","2214","489","10724","438","7640"
"575","Barbara Briziarelli","Female","Perugia","IT-PG","IT","F50-54","FIN","5:58:27","0:33:46","0:06:53","2:48:50","0:04:55","2:24:03","1541","175","10","2162","462","59","3","876","70","5","1541","175","10","21507","2026","413","10130","295","8643"
"1820","Elisa Martínez Escartí","Female","Enschede","OVERIJSSEL","ES","F45-49","FIN","5:58:30","0:46:17","0:08:43","2:57:42","0:05:52","1:59:57","1542","176","20","2568","2020","306","38","1631","188","21","1542","176","20","21510","2777","523","10662","352","7197"
"936","Andreas Pieri","Male","Nicosia","Anglantzia","CY","M18-24","FIN","5:58:36","0:50:05","0:07:58","3:00:36","0:06:02","1:53:55","1543","1367","93","1356","2164","1820","127","1769","1555","110","1543","1367","93","21516","3005","478","10836","362","6835"
"2459","Gianluigi Moroni","Male","Horley","England","IT","M60-64","FIN","5:58:42","0:38:48","0:08:15","2:34:48","0:09:51","2:27:00","1544","1368","27","2206","1230","1085","21","655","607","12","1544","1368","27","21522","2328","495","9288","591","8820"
"352","Kiryl Laba","Male","Madrid","","UA","M30-34","FIN","5:58:42","0:49:23","0:07:54","2:58:11","0:06:16","1:56:59","1545","1369","263","1387","2142","1800","326","1706","1503","278","1545","1369","263","21522","2963","474","10691","376","7019"
"670","Raphael Khoo","Male","London","GB-LND","SG","M30-34","FIN","5:58:49","0:42:17","0:10:05","3:02:30","0:06:08","1:57:49","1546","1370","264","1385","1708","1471","267","1695","1494","275","1546","1370","264","21529","2537","605","10950","368","7069"
"830","Cristian Torres Urbina","Male","València","Valencia","CL","M40-44","FIN","5:58:49","0:42:26","0:09:36","2:52:00","0:05:05","2:09:42","1547","1371","167","1337","1723","1485","176","1373","1233","146","1547","1371","167","21529","2546","576","10320","305","7782"
"2176","Angel Fabian Garcia Luna","Male","Valencia","","ES","M55-59","FIN","5:58:54","0:54:00","0:08:58","3:02:52","0:08:59","1:44:05","1548","1372","63","1663","2223","1861","99","1891","1655","91","1548","1372","63","21534","3240","538","10972","539","6245"
"2318","Olga Cortés Martinez","Female","Teruel","Aragon","ES","F25-29","FIN","5:58:57","0:39:43","0:08:50","3:10:35","0:05:37","1:54:12","1549","177","34","1859","1376","173","33","1784","217","41","1549","177","34","21537","2383","530","11435","337","6852"
"1623","Allan Ramsay","Male","Colchester","GB-ESS","GB","M50-54","FIN","5:58:59","0:45:48","0:09:42","2:50:20","0:08:43","2:04:28","1550","1373","121","1628","1995","1695","163","1441","1289","121","1550","1373","121","21539","2748","582","10220","523","7468"
"927","Karim Lhouty","Male","Cachan","FR-94","MA","M30-34","FIN","5:59:00","0:38:38","0:11:45","3:00:56","0:07:03","2:00:37","1551","1374","265","1381","1206","1062","190","1584","1409","254","1551","1374","265","21540","2318","705","10856","423","7237"
"613","Kersten Kohlen","Male","Wegberg","DE-NW","DE","M50-54","FIN","5:59:05","0:39:19","0:11:01","2:55:12","0:04:43","2:08:50","1552","1375","122","1626","1308","1146","108","1423","1276","119","1552","1375","122","21545","2359","661","10512","283","7730"
"2201","Ismail Narous","Female","Venissieux","Auvergne-Rhône-Alpes","FR","M40-44","FIN","5:59:06","0:38:51","0:11:20","3:05:06","0:07:16","1:56:33","1553","1376","168","1332","1237","1091","131","1702","1500","175","1553","1376","168","21546","2331","680","11106","436","6993"
"498","Loïc Dijk","Male","Gran alacant","alicante","NE","M30-34","FIN","5:59:06","0:38:03","0:10:35","2:50:21","0:06:16","2:13:50","1554","1377","266","1379","1110","980","175","1213","1102","198","1554","1377","266","21546","2283","635","10221","376","8030"
"1399","Jose Sanchez","Male","Alaquas","VALENCIA*","ES","M40-44","FIN","5:59:07","0:43:54","0:14:02","3:09:45","0:07:56","1:43:29","1555","1378","169","1332","1865","1599","185","1921","1674","194","1555","1378","169","21547","2634","842","11385","476","6209"
"2178","Julio Murillo Palacios","Male","Valencia","ES-V","ES","M25-29","FIN","5:59:09","0:42:57","0:08:13","3:02:39","0:04:26","2:00:56","1556","1379","250","1389","1779","1533","272","1666","1472","253","1556","1379","250","21549","2577","493","10959","266","7256"
"2526","Andrii Vasyliev","Male","Kyiv","KYIV","UA","M50-54","FIN","5:59:11","0:34:13","0:07:30","2:48:32","0:05:44","2:23:11","1557","1380","123","1624","510","448","35","914","838","79","1557","1380","123","21551","2053","450","10112","344","8591"
"1353","Karola Wild","Female","Monheim","BY","DE","F55-59","FIN","5:59:19","0:44:55","0:07:28","2:51:52","0:07:49","2:07:15","1558","178","4","2678","1945","286","11","1376","141","4","1558","178","4","21559","2695","448","10312","469","7635"
"955","Michael Ayer-Ali","Male","Zurich","CH-ZH","GB","M30-34","FIN","5:59:38","0:49:38","0:10:31","3:08:28","0:07:24","1:43:36","1559","1381","267","1370","2151","1809","328","1941","1688","310","1559","1381","267","21578","2978","631","11308","444","6216"
"1745","Chelsea Palmer","Female","London","GB-ENG","CA","F30-34","FIN","5:59:38","0:47:21","0:13:43","3:04:04","0:10:58","1:43:32","1560","179","33","2015","2066","321","59","1880","233","42","1560","179","33","21578","2841","823","11044","658","6212"
"655","Tommi Saarinen","Male","Raisio","Southwest Finland","FI","M30-34","FIN","5:59:42","0:44:43","0:09:31","2:51:44","0:05:46","2:07:57","1561","1382","268","1369","1929","1648","302","1446","1294","230","1561","1382","268","21582","2683","571","10304","346","7677"
"2583","Christian Mayer","Male","München","DE-BY","DE","M55-59","FIN","5:59:44","0:37:50","0:08:43","2:52:55","0:06:55","2:13:22","1562","1383","64","1648","1058","934","41","1231","1118","56","1562","1383","64","21584","2270","523","10375","415","8002"
"1338","Hugh Rose","Male","Bristol","GB-BST","GB","M30-34","FIN","5:59:44","0:40:54","0:11:29","3:06:37","0:08:02","1:52:42","1563","1384","269","1368","1536","1337","244","1779","1564","290","1563","1384","269","21584","2454","689","11197","482","6762"
"1440","Michéle Saelens","Male","wakken","BE-West vlaanderen","BE","M25-29","FIN","5:59:50","0:44:05","0:10:05","2:41:27","0:08:51","2:15:22","1564","1385","251","1377","1874","1607","285","1069","980","173","1564","1385","251","21590","2645","605","9687","531","8122"
"2265","Shaun Wait","Male","Winchester","HAMPSHIRE","ZA","M50-54","FIN","5:59:51","0:40:58","0:12:12","2:55:16","0:05:49","2:05:36","1565","1386","124","1612","1547","1344","134","1505","1346","130","1565","1386","124","21591","2458","732","10516","349","7536"
"2545","Laura Susta","Female","Alacant","Community of Valencia","IT","F25-29","FIN","5:59:57","0:39:23","0:06:02","3:07:40","0:05:25","2:01:27","1566","180","35","1841","1317","164","30","1641","189","33","1566","180","35","21597","2363","362","11260","325","7287"
"733","Manuel Martín Barcelona","Male","València","Community of Valencia","ES","M35-39","FIN","6:00:01","0:57:11","0:09:27","2:37:20","0:06:58","2:09:05","1567","1387","180","1461","2247","1880","237","1371","1232","157","1567","1387","180","21601","3431","567","9440","418","7745"
"1075","Daniel Elías Ruiz Piña","Male","valencia ","VALENCIANA, COMUNITAT*","VE","M40-44","FIN","6:00:02","1:06:29","0:07:05","3:02:43","0:07:32","1:36:13","1568","1388","170","1316","2267","1897","215","2039","1762","203","1568","1388","170","21602","3989","425","10963","452","5773"
"1841","Nordin Ben-Al-Lal","Male","Sint-Truiden","BE-VLI","BE","M18-24","FIN","6:00:06","0:40:16","0:08:34","2:55:19","0:04:57","2:11:00","1569","1389","94","1329","1452","1271","92","1374","1234","82","1569","1389","94","21606","2416","514","10519","297","7860"
"2491","Fernando Aparici","Male","Valencia","AS","ES","M50-54","FIN","6:00:07","0:36:04","0:08:16","3:01:12","0:06:15","2:08:21","1570","1390","125","1607","754","659","56","1424","1277","120","1570","1390","125","21607","2164","496","10872","375","7701"
"856","Fraser Geddes","Male","BEDFORD","BDF","GB","M40-44","FIN","6:00:14","0:40:46","0:08:12","2:55:51","0:06:40","2:08:45","1571","1391","171","1312","1520","1325","156","1394","1249","147","1571","1391","171","21614","2446","492","10551","400","7725"
"2306","Juan Andres Parra Postigo","Male","Linea De La Concepcion, La","CADIZ","ES","M50-54","FIN","6:00:25","0:39:44","0:06:08","3:05:46","0:05:06","2:03:41","1572","1392","126","1602","1378","1205","116","1595","1419","138","1572","1392","126","21625","2384","368","11146","306","7421"
"2067","Ryan Jones","Male","Brereton","England","GB","M25-29","FIN","6:00:28","0:44:32","0:08:54","3:14:49","0:06:24","1:45:48","1573","1393","252","1365","1912","1634","287","1933","1683","289","1573","1393","252","21628","2672","534","11689","384","6348"
"2018","Rafael Martínez Aguila","Male","AMETLLA DE MAR","","ES","M50-54","FIN","6:00:32","0:41:41","0:08:23","3:00:30","0:06:34","2:03:23","1574","1394","127","1600","1630","1413","141","1561","1390","133","1574","1394","127","21632","2501","503","10830","394","7403"
"706","David McLeish","Male","Jersey","CHI","GB","M40-44","FIN","6:00:34","0:38:27","0:07:47","3:06:25","0:08:34","1:59:21","1575","1395","172","1306","1181","1041","125","1628","1442","167","1575","1395","172","21634","2307","467","11185","514","7161"
"1452","Angelo Gaspar","Male","Alverca do Ribatejo","PT-11","PT","M40-44","FIN","6:00:45","0:37:50","0:10:17","3:17:23","0:07:44","1:47:32","1576","1396","173","1303","1059","935","113","1886","1651","192","1576","1396","173","21645","2270","617","11843","464","6452"
"2253","Karlygash Kairbekova","Female","Almaty","Almaty","KZ","F45-49","FIN","6:00:48","0:47:57","0:07:52","2:56:15","0:06:55","2:01:49","1577","181","21","2527","2086","327","40","1606","182","20","1577","181","21","21648","2877","472","10575","415","7309"
"2094","Moritz Steinert","Male","Bergisch Gladbach","DE-NW","DE","M25-29","FIN","6:00:51","0:36:19","0:08:10","3:15:24","0:05:18","1:55:41","1578","1397","253","1358","803","704","129","1795","1577","268","1578","1397","253","21651","2179","490","11724","318","6941"
"1387","Bas van Nunen","Male","Maasmechelen","Limburg","BE","M18-24","FIN","6:01:01","0:50:21","0:09:31","2:49:49","0:07:11","2:04:08","1579","1398","95","1312","2171","1826","128","1535","1372","92","1579","1398","95","21661","3021","571","10189","431","7448"
"2415","Alexandre Fattet","Male","Territet","Vaud","CH","M18-24","FIN","6:01:03","0:55:28","0:08:35","2:56:22","0:07:22","1:53:16","1580","1399","96","1312","2236","1870","133","1807","1586","112","1580","1399","96","21663","3328","515","10582","442","6796"
"1141","JAN TORE TVERANGER","Male","Garnes","NO-Hordaland","NO","M50-54","FIN","6:01:04","0:42:46","0:07:32","2:58:29","0:05:15","2:07:03","1581","1400","128","1590","1759","1516","147","1511","1352","132","1581","1400","128","21664","2566","452","10709","315","7623"
"2259","Aaron Guillén Suarez","Male","San Bartolomé de Tirajana","ES-GC","ES","M25-29","FIN","6:01:04","0:39:52","0:06:23","3:09:43","0:04:45","2:00:21","1582","1401","254","1355","1394","1220","220","1718","1513","259","1582","1401","254","21664","2392","383","11383","285","7221"
"971","Daniel Buj","Male","Valencia","Community of Valencia","ES","M25-29","FIN","6:01:05","0:39:37","0:13:00","3:10:19","0:14:11","1:43:57","1583","1402","255","1354","1353","1183","215","1847","1621","277","1583","1402","255","21665","2377","780","11419","851","6237"
"1481","Alessandro Bracchetti","Male","London","GB-LND","IT","M30-34","FIN","6:01:07","0:35:52","0:07:25","3:02:06","0:06:01","2:09:43","1584","1403","270","1343","723","633","107","1413","1267","228","1584","1403","270","21667","2152","445","10926","361","7783"
"2410","Álvaro Villar Alises","Male","Madrid","Provincia","ES","M25-29","FIN","6:01:08","0:37:00","0:08:51","3:00:22","0:09:34","2:05:21","1585","1404","256","1353","926","812","141","1450","1297","231","1585","1404","256","21668","2220","531","10822","574","7521"
"2043","wayne flint","Male","cullompton","DEV","GB","M50-54","FIN","6:01:10","0:44:14","0:08:34","2:58:30","0:06:05","2:03:45","1586","1405","129","1588","1887","1614","154","1583","1408","134","1586","1405","129","21670","2654","514","10710","365","7425"
"2370","Antonio Vera Fernández","Male","Torre Pacheco","Region of Murcia","ES","M45-49","FIN","6:01:12","0:43:11","0:13:55","3:11:54","0:08:56","1:43:16","1587","1406","144","1604","1804","1551","159","1947","1693","178","1587","1406","144","21672","2591","835","11514","536","6196"
"1668","Jan Willem Vernhout","Male","Lemmer","NL-FR","NL","M55-59","FIN","6:01:17","0:43:15","0:08:11","2:53:05","0:06:25","2:10:21","1588","1407","65","1620","1813","1559","78","1384","1240","64","1588","1407","65","21677","2595","491","10385","385","7821"
"1197","Eugenio Calleja","Male","Madrid","MADRID","ES","M25-29","FIN","6:01:22","0:39:55","0:09:07","3:00:49","0:06:43","2:04:47","1589","1408","257","1349","1403","1228","221","1539","1375","244","1589","1408","257","21682","2395","547","10849","403","7487"
"2293","Chloe Bennett","Female","Bristol","England","GB","F25-29","FIN","6:01:22","0:32:26","0:08:41","3:03:18","0:07:55","2:09:02","1590","182","36","1815","325","44","7","1381","144","21","1590","182","36","21682","1946","521","10998","475","7742"
"931","Des Byrne","Male","Berkhamsted","GB-HRT","GB","M65-69","FIN","6:01:23","0:42:09","0:08:07","2:50:05","0:06:50","2:14:13","1591","1409","9","2814","1684","1456","11","1261","1143","9","1591","1409","9","21683","2529","487","10205","410","8053"
"2333","Miguel Calama","Male","Madrid","ES-MD","ES","M35-39","FIN","6:01:27","0:38:45","0:08:11","3:06:42","0:06:31","2:01:19","1592","1410","181","1435","1220","1075","142","1659","1466","193","1592","1410","181","21687","2325","491","11202","391","7279"
"2129","Josep Vicent Montagud i Aparisi","Male","Valencia","Community of Valencia","ES","M55-59","FIN","6:01:29","0:45:41","0:09:42","3:04:41","0:05:05","1:56:20","1593","1411","66","1616","1987","1689","91","1800","1582","85","1593","1411","66","21689","2741","582","11081","305","6980"
"1497","Bethany Hewitt","Female","Amsterdam","NL-foreigner","GB","F30-34","FIN","6:01:38","0:40:42","0:07:05","2:48:32","0:07:53","2:17:26","1594","183","34","1979","1517","195","37","1092","95","16","1594","183","34","21698","2442","425","10112","473","8246"
"2350","David Lafuente Sánchez","Male","Vilanova i la Geltrú","Catalonia","ES","M25-29","FIN","6:01:46","0:39:46","0:09:18","2:58:25","0:06:09","2:08:08","1595","1412","258","1342","1386","1212","218","1479","1325","236","1595","1412","258","21706","2386","558","10705","369","7688"
"1980","Adrià Vázquez Rodríguez","Male","Barcelona","Catalonia","ES","M30-34","FIN","6:01:46","0:38:55","0:08:52","2:53:59","0:06:12","2:13:49","1596","1413","271","1331","1250","1100","198","1309","1180","210","1596","1413","271","21706","2335","532","10439","372","8029"
"513","Peter Pickering","Male","Ashford","GB-ENG","GB","M35-39","FIN","6:01:51","0:37:01","0:07:29","3:03:07","0:08:26","2:05:48","1597","1414","182","1428","930","816","103","1484","1329","172","1597","1414","182","21711","2221","449","10987","506","7548"
"924","Clément Lejeune","Male","Abbecourt","","FR","M35-39","FIN","6:01:55","0:45:18","0:08:50","3:06:47","0:06:52","1:54:08","1598","1415","183","1427","1971","1677","211","1815","1593","206","1598","1415","183","21715","2718","530","11207","412","6848"
"2461","Anthony RASSENEUR","Male","Tienen","BE-BE-VBR","BE","M30-34","FIN","6:01:55","0:49:35","0:08:21","2:57:29","0:06:27","2:00:03","1599","1416","272","1329","2150","1808","327","1704","1501","277","1599","1416","272","21715","2975","501","10649","387","7203"
"634","Rafael Llorca Ocken","Male","Daganzo de Arriba","","ES","M55-59","FIN","6:01:55","0:44:08","0:09:09","2:59:57","0:05:53","2:02:48","1600","1417","67","1609","1879","1610","79","1647","1457","77","1600","1417","67","21715","2648","549","10797","353","7368"
"1040","Jacopo Amalfitani","Male","London","","IT","M35-39","FIN","6:01:57","0:39:40","0:10:58","3:07:01","0:08:07","1:56:11","1601","1418","184","1426","1365","1193","155","1751","1542","201","1601","1418","184","21717","2380","658","11221","487","6971"
"1968","Lau Ramos ruiz","Female","Collado Villalba","Community of Madrid","ES","F35-39","FIN","6:01:59","0:38:54","0:11:17","3:08:53","0:08:59","1:53:57","1602","184","23","2209","1246","149","17","1782","216","26","1602","184","23","21719","2334","677","11333","539","6837"
"825","Christina Dove","Female","Emsworth","GB-HAM","GB","F60-64","FIN","6:02:02","0:45:41","0:08:18","2:57:21","0:06:03","2:04:38","1603","185","4","2733","1988","299","8","1586","176","4","1603","185","4","21722","2741","498","10641","363","7478"
"1784","Alberto Ríos","Male","Bétera","Valencia","ES","M35-39","FIN","6:02:11","0:53:44","0:08:27","2:55:15","0:08:07","1:56:39","1604","1419","185","1422","2221","1859","234","1748","1539","199","1604","1419","185","21731","3224","507","10515","487","6999"
"643","Emma Kavanagh","Female","London","London","GB","F40-44","FIN","6:02:12","0:34:39","0:06:33","2:55:41","0:08:44","2:16:36","1605","186","23","2169","561","77","4","1118","99","12","1605","186","23","21732","2079","393","10541","524","8196"
"1508","Anke Unger","Female","Mainz","Rhineland-Palatinate","DE","F30-34","FIN","6:02:13","0:35:35","0:05:38","2:56:30","0:05:33","2:18:57","1606","187","35","1969","679","87","17","1162","106","18","1606","187","35","21733","2135","338","10590","333","8337"
"589","Oliver Marshall","Male","Brough","GB-ERY","GB","M25-29","FIN","6:02:30","0:43:35","0:06:53","2:57:56","0:05:01","2:09:04","1607","1420","259","1329","1839","1577","280","1502","1343","239","1607","1420","259","21750","2615","413","10676","301","7744"
"2059","Ion Camenscic","Male","Madrid","","RO","M30-34","FIN","6:02:34","0:41:12","0:11:44","3:03:31","0:06:31","1:59:37","1608","1421","273","1317","1578","1370","248","1727","1521","281","1608","1421","273","21754","2472","704","11011","391","7177"
"1670","Amilcare Giuseppe Canali","Male","Milano","IT-MI","IT","M35-39","FIN","6:02:37","0:39:35","0:07:47","3:06:07","0:05:02","2:04:07","1609","1422","186","1414","1345","1180","154","1656","1465","192","1609","1422","186","21757","2375","467","11167","302","7447"
"610","Damien Auger","Male","LA NEUVILLE EN HEZ","","FR","M45-49","FIN","6:02:41","0:38:09","0:07:05","3:00:26","0:06:08","2:10:53","1610","1423","145","1577","1128","996","96","1433","1284","141","1610","1423","145","21761","2289","425","10826","368","7853"
"1548","Ana Baltac","Female","London","foreigner","RO","F25-29","FIN","6:02:53","0:39:40","0:07:15","3:02:33","0:04:40","2:08:45","1611","188","37","1788","1363","172","32","1533","163","27","1611","188","37","21773","2380","435","10953","280","7725"
"2012","Maria Gomez","Female","Madrid","Community of Madrid","ES","F25-29","FIN","6:03:01","0:39:20","0:06:15","3:05:05","0:04:42","2:07:39","1612","189","38","1786","1310","163","29","1564","173","29","1612","189","38","21781","2360","375","11105","282","7659"
"1535","Imane Atif","Female","Bouskoura","Maroc","MA","F35-39","FIN","6:03:04","0:44:45","0:10:34","3:00:17","0:09:41","1:57:47","1613","190","24","2189","1931","282","35","1711","204","24","1613","190","24","21784","2685","634","10817","581","7067"
"1567","Thomas Cassidy","Male","Portglenone","GB-NIR","IE","M40-44","FIN","6:03:11","0:38:40","0:08:55","3:06:55","0:08:18","2:00:23","1614","1424","174","1259","1213","1068","128","1683","1485","174","1614","1424","174","21791","2320","535","11215","498","7223"
"1614","Franck Hanryon","Male","pau","","FR","M55-59","FIN","6:03:12","0:38:10","0:06:53","2:42:31","0:05:32","2:30:05","1615","1425","68","1586","1131","999","47","838","774","35","1615","1425","68","21792","2290","413","9751","332","9005"
"2542","Alexander Vadillo","Male","NEW YORK","NY","GB","M30-34","FIN","6:03:14","0:43:00","0:08:11","2:50:24","0:06:23","2:15:15","1616","1426","274","1305","1786","1538","286","1301","1174","208","1616","1426","274","21794","2580","491","10224","383","8115"
"1682","Ruben Vassallo","Male","St. Paul's Bay","","MT","M40-44","FIN","6:03:21","0:42:32","0:09:31","2:51:08","0:07:20","2:12:51","1617","1427","175","1256","1732","1493","177","1342","1205","138","1617","1427","175","21801","2552","571","10268","440","7971"
"1902","Cesar Rojas","Male","Madrid","Madrid","ES","M30-34","FIN","6:03:22","0:50:29","0:12:20","3:02:14","0:07:07","1:51:11","1618","1428","275","1303","2172","1827","333","1879","1647","303","1618","1428","275","21802","3029","740","10934","427","6671"
"1465","Pablo Pastor Pellicer","Male","València","","ES","M40-44","FIN","6:03:26","0:39:43","0:08:19","3:05:03","0:07:11","2:03:10","1619","1429","176","1254","1375","1203","145","1639","1451","169","1619","1429","176","21806","2383","499","11103","431","7390"
"1821","Alex Tiemes","Male","Hengelo Ov","NL-Overijssel","NL","M65-69","FIN","6:03:26","0:39:32","0:09:24","2:56:53","0:10:56","2:06:41","1620","1430","10","2777","1339","1174","6","1440","1288","12","1620","1430","10","21806","2372","564","10613","656","7601"
"2105","Isabel Fernandez lopez","Female","Córdoba","ES-CO","ES","F45-49","FIN","6:03:28","0:38:06","0:10:11","3:10:41","0:04:13","2:00:17","1621","191","22","2479","1120","131","13","1775","215","25","1621","191","22","21808","2286","611","11441","253","7217"
"1891","Caoilte Brannigan","Male","Rosses Point","Sligo","IE","M18-24","FIN","6:03:33","0:40:12","0:07:20","3:09:03","0:05:38","2:01:21","1622","1431","97","1267","1444","1264","91","1732","1526","106","1622","1431","97","21813","2412","440","11343","338","7281"
"1418","Gilles Perroulaz","Male","Misery","CH-Fribourg","CH","M45-49","FIN","6:03:34","0:43:45","0:09:49","2:59:46","0:07:17","2:02:57","1623","1432","146","1561","1854","1590","167","1651","1460","157","1623","1432","146","21814","2625","589","10786","437","7377"
"2246","Rubén Fernández Sánchez","Male","Las Rozas de Madrid","Community of Madrid","ES","M40-44","FIN","6:03:36","0:35:49","0:05:56","3:27:11","0:07:37","1:47:03","1624","1433","177","1251","714","624","77","1944","1690","198","1624","1433","177","21816","2149","356","12431","457","6423"
"1049","Pierre Bouvet","Male","Wien","AT-WIEN","FR","M30-34","FIN","6:03:38","0:43:15","0:12:21","3:06:25","0:07:55","1:53:42","1625","1434","276","1298","1811","1557","290","1833","1609","297","1625","1434","276","21818","2595","741","11185","475","6822"
"801","Eric Morin","Male","Chauray","FR-NAQ","FR","M55-59","FIN","6:03:39","0:40:02","0:09:45","2:43:39","0:07:00","2:23:13","1626","1435","69","1577","1422","1246","58","1012","927","43","1626","1435","69","21819","2402","585","9819","420","8593"
"2514","Pablo Andújar Llamazares","Male","Elda","ES-ALACANT*","ES","M40-44","FIN","6:03:41","0:40:13","0:09:55","3:06:17","0:06:26","2:00:50","1627","1436","178","1250","1448","1267","153","1726","1520","177","1627","1436","178","21821","2413","595","11177","386","7250"
"1778","Jeff Arese","Male","Montcada I Reixac","ES-Barcelona","ES","M35-39","FIN","6:03:43","0:48:25","0:10:18","2:54:41","0:08:30","2:01:49","1628","1437","187","1394","2111","1777","225","1653","1462","190","1628","1437","187","21823","2905","618","10481","510","7309"
"1899","Laia Clara Borrell","Female","Castellar del Vallès","Catalonia","ES","F25-29","FIN","6:03:51","0:42:46","0:09:22","3:05:11","0:06:00","2:00:33","1629","192","39","1771","1761","244","49","1747","209","39","1629","192","39","21831","2566","562","11111","360","7233"
"2271","Laura Da Silva Palacios","Female","San Sebastián de los Reyes","ES-MD","VE","F35-39","FIN","6:03:55","0:45:05","0:07:40","2:59:54","0:07:01","2:04:15","1630","193","25","2174","1956","292","36","1629","187","22","1630","193","25","21835","2705","460","10794","421","7455"
"1035","Serhiy Verlanov","Male","Lviv","foreigner","UA","M45-49","FIN","6:03:59","0:44:33","0:08:16","3:02:59","0:07:23","2:00:48","1631","1438","147","1553","1913","1635","171","1715","1510","162","1631","1438","147","21839","2673","496","10979","443","7248"
"566","Rupinder Sidhu","Female","Longcross","GB-SRY","GB","F50-54","FIN","6:04:01","0:42:15","0:08:29","3:01:15","0:06:22","2:05:40","1632","194","11","2061","1700","235","16","1603","180","11","1632","194","11","21841","2535","509","10875","382","7540"
"699","Matthijs de Jong","Male","Amsterdam","North Holland","NL","M30-34","FIN","6:04:02","0:39:05","0:10:27","3:03:08","0:10:02","2:01:20","1633","1439","277","1291","1268","1116","205","1630","1443","260","1633","1439","277","21842","2345","627","10988","602","7280"
"1329","Oliver Williams","Male","Chippenham","WILTSHIRE","GB","M18-24","FIN","6:04:04","0:37:08","0:07:56","2:59:31","0:05:57","2:13:32","1634","1440","98","1257","951","835","55","1387","1242","83","1634","1440","98","21844","2228","476","10771","357","8012"
"889","Rav Dighe","Male","ST. ALBANS","GB-HRT","GB","M55-59","FIN","6:04:19","0:40:59","0:08:58","3:02:13","0:09:51","2:02:19","1635","1441","70","1565","1553","1350","63","1610","1427","75","1635","1441","70","21859","2459","538","10933","591","7339"
"920","nicola pilia","Male","Olbia","IT-OT","IT","M40-44","FIN","6:04:26","0:36:55","0:07:54","3:06:07","0:05:03","2:08:26","1636","1442","179","1236","910","798","99","1576","1401","163","1636","1442","179","21866","2215","474","11167","303","7706"
"1607","Mike Bielser","Female","Herrliberg","Zürich","CH","M55-59","FIN","6:04:32","0:40:09","0:08:08","2:43:21","0:05:17","2:27:37","1637","1443","71","1562","1438","1259","59","954","874","40","1637","1443","71","21872","2409","488","9801","317","8857"
"553","Michaela Illikova","Female","Praha ","Prague","CZ","F45-49","FIN","6:04:33","0:41:50","0:08:13","2:59:02","0:07:20","2:08:08","1638","195","23","2459","1650","222","25","1520","161","17","1638","195","23","21873","2510","493","10742","440","7688"
"1106","Stuart Mason","Male","Carmarthen","CAM","GB","M45-49","FIN","6:04:35","0:39:55","0:08:49","2:59:41","0:06:13","2:09:57","1639","1444","148","1543","1406","1231","124","1503","1344","146","1639","1444","148","21875","2395","529","10781","373","7797"
"2000","Carlos Carreño Argudo","Male","Pozuelo de Alarcon","","ES","M50-54","FIN","6:04:43","0:38:37","0:08:06","3:06:20","0:06:43","2:04:57","1640","1445","130","1524","1204","1060","102","1638","1450","141","1640","1445","130","21883","2317","486","11180","403","7497"
"1560","Feyme Mestanli","Female","Haugesund","NO-Rogaland","NO","F25-29","FIN","6:04:46","0:42:40","0:08:29","3:09:08","0:04:48","1:59:41","1641","196","40","1754","1747","243","48","1805","221","42","1641","196","40","21886","2560","509","11348","288","7181"
"1252","Fredrik HENRIKSSON","Male","Kvidinge","SE-M","SE","M40-44","FIN","6:04:49","0:33:28","0:04:44","3:42:21","0:04:56","1:39:20","1642","1446","180","1229","424","370","39","2082","1786","204","1642","1446","180","21889","2008","284","13341","296","5960"
"1034","Calum Farquharson","Male","Chelmsford","Essex","GB","M18-24","FIN","6:04:53","0:43:27","0:09:30","3:03:25","0:06:10","2:02:22","1643","1447","99","1243","1831","1572","112","1725","1519","105","1643","1447","99","21893","2607","570","11005","370","7342"
"915","Tejas Viswanathan","Male","Abu Dhabi","AUH","IN","M30-34","FIN","6:04:57","0:44:20","0:08:40","3:01:18","0:08:47","2:01:52","1644","1448","278","1274","1897","1623","300","1680","1483","269","1644","1448","278","21897","2660","520","10878","527","7312"
"633","Miralany De Goes","Female","Cascais","PT-11","PT","F40-44","FIN","6:04:58","0:43:03","0:07:28","2:59:39","0:06:21","2:08:26","1645","197","24","2120","1794","250","25","1551","167","22","1645","197","24","21898","2583","448","10779","381","7706"
"1831","Samuel Piqueras","Male","Fuente Alamo","Region of Murcia","ES","M30-34","FIN","6:04:58","0:43:02","0:07:42","3:07:57","0:04:17","2:02:00","1646","1449","279","1274","1791","1543","288","1770","1556","287","1646","1449","279","21898","2582","462","11277","257","7320"
"2192","Vincenzo Pellegrino","Male","andria","Andria","IT","M40-44","FIN","6:05:11","0:59:37","0:08:34","3:02:28","0:05:36","1:48:56","1647","1450","181","1223","2257","1889","213","1978","1719","200","1647","1450","181","21911","3577","514","10948","336","6536"
"1704","Romain Delorme","Male","Toulouse ","Occitania","FR","M35-39","FIN","6:05:18","0:39:20","0:06:08","2:59:14","0:05:55","2:14:42","1648","1451","188","1366","1309","1147","149","1391","1246","161","1648","1451","188","21918","2360","368","10754","355","8082"
"1736","Edison Mota","Male","Teófilo Otoni ","Minas Gerais","BR","M35-39","FIN","6:05:22","0:40:35","0:06:32","3:05:05","0:07:10","2:06:00","1649","1452","189","1364","1503","1310","166","1611","1428","183","1649","1452","189","21922","2435","392","11105","430","7560"
"1383","Eusebio Carmona","Male","Zürich","CH-ZH","ES","M35-39","FIN","6:05:27","0:44:20","0:08:53","2:55:54","0:05:56","2:10:23","1650","1453","190","1363","1895","1621","205","1523","1362","178","1650","1453","190","21927","2660","533","10554","356","7823"
"1825","Marc Purser","Male","CHATOU","FR-78","FR","M60-64","FIN","6:05:29","0:45:24","0:09:30","3:04:08","0:05:40","2:00:47","1651","1454","28","2084","1977","1681","43","1780","1565","42","1651","1454","28","21929","2724","570","11048","340","7247"
"1824","Neil Worthington","Male","Weymouth","Dorset","GB","M60-64","FIN","6:05:30","0:46:10","0:07:49","2:59:40","0:07:59","2:03:53","1652","1455","29","2084","2015","1713","47","1660","1467","38","1652","1455","29","21930","2770","469","10780","479","7433"
"1044","Lamyaa Cherkab","Female","Casablanca","Casablanca-Settat","MA","F45-49","FIN","6:05:32","0:42:13","0:08:54","3:13:35","0:05:47","1:55:02","1653","198","24","2442","1694","233","28","1869","228","28","1653","198","24","21932","2533","534","11615","347","6902"
"1765","Ioritz Hidalgo Calero","Male","València","ES-Valencia","ES","M30-34","FIN","6:05:33","0:41:01","0:08:32","3:18:26","0:06:03","1:51:31","1654","1456","280","1263","1561","1357","246","1928","1681","308","1654","1456","280","21933","2461","512","11906","363","6691"
"1221","Jasper Vandewalle","Male","Koksijde","BE-Flemish Region","BE","M30-34","FIN","6:05:48","0:41:12","0:08:53","3:07:53","0:06:37","2:01:14","1655","1457","281","1259","1581","1372","250","1756","1544","285","1655","1457","281","21948","2472","533","11273","397","7274"
"1438","Alexander Arnarson","Male","Kopavogur","IS-1","IS","M50-54","FIN","6:05:49","0:33:38","0:07:23","3:05:12","0:05:39","2:13:57","1656","1458","131","1505","443","388","30","1449","1296","122","1656","1458","131","21949","2018","443","11112","339","8037"
"250","Marian Slivovic","Male","Bratislava","SK-Bratislava Region","SK","M45-49","FIN","6:05:58","0:43:15","0:08:07","3:04:10","0:07:27","2:03:00","1657","1459","149","1518","1812","1558","161","1708","1505","161","1657","1459","149","21958","2595","487","11050","447","7380"
"536","Emma Rebeyrole","Female","Bayonne","PYRENEES-ATLANTIQUES","FR","F18-24","FIN","6:05:59","0:43:41","0:07:16","3:03:10","0:08:00","2:03:52","1658","199","7","1736","1847","263","14","1676","197","9","1658","199","7","21959","2621","436","10990","480","7432"
"504","Mark Buckley","Male","Knutsford","GB-CHE","GB","M35-39","FIN","6:06:03","0:38:13","0:10:10","3:04:12","0:06:02","2:07:26","1659","1460","191","1352","1142","1009","130","1622","1436","187","1659","1460","191","21963","2293","610","11052","362","7646"
"2532","Mila Azorín Ras","Female","Albacete","Castille-La Mancha","ES","F35-39","FIN","6:06:04","0:42:02","0:10:07","3:05:37","0:07:25","2:00:54","1660","200","26","2135","1677","226","27","1753","210","25","1660","200","26","21964","2522","607","11137","445","7254"
"2058","Jorma Leteurtrois","Male","Barcelona","Catalonia","FR","M45-49","FIN","6:06:13","0:36:54","0:10:20","3:10:50","0:07:42","2:00:27","1661","1461","150","1513","904","793","78","1758","1546","164","1661","1461","150","21973","2214","620","11450","462","7227"
"279","Tyler Hawes","Male","Brooklyn","NY","US","M45-49","FIN","6:06:14","0:37:09","0:09:11","3:07:33","0:07:31","2:04:50","1662","1462","151","1513","957","841","84","1669","1475","159","1662","1462","151","21974","2229","551","11253","451","7490"
"2251","Andrew Niedzialek","Male","New York","NY","CA","M30-34","FIN","6:06:16","0:51:36","0:12:38","3:06:10","0:06:51","1:49:01","1663","1463","282","1250","2192","1840","334","1975","1716","314","1663","1463","282","21976","3096","758","11170","411","6541"
"1422","Howard Johnston","Male","Colchester","ESS","GB","M35-39","FIN","6:06:21","0:51:35","0:09:05","2:56:33","0:05:21","2:03:47","1664","1464","192","1347","2190","1839","232","1744","1537","198","1664","1464","192","21981","3095","545","10593","321","7427"
"2482","Sébastien Jamet","Male","Rocafort","ES-V","FR","M35-39","FIN","6:06:34","0:40:58","0:08:54","3:05:37","0:08:07","2:02:57","1665","1465","193","1343","1549","1346","171","1707","1504","196","1665","1465","193","21994","2458","534","11137","487","7377"
"794","Roberto Marinetto","Male","Padova","","IT","M60-64","FIN","6:06:39","0:40:24","0:08:33","2:50:51","0:05:27","2:21:24","1666","1466","30","2063","1476","1290","27","1242","1129","22","1666","1466","30","21999","2424","513","10251","327","8484"
"1436","Laura Cunningham","Female","Guildford","GB-England","GB","F30-34","FIN","6:06:44","0:38:02","0:10:31","2:42:23","0:07:58","2:27:50","1667","201","36","1887","1105","129","25","927","77","12","1667","201","36","22004","2282","631","9743","478","8870"
"812","Jérôme Lavaud","Male","Niort","FR-NAQ","FR","M50-54","FIN","6:07:11","0:40:29","0:12:46","2:52:05","0:06:18","2:15:33","1668","1467","132","1480","1491","1301","129","1411","1265","118","1668","1467","132","22031","2429","766","10325","378","8133"
"1127","Carlos Busutil Santos","Male","València","","ES","M50-54","FIN","6:07:12","0:40:37","0:11:00","3:10:12","0:06:03","1:59:20","1669","1468","133","1480","1509","1316","131","1831","1608","155","1669","1468","133","22032","2437","660","11412","363","7160"
"1744","Claudia Cornejo","Female","New York","US-NY","US","F25-29","FIN","6:07:18","0:43:23","0:10:37","3:13:14","0:06:33","1:53:31","1670","202","41","1709","1824","258","51","1914","245","47","1670","202","41","22038","2603","637","11594","393","6811"
"276","Elizaveta Bozhkova","Female","Krasnodar","Southern Federal District","","F18-24","FIN","6:07:19","0:44:21","0:07:47","3:00:16","0:10:09","2:04:46","1671","203","8","1712","1900","275","18","1616","185","8","1671","203","8","22039","2661","467","10816","609","7486"
"1137","Álvaro Ruiz Montero","Male","Pozuelo de Alarcón","ES-MD","ES","M35-39","FIN","6:07:25","0:37:41","0:10:45","3:09:09","0:07:46","2:02:04","1672","1469","194","1328","1034","913","116","1750","1541","200","1672","1469","194","22045","2261","645","11349","466","7324"
"283","Liam Clack","Male","Littlehampton","WEST SUSSEX","GB","M25-29","FIN","6:07:27","0:43:26","0:11:06","2:51:44","0:06:37","2:14:35","1673","1470","260","1240","1829","1570","278","1452","1299","232","1673","1470","260","22047","2606","666","10304","397","8075"
"895","Vanessa Karbach","Female","CAMBRIDGE","CAMBRIDGESHIRE","DE","F30-34","FIN","6:07:29","0:46:09","0:09:15","3:11:08","0:07:16","1:53:41","1674","204","37","1874","2014","302","55","1900","239","47","1674","204","37","22049","2769","555","11468","436","6821"
"867","Artur Shutko","Male","Valencia","ES-V","UA","M40-44","FIN","6:07:32","0:42:41","0:11:38","3:13:39","0:06:09","1:53:25","1675","1471","182","1181","1750","1507","180","1926","1679","196","1675","1471","182","22052","2561","698","11619","369","6805"
"510","Jean-Virgile Fonteny","Male","Montigny les metz","MOSELLE","FR","M45-49","FIN","6:07:34","0:37:59","0:07:16","2:43:09","0:04:45","2:34:25","1676","1472","152","1489","1089","963","94","853","787","81","1676","1472","152","22054","2279","436","9789","285","9265"
"2533","Javier Sánchez Caballero","Male","Valencia","ES-Valencia","ES","M25-29","FIN","6:07:40","0:40:09","0:11:33","3:19:11","0:08:44","1:48:02","1677","1473","261","1236","1439","1260","229","1981","1721","298","1677","1473","261","22060","2409","693","11951","524","6482"
"1794","Tomás García Rodríguez","Male","Madrid","MADRID, COMUNIDAD DE","ES","M50-54","FIN","6:07:46","0:32:39","0:09:35","3:20:12","0:06:31","1:58:49","1678","1474","134","1469","350","305","20","1840","1615","157","1678","1474","134","22066","1959","575","12012","391","7129"
"1853","Alberto Dalda","Male","Madrid","Comunidad de Madrid","ES","M35-39","FIN","6:07:53","0:41:45","0:10:29","3:09:07","0:05:06","2:01:26","1679","1475","195","1319","1646","1426","181","1821","1598","208","1679","1475","195","22073","2505","629","11347","306","7286"
"1737","Carlos Vergara","Male","Madrid","Community of Madrid","BO","M25-29","FIN","6:07:53","0:41:42","0:09:55","3:05:16","0:07:51","2:03:10","1680","1476","262","1232","1631","1414","258","1737","1530","262","1680","1476","262","22073","2502","595","11116","471","7390"
"1114","FRANCISCO MORA SANCHEZ","Male","valencia","Community of Valencia","ES","M35-39","FIN","6:07:56","0:37:48","0:11:18","3:01:33","0:07:37","2:09:40","1681","1477","196","1318","1053","929","118","1563","1391","180","1681","1477","196","22076","2268","678","10893","457","7780"
"1813","DIEGO GOMEZ MARCOS","Male","Segovia","Segovia","ES","M35-39","FIN","6:07:59","0:39:29","0:19:45","3:02:27","0:09:52","1:56:26","1682","1478","197","1317","1331","1167","153","1827","1604","209","1682","1478","197","22079","2369","1185","10947","592","6986"
"1065","Kamil Joundy","Male","Paris","","MA","M40-44","FIN","6:08:07","0:39:58","0:10:22","2:59:05","0:07:39","2:11:03","1683","1479","183","1170","1409","1234","148","1529","1367","157","1683","1479","183","22087","2398","622","10745","459","7863"
"1963","Jacques Lacour","Male","Paris","Île-de-France","FR","M30-34","FIN","6:08:12","0:43:24","0:08:23","2:59:55","0:08:55","2:07:36","1684","1480","283","1216","1827","1569","291","1597","1420","256","1684","1480","283","22092","2604","503","10795","535","7656"
"1667","Arturo Vazquez","Male","Torrent","ES-V","ES","M25-29","FIN","6:08:16","0:46:57","0:12:18","3:15:58","0:06:54","1:46:09","1685","1481","263","1225","2052","1736","311","2028","1753","304","1685","1481","263","22096","2817","738","11758","414","6369"
"1695","Patrick Stonham","Male","Cahors","FR-46","FR","M30-34","FIN","6:08:36","0:42:13","0:08:25","2:56:49","0:05:49","2:15:20","1686","1482","284","1208","1691","1461","265","1478","1324","235","1686","1482","284","22116","2533","505","10609","349","8120"
"2026","Nicolás Peidró de Cabo","Male","Madrid","ES-M","ES","M18-24","FIN","6:08:37","0:38:38","0:09:22","2:57:37","0:07:27","2:15:34","1687","1483","100","1175","1205","1061","76","1428","1280","84","1687","1483","100","22117","2318","562","10657","447","8134"
"2343","Phili Day","Female","LONDON","GB-ENG","GB","F30-34","FIN","6:08:38","0:39:53","0:11:03","3:15:36","0:05:33","1:56:34","1688","205","38","1853","1395","175","35","1899","238","46","1688","205","38","22118","2393","663","11736","333","6994"
"2041","Jack Parsons","Male","Galway","Galway","IE","M30-34","FIN","6:08:39","0:36:52","0:08:43","3:06:12","0:05:58","2:10:54","1689","1484","285","1208","896","786","143","1599","1421","257","1689","1484","285","22119","2212","523","11172","358","7854"
"164","Igor Pastukh","Male","Zhytomyr","UA-18","UA","M70-74","FIN","6:08:56","0:36:56","0:08:14","3:00:23","0:05:26","2:17:57","1690","1485","1","3500","913","801","1","1426","1279","1","1690","1485","1","22136","2216","494","10823","326","8277"
"1018","Daniel Triet Vo","Male","Blagnac","FR-31","DE","M40-44","FIN","6:08:59","0:50:20","0:12:12","3:01:56","0:07:09","1:57:21","1691","1486","184","1154","2170","1825","206","1864","1637","190","1691","1486","184","22139","3020","732","10916","429","7041"
"1971","Baptiste Bolgari","Male","Entrevaux","Provence-Alpes-Côte D'Azur","FR","M25-29","FIN","6:09:09","0:42:46","0:07:39","3:12:40","0:06:42","1:59:22","1692","1487","264","1209","1762","1518","270","1850","1624","279","1692","1487","264","22149","2566","459","11560","402","7162"
"2569","Ben O' Connor","Male","Gorey","Wexford","IE","M25-29","FIN","6:09:18","0:41:17","0:09:23","3:03:37","0:06:44","2:08:17","1693","1488","265","1206","1588","1378","248","1679","1482","254","1693","1488","265","22158","2477","563","11017","404","7697"
"130","Sergio Turrini","Male","FRASSINORO","","IT","M70-74","FIN","6:09:21","0:43:15","0:09:09","3:04:03","0:05:53","2:07:00","1694","1489","2","3492","1814","1560","2","1729","1523","2","1694","1489","2","22161","2595","549","11043","353","7620"
"2572","Jorge Navarro Casañ","Male","El Perelló, Sueca","Valencia","ES","M18-24","FIN","6:09:23","0:28:27","0:04:57","3:04:06","0:04:37","2:27:17","1695","1490","101","1162","115","97","8","1144","1044","67","1695","1490","101","22163","1707","297","11046","277","8837"
"1650","Daniel Parekh-Hill","Male","Huntingdon","CAM","GB","M30-34","FIN","6:09:27","0:37:08","0:10:54","3:22:36","0:05:34","1:53:16","1696","1491","286","1193","950","834","153","1977","1718","315","1696","1491","286","22167","2228","654","12156","334","6796"
"1520","Isabel Suarez Santiago","Female","Navia","Galicia","ES","F45-49","FIN","6:09:28","0:36:54","0:07:24","3:17:35","0:08:43","1:58:52","1697","206","25","2371","903","111","10","1832","224","27","1697","206","25","22168","2214","444","11855","523","7132"
"1923","Andres Mompo Lopez","Male","Madrid","ES-Community of Madrid","ES","M25-29","FIN","6:09:30","0:45:32","0:09:01","3:02:41","0:07:22","2:04:55","1698","1492","266","1203","1979","1683","298","1745","1538","264","1698","1492","266","22170","2732","541","10961","442","7495"
"1332","Elsie Noble","Female","Waterville","Kerry","IE","F25-29","FIN","6:09:30","0:39:00","0:06:59","3:08:30","0:06:59","2:08:02","1699","207","42","1669","1256","151","26","1682","198","37","1699","207","42","22170","2340","419","11310","419","7682"
"159","Joanna Krystowska","Female","Coleraine","CHI","PL","F55-59","FIN","6:09:34","0:40:07","0:07:14","3:00:09","0:06:49","2:15:14","1700","208","5","2494","1436","179","7","1480","155","5","1700","208","5","22174","2407","434","10809","409","8114"
"356","Antonio Cárceles Martínez","Male","Mairena del Aljarafe","","ES","M55-59","FIN","6:09:42","0:40:15","0:11:12","3:00:27","0:07:32","2:10:16","1701","1493","72","1469","1449","1268","60","1602","1423","74","1701","1493","72","22182","2415","672","10827","452","7816"
"313","Jason Dixon","Male","newport","GB-WLS","GB","M55-59","FIN","6:09:49","0:41:13","0:09:15","2:58:31","0:10:09","2:10:41","1702","1494","73","1466","1582","1373","66","1518","1358","69","1702","1494","73","22189","2473","555","10711","609","7841"
"959","jeroen rijnen","Male","Wormer","North Holland","NL","M55-59","FIN","6:09:53","0:37:12","0:12:27","2:50:17","0:07:59","2:21:59","1703","1495","74","1465","962","846","36","1244","1131","58","1703","1495","74","22193","2232","747","10217","479","8519"
"1988","Jaime Rubio Ortega","Male","València","ES-V","ES","M30-34","FIN","6:10:05","0:41:29","0:13:08","3:19:59","0:06:50","1:48:38","1704","1496","287","1182","1613","1399","254","2022","1748","320","1704","1496","287","22205","2489","788","11999","410","6518"
"1844","Aubrey Léonard","Male","Poulx","Occitania","BE","M25-29","FIN","6:10:10","0:44:35","0:09:07","3:23:17","0:05:34","1:47:37","1705","1497","267","1191","1916","1638","288","2047","1766","307","1705","1497","267","22210","2675","547","12197","334","6457"
"2044","Alex Young","Male","Birmingham","England","GB","M25-29","FIN","6:10:13","0:42:15","0:09:39","3:11:53","0:07:58","1:58:29","1706","1498","268","1190","1698","1464","263","1857","1630","281","1706","1498","268","22213","2535","579","11513","478","7109"
"583","HUW TREBBLE","Male","Alicante","ES-A","GB","M45-49","FIN","6:10:22","0:49:23","0:10:36","3:08:00","0:07:41","1:54:42","1707","1499","153","1439","2143","1801","191","1927","1680","176","1707","1499","153","22222","2963","636","11280","461","6882"
"1219","Graziano Pasquinelli","Male","Triengen","","CH","M65-69","FIN","6:10:23","0:46:24","0:10:12","3:16:31","0:05:10","1:52:06","1708","1500","11","2652","2028","1721","21","2006","1737","17","1708","1500","11","22223","2784","612","11791","310","6726"
"405","Derek Tobin","Male","Annacotty","IE-LK","IE","M55-59","FIN","6:10:24","0:41:14","0:07:38","2:53:37","0:06:17","2:21:39","1709","1501","75","1456","1584","1375","67","1325","1192","63","1709","1501","75","22224","2474","458","10417","377","8499"
"295","Baptiste Caen","Male","Frankfurt am Main","Hessen","FR","M30-34","FIN","6:10:27","0:39:24","0:08:20","3:00:28","0:04:52","2:17:23","1710","1502","288","1175","1319","1155","211","1493","1336","237","1710","1502","288","22227","2364","500","10828","292","8243"
"1630","Yannick Roks","Male","Thônex","CH-GE","CH","M35-39","FIN","6:10:29","0:39:26","0:08:24","2:56:38","0:07:28","2:18:33","1711","1503","198","1272","1326","1162","152","1383","1239","159","1711","1503","198","22229","2366","504","10598","448","8313"
"448","Oliver Schnatz","Male","Koblenz","FL","DE","M60-64","FIN","6:10:30","0:42:34","0:07:39","2:52:57","0:05:20","2:22:00","1712","1504","31","1994","1736","1497","35","1339","1202","27","1712","1504","31","22230","2554","459","10377","320","8520"
"1536","Yassine Zarkik","Male","Casablanca","Casablanca","MA","M50-54","FIN","6:10:33","0:45:03","0:10:06","2:58:03","0:08:12","2:09:08","1713","1505","135","1419","1954","1663","159","1645","1455","142","1713","1505","135","22233","2703","606","10683","492","7748"
"519","Kat Clark","Female","Newton","GB-BRIDGEND [PEN-Y-BONT AR OGWR GB-POG]","GB","F45-49","FIN","6:10:33","0:43:54","0:07:37","2:59:02","0:05:12","2:14:48","1714","209","26","2351","1864","266","31","1559","171","19","1714","209","26","22233","2634","457","10742","312","8088"
"997","Simon Garmston","Male","Reigate","SURREY","GB","M65-69","FIN","6:10:36","0:40:15","0:10:07","2:56:02","0:08:32","2:15:39","1715","1506","12","2648","1450","1269","7","1454","1301","13","1715","1506","12","22236","2415","607","10562","512","8139"
"2004","Elena de Miguel Artigas","Female","Madrid","Community of Madrid","ES","F25-29","FIN","6:10:40","0:40:22","0:06:27","3:23:24","0:05:37","1:54:50","1716","210","43","1648","1467","183","36","1972","259","49","1716","210","43","22240","2422","387","12204","337","6890"
"1942","Heribert Valero Lapaz","Male","Tres Cantos","MADRID, COMUNIDAD DE","ES","M30-34","FIN","6:10:51","0:45:19","0:09:04","2:49:02","0:05:35","2:21:51","1717","1507","289","1168","1973","1678","308","1351","1213","220","1717","1507","289","22251","2719","544","10142","335","8511"
"1284","Pierre-François Demeuldre","Male","Sprimont","Liège","BE","M40-44","FIN","6:10:57","0:48:34","0:11:02","3:03:52","0:07:02","2:00:27","1718","1508","185","1119","2117","1782","203","1852","1625","188","1718","1508","185","22257","2914","662","11032","422","7227"
"2137","Anna Balderston","Female","London","GB-WSM","US","F30-34","FIN","6:11:00","0:50:02","0:14:51","3:03:30","0:07:12","1:55:25","1719","211","39","1811","2163","344","62","1936","253","50","1719","211","39","22260","3002","891","11010","432","6925"
"2100","Víctor Torres Gutiérrez","Male","Arroyo de la Encomienda","Castille & Leon","ES","M18-24","FIN","6:11:07","0:48:01","0:10:53","3:08:04","0:09:36","1:54:33","1720","1509","102","1130","2095","1766","124","1910","1668","120","1720","1509","102","22267","2881","653","11284","576","6873"
"525","Knut Kolpatzik","Male","Hamburg","DE-HH","DE","M55-59","FIN","6:11:07","0:43:00","0:08:41","3:01:18","0:07:42","2:10:27","1721","1510","76","1443","1783","1535","77","1635","1447","76","1721","1510","76","22267","2580","521","10878","462","7827"
"1787","Ivan Llamas Muñoz","Male","Torrent","Valencia ","ES","M25-29","FIN","6:11:08","0:42:44","0:08:50","3:06:29","0:06:04","2:07:01","1722","1511","269","1173","1756","1513","269","1757","1545","265","1722","1511","269","22268","2564","530","11189","364","7621"
"1322","Adolfo Rodriguez Oyague","Male","aviles","ES-O","ES","M35-39","FIN","6:11:09","0:39:22","0:11:26","3:10:25","0:08:50","2:01:06","1723","1512","199","1260","1313","1150","150","1817","1595","207","1723","1512","199","22269","2362","686","11425","530","7266"
"1883","Andrea Ruiz Ramis","Female","Madrid","MADRID, COMUNIDAD DE","ES","F25-29","FIN","6:11:11","0:29:25","0:08:29","3:24:44","0:07:38","2:00:54","1724","212","44","1639","150","21","1","1843","226","44","1724","212","44","22271","1765","509","12284","458","7254"
"2195","Juan Carneros Montoya","Male","Torre De Benagalbón","ES-MA","ES","M45-49","FIN","6:11:16","0:42:01","0:10:00","3:17:48","0:06:30","1:54:57","1725","1513","154","1422","1673","1448","147","1960","1702","181","1725","1513","154","22276","2521","600","11868","390","6897"
"1823","Arnaud Deval","Male","Rueil-Malmaison","Île-de-France","FR","M30-34","FIN","6:11:17","0:48:33","0:12:23","3:19:36","0:05:06","1:45:40","1726","1514","290","1160","2115","1780","322","2081","1785","328","1726","1514","290","22277","2913","743","11976","306","6340"
"1498","Alexander Marrow","Male","London","GB-ENG","GB","M30-34","FIN","6:11:26","0:38:22","0:11:26","3:03:21","0:09:51","2:08:25","1727","1515","291","1157","1166","1031","185","1644","1454","264","1727","1515","291","22286","2302","686","11001","591","7705"
"1864","Alberto Ponzan","Male","Madrid","Community of Madrid","ES","M18-24","FIN","6:11:35","0:42:00","0:08:22","3:12:24","0:07:00","2:01:48","1728","1516","103","1122","1670","1445","107","1845","1619","116","1728","1516","103","22295","2520","502","11544","420","7308"
"647","Juan Carlos Olaya Cuenca","Male","Silla","Community of Valencia","ES","M55-59","FIN","6:11:35","0:41:53","0:07:50","3:12:01","0:06:26","2:03:25","1729","1517","77","1435","1657","1435","70","1829","1606","86","1729","1517","77","22295","2513","470","11521","386","7405"
"2329","Renaud Slegers","Male","Zaventem","BE-VBR","BE","M35-39","FIN","6:11:39","0:43:24","0:10:09","3:06:18","0:07:21","2:04:27","1730","1518","200","1251","1826","1568","196","1794","1576","204","1730","1518","200","22299","2604","609","11178","441","7467"
"1199","BRUNO FOGLIANI","Male","SASSUOLO","IT-MO","IT","M65-69","FIN","6:11:50","0:42:23","0:11:25","2:42:15","0:07:02","2:28:46","1731","1519","13","2626","1720","1482","13","1081","990","5","1731","1519","13","22310","2543","685","9735","422","8926"
"1674","Leon Pflaume","Male","Amsterdam","NL-NH","DE","M25-29","FIN","6:11:51","0:41:27","0:10:44","2:53:26","0:07:32","2:18:41","1732","1520","270","1160","1609","1395","253","1430","1281","227","1732","1520","270","22311","2487","644","10406","452","8321"
"987","Caitlin Rutherford","Female","Glasgow","GB-SCT","GB","F25-29","FIN","6:11:54","0:37:55","0:10:12","3:03:58","0:07:21","2:12:27","1733","213","45","1626","1077","126","22","1607","183","32","1733","213","45","22314","2275","612","11038","441","7947"
"615","Ansgar Werneke","Male","Gangelt","DE-NW","DE","M50-54","FIN","6:11:57","0:48:22","0:11:52","2:51:10","0:09:20","2:11:13","1734","1521","136","1394","2110","1776","172","1589","1413","135","1734","1521","136","22317","2902","712","10270","560","7873"
"1166","Stuart Lodge","Male","Teddington","SRY","GB","M50-54","FIN","6:12:06","0:37:26","0:11:43","2:49:57","0:09:24","2:23:37","1735","1522","137","1391","991","873","80","1217","1106","106","1735","1522","137","22326","2246","703","10197","564","8617"
"1537","Lars Vorsselmans","Female","Zoersel","Flemish Region","BE","M25-29","FIN","6:12:14","0:51:07","0:11:50","2:57:04","0:09:23","2:02:50","1736","1523","271","1154","2182","1834","332","1799","1581","271","1736","1523","271","22334","3067","710","10624","563","7370"
"1646","Cristian Eduardo Puerto-Santana","Male","Hernani","ES-SS","CO","M30-34","FIN","6:12:15","0:42:16","0:08:35","3:13:40","0:10:12","1:57:32","1737","1524","292","1143","1701","1466","266","1865","1638","302","1737","1524","292","22335","2536","515","11620","612","7052"
"2102","Dani Salvador","Male","Santa Coloma De Gramenet","BARCELONA [BARCELONA]","ES","M50-54","FIN","6:12:17","0:56:18","0:10:34","3:10:27","0:05:43","1:49:15","1738","1525","138","1388","2242","1876","181","2050","1768","173","1738","1525","138","22337","3378","634","11427","343","6555"
"2075","AGUSTIN CASTEJON LAPORTA","Male","Barcelona","ES-B","ES","M60-64","FIN","6:12:19","0:35:22","0:10:47","2:59:30","0:07:35","2:19:05","1739","1526","32","1961","649","565","9","1431","1282","30","1739","1526","32","22339","2122","647","10770","455","8345"
"2209","Pedro Monjardim","Male","Rio de Janeiro","RJ","BR","M25-29","FIN","6:12:23","0:38:04","0:12:10","3:02:24","0:07:55","2:11:50","1740","1527","272","1151","1112","982","175","1627","1441","250","1740","1527","272","22343","2284","730","10944","475","7910"
"2285","SAMUEL MARQUEZ DIAZ","Male","MADRID","Community of Madrid","ES","M45-49","FIN","6:12:25","0:46:31","0:10:46","3:03:37","0:08:04","2:03:27","1741","1528","155","1402","2034","1724","181","1813","1591","168","1741","1528","155","22345","2791","646","11017","484","7407"
"723","Patrycja Weideman","Female","London","GB-LND","PL","F30-34","FIN","6:12:27","0:32:07","0:07:14","2:50:50","0:08:29","2:33:46","1742","214","40","1784","296","41","6","912","75","11","1742","214","40","22347","1927","434","10250","509","9226"
"673","Darren McKeown","Male","Newry","Cork","GB","M30-34","FIN","6:12:28","0:48:02","0:09:00","3:10:45","0:06:47","1:57:54","1743","1529","293","1139","2096","1767","318","1923","1676","307","1743","1529","293","22348","2882","540","11445","407","7074"
"1198","Oscar Formiga López","Male","Cornellà de Llobregat","Barcelona","ES","M18-24","FIN","6:12:33","0:37:15","0:09:52","3:06:51","0:08:14","2:10:21","1744","1530","104","1105","972","856","56","1674","1479","102","1744","1530","104","22353","2235","592","11211","494","7821"
"2272","James Lardner","Male","Dublin","IE-D","IE","M30-34","FIN","6:12:38","0:49:52","0:06:35","3:02:32","0:05:23","2:08:16","1745","1531","294","1136","2158","1815","331","1778","1563","289","1745","1531","294","22358","2992","395","10952","323","7696"
"1484","Eamon Mahon","Male","New York","New York","IE","M25-29","FIN","6:12:45","0:41:51","0:12:09","3:11:27","0:10:20","1:56:58","1746","1532","273","1144","1653","1431","262","1885","1650","284","1746","1532","273","22365","2511","729","11487","620","7018"
"2121","Andreas Åril Lilleaas","Male","FJELLHAMAR","NO-Akershus","NO","M18-24","FIN","6:12:57","0:43:12","0:09:03","2:57:11","0:05:04","2:18:28","1747","1533","105","1097","1805","1552","111","1531","1369","91","1747","1533","105","22377","2592","543","10631","304","8308"
"262","Richard Robinson","Male","Beccles","GB-NFK","ES","M55-59","FIN","6:13:01","0:37:51","0:11:48","2:55:47","0:07:47","2:19:47","1748","1534","78","1409","1064","940","42","1416","1270","65","1748","1534","78","22381","2271","708","10547","467","8387"
"476","Aitor Sanchez-Crespo Ateca","Male","Hendaia","","ES","M45-49","FIN","6:13:01","0:43:54","0:09:51","2:51:29","0:07:32","2:20:15","1749","1535","156","1391","1863","1598","168","1407","1262","140","1749","1535","156","22381","2634","591","10289","452","8415"
"2405","Carmen Rodríguez","Female","Barcelona","Catalonia","ES","F35-39","FIN","6:13:01","0:40:22","0:09:41","3:16:52","0:06:24","1:59:43","1750","215","27","2010","1468","184","23","1907","242","29","1750","215","27","22381","2422","581","11812","384","7183"
"1299","Thomas Hill","Male","Kent ","KENT","GB","M18-24","FIN","6:13:03","0:42:42","0:15:41","3:10:50","0:10:06","1:53:44","1751","1536","106","1096","1751","1508","110","1949","1695","121","1751","1536","106","22383","2562","941","11450","606","6824"
"1804","Vicente Labrador Leira","Male","Hinojedo","ES-Cantabria","ES","M25-29","FIN","6:13:09","0:49:07","0:09:46","3:17:56","0:07:10","1:49:10","1752","1537","274","1137","2134","1793","322","2044","1764","306","1752","1537","274","22389","2947","586","11876","430","6550"
"1711","Luc Cipers","Male","Gaianes","Alicante","BE","M55-59","FIN","6:13:11","0:42:50","0:12:08","2:59:43","0:09:13","2:09:17","1753","1538","79","1406","1770","1524","76","1686","1487","79","1753","1538","79","22391","2570","728","10783","553","7757"
"320","Philip Morgan","Male","Bangor","GWYNEDD","GB","M50-54","FIN","6:13:13","0:42:33","0:12:30","3:03:45","0:09:48","2:04:36","1754","1539","139","1371","1734","1495","145","1774","1560","151","1754","1539","139","22393","2553","750","11025","588","7476"
"2302","Leopold Laurans","Male","Madrid","Community of Madrid","FR","M18-24","FIN","6:13:20","0:42:18","0:10:15","3:09:38","0:06:46","2:04:23","1755","1540","107","1091","1710","1472","108","1836","1612","115","1755","1540","107","22400","2538","615","11378","406","7463"
"675","Honorio Marin Garcia","Male","Barcelona","ES-Cataluña","ES","M30-34","FIN","6:13:21","0:39:41","0:11:47","3:07:20","0:10:22","2:04:12","1756","1541","295","1123","1367","1195","219","1773","1559","288","1756","1541","295","22401","2381","707","11240","622","7452"
"2280","Antoine Chauvelon","Male","Biarritz","","FR","M35-39","FIN","6:13:25","0:32:33","0:05:59","3:40:16","0:07:08","1:47:28","1757","1542","201","1220","336","292","38","2060","1776","224","1757","1542","201","22405","1953","359","13216","428","6448"
"1643","Lidia Savall Mena","Female","Barcelona","ES-B","ES","F45-49","FIN","6:13:27","0:40:55","0:08:23","3:10:54","0:05:23","2:07:51","1758","216","27","2299","1542","201","20","1803","220","26","1758","216","27","22407","2455","503","11454","323","7671"
"1898","Alvaro Trampal Ramos","Male","Pozuelo De Alarcon","M","ES","M40-44","FIN","6:13:27","0:41:16","0:11:20","3:07:57","0:08:28","2:04:27","1759","1543","186","1074","1586","1377","163","1808","1587","184","1759","1543","186","22407","2476","680","11277","508","7467"
"618","Graham Caulder","Male","Epsom","GB-GB-SRY","GB","M60-64","FIN","6:13:28","0:45:46","0:07:52","2:59:23","0:06:48","2:13:39","1760","1544","33","1940","1994","1694","46","1636","1448","37","1760","1544","33","22408","2746","472","10763","408","8019"
"813","Manola Cappellozza","Female","VIGONZA","PADOVA","IT","F50-54","FIN","6:13:29","0:42:15","0:08:40","3:09:11","0:08:32","2:04:51","1761","217","12","1891","1697","234","15","1801","219","15","1761","217","12","22409","2535","520","11351","512","7491"
"960","Dennis Skacel","Male","Hürth","DE-NW","DE","M30-34","FIN","6:13:30","0:44:52","0:08:37","3:00:45","0:07:08","2:12:07","1762","1545","296","1120","1943","1659","305","1678","1481","268","1762","1545","296","22410","2692","517","10845","428","7927"
"1340","Simon Diahiliev","Male","València","Community of Valencia","UA","M18-24","FIN","6:13:35","0:44:20","0:10:31","3:11:28","0:07:01","2:00:16","1763","1546","108","1086","1896","1622","118","1896","1660","119","1763","1546","108","22415","2660","631","11488","421","7216"
"556","Sebastian Schlegel","Male","Ammersbek","SH","DE","M45-49","FIN","6:13:38","0:32:28","0:06:46","2:57:18","0:07:00","2:30:05","1764","1547","157","1380","327","283","23","1109","1012","108","1764","1547","157","22418","1948","406","10638","420","9005"
"570","Daniel Peacock","Male","Marlborough","GB-WIL","GB","M50-54","FIN","6:13:44","0:50:37","0:09:36","2:57:16","0:05:19","2:10:57","1765","1548","140","1362","2174","1828","175","1749","1540","149","1765","1548","140","22424","3037","576","10636","319","7857"
"2071","Carl Williams","Male","LIVERPOOL","GB-LIV","GB","M35-39","FIN","6:13:45","0:50:20","0:09:18","2:54:03","0:06:58","2:13:06","1766","1549","202","1214","2169","1824","230","1663","1469","194","1766","1549","202","22425","3020","558","10443","418","7986"
"2387","David Besson","Male","Pouzauges","Pays de la Loire","FR","M45-49","FIN","6:13:56","0:39:40","0:09:46","2:59:58","0:08:17","2:16:15","1767","1550","158","1374","1361","1191","119","1528","1366","149","1767","1550","158","22436","2380","586","10798","497","8175"
"2286","Carlos Rubio Lorca","Male","Toulouse","Occitanie","ES","M35-39","FIN","6:13:59","0:38:08","0:08:27","2:58:53","0:05:57","2:22:35","1768","1551","203","1209","1122","991","125","1418","1272","165","1768","1551","203","22439","2288","507","10733","357","8555"
"1620","Bavo Vanhalst","Male","Kortrijk","BE-West-Vlaanderen","BE","M35-39","FIN","6:14:00","0:44:20","0:09:39","2:58:09","0:07:51","2:14:00","1769","1552","204","1209","1898","1624","206","1609","1426","182","1769","1552","204","22440","2660","579","10689","471","8040"
"1373","Roman Egoavil","Male","Berlin","DE-AS","PE","M40-44","FIN","6:14:00","0:40:01","0:08:12","3:15:27","0:05:38","2:04:43","1770","1553","187","1064","1419","1243","150","1854","1627","189","1770","1553","187","22440","2401","492","11727","338","7483"
"404","Richard Chapman","Male","Limerick","Limerick","IE","M50-54","FIN","6:14:05","0:33:42","0:05:40","2:45:26","0:05:53","2:43:25","1771","1554","141","1356","452","395","31","749","693","65","1771","1554","141","22445","2022","340","9926","353","9805"
"1076","Francisco De Cayon","Male","torreon","MX-MX-COA","MX","M50-54","FIN","6:14:11","0:39:32","0:08:37","2:58:42","0:11:00","2:16:20","1772","1555","142","1354","1340","1175","110","1464","1311","125","1772","1555","142","22451","2372","517","10722","660","8180"
"1716","Andres Esteban","Male","Madrid","Madrid","ES","M60-64","FIN","6:14:38","0:40:12","0:09:23","2:57:59","0:07:57","2:19:07","1773","1556","34","1919","1445","1265","26","1483","1328","32","1773","1556","34","22478","2412","563","10679","477","8347"
"1774","Serena Mejías","Female","Montcada I Reixac","Catalonia","ES","F40-44","FIN","6:14:40","0:48:31","0:15:43","3:16:22","0:08:11","1:45:53","1774","218","25","1945","2114","335","36","2083","297","33","1774","218","25","22480","2911","943","11782","491","6353"
"953","Pol López Jorba","Male","Cambrils","Catalonia","ES","M18-24","FIN","6:14:43","0:53:07","0:10:36","3:08:44","0:07:30","1:54:46","1775","1557","109","1066","2213","1854","131","1998","1731","125","1775","1557","109","22483","3187","636","11324","450","6886"
"1285","Douglas Geissler","Male","Yetts of Muckhart","Scotland","GB","M18-24","FIN","6:14:43","0:40:01","0:09:56","3:03:47","0:08:03","2:12:57","1776","1558","110","1066","1420","1244","88","1664","1470","101","1776","1558","110","22483","2401","596","11027","483","7977"
"940","Astrid Werner","Female","Boren","DE-SH","DE","F60-64","FIN","6:14:49","0:40:57","0:08:48","3:06:22","0:09:22","2:09:20","1777","219","5","2503","1545","203","5","1719","206","6","1777","219","5","22489","2457","528","11182","562","7760"
"1265","Hector García Henao","Male","València","ES-V","ES","M30-34","FIN","6:14:52","0:48:38","0:10:18","3:03:26","0:08:43","2:03:48","1778","1559","297","1096","2120","1785","323","1839","1614","298","1778","1559","297","22492","2918","618","11006","523","7428"
"2086","Martina Sau","Female","Oristano","Oristano","IT","F35-39","FIN","6:15:00","0:41:45","0:09:45","3:09:44","0:08:21","2:05:25","1779","220","28","1975","1643","219","25","1818","223","27","1779","220","28","22500","2505","585","11384","501","7525"
"907","William Brown","Male","London","England","GB","M30-34","FIN","6:15:07","0:37:37","0:08:58","3:02:01","0:08:28","2:18:03","1780","1560","298","1091","1025","905","168","1508","1349","241","1780","1560","298","22507","2257","538","10921","508","8283"
"1998","Johan Sebastian Bedoya Toloza","Male","Madrid","Community of Madrid","CO","M30-34","FIN","6:15:15","0:42:06","0:07:42","3:13:16","0:06:05","2:06:08","1781","1561","299","1089","1683","1455","262","1849","1623","300","1781","1561","299","22515","2526","462","11596","365","7568"
"2555","Bruno Guinea","Male","Bilbao","ES-BI","ES","M25-29","FIN","6:15:17","0:46:20","0:09:04","3:23:14","0:04:34","1:52:06","1782","1562","275","1099","2023","1717","305","2057","1774","311","1782","1562","275","22517","2780","544","12194","274","6726"
"1800","Susan Granell Johnson","Female","oliva","VALENCIA*","ES","F50-54","FIN","6:15:22","0:41:17","0:08:21","3:05:03","0:06:29","2:14:12","1783","221","13","1857","1589","211","13","1687","200","13","1783","221","13","22522","2477","501","11103","389","8052"
"708","Philipp Lunitz","Male","Memmingen","DE-BY","DE","M25-29","FIN","6:15:23","0:43:35","0:08:38","3:04:53","0:07:26","2:10:51","1784","1563","276","1097","1840","1578","281","1741","1534","263","1784","1563","276","22523","2615","518","11093","446","7851"
"1914","Filippo Schillaci","Male","PALERMO","IT-PA","IT","M45-49","FIN","6:15:28","0:38:23","0:11:28","3:03:22","0:08:26","2:13:49","1785","1564","159","1347","1171","1034","101","1646","1456","156","1785","1564","159","22528","2303","688","11002","506","8029"
"711","Marco Gasparin","Male","Selvazzano Dentro","Veneto","IT","M30-34","FIN","6:15:28","0:48:27","0:10:57","3:06:31","0:06:08","2:03:26","1786","1565","300","1085","2112","1778","321","1893","1657","305","1786","1565","300","22528","2907","657","11191","368","7406"
"1783","Elena Perazzi","Female","Rivera","","CH","F45-49","FIN","6:15:29","0:49:03","0:08:55","2:57:09","0:06:16","2:14:06","1787","222","28","2263","2132","341","43","1699","202","22","1787","222","28","22529","2943","535","10629","376","8046"
"1347","Joel Lemmerling","Male","Meerssen","Limburg","NL","M35-39","FIN","6:15:32","0:40:41","0:12:42","3:11:21","0:07:18","2:03:30","1788","1566","205","1181","1516","1322","168","1871","1642","214","1788","1566","205","22532","2441","762","11481","438","7410"
"2158","Guillaume Fauré","Male","Paris","Île-de-France","FR","M45-49","FIN","6:15:34","0:40:22","0:08:11","2:49:04","0:09:38","2:28:19","1789","1567","160","1345","1465","1283","130","1157","1052","112","1789","1567","160","22534","2422","491","10144","578","8899"
"740","Kairi Ustav","Female","Luunja vald","TARTUMAA","EE","F45-49","FIN","6:15:39","0:46:17","0:07:49","3:17:19","0:06:19","1:57:56","1790","223","29","2260","2019","305","37","1989","264","32","1790","223","29","22539","2777","469","11839","379","7076"
"1990","Marcos Delgado","Male","ALDAIA","ES-V","VE","M50-54","FIN","6:15:41","0:40:16","0:07:27","2:57:25","0:05:51","2:24:42","1791","1568","143","1327","1451","1270","123","1405","1260","117","1791","1568","143","22541","2416","447","10645","351","8682"
"496","Emma Scholten","Female","Rotterdam","South Holland","NL","F35-39","FIN","6:15:54","0:45:18","0:12:42","3:06:57","0:07:37","2:03:19","1792","224","29","1958","1972","295","37","1877","232","28","1792","224","29","22554","2718","762","11217","457","7399"
"1326","Diogo Ramos","Male","Madrid","Madrid","PT","M35-39","FIN","6:15:55","0:39:44","0:11:24","3:13:23","0:12:13","1:59:11","1793","1569","206","1175","1380","1207","157","1866","1639","213","1793","1569","206","22555","2384","684","11603","733","7151"
"761","David Cid","Male","valencia","valencia","ES","M18-24","FIN","6:15:58","0:45:59","0:07:45","2:57:47","0:04:54","2:19:32","1794","1570","111","1043","2003","1702","121","1593","1417","99","1794","1570","111","22558","2759","465","10667","294","8372"
"270","Maico Egbers","Male","Breda","Noord Brabant","NL","M25-29","FIN","6:15:58","0:38:09","0:13:05","3:12:29","0:11:22","2:00:53","1795","1571","277","1086","1127","995","178","1856","1629","280","1795","1571","277","22558","2289","785","11549","682","7253"
"730","Emma Davies-Emms","Female","Swindon","GB-WIL","GB","F40-44","FIN","6:16:06","0:46:23","0:09:50","3:01:40","0:09:31","2:08:42","1796","225","26","1919","2027","307","29","1755","212","25","1796","225","26","22566","2783","590","10900","571","7722"
"1780","Dario Lo Grande","Male","palermo","IT-PA","IT","M60-64","FIN","6:16:08","0:32:01","0:05:51","2:58:42","0:05:00","2:34:34","1797","1572","35","1892","288","248","3","1112","1015","19","1797","1572","35","22568","1921","351","10722","300","9274"
"743","Coen van Aert","Male","Den Bosch","NL-NB","NL","M30-34","FIN","6:16:15","0:47:30","0:13:05","3:00:43","0:08:36","2:06:21","1798","1573","301","1071","2074","1752","316","1820","1597","295","1798","1573","301","22575","2850","785","10843","516","7581"
"281","Oleg Belov","Male","Montevideo","UY-AR","","M50-54","FIN","6:16:28","0:39:57","0:07:18","3:04:20","0:05:55","2:18:58","1799","1574","144","1313","1408","1233","121","1594","1418","137","1799","1574","144","22588","2397","438","11060","355","8338"
"1298","Anthony Dourte","Male","Evere","Brussels-Capital Region","BE","M25-29","FIN","6:16:30","0:37:13","0:08:20","3:02:52","0:08:21","2:19:44","1800","1575","278","1077","964","848","146","1504","1345","240","1800","1575","278","22590","2233","500","10972","501","8384"
"1225","Albert Pascual Oliveras","Male","L'Estartit","ES-GI","ES","M45-49","FIN","6:16:42","0:42:09","0:08:04","2:54:48","0:08:33","2:23:09","1801","1576","161","1325","1686","1457","150","1401","1256","139","1801","1576","161","22602","2529","484","10488","513","8589"
"2051","Laura Ros Monterde","Female","L'Hospitalet de Llobregat","Barcelona","ES","F30-34","FIN","6:16:48","0:45:37","0:07:22","3:26:51","0:06:07","1:50:51","1802","226","41","1706","1984","297","54","2075","292","54","1802","226","41","22608","2737","442","12411","367","6651"
"1653","Karl De Giovanni","Male","Zejtun","MT-ZEJTUN","MT","M50-54","FIN","6:16:49","0:42:14","0:11:56","3:12:27","0:07:03","2:03:09","1803","1577","145","1307","1695","1462","143","1902","1663","161","1803","1577","145","22609","2534","716","11547","423","7389"
"503","Leia Kane","Female","Fordoun","GB-SCT","GB","F40-44","FIN","6:16:54","0:40:48","0:08:11","3:07:40","0:05:29","2:14:46","1804","227","27","1905","1524","197","20","1734","207","24","1804","227","27","22614","2448","491","11260","329","8086"
"1036","Chris Musgrove","Male","FPO","US-FL","US","M40-44","FIN","6:16:54","0:51:07","0:07:14","2:55:36","0:07:34","2:15:24","1805","1578","188","1012","2183","1835","207","1672","1477","172","1805","1578","188","22614","3067","434","10536","454","8124"
"1511","GUILLAUME AUBIN","Male","DOMAGNÉ","","FR","M40-44","FIN","6:17:01","0:59:45","0:07:42","2:55:10","0:07:00","2:07:23","1806","1579","189","1010","2259","1891","214","1842","1617","187","1806","1579","189","22621","3585","462","10510","420","7643"
"1057","Kira Behrens","Female","Hannover","NI","DE","F30-34","FIN","6:17:05","0:34:21","0:10:36","3:09:04","0:11:04","2:12:00","1807","228","42","1701","523","66","11","1675","196","39","1807","228","42","22625","2061","636","11344","664","7920"
"1771","Carlos Fernández","Male","Valencia","VALENCIA*","ES","M25-29","FIN","6:17:07","0:39:31","0:08:50","3:26:51","0:06:40","1:55:15","1808","1580","279","1066","1338","1173","213","2027","1752","303","1808","1580","279","22627","2371","530","12411","400","6915"
"1184","Claudia Gisbert Andres","Female","Zaragoza","ARAGON","ES","F35-39","FIN","6:17:11","0:42:13","0:09:20","3:15:45","0:06:21","2:03:32","1809","229","30","1935","1692","231","29","1915","246","30","1809","229","30","22631","2533","560","11745","381","7412"
"548","Kevin Tomkins","Male","Hilversum","","NL","M40-44","FIN","6:17:12","0:41:52","0:09:47","3:07:27","0:06:20","2:11:47","1810","1581","190","1007","1654","1432","169","1783","1567","182","1810","1581","190","22632","2512","587","11247","380","7907"
"2418","Erick Yanchapaxi","Male","Sevilla","Sevilla ","EC","M30-34","FIN","6:17:24","0:58:18","0:08:43","3:04:33","0:07:28","1:58:22","1811","1582","302","1050","2252","1885","342","1992","1726","316","1811","1582","302","22644","3498","523","11073","448","7102"
"2252","Gauthier Muguerza","Male","Ixelles","","BE","M30-34","FIN","6:17:35","0:56:56","0:09:25","3:13:39","0:07:06","1:50:29","1812","1583","303","1047","2245","1878","341","2077","1784","327","1812","1583","303","22655","3416","565","11619","426","6629"
"1922","Adam Barker","Male","London","Greater London","GB","M30-34","FIN","6:17:36","0:43:55","0:14:59","3:03:33","0:08:30","2:06:40","1813","1584","304","1046","1867","1601","297","1841","1616","299","1813","1584","304","22656","2635","899","11013","510","7600"
"2266","Nicolás Vicéns","Male","Monteprincipe","ES-Community of Madrid","ES","M18-24","FIN","6:17:40","0:39:44","0:10:13","3:09:30","0:06:44","2:11:29","1814","1585","112","1013","1381","1208","85","1791","1573","111","1814","1585","112","22660","2384","613","11370","404","7889"
"1352","Richard McMeeken","Male","East Linton","GB-EAST LOTHIAN","GB","M50-54","FIN","6:17:44","0:37:42","0:08:43","3:24:59","0:07:34","1:58:46","1815","1586","146","1290","1036","914","87","1988","1725","166","1815","1586","146","22664","2262","523","12299","454","7126"
"1443","Julian Staiger","Male","Roscommon","ES-Community of Valencia","IE","M25-29","FIN","6:17:56","0:38:02","0:12:03","3:18:55","0:09:21","1:59:34","1816","1587","280","1051","1104","976","174","1946","1692","291","1816","1587","280","22676","2282","723","11935","561","7174"
"456","Fernando Faria","Male","CANIÇO","PT-30","PT","M50-54","FIN","6:18:01","0:47:47","0:15:11","3:09:44","0:08:10","1:57:09","1817","1588","147","1285","2082","1758","171","2001","1733","167","1817","1588","147","22681","2867","911","11384","490","7029"
"435","Hakan Fouren","Male","Taipei City","Taipei City","SE","M60-64","FIN","6:18:08","0:45:46","0:13:47","2:54:19","0:10:19","2:13:57","1818","1589","36","1856","1993","1693","45","1668","1474","39","1818","1589","36","22688","2746","827","10459","619","8037"
"609","Ana Cristina Marques Da Silva","Female","Aldaya","Valencia","ES","F35-39","FIN","6:18:12","0:42:17","0:06:45","3:21:47","0:08:33","1:58:50","1819","230","31","1917","1709","238","31","1979","260","35","1819","230","31","22692","2537","405","12107","513","7130"
"898","Ambrose Duggan","Male","Athlone Co. Westmeath","IE-MH","IE","M45-49","FIN","6:18:25","0:43:21","0:11:14","2:58:45","0:08:46","2:16:18","1820","1590","162","1294","1823","1566","164","1652","1461","158","1820","1590","162","22705","2601","674","10725","526","8178"
"1278","Werner Wekhuizen","Male","Scherpenheuvel-Zichem","BE-foreigner","BE","M50-54","FIN","6:18:30","0:37:34","0:07:19","3:10:40","0:06:29","2:16:28","1821","1591","148","1276","1017","897","84","1709","1506","144","1821","1591","148","22710","2254","439","11440","389","8188"
"1073","Carla Strbova","Female","Marianka","SK-BL","SK","F18-24","FIN","6:18:42","0:33:20","0:07:53","3:10:25","0:06:09","2:20:55","1822","231","9","1508","409","53","2","1596","177","7","1822","231","9","22722","2000","473","11425","369","8455"
"744","giel opheij","Male","Sint-Oedenrode","NL-North Brabant","NL","M25-29","FIN","6:18:46","0:43:08","0:14:10","3:03:24","0:07:17","2:10:47","1823","1592","281","1036","1800","1550","276","1809","1588","272","1823","1592","281","22726","2588","850","11004","437","7847"
"2321","Lewis Adams","Male","Chichester ","England","GB","M30-34","FIN","6:18:48","0:40:12","0:09:15","3:03:21","0:06:59","2:19:01","1824","1593","305","1025","1446","1266","232","1632","1444","261","1824","1593","305","22728","2412","555","11001","419","8341"
"665","Nicolò Chinello","Male","Padova","Veneto","IT","M30-34","FIN","6:18:52","0:39:58","0:08:22","2:56:55","0:08:29","2:25:08","1825","1594","306","1024","1411","1236","227","1408","1263","227","1825","1594","306","22732","2398","502","10615","509","8708"
"535","Douglas Mazariego","Male","Madrid","Comunidad de Madrid","SV","M25-29","FIN","6:18:54","0:46:42","0:06:40","3:00:25","0:04:46","2:20:20","1826","1595","282","1034","2043","1730","309","1665","1471","252","1826","1595","282","22734","2802","400","10825","286","8420"
"2429","Juan Angel Muñoz Lozano","Male","Hellín","Castille-La Mancha","ES","M25-29","FIN","6:19:03","0:41:43","0:16:33","3:09:10","0:10:53","2:00:44","1827","1596","283","1031","1636","1418","259","1920","1673","288","1827","1596","283","22743","2503","993","11350","653","7244"
"974","Karen Murphy","Female","Louth","LOUTH","IE","F50-54","FIN","6:19:03","0:46:59","0:12:46","3:09:41","0:11:19","1:58:17","1828","232","14","1791","2054","318","24","1954","255","16","1828","232","14","22743","2819","766","11381","679","7097"
"909","Andrei Rozhkov","Male","Valencia","Valencia","","M35-39","FIN","6:19:10","0:37:10","0:07:46","3:14:21","0:04:34","2:15:19","1829","1597","207","1116","958","842","109","1787","1570","202","1829","1597","207","22750","2230","466","11661","274","8119"
"2301","Arnaud Laurans","Male","","","FR","M55-59","FIN","6:19:26","0:44:23","0:10:17","3:03:25","0:05:56","2:15:25","1830","1598","80","1293","1902","1627","83","1760","1548","82","1830","1598","80","22766","2663","617","11005","356","8125"
"1140","Jezabel Castelló","Female","Bítem","ES-T","ES","F50-54","FIN","6:19:32","0:33:39","0:08:58","3:11:55","0:06:57","2:18:04","1831","233","15","1782","446","56","2","1684","199","12","1831","233","15","22772","2019","538","11515","417","8284"
"2052","Gernot Herrmann","Male","Düsseldorf","NW","DE","M60-64","FIN","6:19:39","0:43:16","0:08:42","3:09:18","0:07:17","2:11:07","1832","1599","37","1829","1818","1562","37","1819","1596","43","1832","1599","37","22779","2596","522","11358","437","7867"
"1308","Bianca Bergshoeff","Female","Veenendaal","Utrecht","NL","F30-34","FIN","6:19:47","1:03:17","0:07:11","2:57:40","0:06:00","2:05:39","1833","234","43","1652","2265","370","69","1931","250","49","1833","234","43","22787","3797","431","10660","360","7539"
"1889","JOSU EGEA CARRO","Male","Ullibarri Gamboa","Basque Country","ES","M25-29","FIN","6:19:47","0:43:02","0:11:06","3:18:33","0:07:32","1:59:34","1834","1600","284","1018","1793","1544","274","2000","1732","300","1834","1600","284","22787","2582","666","11913","452","7174"
"966","Antoine Huteau","Male","Angers","FR-42","FR","M30-34","FIN","6:19:50","0:43:37","0:12:45","3:26:30","0:06:59","1:49:59","1835","1601","307","1006","1842","1580","292","2105","1794","329","1835","1601","307","22790","2617","765","12390","419","6599"
"1090","Anna Toth-Szolnoki","Female","Liverpool","MSY","GB","F25-29","FIN","6:19:52","0:45:42","0:11:09","3:18:41","0:11:59","1:52:20","1836","235","46","1482","1989","300","58","2032","277","52","1836","235","46","22792","2742","669","11921","719","6740"
"1195","Mario Garcia  Torio","Male","Pozuelo de Alarcón","Community of Madrid","ES","M25-29","FIN","6:20:07","0:39:08","0:09:10","3:09:52","0:09:26","2:12:32","1837","1602","285","1012","1275","1121","200","1763","1550","266","1837","1602","285","22807","2348","550","11392","566","7952"
"2594","Malo Vernay","Male","Lyon","FR-69","FR","M18-24","FIN","6:20:17","0:43:28","0:11:55","3:15:57","0:09:04","1:59:52","1838","1603","113","965","1832","1573","113","1987","1724","124","1838","1603","113","22817","2608","715","11757","544","7192"
"454","ALESSANDRO CAMPORESE","Male","SAN BENEDETTO DEL TRONTO","IT-AP","IT","M65-69","FIN","6:20:22","0:43:12","0:09:02","3:21:45","0:06:06","2:00:17","1839","1604","14","2472","1806","1553","17","2015","1743","18","1839","1604","14","22822","2592","542","12105","366","7217"
"596","Abhishek Singh","Male","Amsterdam","North Holland","IN","M30-34","FIN","6:20:22","0:41:50","0:12:32","3:20:40","0:06:20","1:59:00","1840","1605","308","997","1651","1429","259","2026","1751","322","1840","1605","308","22822","2510","752","12040","380","7140"
"2224","Francisco Infante","Male","València","Community of Valencia","ES","M30-34","FIN","6:20:30","0:36:30","0:14:26","2:59:54","0:10:32","2:19:07","1841","1606","309","994","830","726","126","1573","1398","252","1841","1606","309","22830","2190","866","10794","632","8347"
"766","Alexandre Morel","Male","Breteuil","FR-27","FR","M18-24","FIN","6:20:36","0:33:39","0:11:35","2:58:39","0:08:07","2:28:37","1842","1607","114","960","445","390","27","1366","1227","81","1842","1607","114","22836","2019","695","10719","487","8917"
"379","Thelma Fogarty","Female","cork","Cork","IE","F45-49","FIN","6:20:37","0:48:05","0:08:06","3:10:36","0:06:33","2:07:18","1843","236","30","2170","2099","331","41","1904","240","30","1843","236","30","22837","2885","486","11436","393","7638"
"305","Jack Speroni","Male","Washington","DC","US","M25-29","FIN","6:20:38","0:51:06","0:13:14","2:59:55","0:05:14","2:11:08","1844","1608","286","1002","2181","1833","331","1863","1636","282","1844","1608","286","22838","3066","794","10795","314","7868"
"2394","Axel Vargas Badia","Male","Cabrils","Catalonia","ES","M35-39","FIN","6:20:40","0:38:03","0:12:05","3:13:45","0:08:43","2:08:04","1845","1609","208","1089","1108","978","124","1860","1633","212","1845","1609","208","22840","2283","725","11625","523","7684"
"2505","Aitor Ortiz Azpiazu","Male","Madrid","ES-M","ES","M25-29","FIN","6:20:42","0:47:53","0:10:27","3:07:34","0:09:51","2:04:56","1846","1610","287","1001","2085","1759","316","1894","1658","285","1846","1610","287","22842","2873","627","11254","591","7496"
"1838","Javier Gamon Ramon","Male","València","Community of Valencia","ES","M25-29","FIN","6:20:42","0:42:34","0:09:18","3:26:12","0:06:19","1:56:19","1847","1611","288","1001","1737","1498","266","2056","1773","310","1847","1611","288","22842","2554","558","12372","379","6979"
"2066","ALVARO PALOMO","Male","Madrid","ES-Community of Madrid","ES","M30-34","FIN","6:20:47","0:48:13","0:08:18","3:05:08","0:07:03","2:12:06","1848","1612","310","989","2108","1774","320","1826","1603","296","1848","1612","310","22847","2893","498","11108","423","7926"
"2434","Nicolas Meyer Parada","Male","München","BAYERN","CO","M18-24","FIN","6:20:47","0:45:12","0:09:24","3:15:31","0:07:02","2:03:38","1849","1613","115","956","1965","1671","119","1967","1709","122","1849","1613","115","22847","2712","564","11731","422","7418"
"497","Jort Stegeman","Male","Bodegraven","NL-ZH","NL","M18-24","FIN","6:20:51","0:41:19","0:09:35","3:07:11","0:04:51","2:17:54","1850","1614","116","955","1590","1379","103","1759","1547","108","1850","1614","116","22851","2479","575","11231","291","8274"
"2229","Verena Mann","Female","Feldkirchen","BY","DE","F30-34","FIN","6:20:55","0:41:03","0:10:18","3:01:53","0:08:34","2:19:06","1851","237","44","1632","1568","207","39","1648","191","37","1851","237","44","22855","2463","618","10913","514","8346"
"1350","Clement Hasbrouck","Male","SAINT-GENCE","HAUTE-VIENNE","FR","M18-24","FIN","6:21:01","0:36:32","0:10:31","3:08:35","0:08:12","2:17:11","1852","1615","117","952","839","735","47","1713","1508","103","1852","1615","117","22861","2192","631","11315","492","8231"
"979","Robin Kortekaas","Male","Lisse","","NL","M45-49","FIN","6:21:10","0:36:59","0:09:59","3:04:52","0:07:32","2:21:49","1853","1616","163","1244","921","808","82","1600","1422","154","1853","1616","163","22870","2219","599","11092","452","8509"
"540","Michael Strickmann","Male","Kehl","BADEN-WURTTEMBERG","DE","M60-64","FIN","6:21:15","0:45:36","0:13:46","3:10:47","0:09:37","2:01:28","1854","1617","38","1800","1983","1687","44","1968","1710","47","1854","1617","38","22875","2736","826","11447","577","7288"
"652","Thomas Romberg","Male","Surbiton","GB-SRY","DE","M55-59","FIN","6:21:23","0:41:33","0:09:44","3:05:12","0:06:34","2:18:20","1855","1618","81","1258","1620","1405","68","1731","1525","81","1855","1618","81","22883","2493","584","11112","394","8300"
"451","Moira Ashby","Female","St Lawrence","GB-UKM","JE","F45-49","FIN","6:21:35","0:38:08","0:08:51","3:22:49","0:06:09","2:05:39","1856","238","31","2153","1124","132","14","1959","258","31","1856","238","31","22895","2288","531","12169","369","7539"
"1231","Santiago Guarin","Male","valencia","Community of Valencia","ES","M25-29","FIN","6:21:41","0:39:28","0:06:18","3:03:58","0:03:23","2:28:34","1857","1619","289","983","1330","1166","210","1536","1373","243","1857","1619","289","22901","2368","378","11038","203","8914"
"1845","Jaime Aldámiz-echevarría","Male","Bilbao","BIZKAIA","ES","M25-29","FIN","6:21:46","0:40:52","0:10:00","3:09:06","0:06:56","2:14:52","1858","1620","290","982","1533","1334","241","1798","1580","270","1858","1620","290","22906","2452","600","11346","416","8092"
"1776","Martin Lefèbvre","Male","Theux","Walloon Region","BE","M35-39","FIN","6:21:51","0:38:15","0:08:47","3:21:55","0:08:56","2:03:58","1859","1621","209","1068","1148","1014","131","1945","1691","217","1859","1621","209","22911","2295","527","12115","536","7438"
"2029","David Lopez-Gavela Gago","Male","Ponferrada","Leon","ES","M35-39","FIN","6:22:02","0:46:03","0:12:26","3:11:41","0:06:47","2:05:05","1860","1622","210","1064","2007","1706","217","1969","1711","220","1860","1622","210","22922","2763","746","11501","407","7505"
"2275","Adam Mould","Male","Birmingham","GB-BIR","GB","M40-44","FIN","6:22:04","0:40:18","0:12:38","3:05:24","0:09:00","2:14:43","1861","1623","191","919","1457","1276","154","1766","1552","181","1861","1623","191","22924","2418","758","11124","540","8083"
"922","Abi Short","Female","Rogerstone","GB-WLS","GB","F30-34","FIN","6:22:19","0:44:04","0:11:15","3:09:37","0:05:14","2:12:08","1862","239","45","1607","1873","267","48","1876","231","41","1862","239","45","22939","2644","675","11377","314","7928"
"1446","Tom Ketels","Male","Izegem","BE-VWV","BE","M25-29","FIN","6:22:22","0:46:04","0:14:04","3:06:27","0:09:54","2:05:52","1863","1624","291","971","2010","1709","302","1901","1662","286","1863","1624","291","22942","2764","844","11187","594","7552"
"520","Juan Pablo García Toledo","Male","Manises ","VALENCIA*","ES","M45-49","FIN","6:22:26","0:44:48","0:09:49","3:11:15","0:06:08","2:10:27","1864","1625","164","1221","1937","1655","173","1892","1656","172","1864","1625","164","22946","2688","589","11475","368","7827"
"863","Ievgen Samoilenko","Male","Kharkiv","UA-Kharkiv Oblast","UA","M55-59","FIN","6:22:29","0:44:20","0:13:37","3:06:47","0:10:35","2:07:10","1865","1626","82","1238","1899","1625","81","1872","1643","88","1865","1626","82","22949","2660","817","11207","635","7630"
"446","Oskar Weigand","Male","Bétera","ES-V","DE","M50-54","FIN","6:22:32","0:37:53","0:11:11","2:46:11","0:11:02","2:36:15","1866","1627","149","1204","1067","943","90","1063","974","96","1866","1627","149","22952","2273","671","9971","662","9375"
"842","Michael Mertens","Male","Echternach","LU-EC","LU","M55-59","FIN","6:22:37","0:42:43","0:10:49","3:11:36","0:06:26","2:11:02","1867","1628","83","1236","1755","1512","74","1881","1648","90","1867","1628","83","22957","2563","649","11496","386","7862"
"1432","Dimitri Herbosch","Male","Hove","BE-VAN","BE","M55-59","FIN","6:23:04","0:39:53","0:10:47","2:59:26","0:09:12","2:23:45","1868","1629","84","1228","1401","1226","56","1550","1384","71","1868","1629","84","22984","2393","647","10766","552","8625"
"834","Maite Izquierdo","Female","Valencia","","ES","F60-64","FIN","6:23:08","0:47:22","0:13:34","3:16:25","0:05:15","2:00:33","1869","240","6","2353","2067","322","10","2051","283","9","1869","240","6","22988","2842","814","11785","315","7233"
"1613","Miguel Mérida","Male","Meco","ES-M","ES","M25-29","FIN","6:23:30","0:45:45","0:07:22","3:24:48","0:05:38","1:59:58","1870","1630","292","951","1992","1692","299","2054","1771","309","1870","1630","292","23010","2745","442","12288","338","7198"
"357","Ivan De La Rosa Rodriguez","Male","tejina la laguna","SANTA CRUZ DE TENERIFE","ES","M45-49","FIN","6:23:33","0:37:30","0:09:52","2:57:23","0:07:27","2:31:20","1871","1631","165","1201","1002","883","87","1392","1247","137","1871","1631","165","23013","2250","592","10643","447","9080"
"674","Tamara Casier","Female","handzame","BE-VWV","BE","F40-44","FIN","6:23:43","0:49:51","0:08:27","3:12:59","0:05:45","2:06:41","1872","241","28","1782","2156","343","38","1985","262","28","1872","241","28","23023","2991","507","11579","345","7601"
"1365","Antonia Geiger","Female","Bad Kötzting","Bavaria","DE","F25-29","FIN","6:23:43","0:43:10","0:06:53","3:13:12","0:12:25","2:08:03","1873","242","47","1413","1803","253","50","1851","227","45","1873","242","47","23023","2590","413","11592","745","7683"
"2435","Lucia Dominguez","Female","Boadilla del Monte","Community of Madrid","ES","F30-34","FIN","6:23:53","0:43:33","0:09:02","3:15:31","0:06:04","2:09:44","1874","243","46","1579","1837","262","47","1930","249","48","1874","243","46","23033","2613","542","11731","364","7784"
"488","Enrica Soligo","Female","Vercelli","IT-21","IT","F35-39","FIN","6:23:55","0:41:46","0:08:58","3:16:37","0:05:25","2:11:09","1875","244","32","1814","1647","221","26","1917","247","31","1875","244","32","23035","2506","538","11797","325","7869"
"2303","Fernando Arrieta","Male","Madrid","ES-MD","ES","M25-29","FIN","6:23:57","0:40:05","0:09:30","3:20:08","0:07:43","2:06:31","1876","1632","293","943","1429","1252","226","1957","1701","293","1876","1632","293","23037","2405","570","12008","463","7591"
"2319","Alberto Sendra Estrella","Male","Massarrojos","Community of Valencia","ES","M35-39","FIN","6:23:57","0:39:25","0:07:47","3:19:07","0:08:08","2:09:31","1877","1633","211","1030","1323","1159","151","1897","1661","215","1877","1633","211","23037","2365","467","11947","488","7771"
"1540","Álvaro Moure","Male","Barcelona","Catalonia","ES","M25-29","FIN","6:24:02","0:41:38","0:11:39","3:16:55","0:06:52","2:06:59","1878","1634","294","941","1626","1409","256","1970","1712","295","1878","1634","294","23042","2498","699","11815","412","7619"
"2345","Vincenzo Speroni","Male","Leesburg","US-VA","US","M25-29","FIN","6:24:13","0:48:06","0:07:21","3:21:44","0:05:17","2:01:45","1879","1635","295","938","2101","1770","319","2049","1767","308","1879","1635","295","23053","2886","441","12104","317","7305"
"1012","Melanie Markwalder","Female","Gerzensee","CH-BE","CH","F30-34","FIN","6:24:18","0:42:16","0:14:21","3:08:43","0:09:14","2:09:45","1880","245","47","1571","1705","236","43","1883","235","44","1880","245","47","23058","2536","861","11323","554","7785"
"2263","Ben Fernandes","Male","Hersham","England","PT","M25-29","FIN","6:24:20","0:48:42","0:10:33","3:12:36","0:07:27","2:05:03","1881","1636","296","936","2122","1786","320","1995","1728","299","1881","1636","296","23060","2922","633","11556","447","7503"
"2068","Stu Edwards","Male","Woking","GB-GB-SRY","GB","M45-49","FIN","6:24:24","0:39:08","0:08:50","3:00:42","0:09:20","2:26:25","1882","1637","166","1186","1274","1120","112","1510","1351","147","1882","1637","166","23064","2348","530","10842","560","8785"
"678","Ryan Lundy","Male","Newry","Northern Ireland","IE","M30-34","FIN","6:24:32","0:38:15","0:09:22","3:12:20","0:06:40","2:17:55","1883","1638","311","922","1147","1013","180","1797","1579","293","1883","1638","311","23072","2295","562","11540","400","8275"
"1941","Joaquin Juantegui","Male","Madrid","ES-Community of Madrid","ES","M30-34","FIN","6:24:34","0:46:04","0:08:45","3:19:49","0:05:21","2:04:36","1884","1639","312","921","2009","1708","311","2023","1749","321","1884","1639","312","23074","2764","525","11989","321","7476"
"1654","Abby Penlington","Female","Valencia","ES-V","GB","F45-49","FIN","6:24:37","0:45:07","0:12:39","3:15:41","0:10:02","2:01:09","1885","246","32","2098","1959","293","35","2012","271","35","1885","246","32","23077","2707","759","11741","602","7269"
"1235","Samira Bani","Female","Kirchheim b. München","DE-BY","DE","F30-34","FIN","6:24:40","0:47:43","0:14:11","3:18:03","0:06:36","1:58:07","1886","247","48","1565","2081","324","60","2076","293","55","1886","247","48","23080","2863","851","11883","396","7087"
"2262","Derek Pirraglia","Male","Toronto","ON","CA","M30-34","FIN","6:24:40","0:41:58","0:07:00","3:05:52","0:10:36","2:19:15","1887","1640","313","919","1666","1442","260","1692","1492","273","1887","1640","313","23080","2518","420","11152","636","8355"
"2351","Laura Galiot Bachot","Female","Sant Vicenç de Castellet","Barcelona","ES","F18-24","FIN","6:24:45","0:36:20","0:16:35","3:14:15","0:08:41","2:08:54","1888","248","10","1399","809","100","6","1913","244","12","1888","248","10","23085","2180","995","11655","521","7734"
"1102","Jorge Lopez","Male","Bogota","Distrito Capital","CO","M50-54","FIN","6:25:17","0:42:40","0:10:48","3:13:53","0:07:56","2:10:01","1889","1641","150","1154","1746","1504","146","1916","1670","162","1889","1641","150","23117","2560","648","11633","476","7801"
"1559","Juan Pablo Del Pozo","Male","Madrid","Comunidad de Madrid","ES","M45-49","FIN","6:25:23","0:46:49","0:14:51","3:17:22","0:10:32","1:55:49","1890","1642","167","1168","2046","1732","183","2065","1780","190","1890","1642","167","23123","2809","891","11842","632","6949"
"1631","Jorge Mas Velasco","Male","Barcelona","ES-B","ES","M50-54","FIN","6:25:23","0:37:28","0:13:33","3:18:56","0:09:23","2:06:03","1891","1643","151","1152","993","874","81","1963","1705","165","1891","1643","151","23123","2248","813","11936","563","7563"
"855","Bruno Antoniotti","Male","Enfield","GB-ENG","GB","M40-44","FIN","6:25:30","0:44:31","0:07:37","3:06:06","0:07:39","2:19:36","1892","1644","192","857","1909","1631","189","1765","1551","180","1892","1644","192","23130","2671","457","11166","459","8376"
"1191","Marco Montecchi","Male","Sassuolo","IT-MO","IT","M65-69","FIN","6:25:30","0:34:14","0:12:51","2:57:55","0:10:00","2:30:31","1893","1645","15","2380","512","450","2","1400","1255","11","1893","1645","15","23130","2054","771","10675","600","9031"
"1592","Iñigo Perez","Male","Alcobendas","ES-Community of Madrid","ES","M18-24","FIN","6:25:40","0:39:18","0:06:47","3:06:03","0:06:27","2:27:05","1894","1646","118","869","1303","1141","82","1608","1425","100","1894","1646","118","23140","2358","407","11163","387","8825"
"1344","Christian Ribbecke","Male","München","DE-BY","DE","M45-49","FIN","6:25:42","0:55:05","0:09:47","2:55:22","0:09:05","2:16:23","1895","1647","168","1163","2232","1867","198","1804","1584","167","1895","1647","168","23142","3305","587","10522","545","8183"
"2539","Javier Moreno","Male","El Puerto de Santa Maria","ES-CA","ES","M45-49","FIN","6:25:44","0:42:02","0:08:58","3:15:03","0:06:53","2:12:48","1896","1648","169","1162","1678","1452","149","1895","1659","173","1896","1648","169","23144","2522","538","11703","413","7968"
"2184","Bart Van Kampen","Male","Vleuten","UTRECHT","NL","M45-49","FIN","6:25:52","0:44:09","0:17:17","3:04:07","0:10:58","2:09:22","1897","1649","170","1160","1880","1611","170","1888","1653","170","1897","1649","170","23152","2649","1037","11047","658","7762"
"2216","Jose Manuel Castaño Domínguez","Male","SEVILLA","","ES","M50-54","FIN","6:25:54","0:40:25","0:14:30","3:20:46","0:10:10","2:00:02","1898","1650","152","1143","1482","1294","128","2034","1757","171","1898","1650","152","23154","2425","870","12046","610","7202"
"777","M Jesus Navarro León","Female","Valencia","","ES","M45-49","FIN","6:25:59","0:40:08","0:08:51","3:01:53","0:06:48","2:28:18","1899","1651","171","1157","1437","1258","128","1574","1399","152","1899","1651","171","23159","2408","531","10913","408","8898"
"679","Jane Furness","Female","Royal Leamington Spa","GB-WAR","GB","F30-34","FIN","6:26:01","0:39:36","0:08:03","3:04:42","0:06:57","2:26:43","1900","249","49","1540","1349","168","34","1615","184","35","1900","249","49","23161","2376","483","11082","417","8803"
"2008","José Maria Magre","Male","Palma de Mallorca","","ES","M50-54","FIN","6:26:03","0:41:39","0:06:43","3:11:46","0:04:50","2:21:05","1901","1652","153","1140","1628","1411","140","1802","1583","153","1901","1652","153","23163","2499","403","11506","290","8465"
"932","Johnnie Green","Male","FPO","US-NY","US","M50-54","FIN","6:26:07","0:41:06","0:11:44","3:08:52","0:07:12","2:17:13","1902","1653","154","1139","1572","1364","136","1828","1605","154","1902","1653","154","23167","2466","704","11332","432","8233"
"970","Antje Mothes","Female","Benshausen","DE-TH","DE","F55-59","FIN","6:26:24","0:43:28","0:08:58","3:00:43","0:07:21","2:25:54","1903","250","6","2191","1833","260","9","1643","190","6","1903","250","6","23184","2608","538","10843","441","8754"
"2297","Xoan Gonzalez Soto","Male","Churra","ES-MU","ES","M45-49","FIN","6:26:29","0:42:22","0:10:14","3:26:22","0:08:44","1:58:47","1904","1654","172","1148","1716","1478","154","2064","1779","189","1904","1654","172","23189","2542","614","12382","524","7127"
"2442","André Du Plessis","Male","Somerset West","Western Cape","ZA","M55-59","FIN","6:26:42","0:45:40","0:13:20","3:00:11","0:11:23","2:16:09","1905","1655","85","1163","1986","1688","90","1786","1569","84","1905","1655","85","23202","2740","800","10811","683","8169"
"1555","Sergio Martínez","Male","Porto","PT-13","ES","M35-39","FIN","6:26:43","0:43:31","0:08:19","3:32:16","0:08:53","1:53:43","1906","1656","212","980","1836","1575","197","2113","1799","230","1906","1656","212","23203","2611","499","12736","533","6823"
"1655","Karen Vella","Female","Zabbar","MT-Malta","MT","F35-39","FIN","6:26:47","0:48:43","0:11:36","3:38:12","0:09:36","1:38:40","1907","251","33","1763","2123","337","43","2198","348","44","1907","251","33","23207","2923","696","13092","576","5920"
"303","Mariana Treviño Fernández","Female","Madrid","Community of Madrid","MX","F25-29","FIN","6:26:57","0:42:37","0:08:15","3:22:54","0:07:19","2:05:52","1908","252","48","1355","1742","241","46","2013","272","51","1908","252","48","23217","2557","495","12174","439","7552"
"2099","Adam Berg","Male","Tarragona","","US","M50-54","FIN","6:26:59","0:39:45","0:12:50","3:20:15","0:07:51","2:06:16","1909","1657","155","1124","1383","1210","117","2003","1735","168","1909","1657","155","23219","2385","770","12015","471","7576"
"412","Lar Cleary","Male","Tipperary","Tipperary","IE","M55-59","FIN","6:27:01","0:44:43","0:13:31","3:20:27","0:09:37","1:58:44","1910","1658","86","1157","1927","1646","85","2059","1775","95","1910","1658","86","23221","2683","811","12027","577","7124"
"692","Janek Speight","Male","Berlin","","AU","M35-39","FIN","6:27:05","0:37:51","0:09:28","3:05:45","0:09:50","2:24:11","1911","1659","213","974","1063","939","119","1640","1452","189","1911","1659","213","23225","2271","568","11145","590","8651"
"1135","Jose Antonio Lacomba Rios","Male","València","ES-V","ES","M45-49","FIN","6:27:24","0:35:03","0:07:10","2:52:30","0:06:09","2:46:32","1912","1660","173","1132","602","522","47","1046","958","99","1912","1660","173","23244","2103","430","10350","369","9992"
"1638","Marco Pirani","Male","Gossolengo","PIACENZA","IT","M30-34","FIN","6:27:40","0:43:57","0:08:26","3:04:49","0:05:12","2:25:15","1913","1661","314","865","1871","1605","298","1743","1536","284","1913","1661","314","23260","2637","506","11089","312","8715"
"1294","Pierre-alexandre Montiel","Male","Nice","Provence-Alpes-Côte D'Azur","FR","M30-34","FIN","6:27:41","0:39:42","0:10:31","3:05:20","0:09:46","2:22:21","1914","1662","315","865","1371","1199","222","1710","1507","279","1914","1662","315","23261","2382","631","11120","586","8541"
"1929","Carlos Gomez Hernandez","Male","London","GB-ENG","ES","M60-64","FIN","6:27:50","0:48:36","0:08:19","3:13:57","0:09:05","2:07:52","1915","1663","39","1682","2119","1784","49","1980","1720","48","1915","1663","39","23270","2916","499","11637","545","7672"
"1248","Vladimir Kokic","Male","Sisak","HR-03","HR","M45-49","FIN","6:28:01","0:42:45","0:11:46","3:14:53","0:08:32","2:10:05","1916","1664","174","1121","1758","1515","157","1953","1699","179","1916","1664","174","23281","2565","706","11693","512","7805"
"644","Manuel Torreblanca","Male","Milano","IT-MI","DE","M55-59","FIN","6:28:06","0:38:03","0:08:23","3:03:29","0:06:00","2:32:11","1917","1665","87","1137","1109","979","45","1543","1379","70","1917","1665","87","23286","2283","503","11009","360","9131"
"2077","Claudio Ramirez","Male","Miami","US-FL","CA","M50-54","FIN","6:28:12","0:45:00","0:15:35","2:54:31","0:09:42","2:23:24","1918","1666","156","1102","1950","1660","158","1698","1497","143","1918","1666","156","23292","2700","935","10471","582","8604"
"705","Jose Ramon López Cambra","Male","valencia","Valencia","ES","M50-54","FIN","6:28:26","0:35:03","0:09:05","2:59:36","0:05:47","2:38:56","1919","1667","157","1097","601","521","43","1359","1220","112","1919","1667","157","23306","2103","545","10776","347","9536"
"490","Ryan White","Male","Ampthill","GB-BDF","GB","M25-29","FIN","6:28:28","0:43:02","0:07:02","3:20:09","0:04:40","2:13:36","1920","1668","297","861","1790","1542","273","1971","1713","296","1920","1668","297","23308","2582","422","12009","280","8016"
"2456","Phaola Carmen Conde Valencia","Female","Arequipa","Arequipa","PE","F35-39","FIN","6:29:00","0:53:28","0:07:23","3:20:59","0:04:06","2:03:03","1921","253","34","1723","2219","362","44","2094","306","37","1921","253","34","23340","3208","443","12059","246","7383"
"1260","Kasper Thorsøe","Male","Esbjerg","DK-83","DK","M35-39","FIN","6:29:00","0:45:24","0:11:23","3:19:44","0:09:37","2:02:51","1922","1669","214","939","1978","1682","212","2042","1763","222","1922","1669","214","23340","2724","683","11984","577","7371"
"1624","Alexander Ratnikov","Male","Apex","North Carolina","US","M35-39","FIN","6:29:16","0:47:22","0:07:09","3:29:42","0:10:25","1:54:39","1923","1670","215","934","2068","1746","221","2115","1800","231","1923","1670","215","23356","2842","429","12582","625","6879"
"2593","Vadim mocquant","Male","Lyon","FR-ARA","FR","M18-24","FIN","6:29:22","0:40:10","0:15:20","3:15:38","0:09:11","2:09:03","1924","1671","119","802","1440","1261","90","1983","1722","123","1924","1671","119","23362","2410","920","11738","551","7743"
"901","DAVID Baixauli Almenar","Male","Benetússer","","ES","M55-59","FIN","6:29:27","0:47:27","0:09:03","3:02:13","0:08:37","2:22:08","1925","1672","88","1113","2073","1751","93","1771","1557","83","1925","1672","88","23367","2847","543","10933","517","8528"
"1268","Daniel Horgan","Male","Co. Cork","Cork","IE","M25-29","FIN","6:29:31","0:44:42","0:11:16","3:09:25","0:07:01","2:17:07","1926","1673","298","842","1926","1645","292","1884","1649","283","1926","1673","298","23371","2682","676","11365","421","8227"
"1753","Sygne Dorenburg","Female","Dublin","IE-Dublin","DE","F40-44","FIN","6:29:45","0:40:32","0:15:28","3:12:40","0:10:19","2:10:46","1927","254","29","1673","1499","192","18","1942","254","27","1927","254","29","23385","2432","928","11560","619","7846"
"1409","Josefina Puelma Vasquez","Female","València","Community of Valencia","CL","F30-34","FIN","6:30:05","0:53:02","0:07:00","3:27:04","0:07:14","1:55:44","1928","255","50","1467","2212","359","66","2142","325","61","1928","255","50","23405","3182","420","12424","434","6944"
"1474","Ilinura Makhametova","Female","Almaty","Алматы","KZ","F35-39","FIN","6:30:06","0:39:15","0:08:20","3:20:42","0:08:58","2:12:51","1929","256","35","1703","1292","159","19","1934","251","33","1929","256","35","23406","2355","500","12042","538","7971"
"1302","Moran Gybels","Female","Leuven","BE-VBR","BE","F30-34","FIN","6:30:37","0:34:24","0:10:32","3:00:22","0:07:51","2:37:27","1930","257","51","1457","527","69","13","1410","146","27","1930","257","51","23437","2064","632","10822","471","9447"
"2592","Antoine Vernay","Male","Lyon","FR-69","FR","M18-24","FIN","6:30:49","0:41:00","0:14:06","3:20:10","0:06:02","2:09:32","1931","1674","120","776","1555","1352","100","2029","1754","126","1931","1674","120","23449","2460","846","12010","362","7772"
"789","Christelle Olive-Marchesi","Female","Savennieres ","MAINE-ET-LOIRE","FR","F50-54","FIN","6:30:51","0:44:57","0:07:29","3:22:09","0:04:23","2:11:53","1932","258","16","1578","1948","289","22","2020","274","19","1932","258","16","23451","2697","449","12129","263","7913"
"2144","Alberto Domínguez","Male","Pilar de la Horadada","ALACANT*","ES","M55-59","FIN","6:30:52","0:44:18","0:11:48","3:29:07","0:07:20","1:58:19","1933","1675","89","1088","1892","1618","80","2125","1805","96","1933","1675","89","23452","2658","708","12547","440","7099"
"1319","Carlos Clemente Collado","Male","Valencia","","ES","M40-44","FIN","6:30:56","0:41:24","0:10:28","3:03:34","0:09:47","2:25:42","1934","1676","193","759","1599","1385","164","1705","1502","176","1934","1676","193","23456","2484","628","11014","587","8742"
"2247","Annette Van Thienen","Female","Erembodegem","BE-VOV","BE","F40-44","FIN","6:31:16","0:46:39","0:10:00","3:22:55","0:07:33","2:04:09","1935","259","30","1646","2040","313","31","2072","289","31","1935","259","30","23476","2799","600","12175","453","7449"
"934","Paul Martin","Male","Puteaux","FR-Ile de France","GB","M50-54","FIN","6:31:27","0:41:37","0:08:23","3:09:45","0:10:55","2:20:46","1936","1677","158","1043","1623","1407","139","1793","1575","152","1936","1677","158","23487","2497","503","11385","655","8446"
"1217","Ellen Madden","Female","Manchester","GB-Manchester","GB","F30-34","FIN","6:31:40","0:40:23","0:07:11","3:23:28","0:06:12","2:14:26","1937","260","52","1439","1471","185","36","1982","261","52","1937","260","52","23500","2423","431","12208","372","8066"
"1856","Iñigo Ascorreta","Male","Madrid","Community of Madrid","ES","M30-34","FIN","6:31:47","0:49:43","0:13:52","3:19:46","0:08:55","1:59:32","1938","1678","316","791","2153","1811","330","2109","1797","330","1938","1678","316","23507","2983","832","11986","535","7172"
"1957","Gleb Tatur","Male","Valencia","ES-Valencia","ES","M35-39","FIN","6:32:04","0:39:19","0:16:01","3:04:05","0:09:35","2:23:04","1939","1679","216","884","1305","1143","148","1789","1572","203","1939","1679","216","23524","2359","961","11045","575","8584"
"2230","Albert Rodrigo Barnes","Male","Sant Feliu de Llobregat","ES-B","ES","M30-34","FIN","6:32:20","0:36:34","0:13:40","3:15:17","0:08:16","2:18:33","1940","1680","317","781","845","740","129","1887","1652","304","1940","1680","317","23540","2194","820","11717","496","8313"
"671","Tom Seeger","Male","Arni","CH-CH-BE","CH","M45-49","FIN","6:32:25","0:35:46","0:10:10","2:57:05","0:08:32","2:40:52","1941","1681","175","1042","708","618","59","1338","1201","132","1941","1681","175","23545","2146","610","10625","512","9652"
"1897","daniel mcmullen","Male","sligo","Sligo","IE","M25-29","FIN","6:32:26","0:43:47","0:09:48","3:28:48","0:06:16","2:03:47","1942","1682","299","790","1855","1591","283","2100","1791","312","1942","1682","299","23546","2627","588","12528","376","7427"
"426","Roberto Cutajar","Male","Gharghur","GHARGHUR","MT","M40-44","FIN","6:32:38","0:50:02","0:08:54","3:24:12","0:06:27","2:03:03","1943","1683","194","729","2162","1819","204","2107","1795","205","1943","1683","194","23558","3002","534","12252","387","7383"
"753","Alicia Heys","Female","Bristol","GB-ENG","GB","F18-24","FIN","6:32:39","0:43:50","0:09:07","3:38:19","0:07:08","1:54:15","1944","261","11","1256","1859","265","15","2172","337","19","1944","261","11","23559","2630","547","13099","428","6855"
"2426","Sami Bartlett","Male","Bedford","England","GB","M18-24","FIN","6:32:51","0:43:41","0:09:29","3:28:10","0:08:09","2:03:21","1945","1684","121","739","1848","1585","114","2091","1788","127","1945","1684","121","23571","2621","569","12490","489","7401"
"457","Juan Arias","Male","Mississauga","ON","VE","M45-49","FIN","6:32:54","0:42:00","0:07:46","3:18:08","0:07:15","2:17:45","1946","1685","176","1033","1671","1446","146","1924","1677","175","1946","1685","176","23574","2520","466","11888","435","8265"
"1000","Eilidh Gough","Female","Glasgow","GB-SCT","GB","F25-29","FIN","6:32:58","0:43:24","0:10:19","3:30:52","0:05:57","2:02:26","1947","262","49","1247","1828","259","52","2118","317","58","1947","262","49","23578","2604","619","12652","357","7346"
"1466","Pablo Pastor Ciurana","Male","Valencia ","","ES","M65-69","FIN","6:33:08","0:46:23","0:09:13","3:12:34","0:08:06","2:16:51","1948","1686","16","2242","2025","1719","20","1932","1682","16","1948","1686","16","23588","2783","553","11554","486","8211"
"1828","Ryan Connor","Male","Dublin","Ireland","IE","M18-24","FIN","6:33:22","0:41:10","0:08:59","3:11:58","0:05:47","2:25:27","1949","1687","122","730","1577","1369","102","1835","1611","114","1949","1687","122","23602","2470","539","11518","347","8727"
"1464","MARTA PASTOR PELLICER","Female","Valencia","ES-Comunidad Valenciana","ES","F40-44","FIN","6:33:25","0:43:14","0:09:31","3:29:46","0:07:01","2:03:54","1950","263","31","1607","1808","254","27","2102","311","34","1950","263","31","23605","2594","571","12586","421","7434"
"1645","Valentin Wagner","Male","London","GB-ENG","FR","M25-29","FIN","6:33:44","0:45:05","0:12:22","3:12:30","0:08:10","2:15:37","1951","1688","300","767","1957","1665","295","1964","1706","294","1951","1688","300","23624","2705","742","11550","490","8137"
"799","Mauricio Roberto Ibarra Villacís","Male","Quito","Pichincha","EC","M30-34","FIN","6:33:45","0:42:56","0:06:40","3:26:13","0:07:41","2:10:14","1952","1689","318","756","1777","1531","283","2035","1758","324","1952","1689","318","23625","2576","400","12373","461","7814"
"572","David Tunnicliffe","Male","Leicester","LEI","GB","M45-49","FIN","6:34:02","0:45:36","0:09:53","3:14:27","0:07:23","2:16:43","1953","1690","177","1013","1982","1686","176","1962","1704","182","1953","1690","177","23642","2736","593","11667","443","8203"
"382","Emma Hutchinson","Female","Cork","Cork","IE","F40-44","FIN","6:34:05","0:41:37","0:11:15","3:23:28","0:10:29","2:07:17","1954","264","32","1595","1625","217","22","2040","278","29","1954","264","32","23645","2497","675","12208","629","7637"
"1016","Erold Hoffmann","Male","Grevenbroich","NW","DE","M25-29","FIN","6:34:09","0:49:51","0:14:48","3:05:48","0:08:55","2:14:48","1955","1691","301","759","2157","1814","327","1976","1717","297","1955","1691","301","23649","2991","888","11148","535","8088"
"779","Laura Szilagyi","Female","Budapest","HU-BU","HU","F40-44","FIN","6:34:13","0:46:50","0:09:22","3:23:15","0:08:01","2:06:45","1956","265","33","1593","2047","315","32","2069","288","30","1956","265","33","23653","2810","562","12195","481","7605"
"1072","Miguel Chover Vidal","Male","El Puig (Valencia)","ES-V","ES","M50-54","FIN","6:34:20","0:44:48","0:09:42","3:09:12","0:08:55","2:21:43","1957","1692","159","991","1938","1656","157","1855","1628","159","1957","1692","159","23660","2688","582","11352","535","8503"
"196","Claudio Panichi","Male","Sassuolo","IT-MO","IT","M75-79","FIN","6:34:23","0:37:30","0:11:16","3:12:50","0:08:41","2:24:06","1958","1693","1","3500","1001","882","1","1825","1602","1","1958","1693","1","23663","2250","676","11570","521","8646"
"534","Javier Fernandez","Male","Zürich","CH-ZH","ES","M30-34","FIN","6:34:25","1:07:52","0:10:43","3:09:27","0:08:38","1:57:45","1959","1694","319","744","2268","1898","347","2146","1820","335","1959","1694","319","23665","4072","643","11367","518","7065"
"2436","Marc Estragues","Male","Sant Cugat del Valles","ES-B","ES","M25-29","FIN","6:34:34","0:41:02","0:10:08","3:24:45","0:07:35","2:11:03","1960","1695","302","752","1563","1359","246","2036","1759","305","1960","1695","302","23674","2462","608","12285","455","7863"
"1616","Ines Marco","Female","Segorbe","ES-CS","ES","F25-29","FIN","6:34:37","0:36:38","0:07:45","3:28:50","0:07:23","2:14:01","1961","266","50","1217","858","106","19","2008","270","50","1961","266","50","23677","2198","465","12530","443","8041"
"2431","Sonia Mobili","Female","CIVITANOVA MARCHE","Marche","IT","F55-59","FIN","6:34:40","0:44:25","0:08:08","3:38:20","0:08:35","1:55:11","1962","267","7","2042","1903","276","10","2170","335","13","1962","267","7","23680","2665","488","13100","515","6911"
"2382","Claude Tourtois","Male","Vigeois","FR-NAQ","FR","M60-64","FIN","6:34:55","0:44:13","0:16:32","3:07:13","0:07:01","2:19:56","1963","1696","40","1554","1885","1613","41","1925","1678","45","1963","1696","40","23695","2653","992","11233","421","8396"
"1170","Pablo León Tapiador","Male","Rivas-Vaciamadrid","MADRID","ES","M25-29","FIN","6:35:02","0:38:46","0:10:28","3:23:33","0:09:21","2:12:54","1964","1697","303","743","1222","1077","190","2002","1734","301","1964","1697","303","23702","2326","628","12213","561","7974"
"2296","Pablo Latorre Perez","Male","Madrid","ES-Community of Madrid","ES","M25-29","FIN","6:35:13","0:52:13","0:08:57","3:01:42","0:08:54","2:23:28","1965","1698","304","740","2203","1848","335","1846","1620","276","1965","1698","304","23713","3133","537","10902","534","8608"
"1847","William Wiedmer","Male","Rolle","Vaud","SZ","M18-24","FIN","6:35:30","0:46:53","0:13:56","3:02:43","0:07:36","2:24:22","1966","1699","123","700","2050","1735","123","1853","1626","117","1966","1699","123","23730","2813","836","10963","456","8662"
"883","jose perdomo","Male","valencia","ES-VALENCIA*","ES","M50-54","FIN","6:36:05","0:55:34","0:07:57","3:11:59","0:07:10","2:13:26","1967","1700","160","960","2237","1871","180","2031","1755","170","1967","1700","160","23765","3334","477","11519","430","8006"
"384","Deirdre Cronin","Female","Cork","Cork, Waterford","IE","F45-49","FIN","6:36:08","0:46:15","0:10:10","3:25:59","0:08:32","2:05:12","1968","268","33","1891","2018","304","36","2101","310","40","1968","268","33","23768","2775","610","12359","512","7512"
"2039","roberto zannini","Male","Padova","Veneto","IT","M50-54","FIN","6:36:12","0:43:37","0:11:09","3:07:35","0:07:11","2:26:41","1969","1701","161","958","1841","1579","152","1838","1613","156","1969","1701","161","23772","2617","669","11255","431","8801"
"1378","Arnaud Le Gall","Male","Neuilly-sur-Seine","FR-Île-de-France","FR","M35-39","FIN","6:36:13","0:42:21","0:11:14","2:57:44","0:09:22","2:35:32","1970","1702","217","809","1715","1477","189","1585","1410","181","1970","1702","217","23773","2541","674","10664","562","9332"
"935","Bernd Walzel","Male","Zug","CH-ZG","DE","M55-59","FIN","6:36:14","0:40:00","0:08:52","3:21:23","0:08:36","2:17:23","1971","1703","90","991","1415","1240","57","1974","1715","92","1971","1703","90","23774","2400","532","12083","516","8243"
"565","Marco Fratini","Male","Perugia","foreigner","IT","M50-54","FIN","6:36:23","0:33:32","0:08:16","3:06:39","0:04:39","2:43:17","1972","1704","162","954","433","379","28","1507","1348","131","1972","1704","162","23783","2012","496","11199","279","9797"
"2002","Jose Vicente Lucas Navarro","Male","nuremberg","BY","ES","M30-34","FIN","6:36:24","0:43:45","0:07:24","3:23:21","0:06:26","2:15:28","1973","1705","320","708","1853","1589","293","2019","1746","319","1973","1705","320","23784","2625","444","12201","386","8128"
"998","Luis García Gascón","Male","València","ES-Valencia","ES","M25-29","FIN","6:36:28","0:57:18","0:07:05","3:20:27","0:06:05","2:05:32","1974","1706","305","717","2248","1881","338","2121","1802","315","1974","1706","305","23788","3438","425","12027","365","7532"
"1300","Dean Inocco","Male","Kettlewell","North Yorkshire","GB","M40-44","FIN","6:36:31","0:35:49","0:05:41","3:16:35","0:06:48","2:31:37","1975","1707","195","700","713","623","76","1761","1549","179","1975","1707","195","23791","2149","341","11795","408","9097"
"1648","Mauricio Garrido Mallagray","Male","Madrid","ES-M","ES","M30-34","FIN","6:36:40","0:36:40","0:14:17","3:34:44","0:09:03","2:01:56","1976","1708","321","703","864","758","134","2130","1810","332","1976","1708","321","23800","2200","857","12884","543","7316"
"888","Edward Hook","Male","Denham","GB-BKM","GB","M18-24","FIN","6:36:43","0:44:07","0:10:57","3:08:44","0:08:19","2:24:36","1977","1709","124","700","1878","1609","115","1858","1631","118","1977","1709","124","23803","2647","657","11324","499","8676"
"266","Pavel Rastopshin","Male","Moscow","MOSKVA","","M45-49","FIN","6:36:44","0:46:03","0:15:08","3:13:47","0:14:39","2:07:07","1978","1710","178","964","2006","1705","178","2025","1750","186","1978","1710","178","23804","2763","908","11627","879","7627"
"1581","Natalie Anelli","Female","Balham","GB-ENG","GB","F40-44","FIN","6:36:44","0:44:56","0:09:36","3:32:07","0:10:29","1:59:36","1979","269","34","1548","1946","287","28","2140","323","36","1979","269","34","23804","2696","576","12727","629","7176"
"576","Louise Woodland","Female","St. Mary","NJ","JE","F45-49","FIN","6:36:44","0:36:05","0:06:49","3:14:23","0:09:11","2:30:17","1980","270","34","1880","757","96","8","1746","208","23","1980","270","34","23804","2165","409","11663","551","9017"
"2425","Adrian Ferrer","Male","Paiporta","Community of Valencia","ES","M25-29","FIN","6:36:47","0:39:25","0:10:00","3:11:30","0:08:15","2:27:37","1981","1711","306","712","1322","1158","207","1814","1592","273","1981","1711","306","23807","2365","600","11490","495","8857"
"2042","Andrey Severyukhin","Male","Limassol","LARNAKA","CY","M40-44","FIN","6:36:56","0:44:15","0:10:00","3:19:58","0:07:29","2:15:13","1982","1712","196","700","1889","1615","187","2018","1745","202","1982","1712","196","23816","2655","600","11998","449","8113"
"1445","Thierry Kuntz","Male","Clamart","","FR","M65-69","FIN","6:37:09","0:42:47","0:14:52","3:19:57","0:10:20","2:09:13","1983","1713","17","2170","1767","1522","14","2052","1769","19","1983","1713","17","23829","2567","892","11997","620","7753"
"1380","David De Jong","Male","Ouderkerk Aan De Amstel","North Holland","NL","M50-54","FIN","6:37:10","0:44:29","0:09:46","3:01:41","0:05:56","2:35:18","1984","1714","163","940","1905","1628","155","1717","1512","145","1984","1714","163","23830","2669","586","10901","356","9318"
"2288","Sergio Pérez Alonso","Male","Guadalajara","ES-CM","ES","M30-34","FIN","6:37:21","0:39:16","0:10:27","3:29:44","0:07:28","2:10:25","1985","1715","322","700","1296","1136","208","2070","1782","325","1985","1715","322","23841","2356","627","12584","448","7825"
"1288","Alain Caron","Male","Saint-Alphonse-Rodriguez","QC","CA","M45-49","FIN","6:37:30","0:35:34","0:06:10","3:00:58","0:06:04","2:48:44","1986","1716","179","950","677","591","55","1330","1194","130","1986","1716","179","23850","2134","370","10858","364","10124"
"1943","Raul Castañeda","Male","Madrid","ES-MD","ES","M30-34","FIN","6:37:41","0:41:28","0:08:10","3:35:39","0:07:48","2:04:36","1987","1717","323","700","1611","1397","252","2126","1806","331","1987","1717","323","23861","2488","490","12939","468","7476"
"2213","Javier Merino Ingelmo","Male","Sevilla","","ES","M40-44","FIN","6:37:43","0:48:00","0:10:19","3:12:55","0:08:18","2:18:12","1988","1718","197","700","2093","1764","199","1984","1723","201","1988","1718","197","23863","2880","619","11575","498","8292"
"1767","Albert Navarro Garcia","Male","Barcelona","Barcelona","ES","M50-54","FIN","6:37:57","0:49:56","0:08:28","3:31:27","0:07:41","2:00:26","1989","1719","164","926","2160","1817","174","2166","1832","176","1989","1719","164","23877","2996","508","12687","461","7226"
"1212","James Taylor","Male","Standish","GB-LAN","GB","M35-39","FIN","6:38:11","0:38:34","0:08:41","2:39:23","0:04:47","3:06:45","1990","1720","218","774","1199","1055","141","808","747","108","1990","1720","218","23891","2314","521","9563","287","11205"
"455","Cirsty Moseley","Female","St Brelade","GB-GBN","JE","F45-49","FIN","6:38:13","0:43:18","0:11:37","3:09:54","0:10:28","2:22:56","1991","271","35","1853","1819","257","30","1874","230","29","1991","271","35","23893","2598","697","11394","628","8576"
"2568","Marta Rebollo Simarro","Female","Cadiz","ES-CA","ES","F30-34","FIN","6:38:20","0:44:50","0:07:18","3:14:22","0:07:22","2:24:28","1992","272","53","1319","1940","283","51","1898","237","45","1992","272","53","23900","2690","438","11662","442","8668"
"617","Kinarei Yazot","Female","Valencia","ES-V","PF","F18-24","FIN","6:38:32","0:44:07","0:06:29","3:11:36","0:05:47","2:30:33","1993","273","12","1151","1876","268","16","1837","225","11","1993","273","12","23912","2647","389","11496","347","9033"
"593","Noah Gasser","Male","Bern","Bern","CH","M25-29","FIN","6:38:41","0:46:38","0:07:38","3:02:25","0:05:44","2:36:16","1994","1721","307","700","2039","1727","307","1735","1528","261","1994","1721","307","23921","2798","458","10945","344","9376"
"2040","Alessandro Soffiato","Male","PADOVA","IT-PD","IT","M50-54","FIN","6:38:47","0:46:07","0:09:25","3:09:04","0:06:09","2:28:01","1995","1722","165","911","2012","1711","166","1867","1640","160","1995","1722","165","23927","2767","565","11344","369","8881"
"434","Kathleen Gillies","Female","Jersey","GB-UKM","JE","F65-69","FIN","6:39:06","0:41:56","0:09:03","3:15:49","0:05:52","2:26:27","1996","274","2","2498","1661","224","2","1905","241","2","1996","274","2","23946","2516","543","11749","352","8787"
"523","David Moreno Darocas","Male","Valencia","Community of Valencia","ES","M25-29","FIN","6:39:11","0:34:13","0:10:25","3:23:47","0:06:32","2:24:14","1997","1723","308","700","509","447","74","1937","1684","290","1997","1723","308","23951","2053","625","12227","392","8654"
"1100","Apolline Dousse","Female","Lausanne","Vaud","CH","F25-29","FIN","6:39:28","0:44:15","0:12:25","3:24:26","0:08:20","2:10:02","1998","275","51","1130","1888","274","54","2089","302","55","1998","275","51","23968","2655","745","12266","500","7802"
"354","Gevork Komissarouk","Male","Санкт-Петербург","Northwestern Federal District","","M30-34","FIN","6:39:28","0:41:45","0:13:22","3:15:08","0:10:55","2:18:19","1999","1724","324","700","1641","1423","257","1973","1714","313","1999","1724","324","23968","2505","802","11708","655","8299"
"738","Monika Vajda","Female","Dunakeszi","HU-PE","HU","F50-54","FIN","6:39:50","0:50:45","0:13:04","3:15:35","0:08:33","2:11:52","2000","276","17","1417","2178","348","27","2068","287","20","2000","276","17","23990","3045","784","11735","513","7912"
"580","Serhii Samedov","Male","Sant Just Desvern","ES-B","UA","M40-44","FIN","6:40:03","0:40:50","0:09:45","3:10:51","0:07:05","2:31:33","2001","1725","198","700","1529","1331","159","1822","1599","185","2001","1725","198","24003","2450","585","11451","425","9093"
"1494","Alex Gorokhov","Male","LONDON","GB-ENG","GB","M30-34","FIN","6:40:08","0:38:46","0:09:39","3:23:24","0:09:20","2:18:59","2002","1726","325","700","1223","1078","193","1994","1727","317","2002","1726","325","24008","2326","579","12204","560","8339"
"474","Natasa Marjanovic","Female","Belgrade","RS-Central Serbia","RS","F45-49","FIN","6:40:10","0:44:53","0:09:11","3:17:25","0:08:32","2:20:08","2003","277","36","1818","1944","285","33","1990","265","33","2003","277","36","24010","2693","551","11845","512","8408"
"719","Chris Cartlidge","Male","Marlbrook","GB-England","GB","M35-39","FIN","6:40:28","0:35:27","0:08:32","3:19:50","0:07:24","2:29:15","2004","1727","219","733","659","575","78","1859","1632","211","2004","1727","219","24028","2127","512","11990","444","8955"
"571","Michele Taetti","Male","Valencia","Community of Valencia","ES","M50-54","FIN","6:40:47","0:51:45","0:13:01","2:52:22","0:07:47","2:35:52","2005","1728","166","875","2193","1841","177","1742","1535","148","2005","1728","166","24047","3105","781","10342","467","9352"
"1478","VITALIY KROKHMALNYI","Male","VALENCIA","ES-V","UA","M45-49","FIN","6:40:50","0:39:55","0:07:31","3:11:38","0:09:09","2:32:37","2006","1729","180","890","1405","1230","123","1781","1566","166","2006","1729","180","24050","2395","451","11498","549","9157"
"2354","Noemi Villar Glass","Female","Ashburn","US-VA","US","F18-24","FIN","6:40:54","0:38:23","0:10:53","3:27:37","0:09:26","2:14:36","2007","278","13","1108","1170","137","8","2045","281","16","2007","278","13","24054","2303","653","12457","566","8076"
"2467","Felipe Alexandre","Male","Madrid ","Madrid ","BR","M30-34","FIN","6:40:55","0:45:08","0:08:55","3:25:24","0:07:10","2:14:18","2008","1730","326","700","1960","1667","306","2071","1783","326","2008","1730","326","24055","2708","535","12324","430","8058"
"304","Alfonso Castillo","Male","Madrid","ES-Community of Madrid","GT","M30-34","FIN","6:41:01","0:35:20","0:09:09","3:07:46","0:05:35","2:43:12","2009","1731","327","700","645","561","93","1612","1429","258","2009","1731","327","24061","2120","549","11266","335","9792"
"984","Orlando Becerra Pérez","Male","Alcobendas","Madrid","VE","M40-44","FIN","6:41:03","0:33:53","0:09:01","3:08:13","0:06:59","2:42:58","2010","1732","199","700","474","413","44","1581","1406","164","2010","1732","199","24063","2033","541","11293","419","9778"
"459","Arnau Pla Arlandis","Male","Alboraia","ES-V","ES","M18-24","FIN","6:41:05","0:33:37","0:09:22","3:07:42","0:07:32","2:42:52","2011","1733","125","700","440","385","26","1566","1392","94","2011","1733","125","24065","2017","562","11262","452","9772"
"2117","James Mcdiarmid","Male","Callington","GB-CON","GB","M60-64","FIN","6:41:09","0:49:19","0:12:07","2:48:35","0:16:00","2:35:08","2012","1734","41","1442","2138","1796","51","1547","1382","35","2012","1734","41","24069","2959","727","10115","960","9308"
"1896","Antonio Rodríguez Gestoso","Male","Cádiz","Andalusia","ES","M60-64","FIN","6:41:18","0:41:13","0:10:15","3:17:17","0:13:34","2:18:59","2013","1735","42","1439","1583","1374","30","1943","1689","46","2013","1735","42","24078","2473","615","11837","814","8339"
"1427","Paul Stannard","Male","Thorpe bay","GB-ESS","GB","M60-64","FIN","6:41:22","0:36:29","0:08:32","2:59:26","0:07:55","2:49:00","2014","1736","43","1438","828","724","16","1382","1238","28","2014","1736","43","24082","2189","512","10766","475","10140"
"560","Emma Need","Female","Nijmegen","Gelderland","NL","F25-29","FIN","6:41:38","0:45:11","0:12:59","3:35:43","0:07:50","1:59:55","2015","279","52","1091","1964","294","57","2185","341","63","2015","279","52","24098","2711","779","12943","470","7195"
"465","Sam Horsfall","Female","St. Brelade","","JE","F55-59","FIN","6:41:50","0:39:07","0:14:21","3:11:15","0:08:38","2:28:29","2016","280","8","1913","1271","153","4","1870","229","7","2016","280","8","24110","2347","861","11475","518","8909"
"1893","Micheal Broaders","Male","Sligo","Sligo","IE","M18-24","FIN","6:41:58","0:39:41","0:09:22","3:11:45","0:09:50","2:31:20","2017","1737","126","700","1366","1194","84","1810","1589","113","2017","1737","126","24118","2381","562","11505","590","9080"
"854","Jake Thompson","Male","Bristol","North Somerset","GB","M25-29","FIN","6:42:00","0:44:40","0:07:44","3:02:46","0:06:02","2:40:48","2018","1738","309","700","1924","1644","291","1701","1499","257","2018","1738","309","24120","2680","464","10966","362","9648"
"1169","Joachim Sittauer","Male","Zürich","CH-ZH","DE","M60-64","FIN","6:42:31","0:42:00","0:13:35","3:01:23","0:11:21","2:34:13","2019","1739","44","1417","1668","1444","33","1739","1532","41","2019","1739","44","24151","2520","815","10883","681","9253"
"1915","Jack Yeoman","Male","London","England","GB","M30-34","FIN","6:42:35","0:42:20","0:11:14","3:19:50","0:09:31","2:19:40","2020","1740","328","700","1714","1476","268","2011","1741","318","2020","1740","328","24155","2540","674","11990","571","8380"
"1293","Dennis Van Cotthem","Male","Sint-Niklaas","","BE","M45-49","FIN","6:42:48","0:42:19","0:16:32","3:00:08","0:09:33","2:34:15","2021","1741","181","855","1712","1474","153","1776","1561","165","2021","1741","181","24168","2539","992","10808","573","9255"
"1328","Edward Broadley","Male","Milton Keynes","GB-ENG","GB","M18-24","FIN","6:42:56","0:35:18","0:11:52","3:08:34","0:12:00","2:35:11","2022","1742","127","700","643","559","36","1714","1509","104","2022","1742","127","24176","2118","712","11314","720","9311"
"1092","Robbie Nairn","Male","Greasby","MSY","GB","M25-29","FIN","6:42:58","0:33:33","0:10:59","3:29:41","0:07:00","2:21:46","2023","1743","310","700","434","380","60","2017","1744","302","2023","1743","310","24178","2013","659","12581","420","8506"
"1635","Francesco Zavattoni","Male","Piacenza","","IT","M45-49","FIN","6:43:13","0:48:36","0:13:49","3:03:17","0:06:14","2:31:18","2024","1744","182","847","2118","1783","188","1890","1654","171","2024","1744","182","24193","2916","829","10997","374","9078"
"628","Simon Reitter","Male","Cheltenham","Gloucestershire","GB","M50-54","FIN","6:43:20","0:38:16","0:10:39","3:09:50","0:09:11","2:35:24","2025","1745","167","829","1152","1018","100","1772","1558","150","2025","1745","167","24200","2296","639","11390","551","9324"
"728","Jonathan Miller","Male","Swindon","GB-AU-VIC","GB","M60-64","FIN","6:43:21","0:31:46","0:10:16","3:08:58","0:08:00","2:44:22","2026","1746","45","1402","263","227","2","1579","1404","36","2026","1746","45","24201","1906","616","11338","480","9862"
"1203","Oskar Pienkowski","Male","Zawonia","dolnośląskie","PL","M25-29","FIN","6:43:39","0:40:37","0:10:20","3:12:06","0:13:14","2:27:23","2027","1747","311","700","1508","1315","239","1848","1622","278","2027","1747","311","24219","2437","620","11526","794","8843"
"860","Andrei Bucreev","Male","Galizano","CANTABRIA","MD","M45-49","FIN","6:43:42","0:49:55","0:13:55","3:14:09","0:10:21","2:15:23","2028","1748","183","839","2159","1816","193","2055","1772","187","2028","1748","183","24222","2995","835","11649","621","8123"
"1945","Jaime Piñar Lannes","Male","Sevilla","Sevilla","ES","M30-34","FIN","6:44:01","0:39:05","0:11:20","3:18:09","0:05:55","2:29:31","2029","1749","329","700","1267","1115","204","1940","1687","309","2029","1749","329","24241","2345","680","11889","355","8971"
"348","Magnus Jens Hjaltested","Male","Kópavogur","IS-1","IS","M50-54","FIN","6:44:06","0:40:21","0:11:07","3:15:54","0:06:42","2:30:02","2030","1750","168","815","1463","1281","126","1918","1671","163","2030","1750","168","24246","2421","667","11754","402","9002"
"764","Janet Brooks","Female","Ayr","GB-SCT","GB","F55-59","FIN","6:44:14","0:42:58","0:11:18","3:26:47","0:09:23","2:13:47","2031","281","9","1870","1780","247","8","2088","301","10","2031","281","9","24254","2578","678","12407","563","8027"
"559","Annabel Roberts","Female","St Helier","GB-GBN","JE","F50-54","FIN","6:44:16","0:47:31","0:10:31","3:13:35","0:09:41","2:23:00","2032","282","18","1337","2075","323","25","1993","267","18","2032","282","18","24256","2851","631","11615","581","8580"
"1287","Alisson Frenda","Female","Sprimont","Walloon Region","BE","F35-39","FIN","6:44:32","0:47:53","0:11:52","3:29:21","0:06:13","2:09:13","2033","283","36","1443","2084","326","41","2159","331","39","2033","283","36","24272","2873","712","12561","373","7753"
"470","Christian Arevalo","Male","valencia","ES-VC","EC","M25-29","FIN","6:44:32","0:47:23","0:07:40","3:32:57","0:05:36","2:10:57","2034","1751","312","700","2069","1747","313","2145","1819","322","2034","1751","312","24272","2843","460","12777","336","7857"
"388","Aine Delaney","Female","Youghal","IE-Cork","IE","F40-44","FIN","6:44:43","0:42:36","0:07:03","3:30:23","0:09:07","2:15:34","2035","284","35","1404","1740","240","24","2078","294","32","2035","284","35","24283","2556","423","12623","547","8134"
"2093","Darren Carby","Male","London","England","GB","M35-39","FIN","6:44:49","0:48:30","0:11:04","3:10:20","0:12:14","2:22:41","2036","1752","220","700","2113","1779","226","1961","1703","219","2036","1752","220","24289","2910","664","11420","734","8561"
"2360","Julia Gómez Sanz","Female","Torrelodones","ES-M","ES","F45-49","FIN","6:45:25","0:39:35","0:14:54","3:24:34","0:11:14","2:15:07","2037","285","37","1724","1346","166","16","2066","286","36","2037","285","37","24325","2375","894","12274","674","8107"
"2362","Vanesa Oleart Castellano","Female","Torrelodones","ES-M","ES","F50-54","FIN","6:45:31","0:37:07","0:17:27","3:03:34","0:32:16","2:15:07","2038","286","19","1314","947","116","8","1762","213","14","2038","286","19","24331","2227","1047","11014","1936","8107"
"2522","Alejandro Salamanca","Male","Madrid","","ES","M35-39","FIN","6:45:35","0:48:11","0:12:07","3:28:36","0:07:25","2:09:16","2039","1753","221","700","2107","1773","224","2158","1828","233","2039","1753","221","24335","2891","727","12516","445","7756"
"772","Jose Lopez Loya","Male","Morelia","MX-MIC","MX","M40-44","FIN","6:45:51","0:33:59","0:09:24","3:18:04","0:08:36","2:35:48","2040","1754","200","700","482","421","46","1823","1600","186","2040","1754","200","24351","2039","564","11884","516","9348"
"2033","Nicola Lissi","Male","Padova","IT-PD","IT","M50-54","FIN","6:45:56","0:43:42","0:12:23","3:06:36","0:10:25","2:32:49","2041","1755","169","782","1850","1586","153","1844","1618","158","2041","1755","169","24356","2622","743","11196","625","9169"
"425","Ihor Skakovskyi","Male","Kharkiv","Kharkiv Oblast","UA","M35-39","FIN","6:46:02","0:42:19","0:14:31","3:22:00","0:09:32","2:17:40","2042","1756","222","700","1711","1473","188","2061","1777","225","2042","1756","222","24362","2539","871","12120","572","8260"
"1509","kristian snijder","Male","Emmen","drenthe","NL","M30-34","FIN","6:46:17","0:49:22","0:11:51","3:07:54","0:09:30","2:27:39","2043","1757","330","700","2140","1798","325","1948","1694","311","2043","1757","330","24377","2962","711","11274","570","8859"
"2181","Miguel Escamilla Pérez","Male","València","Community of Valencia","ES","M30-34","FIN","6:46:25","0:42:43","0:11:29","3:04:11","0:06:55","2:41:06","2044","1758","331","700","1754","1511","276","1767","1553","286","2044","1758","331","24385","2563","689","11051","415","9666"
"438","Alessia Lai","Female","Horley","GB-England","GB","F18-24","FIN","6:46:28","0:42:12","0:07:14","3:29:14","0:11:06","2:16:41","2045","287","14","1008","1690","230","13","2058","284","17","2045","287","14","24388","2532","434","12554","666","8201"
"1569","Henrik Giil Liisberg","Male","Oslo","NO-03","NO","M25-29","FIN","6:46:40","0:39:19","0:11:10","3:18:51","0:11:28","2:25:53","2046","1759","313","700","1307","1145","204","1950","1696","292","2046","1759","313","24400","2359","670","11931","688","8753"
"532","Cathy Roberts","Female","Princes Risborough","BUCKS","GB","F55-59","FIN","6:46:43","0:48:10","0:09:17","3:26:14","0:05:30","2:17:32","2047","288","10","1825","2105","333","14","2112","314","11","2047","288","10","24403","2890","557","12374","330","8252"
"2267","Edward Hickey","Male","Walton-on-Thames","England","JP","M25-29","FIN","6:47:05","0:48:49","0:13:24","3:26:16","0:07:29","2:11:06","2048","1760","314","700","2126","1789","321","2153","1827","326","2048","1760","314","24425","2929","804","12376","449","7866"
"1402","Monique King","Female","London","GB-ENG","NZ","F30-34","FIN","6:47:08","0:46:14","0:11:31","3:22:45","0:13:56","2:12:42","2049","289","54","1160","2017","303","56","2080","296","56","2049","289","54","24428","2774","691","12165","836","7962"
"1087","Valerie Demarzo","Female","Nashville","TN","US","F25-29","FIN","6:47:11","0:47:06","0:09:12","3:23:19","0:12:23","2:15:11","2050","290","53","991","2058","320","59","2073","290","54","2050","290","53","24431","2826","552","12199","743","8111"
"1382","Mathilde Jeakings","Female","Llanfrechfa","GB-WLS","GB","F30-34","FIN","6:47:15","0:42:09","0:15:44","3:22:43","0:13:56","2:12:42","2051","291","55","1158","1685","229","42","2084","298","57","2051","291","55","24435","2529","944","12163","836","7962"
"620","Laura Conway","Female","Dundee","GB-SCT","","F60-64","FIN","6:47:24","0:42:59","0:08:33","3:25:01","0:07:34","2:23:17","2052","292","7","1916","1781","248","7","2043","280","7","2052","292","7","24444","2579","513","12301","454","8597"
"2076","Max Lever","Male","London","GTM","GB","M30-34","FIN","6:47:24","0:42:54","0:09:47","3:33:53","0:08:52","2:11:59","2053","1761","332","700","1773","1527","281","2138","1816","333","2053","1761","332","24444","2574","587","12833","532","7919"
"785","Frédéric Stuerga","Male","Nice","FR-06","FR","M40-44","FIN","6:47:25","0:54:32","0:09:11","3:04:52","0:05:57","2:32:54","2054","1762","201","700","2229","1864","209","1939","1686","197","2054","1762","201","24445","3272","551","11092","357","9174"
"252","Carol Mathews","Female","Buckingham","GB-BKM","GB","F60-64","FIN","6:47:35","0:46:36","0:07:53","3:22:34","0:07:38","2:22:54","2055","293","8","1913","2036","311","9","2048","282","8","2055","293","8","24455","2796","473","12154","458","8574"
"1916","Loredana Costantino","Female","Palermo","IT-PA","IT","F45-49","FIN","6:47:42","0:40:55","0:08:42","3:39:08","0:06:05","2:12:53","2056","294","38","1683","1540","200","19","2157","330","43","2056","294","38","24462","2455","522","13148","365","7973"
"1335","Ross Johnson","Male","Newbury","England","GB","M40-44","FIN","6:47:42","0:46:26","0:11:38","3:11:20","0:06:29","2:31:50","2057","1763","202","700","2030","1722","198","1952","1698","199","2057","1763","202","24462","2786","698","11480","389","9110"
"2157","Agustin Berezibar Oiartzabal","Male","DONOSTIA-SAN SEBASTIAN","","ES","M60-64","FIN","6:47:50","0:36:23","0:09:56","3:02:39","0:06:57","2:51:55","2058","1764","46","1322","814","712","14","1517","1357","33","2058","1764","46","24470","2183","596","10959","417","10315"
"1343","Sebastian Van Aerde","Male","Gulpen ","","NL","M35-39","FIN","6:48:38","0:47:05","0:15:43","2:42:37","0:13:33","2:49:39","2059","1765","223","700","2056","1737","219","1415","1269","163","2059","1765","223","24518","2825","943","9757","813","10179"
"1854","Anibal Vera Domínguez","Male","Madrid","Community of Madrid","ES","M35-39","FIN","6:48:40","0:41:58","0:13:42","3:25:22","0:09:55","2:17:42","2060","1766","224","700","1664","1440","184","2087","1787","227","2060","1766","224","24520","2518","822","12322","595","8262"
"626","Kjell Temmerman","Male","Deurne","BE-VAN","BE","M45-49","FIN","6:48:50","0:38:39","0:12:10","3:19:13","0:09:50","2:28:58","2061","1767","184","746","1211","1066","105","1966","1708","183","2061","1767","184","24530","2319","730","11953","590","8938"
"2074","Natalia guzman amores","Female","London","GB-ENG","ES","F25-29","FIN","6:48:56","0:55:12","0:09:49","3:20:03","0:10:15","2:13:38","2062","295","54","959","2233","366","67","2124","320","59","2062","295","54","24536","3312","589","12003","615","8018"
"1523","Madison Coakley","Female","VIRGINIA BCH","VA","US","F25-29","FIN","6:48:58","0:41:54","0:10:16","3:05:37","0:10:42","2:40:28","2063","296","55","959","1660","223","45","1754","211","40","2063","296","55","24538","2514","616","11137","642","9628"
"769","David Panesso","Male","Buga","CO-VAC","CO","M35-39","FIN","6:49:01","0:49:30","0:09:28","3:14:22","0:09:10","2:26:31","2064","1768","225","700","2148","1806","229","2009","1739","221","2064","1768","225","24541","2970","568","11662","550","8791"
"2404","Yve Kindargi","Female","London","England","CA","F30-34","FIN","6:49:10","0:43:15","0:11:04","3:27:18","0:07:25","2:20:09","2065","297","56","1124","1815","255","46","2093","305","58","2065","297","56","24550","2595","664","12438","445","8409"
"875","Faye Suurmond","Female","Edam","North Holland","NL","F18-24","FIN","6:49:19","0:41:12","0:11:31","3:06:45","0:08:38","2:41:15","2066","298","15","956","1579","209","12","1790","218","10","2066","298","15","24559","2472","691","11205","518","9675"
"2010","Hannah Brown","Female","ELLON","GB-SCT","GB","F35-39","FIN","6:49:20","0:42:16","0:07:17","3:18:28","0:06:48","2:34:30","2067","299","37","1357","1706","237","30","1929","248","32","2067","299","37","24560","2536","437","11908","408","9270"
"1568","Glenn Chapman","Male","Armagh","GB-NIR","IE","M40-44","FIN","6:49:27","0:51:46","0:08:53","3:07:03","0:08:47","2:32:59","2068","1769","203","700","2194","1842","208","1922","1675","195","2068","1769","203","24567","3106","533","11223","527","9179"
"873","Sabine Maria Scherer","Female","Perl","DE-SL","DE","F50-54","FIN","6:49:32","0:42:31","0:11:13","3:30:45","0:08:13","2:16:50","2069","300","20","1242","1731","239","17","2117","316","23","2069","300","20","24572","2551","673","12645","493","8210"
"1369","Greg Jasionek","Male","Cork","Cork","IE","M40-44","FIN","6:49:59","0:42:44","0:10:27","2:59:25","0:08:44","2:48:38","2070","1770","204","700","1757","1514","181","1624","1438","166","2070","1770","204","24599","2564","627","10765","524","10118"
"2055","Henrik Herrmann","Male","Düsseldorf","NRW","DE","M25-29","FIN","6:50:06","0:43:38","0:08:52","3:09:02","0:06:02","2:42:32","2071","1771","315","700","1843","1581","282","1824","1601","275","2071","1771","315","24606","2618","532","11342","362","9752"
"811","Hana Turia","Female","Saint Lyphard","Pays de la Loire","AU","F25-29","FIN","6:50:23","0:40:27","0:10:37","3:17:14","0:09:54","2:32:12","2072","301","56","933","1488","189","38","1935","252","48","2072","301","56","24623","2427","637","11834","594","9132"
"390","Billy Carr","Male","Conna","Cork","IE","M65-69","FIN","6:50:31","0:43:08","0:13:45","3:08:02","0:09:34","2:36:02","2073","1772","18","1929","1799","1549","16","1875","1645","15","2073","1772","18","24631","2588","825","11282","574","9362"
"528","Alanis Reyna","Female","Gurabo","PR","PR","F25-29","FIN","6:50:44","0:49:01","0:12:04","3:17:45","0:06:24","2:25:31","2074","302","57","927","2131","340","62","2062","285","53","2074","302","57","24644","2941","724","11865","384","8731"
"2413","Michel Laboureyras","Male","Saint julien de coppel","","FR","M55-59","FIN","6:50:45","0:35:47","0:08:30","3:09:35","0:07:50","2:49:03","2075","1773","91","730","710","620","27","1667","1473","78","2075","1773","91","24645","2147","510","11375","470","10143"
"318","Patrick O Donovan","Male","co cork","Cork","IE","M45-49","FIN","6:51:04","0:42:43","0:09:19","3:51:19","0:08:27","1:59:16","2076","1774","185","706","1753","1510","156","2215","1864","195","2076","1774","185","24664","2563","559","13879","507","7156"
"1054","Liza Angell","Female","Fairfax","VA","US","F18-24","FIN","6:51:22","0:38:00","0:09:43","3:26:28","0:08:50","2:28:21","2077","303","16","920","1096","127","7","2016","273","14","2077","303","16","24682","2280","583","12388","530","8901"
"2150","Rémi Dupouy","Male","Biarritz","FR-NAQ","FR","M45-49","FIN","6:51:23","0:46:23","0:09:59","3:13:15","0:08:47","2:33:00","2078","1775","186","700","2026","1720","180","1955","1700","180","2078","1775","186","24683","2783","599","11595","527","9180"
"2155","Anastasia Darrobers","Female","Biarritz","","FR","F30-34","FIN","6:51:29","0:46:29","0:10:02","3:13:12","0:08:46","2:33:00","2079","304","57","1082","2033","310","57","1956","256","51","2079","304","57","24689","2789","602","11592","526","9180"
"896","Catherine Mcnamara","Female","Harpenden","HRT","GB","F45-49","FIN","6:51:36","0:41:04","0:14:07","3:31:04","0:11:21","2:14:02","2080","305","39","1613","1570","208","23","2134","321","41","2080","305","39","24696","2464","847","12664","681","8042"
"710","Elena Dehaen","Female","Boechout","Flemish Region","BE","F18-24","FIN","6:51:42","0:46:36","0:08:10","3:18:08","0:10:35","2:28:13","2081","306","17","914","2037","312","20","2004","269","13","2081","306","17","24702","2796","490","11888","635","8893"
"983","Lucia Bocchini","Female","Foligno","IT-PG","IT","F55-59","FIN","6:52:03","0:48:07","0:07:27","3:19:41","0:06:14","2:30:35","2082","307","11","1729","2103","332","13","2030","276","9","2082","307","11","24723","2887","447","11981","374","9035"
"1413","Emma MERCADAL","Female","Moncada","Valencia","FR","F25-29","FIN","6:52:07","0:40:30","0:12:13","3:31:24","0:14:13","2:13:47","2083","308","58","902","1494","191","39","2114","315","57","2083","308","58","24727","2430","733","12684","853","8027"
"1997","Kuanysh Abpassov","Male","Madrid","Community of Madrid","KZ","M40-44","FIN","6:52:38","0:44:43","0:14:05","3:31:03","0:15:12","2:07:34","2084","1776","205","700","1928","1647","193","2167","1833","209","2084","1776","205","24758","2683","845","12663","912","7654"
"1274","Nicole Grode","Female","51149","NRW","DE","F30-34","FIN","6:52:41","0:46:57","0:09:53","3:27:54","0:08:52","2:19:05","2085","309","58","1060","2053","317","58","2120","319","60","2085","309","58","24761","2817","593","12474","532","8345"
"1714","Christian Jarvest","Male","Crowborough ","England","GB","M50-54","FIN","6:52:45","0:45:20","0:11:36","3:25:23","0:10:43","2:19:43","2086","1777","170","700","1975","1679","162","2098","1789","174","2086","1777","170","24765","2720","696","12323","643","8383"
"881","Jean Pierre Vanin","Male","SAINT GILLES","GARD","FR","M70-74","FIN","6:52:52","0:55:21","0:10:57","3:06:06","0:08:07","2:32:22","2087","1778","3","2709","2235","1869","4","1997","1730","3","2087","1778","3","24772","3321","657","11166","487","9142"
"1266","Jim Hvid Rasmussen","Male","smoerum","DK-85","DK","M60-64","FIN","6:52:59","0:50:53","0:11:32","3:10:57","0:08:57","2:30:39","2088","1779","47","1229","2180","1832","53","2010","1740","49","2088","1779","47","24779","3053","692","11457","537","9039"
"1441","Jesus epifanio Velasco arema","Male","Ciudad real","ES-Ciudad real","ES","M25-29","FIN","6:53:10","0:50:17","0:06:21","3:28:12","0:07:14","2:21:05","2089","1780","316","700","2166","1821","329","2122","1803","316","2089","1780","316","24790","3017","381","12492","434","8465"
"1325","Enrique López Gómez","Male","Algeciras","CADIZ","ES","M40-44","FIN","6:53:25","0:38:53","0:09:47","3:43:29","0:06:57","2:14:18","2090","1781","206","700","1242","1095","133","2175","1838","210","2090","1781","206","24805","2333","587","13409","417","8058"
"1641","John Moore","Male","Belfast","NIR","GB","M40-44","FIN","6:53:25","0:37:35","0:08:49","3:20:27","0:07:01","2:39:33","2091","1782","207","700","1020","900","108","1906","1665","193","2091","1782","207","24805","2255","529","12027","421","9573"
"1867","REBECA CARBONELL RODAS","Female","Petrer","ALACANT*","ES","F45-49","FIN","6:53:39","0:54:21","0:09:54","3:39:55","0:07:01","2:02:28","2092","310","40","1576","2228","365","45","2223","354","45","2092","310","40","24819","3261","594","13195","421","7348"
"562","Amy Doman","Female","Newport","GB-NWP","GB","F40-44","FIN","6:53:48","0:42:05","0:09:01","3:31:58","0:12:33","2:18:11","2093","311","36","1241","1682","228","23","2106","312","35","2093","311","36","24828","2525","541","12718","753","8291"
"518","Limaris Concepcion","Female","GUAYNABO","PR","PR","F45-49","FIN","6:54:06","0:54:04","0:10:31","3:15:43","0:06:13","2:27:35","2094","312","41","1568","2224","363","44","2079","295","38","2094","312","41","24846","3244","631","11743","373","8855"
"1510","Stefania Carini","Female","FOLIGNO","PERUGIA","IT","F50-54","FIN","6:54:10","0:42:47","0:08:02","3:35:32","0:08:51","2:18:57","2095","313","21","1159","1765","245","18","2135","322","25","2095","313","21","24850","2567","482","12932","531","8337"
"2180","Eric Leplomb","Male","GRASSE","","FR","M50-54","FIN","6:54:25","0:41:09","0:13:44","2:56:33","0:21:31","2:41:27","2096","1783","171","700","1575","1367","137","1592","1416","136","2096","1783","171","24865","2469","824","10593","1291","9687"
"1634","Minelik Gebru","Male","Tübingen","DE-BW","ET","M35-39","FIN","6:54:35","0:47:24","0:13:44","3:52:00","0:11:07","1:50:21","2097","1784","226","700","2070","1748","222","2245","1882","236","2097","1784","226","24875","2844","824","13920","667","6621"
"1661","Alessandro Marucchi Oliva","Male","Madrid","ES-M","ES","M30-34","FIN","6:54:41","0:43:54","0:10:17","3:44:53","0:07:53","2:07:43","2098","1785","333","700","1862","1597","296","2202","1854","339","2098","1785","333","24881","2634","617","13493","473","7663"
"317","Patrick O’Connell","Male","Cork city","Cork","IE","M45-49","FIN","6:54:47","0:47:13","0:09:41","3:16:53","0:07:11","2:33:48","2099","1786","187","700","2064","1744","185","2014","1742","185","2099","1786","187","24887","2833","581","11813","431","9228"
"2235","Martin Herrero","Male","Madrid","Community of Madrid","UY","M25-29","FIN","6:54:58","0:44:38","0:12:20","3:29:32","0:09:16","2:19:11","2100","1787","317","700","1921","1641","290","2137","1815","321","2100","1787","317","24898","2678","740","12572","556","8351"
"1895","Sally Simmonds","Female","Arrens-Marsous","","FR","F60-64","FIN","6:55:05","0:38:14","0:08:13","3:05:26","0:06:32","2:56:39","2101","314","9","1778","1146","134","4","1601","179","5","2101","314","9","24905","2294","493","11126","392","10599"
"1330","Iñaki Muñoz Jiménez","Male","Santa Cruz de Tenerife","SANTA CRUZ DE TENERIFE","ES","M55-59","FIN","6:55:23","0:46:41","0:09:50","3:08:17","0:08:26","2:42:10","2102","1788","92","700","2041","1728","92","1873","1644","89","2102","1788","92","24923","2801","590","11297","506","9730"
"1892","Jacob Fleming","Male","Sligo","Sligo, Roscommon, Leitrim","IE","M25-29","FIN","6:55:50","0:46:03","0:10:49","3:28:26","0:08:14","2:22:18","2103","1789","318","700","2008","1707","301","2127","1807","317","2103","1789","318","24950","2763","649","12506","494","8538"
"698","Nathan Holt","Male","Essex","US-VT","US","M35-39","FIN","6:55:51","0:45:59","0:09:36","3:26:59","0:08:24","2:24:53","2104","1790","227","700","2002","1701","215","2103","1792","228","2104","1790","227","24951","2759","576","12419","504","8693"
"1781","Wally Galasso Walder","Female","Bombinasco","","CH","F55-59","FIN","6:56:01","0:44:56","0:09:43","3:16:52","0:06:49","2:37:40","2105","315","12","1658","1947","288","12","1991","266","8","2105","315","12","24961","2696","583","11812","409","9460"
"810","Antonio Jesus Andujar Alvarado","Male","CABA","AR-B","ES","M45-49","FIN","6:56:14","0:52:46","0:12:57","3:23:50","0:10:53","2:15:47","2106","1791","188","700","2208","1851","195","2163","1830","192","2106","1791","188","24974","3166","777","12230","653","8147"
"437","Laura Summers","Female","Honiton","GB-DEV","GB","F35-39","FIN","6:57:05","0:40:47","0:06:41","3:22:16","0:06:51","2:40:29","2107","316","38","1217","1522","196","24","1958","257","34","2107","316","38","25025","2447","401","12136","411","9629"
"383","Olwyn Menzies","Female","Clashmore","Waterford","IE","F45-49","FIN","6:57:08","0:46:24","0:07:50","3:27:43","0:08:08","2:27:02","2108","317","42","1513","2029","308","39","2095","307","39","2108","317","42","25028","2784","470","12463","488","8822"
"2554","Daniel Hartley","Male","London","England","GB","M25-29","FIN","6:57:13","0:50:01","0:08:26","3:27:03","0:12:15","2:19:27","2109","1792","319","700","2161","1818","328","2128","1808","318","2109","1792","319","25033","3001","506","12423","735","8367"
"879","Pieter Victor","Male","Sint-Martens-Latem","Flemish Region","BE","M35-39","FIN","6:57:23","0:42:27","0:09:58","3:14:30","0:08:51","2:41:36","2110","1793","228","700","1725","1487","191","1909","1667","216","2110","1793","228","25043","2547","598","11670","531","9696"
"2182","Mihail Baila","Male","Pratteln","","CH","M55-59","FIN","6:57:28","0:47:43","0:17:45","3:09:07","0:10:48","2:32:05","2111","1794","93","700","2080","1757","94","2021","1747","93","2111","1794","93","25048","2863","1065","11347","648","9125"
"1283","Lukasz Kicula","Male","València","VALENCIA*","PL","M35-39","FIN","6:57:48","0:55:47","0:12:21","3:15:29","0:09:12","2:24:59","2112","1795","229","700","2239","1873","235","2111","1798","229","2112","1795","229","25068","3347","741","11729","552","8699"
"1224","Paolo Ghelfi","Male","Paris","FR-IDF","IT","M50-54","FIN","6:57:54","0:38:40","0:09:10","2:50:49","0:11:38","3:07:36","2113","1796","172","700","1216","1071","105","1203","1094","105","2113","1796","172","25074","2320","550","10249","698","11256"
"2507","Marta Lara Culebras","Female","Villanueva del Pardillo","Comunidad de Madrid","ES","F45-49","FIN","6:58:09","0:45:03","0:10:37","3:33:52","0:13:28","2:15:09","2114","318","43","1495","1952","291","34","2162","333","44","2114","318","43","25089","2703","637","12832","808","8109"
"1157","Moïra Waal","Female","Leiden","","NL","F18-24","FIN","6:58:45","0:51:27","0:10:32","3:14:25","0:06:45","2:35:37","2115","319","18","787","2188","351","22","2041","279","15","2115","319","18","25125","3087","632","11665","405","9337"
"1167","Julian ALBERT","Male","GUERSTLING","FR-57","FR","M25-29","FIN","6:58:56","0:47:58","0:11:55","3:28:33","0:09:31","2:20:59","2116","1797","320","700","2087","1760","317","2152","1826","325","2116","1797","320","25136","2878","715","12513","571","8459"
"916","Kate Michaels","Female","Taunton","SOM","GB","F25-29","FIN","6:59:05","0:36:33","0:12:43","3:31:50","0:11:41","2:26:17","2117","320","59","776","843","105","18","2090","303","56","2117","320","59","25145","2193","763","12710","701","8777"
"1477","Polly Sedgwick","Female","Hertford","HRT","GB","F30-34","FIN","6:59:20","0:44:10","0:11:02","3:19:41","0:07:50","2:36:39","2118","321","59","941","1883","272","49","2024","275","53","2118","321","59","25160","2650","662","11981","470","9399"
"1180","Oliver Kohlmann","Male","Ratingen","NW","DE","M55-59","FIN","6:59:46","0:39:18","0:12:17","2:47:47","0:10:00","3:10:24","2119","1798","94","700","1304","1142","53","1229","1116","55","2119","1798","94","25186","2358","737","10067","600","11424"
"2205","Lynn Harvey","Female","Machynlleth","GB-POW","GB","F35-39","FIN","6:59:54","0:44:28","0:08:08","3:28:49","0:08:28","2:30:02","2120","322","39","1166","1904","277","33","2092","304","36","2120","322","39","25194","2668","488","12529","508","9002"
"2530","Vicente Medina Jaen","Male","Elche","ES-A","ES","M60-64","FIN","7:00:12","0:44:29","0:12:28","3:28:57","0:13:59","2:20:19","2121","1799","48","1099","1906","1629","42","2131","1811","51","2121","1799","48","25212","2669","748","12537","839","8419"
"887","Philippe Chambon","Male","Montpezat","","FR","M60-64","FIN","7:00:14","0:36:38","0:08:11","3:17:17","0:09:20","2:48:47","2122","1800","49","1098","859","753","17","1834","1610","44","2122","1800","49","25214","2198","491","11837","560","10127"
"2143","Herman Haukenes","Male","OSLO","foreigner","NO","M30-34","FIN","7:00:20","0:48:08","0:08:53","3:18:33","0:12:51","2:31:55","2123","1801","334","700","2104","1772","319","2033","1756","323","2123","1801","334","25220","2888","533","11913","771","9115"
"2281","Hannah Kane","Female","Adliswil","","IE","F25-29","FIN","7:00:36","0:41:35","0:06:58","3:38:08","0:09:06","2:24:49","2124","323","60","749","1622","216","44","2141","324","60","2124","323","60","25236","2495","418","13088","546","8689"
"1269","Francisco Javier Jimenez Sanchez","Male","Pinto","","ES","M55-59","FIN","7:00:40","0:40:53","0:10:29","3:24:38","0:06:55","2:37:45","2125","1802","95","700","1534","1335","61","2037","1760","94","2125","1802","95","25240","2453","629","12278","415","9465"
"1472","Dirk Vanderkruys","Male","Schoten","","BE","M60-64","FIN","7:00:43","0:49:23","0:12:17","2:54:37","0:13:02","2:51:24","2126","1803","50","1090","2141","1799","52","1721","1515","40","2126","1803","50","25243","2963","737","10477","782","10284"
"2348","Kiavash Seraj","Male","Leesburg","VA","US","M25-29","FIN","7:00:45","1:00:17","0:12:16","3:27:40","0:08:20","2:12:11","2127","1804","321","700","2260","1892","339","2204","1855","330","2127","1804","321","25245","3617","736","12460","500","7931"
"2034","Volkan Bas","Male","Istanbul","TR","TR","M45-49","FIN","7:00:57","0:41:52","0:10:30","3:29:59","0:07:38","2:30:58","2128","1805","189","700","1655","1433","143","2099","1790","191","2128","1805","189","25257","2512","630","12599","458","9058"
"452","Jackie Schwarz","Female","St helier","GB-LND","JE","F45-49","FIN","7:01:12","0:48:58","0:10:14","3:20:26","0:10:36","2:30:58","2129","324","44","1440","2129","338","42","2074","291","37","2129","324","44","25272","2938","614","12026","636","9058"
"291","Juan Rodriguez","Male","Aylesbury","ENG","CO","M35-39","FIN","7:01:12","0:42:01","0:08:49","3:41:26","0:07:05","2:21:51","2130","1806","230","700","1674","1449","185","2176","1839","234","2130","1806","230","25272","2521","529","13286","425","8511"
"586","Triona Danaher-Baines","Female","st lawrence","IE-jersey","IE","F50-54","FIN","7:01:55","0:43:28","0:11:49","3:39:41","0:10:50","2:16:07","2131","325","22","1019","1834","261","20","2188","344","26","2131","325","22","25315","2608","709","13181","650","8167"
"574","Jason Baines","Male","st lawrence","GB-UKM","JE","M50-54","FIN","7:02:06","0:39:34","0:10:25","3:17:23","0:09:05","2:45:39","2132","1807","173","700","1342","1177","112","1919","1672","164","2132","1807","173","25326","2374","625","11843","545","9939"
"1851","Juan Vilarrasa","Male","Madrid","ES-Community of Madrid","ES","M40-44","FIN","7:02:36","0:38:09","0:09:54","3:38:02","0:08:07","2:28:25","2133","1808","208","700","1126","994","120","2132","1812","206","2133","1808","208","25356","2289","594","13082","487","8905"
"2227","Cristina Chamas","Female","Madrid","","CO","F30-34","FIN","7:03:05","0:51:49","0:10:51","3:19:25","0:05:24","2:35:37","2134","326","60","873","2196","353","63","2096","308","59","2134","326","60","25385","3109","651","11965","324","9337"
"2174","Carlos Miguel Landivar Albis","Male","Vienna","AT-WIEN","BO","M35-39","FIN","7:03:16","0:40:31","0:07:31","3:08:51","0:05:07","3:01:15","2135","1809","231","700","1495","1304","164","1738","1531","197","2135","1809","231","25396","2431","451","11331","307","10875"
"1174","Guillaume SCURTO","Male","Maizières-lès-Metz","Grand Est","FR","M25-29","FIN","7:03:17","0:43:19","0:11:24","3:31:43","0:06:58","2:29:52","2136","1810","322","700","1821","1564","277","2136","1814","320","2136","1810","322","25397","2599","684","12703","418","8992"
"2136","Catalina Garza Gerhard","Female","London","England","MX","F25-29","FIN","7:03:23","0:39:15","0:15:35","3:12:16","0:17:34","2:38:43","2137","327","61","700","1294","160","28","1912","243","46","2137","327","61","25403","2355","935","11536","1054","9523"
"1086","Benjamin SAJOUX","Male","Saint-Maur-des-Fossés","","FR","M45-49","FIN","7:03:24","0:52:50","0:12:03","3:31:48","0:08:13","2:18:30","2138","1811","190","700","2210","1852","196","2192","1847","193","2138","1811","190","25404","3170","723","12708","493","8310"
"949","Ioan Burridge","Male","Bangor","GB-WLS","GB","M25-29","FIN","7:03:31","0:40:29","0:13:40","3:43:29","0:11:46","2:14:06","2139","1812","323","700","1490","1300","234","2196","1850","329","2139","1812","323","25411","2429","820","13409","706","8046"
"943","MIkaiah McKinney","Female","Bangor","GB-WLS","US","F18-24","FIN","7:03:37","0:40:33","0:10:21","3:46:53","0:11:49","2:14:01","2140","328","19","700","1500","193","11","2197","347","21","2140","328","19","25417","2433","621","13613","709","8041"
"1388","Paraic Cliffe","Male","Leigh on Sea","ESSEX","IE","M55-59","FIN","7:05:03","0:50:42","0:13:39","3:21:12","0:10:17","2:29:14","2141","1813","96","700","2176","1829","97","2129","1809","97","2141","1813","96","25503","3042","819","12072","617","8954"
"1904","Julián Villarreal Navarro","Male","Valencia","VALENCIA*","ES","M60-64","FIN","7:05:09","0:57:40","0:12:03","3:33:50","0:06:48","2:14:48","2142","1814","51","1010","2249","1882","56","2218","1866","55","2142","1814","51","25509","3460","723","12830","408","8088"
"988","Petrü Trometer","Female","Bonn","NW","ZA","F30-34","FIN","7:05:11","0:39:35","0:10:11","3:15:26","0:08:30","2:51:30","2143","329","61","835","1347","167","33","1882","234","43","2143","329","61","25511","2375","611","11726","510","10290"
"2234","Rafael Lombardo","Male","Peligros","ES-GR","ES","M40-44","FIN","7:05:48","0:50:19","0:15:11","3:33:27","0:07:20","2:19:31","2144","1815","209","700","2168","1823","205","2201","1853","212","2144","1815","209","25548","3019","911","12807","440","8371"
"2106","Courtney Sawatzke","Female","London","","US","F30-34","FIN","7:06:18","0:52:02","0:10:33","3:32:00","0:10:46","2:20:57","2145","330","62","815","2200","355","64","2186","342","63","2145","330","62","25578","3122","633","12720","646","8457"
"2219","Fernando Ramos","Male","Alicante","ES-A","ES","M30-34","FIN","7:06:20","0:45:33","0:15:09","3:36:46","0:11:38","2:17:14","2146","1816","335","700","1980","1684","309","2195","1849","338","2146","1816","335","25580","2733","909","13006","698","8234"
"2204","Catrin Bond","Female","Ffos-y-ffin","GB-Wales","GB","F35-39","FIN","7:06:20","0:44:36","0:07:53","3:41:11","0:07:32","2:25:07","2147","331","40","1051","1918","279","34","2183","340","42","2147","331","40","25580","2676","473","13271","452","8707"
"299","Jose Miguel Cabrera van Grieken","Male","Madrid","Madrid","VE","M30-34","FIN","7:06:26","0:58:24","0:10:35","3:40:06","0:10:49","2:06:32","2148","1817","336","700","2254","1887","344","2238","1877","342","2148","1817","336","25586","3504","635","13206","649","7592"
"1842","Raul Villanueva Maicas","Male","Teruel","ES-TE","ES","M25-29","FIN","7:06:35","0:46:06","0:10:02","3:47:48","0:07:15","2:15:24","2149","1818","324","700","2011","1710","303","2221","1868","331","2149","1818","324","25595","2766","602","13668","435","8124"
"521","Noraliz Nieves","Female","Carolina","PR","PR","F50-54","FIN","7:06:36","0:45:38","0:09:14","3:25:48","0:05:44","2:40:12","2150","332","23","935","1985","298","23","2085","299","21","2150","332","23","25596","2738","554","12348","344","9612"
"1175","Victor Tudela Ortells","Male","Valencia","","ES","M65-69","FIN","7:06:45","0:47:36","0:11:41","3:38:09","0:08:02","2:21:17","2151","1819","19","1637","2077","1754","22","2194","1848","23","2151","1819","19","25605","2856","701","13089","482","8477"
"1611","Alex Nicolas Recalo","Male","Meco","Community of Madrid","RO","M25-29","FIN","7:06:53","0:52:08","0:07:42","3:29:45","0:05:34","2:31:44","2152","1820","325","700","2201","1846","333","2164","1831","327","2152","1820","325","25613","3128","462","12585","334","9104"
"768","Luke Dalton","Male","London","ENGLAND","GB","M40-44","FIN","7:07:23","0:48:17","0:09:14","3:30:39","0:04:37","2:34:37","2153","1821","210","700","2109","1775","201","2147","1821","207","2153","1821","210","25643","2897","554","12639","277","9277"
"511","Samantha Wiggan","Female","Wendover","GB-BKM","GB","F35-39","FIN","7:07:55","0:45:49","0:07:47","3:28:38","0:05:21","2:40:19","2154","333","41","1022","1997","301","38","2097","309","38","2154","333","41","25675","2749","467","12518","321","9619"
"461","Cindy Wanless","Female","Jersey","CHI","JE","F50-54","FIN","7:08:31","0:44:10","0:13:13","3:27:15","0:09:27","2:34:27","2155","334","24","900","1882","271","21","2119","318","24","2155","334","24","25711","2650","793","12435","567","9267"
"662","Anastasiya Khoo","Female","London","GB-LND","GB","F25-29","FIN","7:08:32","0:50:37","0:12:19","3:41:33","0:07:29","2:16:33","2156","335","62","700","2173","346","64","2226","357","65","2156","335","62","25712","3037","739","13293","449","8193"
"1128","BENJAMIN HERRAIZ GEA","Male","ALAQUAS","ES-Valencia","ES","M50-54","FIN","7:08:54","0:40:54","0:15:50","3:35:43","0:08:36","2:27:51","2157","1822","174","700","1538","1339","133","2177","1840","179","2157","1822","174","25734","2454","950","12943","516","8871"
"1216","Evelien Mees","Female","Bilzen","BE-VLI","BE","F25-29","FIN","7:09:55","0:51:36","0:14:44","3:22:18","0:10:52","2:30:25","2158","336","63","700","2191","352","65","2155","328","62","2158","336","63","25795","3096","884","12138","652","9025"
"1119","William Mitchell","Male","Harpenden Herts","GB-HRT","GB","M25-29","FIN","7:10:21","0:55:19","0:16:19","3:34:16","0:12:11","2:12:16","2159","1823","326","700","2234","1868","337","2230","1871","332","2159","1823","326","25821","3319","979","12856","731","7936"
"1819","Lisa Worthington","Female","Weymouth","Dorset","GB","F55-59","FIN","7:10:34","0:38:39","0:10:48","3:40:15","0:11:19","2:29:34","2160","337","13","1396","1208","145","3","2165","334","12","2160","337","13","25834","2319","648","13215","679","8974"
"2024","David Sharp","Male","Grantham","LIN","GB","M45-49","FIN","7:11:30","0:48:53","0:14:57","3:08:17","0:14:11","2:45:12","2161","1824","191","700","2127","1790","190","1996","1729","184","2161","1824","191","25890","2933","897","11297","851","9912"
"720","Marinus Dominicus","Male","Heemstede","NL-NH","NL","M55-59","FIN","7:11:36","0:41:51","0:15:09","3:07:00","0:11:55","2:55:41","2162","1825","97","700","1652","1430","69","1861","1634","87","2162","1825","97","25896","2511","909","11220","715","10541"
"2211","Aura Andueza Pena","Female","Madrid","ES-Community of Madrid","VE","F30-34","FIN","7:11:44","0:52:17","0:09:02","3:42:04","0:10:14","2:18:06","2163","338","63","717","2204","356","65","2216","352","64","2163","338","63","25904","3137","542","13324","614","8286"
"1460","Alexandra Mackenzie","Female","Lisbon","Continental Portugal","PT","F35-39","FIN","7:11:45","0:38:02","0:11:57","3:46:05","0:07:57","2:27:44","2164","339","42","953","1106","130","13","2190","345","43","2164","339","42","25905","2282","717","13565","477","8864"
"2549","Javier Martin","Male","Pozuelo de Alarcon","Community of Madrid","ES","M25-29","FIN","7:11:52","0:42:31","0:10:30","3:31:19","0:09:27","2:38:05","2165","1826","327","700","1730","1492","265","2116","1801","314","2165","1826","327","25912","2551","630","12679","567","9485"
"831","Matylda Malgorzata Wawrzynska","Female","Zagan","Lubusz","PL","F35-39","FIN","7:12:21","0:46:54","0:11:07","3:35:29","0:07:00","2:31:51","2166","340","43","942","2051","316","40","2182","339","41","2166","340","43","25941","2814","667","12929","420","9111"
"364","Ruben Eduardo Noriega Barrios","Male","Vigo","ES-Pontevedrea","VE","M25-29","FIN","7:12:30","0:44:19","0:15:38","3:26:14","0:11:44","2:34:35","2167","1827","328","700","1893","1619","286","2133","1813","319","2167","1827","328","25950","2659","938","12374","704","9275"
"267","Mateo Muro-Dougherty","Male","Philomath","Oregon","US","M18-24","FIN","7:13:01","0:49:48","0:11:37","3:30:31","0:06:51","2:34:13","2168","1828","128","700","2155","1813","126","2174","1837","129","2168","1828","128","25981","2988","697","12631","411","9253"
"1008","Ines Owen","Female","alton","HAM","GB","F18-24","FIN","7:13:02","0:38:55","0:07:19","3:44:57","0:07:19","2:34:33","2169","341","20","700","1249","150","9","2171","336","18","2169","341","20","25982","2335","439","13497","439","9273"
"2414","Mike Harris","Male","Llanelli","GB-WLS","GB","M45-49","FIN","7:13:09","0:39:53","0:12:17","2:54:49","0:09:06","3:17:05","2170","1829","192","700","1399","1224","122","1468","1315","143","2170","1829","192","25989","2393","737","10489","546","11825"
"2468","HERVIER Jean Luc","Male","FREJUS","FR-83","FR","M70-74","FIN","7:13:27","0:44:32","0:12:36","3:15:49","0:19:52","2:40:38","2171","1830","4","2338","1911","1633","3","2005","1736","4","2171","1830","4","26007","2672","756","11749","1192","9638"
"2190","Youri devos","Male","Calpe","VALENCIANA, COMUNITAT*","BE","M50-54","FIN","7:13:32","0:51:33","0:10:07","3:11:30","0:07:36","2:52:46","2172","1831","175","700","2189","1838","176","2007","1738","169","2172","1831","175","26012","3093","607","11490","456","10366"
"573","Heidi Gallaher","Female","Trinity","GB-ENG","JE","F50-54","FIN","7:13:38","0:38:49","0:09:29","3:23:00","0:07:25","2:54:54","2173","342","25","808","1233","146","10","1986","263","17","2173","342","25","26018","2329","569","12180","445","10494"
"1724","Francois Barax","Male","urrugne","","FR","M65-69","FIN","7:14:29","0:42:01","0:11:10","3:00:07","0:12:41","3:08:30","2174","1832","20","1498","1675","1450","10","1650","1459","14","2174","1832","20","26069","2521","670","10807","761","11310"
"2389","Juan Catalan Bejar","Male","Torrelodones","Comunidad de Madrid","ES","M45-49","FIN","7:15:32","0:49:31","0:13:44","3:15:36","0:13:10","2:43:32","2175","1833","193","700","2149","1807","192","2063","1778","188","2175","1833","193","26132","2971","824","11736","790","9812"
"1088","Laurent Rostker","Male","Saint Maur-des-Fossés","ILE-DE-FRANCE","FR","M40-44","FIN","7:15:37","0:48:34","0:13:08","3:26:43","0:08:03","2:39:08","2176","1834","211","700","2116","1781","202","2151","1825","208","2176","1834","211","26137","2914","788","12403","483","9548"
"1676","Ben Jackson","Male","Leeds","England","GB","M18-24","FIN","7:15:38","0:48:04","0:10:55","3:36:01","0:10:57","2:29:41","2177","1835","129","700","2098","1768","125","2189","1845","130","2177","1835","129","26138","2884","655","12961","657","8981"
"1236","Charlotte Hardcastle","Female","Chieveley","BRK","GB","F30-34","FIN","7:16:15","0:53:15","0:11:46","3:43:21","0:08:48","2:19:04","2178","343","64","700","2217","361","67","2236","360","66","2178","343","64","26175","3195","706","13401","528","8344"
"853","Kacper Pietrzak","Male","Warszawa","mazowieckie","PL","M25-29","FIN","7:16:24","0:44:36","0:16:25","3:27:14","0:17:28","2:30:42","2179","1836","329","700","1917","1639","289","2148","1822","323","2179","1836","329","26184","2676","985","12434","1048","9042"
"1705","Pablo Colomina Urios","Male","Valencia","Valencia/València","ES","M30-34","FIN","7:16:28","0:58:22","0:09:22","3:33:23","0:07:53","2:27:28","2180","1837","337","700","2253","1886","343","2208","1859","340","2180","1837","337","26188","3502","562","12803","473","8848"
"877","Iryna Kyshakevych","Female","Ivano-Frankivsk","foreigner","UA","F50-54","FIN","7:16:29","0:52:39","0:09:19","4:03:15","0:06:09","2:05:07","2181","344","26","757","2205","357","29","2264","370","29","2181","344","26","26189","3159","559","14595","369","7507"
"1031","Davide Spreafico","Male","Bergamo","IT-25","IT","M35-39","FIN","7:17:23","0:40:23","0:15:01","3:13:57","0:12:25","2:55:37","2182","1838","232","700","1469","1285","162","1951","1697","218","2182","1838","232","26243","2423","901","11637","745","10537"
"432","Kelly Ezagury","Female","tampa","FL","VE","F50-54","FIN","7:17:33","0:43:16","0:13:14","3:24:29","0:09:47","2:46:49","2183","345","27","738","1817","256","19","2086","300","22","2183","345","27","26253","2596","794","12269","587","10009"
"1708","Per Kjersgaard Rasmusen","Male","Roskilde","DK-85","DK","M65-69","FIN","7:18:16","0:42:16","0:12:04","3:28:59","0:11:23","2:43:34","2184","1839","21","1430","1703","1468","12","2108","1796","20","2184","1839","21","26296","2536","724","12539","683","9814"
"2337","Marie Oger","Female","Paris","FR-75","FR","F40-44","FIN","7:18:21","0:49:00","0:11:51","3:27:39","0:10:41","2:39:09","2185","346","37","799","2130","339","37","2154","327","37","2185","346","37","26301","2940","711","12459","641","9549"
"1713","Lotte Thagesen","Female","Roskilde","","DK","F60-64","FIN","7:18:23","0:41:23","0:13:04","3:29:00","0:11:21","2:43:34","2186","347","10","1359","1598","214","6","2110","313","10","2186","347","10","26303","2483","784","12540","681","9814"
"557","Mariano Debono","Male","Il-Mellieħa","MT-30","MT","M50-54","FIN","7:18:46","0:43:26","0:10:35","3:35:56","0:08:10","2:40:38","2187","1840","176","700","1830","1571","151","2168","1834","177","2187","1840","176","26326","2606","635","12956","490","9638"
"1621","Kris Szabo","Male","Bracknell","WEST BERKSHIRE","GB","M30-34","FIN","7:18:49","0:42:24","0:09:25","3:18:10","0:09:41","2:59:10","2188","1841","338","700","1722","1484","269","1965","1707","312","2188","1841","338","26329","2544","565","11890","581","10750"
"864","Leo Kleinpeter","Male","London","GB-ENG","FR","M25-29","FIN","7:19:04","0:47:26","0:15:10","3:45:26","0:09:18","2:21:45","2189","1842","330","700","2071","1749","314","2235","1876","334","2189","1842","330","26344","2846","910","13526","558","8505"
"956","Wolfgang Ullrich","Male","Kupferzell","DE-BW","DE","M65-69","FIN","7:20:11","0:48:43","0:11:06","3:33:36","0:09:44","2:37:01","2190","1843","22","1395","2124","1787","23","2181","1843","22","2190","1843","22","26411","2923","666","12816","584","9421"
"288","Alicia Cruz Cervera","Female","Edinburgh ","GB-SCT","GI","F25-29","FIN","7:20:21","0:50:15","0:11:05","3:51:14","0:10:06","2:17:42","2191","348","64","700","2165","345","63","2242","363","68","2191","348","64","26421","3015","665","13874","606","8262"
"1190","Andrew (Chin Kum) Lio","Male","Singapore","Singapore","SG","M40-44","FIN","7:20:37","0:55:40","0:11:10","3:29:20","0:08:58","2:35:29","2192","1844","212","700","2238","1872","211","2191","1846","211","2192","1844","212","26437","3340","670","12560","538","9329"
"2453","Cosima Hebestadt","Female","Rennes","Brittany","DE","F25-29","FIN","7:21:05","0:53:10","0:12:16","3:34:34","0:11:49","2:29:17","2193","349","65","700","2215","360","66","2203","349","64","2193","349","65","26465","3190","736","12874","709","8957"
"1688","Santiago Fandos Adiego","Male","Zaragoza","Aragon","ES","M25-29","FIN","7:22:34","0:40:58","0:13:39","3:33:48","0:12:23","2:41:46","2194","1845","331","700","1548","1345","242","2150","1824","324","2194","1845","331","26554","2458","819","12828","743","9706"
"658","Alan Burns","Male","Cullompton","DEV","GB","M50-54","FIN","7:23:13","1:02:07","0:10:07","3:29:25","0:08:58","2:32:37","2195","1846","177","700","2261","1893","182","2211","1862","181","2195","1846","177","26593","3727","607","12565","538","9157"
"349","Daniel Money","Male","Marden","KEN","GB","M25-29","FIN","7:23:34","0:49:47","0:09:14","3:32:46","0:08:16","2:43:31","2196","1847","332","700","2154","1812","326","2173","1836","328","2196","1847","332","26614","2987","554","12766","496","9811"
"339","Liliana Amer","Female","Gerona","Gerona","ES","F18-24","FIN","7:23:35","0:44:09","0:10:50","3:41:59","0:10:33","2:36:03","2197","350","21","700","1881","270","17","2193","346","20","2197","350","21","26615","2649","650","13319","633","9363"
"1234","Noel Ryan","Male","Clonmel","IE-WD","IE","M50-54","FIN","7:23:49","0:43:08","0:09:45","3:23:24","0:09:48","2:57:45","2198","1848","178","700","1797","1547","149","2038","1761","172","2198","1848","178","26629","2588","585","12204","588","10665"
"1238","Wilf Carter","Male","Winchester","HAM","GB","M25-29","FIN","7:25:01","0:45:55","0:11:37","3:25:03","0:09:37","2:52:49","2199","1849","333","700","1999","1698","300","2104","1793","313","2199","1849","333","26701","2755","697","12303","577","10369"
"1110","Pierre Lerch","Male","Paris","ILE-DE-FRANCE","FR","M40-44","FIN","7:25:26","0:54:35","0:12:34","3:39:10","0:07:31","2:31:35","2200","1850","213","700","2230","1865","210","2232","1873","214","2200","1850","213","26726","3275","754","13150","451","9095"
"386","Barry Harrington","Male","Youghal","IE-CO","IE","M50-54","FIN","7:25:44","0:45:50","0:10:53","3:32:38","0:04:00","2:52:24","2201","1851","179","700","1998","1697","164","2161","1829","175","2201","1851","179","26744","2750","653","12758","240","10344"
"1762","Déborah Davi","Female","Delgany ","Co wicklow ","BR","F30-34","FIN","7:26:07","0:45:19","0:12:16","3:58:38","0:12:13","2:17:41","2202","351","65","700","1974","296","53","2253","368","69","2202","351","65","26767","2719","736","14318","733","8261"
"306","Deniss Vasiljevs","Male","Riga","Latvia","LV","M40-44","FIN","7:26:33","0:58:01","0:19:37","3:42:16","0:11:32","2:15:07","2203","1852","214","700","2250","1883","212","2258","1890","215","2203","1852","214","26793","3481","1177","13336","692","8107"
"2308","Abigail Ygarza Mc Manamly","Female","Port d'Alcúdia","ES-PM","ES","F35-39","FIN","7:26:38","1:02:52","0:08:33","3:41:52","0:10:52","2:22:28","2204","352","44","700","2263","369","45","2247","364","45","2204","352","44","26798","3772","513","13312","652","8548"
"2031","Can Hoke","Male","London","GB-ENG","GB","M25-29","FIN","7:26:40","0:48:00","0:09:11","4:03:03","0:06:26","2:20:00","2205","1853","334","700","2094","1765","318","2259","1891","338","2205","1853","334","26800","2880","551","14583","386","8400"
"843","Sebastian Delgado Contreras","Male","València","","ES","M18-24","FIN","7:28:09","0:51:13","0:09:58","3:26:12","0:06:48","2:53:57","2206","1854","130","700","2184","1836","129","2143","1818","128","2206","1854","130","26889","3073","598","12372","408","10437"
"480","Dan McCarthy","Male","Halstead","England","GB","M60-64","FIN","7:28:29","0:48:06","0:12:44","3:39:50","0:08:59","2:38:50","2207","1855","52","700","2102","1771","48","2207","1858","53","2207","1855","52","26909","2886","764","13190","539","9530"
"663","Holly Kelly","Female","Lichfield","GB-STS","GB","F40-44","FIN","7:28:32","0:47:59","0:08:59","3:37:38","0:08:59","2:44:57","2208","353","38","700","2092","329","34","2187","343","38","2208","353","38","26912","2879","539","13058","539","9897"
"1367","Tom Marmarelli","Male","Hod Hasharon","ISRAEL","IL","M35-39","FIN","7:28:36","0:38:49","0:16:21","3:23:55","0:09:52","2:59:38","2209","1856","233","700","1232","1087","144","2067","1781","226","2209","1856","233","26916","2329","981","12235","592","10778"
"1742","Daniela Parada","Female","Estado de Mexico","MX-MEX","MX","F25-29","FIN","7:28:43","0:47:52","0:12:03","3:50:14","0:06:49","2:31:45","2210","354","66","700","2083","325","60","2241","362","67","2210","354","66","26923","2872","723","13814","409","9105"
"957","Nia Lakova","Female","Hürth","DE-NW","DE","F25-29","FIN","7:29:33","0:48:03","0:10:52","3:28:59","0:13:45","2:47:53","2211","355","67","700","2097","330","61","2144","326","61","2211","355","67","26973","2883","652","12539","825","10073"
"1048","James Birnbaum","Male","London","England","GB","M30-34","FIN","7:29:49","0:45:16","0:10:32","3:38:04","0:06:37","2:49:20","2212","1857","339","700","1967","1673","307","2184","1844","337","2212","1857","339","26989","2716","632","13084","397","10160"
"2193","Dorota Wojda","Female","Gdansk","pomorskie","PL","F55-59","FIN","7:30:41","0:52:50","0:10:48","3:41:12","0:09:38","2:36:14","2213","356","14","1034","2209","358","15","2229","359","15","2213","356","14","27041","3170","648","13272","578","9374"
"624","Shannon Faulkner","Female","London","GB-ENG","CA","F50-54","FIN","7:31:47","0:51:26","0:14:40","3:38:17","0:13:28","2:33:56","2214","357","28","700","2187","350","28","2225","356","28","2214","357","28","27107","3086","880","13097","808","9236"
"623","Catarina Marques Vieira","Female","Cascais","PT-11","PT","F45-49","FIN","7:31:48","0:44:14","0:07:35","3:36:55","0:09:04","2:54:01","2215","358","45","889","1886","273","32","2156","329","42","2215","358","45","27108","2654","455","13015","544","10441"
"1243","Mykyta Chernovol","Male","Quart de Poblet","ES-V","UA","M30-34","FIN","7:32:51","0:56:27","0:12:33","3:17:36","0:11:03","2:55:11","2216","1858","340","700","2243","1877","340","2139","1817","334","2216","1858","340","27171","3387","753","11856","663","10511"
"2518","Milagros Bastida","Female","San Javier","Region of Murcia","ES","F18-24","FIN","7:33:36","0:49:13","0:07:57","3:45:29","0:09:47","2:41:09","2217","359","22","700","2136","342","21","2212","350","22","2217","359","22","27216","2953","477","13529","587","9669"
"552","Martin Klein","Male","Isle of Wight","England","GB","M65-69","FIN","7:33:52","0:40:55","0:11:32","4:00:28","0:12:09","2:28:48","2218","1859","23","1149","1543","1342","8","2243","1880","24","2218","1859","23","27232","2455","692","14428","729","8928"
"1081","Darius Baumgart","Male","Mühlhausen/Thüringen","TH","DE","M30-34","FIN","7:34:03","0:53:57","0:18:08","3:45:45","0:12:59","2:23:14","2219","1860","341","700","2222","1860","338","2256","1888","344","2219","1860","341","27243","3237","1088","13545","779","8594"
"664","Radumihai Lulea","Male","Southampton","Hampshire","RO","M35-39","FIN","7:34:58","0:53:11","0:12:19","3:22:50","0:11:31","2:55:06","2220","1861","234","700","2216","1856","233","2149","1823","232","2220","1861","234","27298","3191","739","12170","691","10506"
"256","Patrick Scoville Lancaster","Male","Calver","GB-DBY","GB","M55-59","FIN","7:34:58","1:04:34","0:11:33","3:24:31","0:11:16","2:43:06","2221","1862","98","700","2266","1896","101","2206","1857","99","2221","1862","98","27298","3874","693","12271","676","9786"
"611","Valerie Kearney","Female","Limerick ","Limerick","IE","F30-34","FIN","7:35:10","0:36:58","0:07:18","4:11:53","0:07:18","2:31:44","2222","360","66","700","919","113","23","2252","367","68","2222","360","66","27310","2218","438","15113","438","9104"
"333","Fernando Navarro","Male","Valencia","ES-Community of Valencia","ES","M45-49","FIN","7:35:13","0:45:56","0:13:08","3:39:28","0:08:24","2:48:17","2223","1863","194","700","2001","1700","177","2199","1851","194","2223","1863","194","27313","2756","788","13168","504","10097"
"1952","Joanna Kelly","Female","Cork","IE-CO","IE","F40-44","FIN","7:35:14","0:48:10","0:10:13","3:44:44","0:08:50","2:43:17","2224","361","39","700","2106","334","35","2213","351","39","2224","361","39","27314","2890","613","13484","530","9797"
"2221","Ángel Olivier García Andrés","Male","Valdemoro","MADRID","ES","M45-49","FIN","7:36:08","1:02:26","0:12:13","3:38:18","0:06:57","2:36:14","2225","1864","195","700","2262","1894","199","2244","1881","197","2225","1864","195","27368","3746","733","13098","417","9374"
"2516","esteban genhart","Male","Meyrin","Geneva","CH","M18-24","FIN","7:37:00","0:54:14","0:15:43","4:01:01","0:06:46","2:19:16","2226","1865","131","700","2225","1862","132","2265","1895","132","2226","1865","131","27420","3254","943","14461","406","8356"
"1124","José David Lopez Rosello","Male","ALAQUAS","Community of Valencia","ES","M50-54","FIN","7:37:53","0:53:38","0:11:49","3:25:18","0:08:48","2:58:19","2227","1866","180","700","2220","1858","179","2169","1835","178","2227","1866","180","27473","3218","709","12318","528","10699"
"1617","Víctor Zarza Vicente","Male","Meco","Community of Madrid","ES","M25-29","FIN","7:38:19","0:49:26","0:11:01","3:58:14","0:08:24","2:31:14","2228","1867","335","700","2146","1804","325","2257","1889","337","2228","1867","335","27499","2966","661","14294","504","9074"
"524","Jose Naranjo","Male","Medellín","Antioquia","CO","M45-49","FIN","7:38:28","0:46:52","0:14:53","3:42:12","0:09:22","2:45:09","2229","1868","196","700","2049","1734","184","2222","1869","196","2229","1868","196","27508","2812","893","13332","562","9909"
"2134","Francesca McDiarmid","Female","Callington","GB-CON","GB","F35-39","FIN","7:39:40","0:48:38","0:12:05","3:28:33","0:08:45","3:01:39","2230","362","45","700","2121","336","42","2160","332","40","2230","362","45","27580","2918","725","12513","525","10899"
"292","Megan Murphy","Female","London","GB-ENG","US","F50-54","FIN","7:39:58","0:50:38","0:07:59","3:45:44","0:09:18","2:46:18","2231","363","29","700","2175","347","26","2224","355","27","2231","363","29","27598","3038","479","13544","558","9978"
"1323","Abbie Booth","Female","Chadderton","England","GB","F30-34","FIN","7:40:03","0:41:17","0:11:19","3:40:35","0:12:02","2:54:51","2232","364","67","700","1587","210","40","2179","338","62","2232","364","67","27603","2477","679","13235","722","10491"
"798","Pauline RICHARD","Female","Angers","Pays de la Loire","FR","F30-34","FIN","7:40:11","0:44:58","0:08:12","4:00:51","0:07:34","2:38:37","2233","365","68","700","1949","290","52","2251","366","67","2233","365","68","27611","2698","492","14451","454","9517"
"822","Arquitecto Fit Valiente","Male","Alboraya","Valencia","ES","M35-39","FIN","7:40:21","0:44:45","0:10:28","3:37:41","0:08:59","2:58:28","2234","1869","235","700","1932","1650","208","2178","1841","235","2234","1869","235","27621","2685","628","13061","539","10708"
"323","Simon Leadbeater","Male","Hanslope","BKM","GB","M65-69","FIN","7:41:55","0:58:03","0:13:33","3:13:17","0:10:28","3:06:34","2235","1870","24","1004","2251","1884","24","2123","1804","21","2235","1870","24","27715","3483","813","11597","628","11194"
"1153","Julie Vanden Berghe","Female","Spa","Walloon Region","BE","F25-29","FIN","7:42:34","0:56:30","0:08:28","3:43:49","0:08:23","2:45:24","2236","366","68","700","2244","367","68","2237","361","66","2236","366","68","27754","3390","508","13429","503","9924"
"2330","Nacho Deus","Male","Sant Andreu de Llavaneres","Catalonia","ES","M55-59","FIN","7:43:41","0:57:06","0:17:44","3:28:50","0:11:50","2:48:11","2237","1871","99","700","2246","1879","100","2219","1867","100","2237","1871","99","27821","3426","1064","12530","710","10091"
"2332","Susana Roura","Female","ESPAÑA","Catalonia","ES","F55-59","FIN","7:43:48","0:40:07","0:14:06","3:50:18","0:11:04","2:48:13","2238","367","15","797","1435","178","6","2227","358","14","2238","367","15","27828","2407","846","13818","664","10093"
"659","Jeff Smith","Male","Tamworth","GB-GB-STS","GB","M55-59","FIN","7:44:50","0:51:56","0:12:10","3:36:24","0:10:01","2:54:19","2239","1872","100","700","2198","1844","98","2205","1856","98","2239","1872","100","27890","3116","730","12984","601","10459"
"2027","matthieu camps","Male","Cobatillas","MURCIA","ES","M45-49","FIN","7:46:25","0:41:27","0:13:18","3:10:13","0:17:46","3:23:41","2240","1873","197","700","1607","1393","141","1878","1646","169","2240","1873","197","27985","2487","798","11413","1066","12221"
"1246","Alexis Bonsens","Male","BOULOGNE BILLANCOURT","Île-de-France","FR","M30-34","FIN","7:46:26","0:59:14","0:10:06","3:36:47","0:08:25","2:51:53","2241","1874","342","700","2256","1888","345","2231","1872","341","2241","1874","342","27986","3554","606","13007","505","10313"
"2500","Mario Martínez Martínez","Male","Madrid","","ES","M50-54","FIN","7:47:28","0:47:10","0:11:37","3:42:39","0:14:08","2:51:55","2242","1875","181","700","2060","1740","167","2209","1860","180","2242","1875","181","28048","2830","697","13359","848","10315"
"444","Pauline Alderman","Female","St Mary","England","JE","F60-64","FIN","7:48:46","0:51:26","0:13:51","3:56:17","0:12:43","2:34:29","2243","368","11","812","2186","349","11","2260","369","11","2243","368","11","28126","3086","831","14177","763","9269"
"787","Faffa Knoetze","Male","Stellenbosch","ZA-WC","ZA","M60-64","FIN","7:49:48","0:43:57","0:17:53","3:15:56","0:10:15","3:21:47","2244","1876","53","700","1870","1604","40","2053","1770","50","2244","1876","53","28188","2637","1073","11756","615","12107"
"1027","Luca Del Grosso","Male","Rosciano","Pescara","IT","M35-39","FIN","7:50:02","0:50:51","0:07:59","3:18:08","0:04:49","3:28:16","2245","1877","236","700","2179","1831","231","2046","1765","223","2245","1877","236","28202","3051","479","11888","289","12496"
"690","Declan Rogers","Male","Pailhes","FR-09","IE","M60-64","FIN","7:50:16","0:42:05","0:15:46","3:46:58","0:11:39","2:53:47","2246","1878","54","700","1681","1454","34","2228","1870","56","2246","1878","54","28216","2525","946","13618","699","10427"
"338","Rocky Guthrie","Male","Plymouth","England","GB","M18-24","FIN","7:50:48","0:51:21","0:11:18","3:40:40","0:07:58","2:59:31","2247","1879","132","700","2185","1837","130","2214","1863","131","2247","1879","132","28248","3081","678","13240","478","10771"
"1255","Javier Martinez Molina","Male","Elche","ALACANT*","ES","M30-34","FIN","7:51:32","0:47:39","0:08:37","3:36:56","0:07:41","3:10:38","2248","1880","343","700","2079","1756","317","2180","1842","336","2248","1880","343","28292","2859","517","13016","461","11438"
"381","Diarmuid Crowley","Male","Chickleys Road, Youghal","Cork","IE","M40-44","FIN","7:51:50","0:42:04","0:09:55","3:51:29","0:11:15","2:57:08","2249","1881","215","700","1679","1453","173","2217","1865","213","2249","1881","215","28310","2524","595","13889","675","10628"
"2588","J.L. Wietsma","Male","Barendrecht","NL-ZH","NL","M60-64","FIN","7:52:08","0:59:39","0:12:47","3:26:07","0:09:26","3:04:10","2250","1882","55","700","2258","1890","57","2200","1852","52","2250","1882","55","28328","3579","767","12367","566","11050"
"638","Dominique Paradis","Male","Estinnes-au-Mont","","BE","M60-64","FIN","7:52:10","0:52:56","0:17:23","3:37:17","0:13:19","2:51:16","2251","1883","56","700","2211","1853","54","2233","1874","57","2251","1883","56","28330","3176","1043","13037","799","10276"
"1069","JOHANN ENRIQUE ISTURIZ ACEVEDO","Male","FRANCE","","ES","M45-49","FIN","7:52:33","0:52:45","0:10:26","3:50:31","0:09:11","2:49:40","2252","1884","198","700","2207","1850","194","2250","1885","198","2252","1884","198","28353","3165","626","13831","551","10180"
"1211","Yordi Verheyden","Male","Nieuwkerken-Waas","BE-VOV","BE","M30-34","FIN","7:55:46","0:52:01","0:11:04","3:46:06","0:10:09","2:56:26","2253","1885","344","700","2199","1845","336","2239","1878","343","2253","1885","344","28546","3121","664","13566","609","10586"
"2462","Andrey Polyakov","Male","Prague","Prague","","M30-34","FIN","7:55:58","1:03:12","0:11:22","4:12:53","0:11:03","2:17:27","2254","1886","345","700","2264","1895","346","2267","1897","347","2254","1886","345","28558","3792","682","15173","663","8247"
"687","Maria Angeles Torres Morera","Female","FUENGIROLA","ES-MA","ES","F65-69","FIN","7:56:10","0:59:05","0:09:10","3:45:13","0:08:27","2:54:14","2255","369","3","1111","2255","368","3","2248","365","3","2255","369","3","28570","3545","550","13513","507","10454"
"1115","milly Upson","Female","Whitchurch","GB-HAM","GB","F30-34","FIN","7:57:50","0:54:16","0:09:02","3:40:31","0:09:23","3:04:37","2256","370","69","700","2227","364","68","2220","353","65","2256","370","69","28670","3256","542","13231","563","11077"
"2116","Pol Gabaldà","Male","Cornellà de Llobregat","Catalonia","ES","M18-24","FIN","7:58:33","0:37:50","0:10:57","4:23:44","0:06:57","2:39:04","2257","1887","133","700","1060","936","65","2266","1896","133","2257","1887","133","28713","2270","657","15824","417","9544"
"784","Luis Capuzzi","Male","Madrid","MADRID","VE","M30-34","FIN","8:00:59","0:54:16","0:13:49","3:55:36","0:08:08","2:49:11","2258","1888","346","700","2226","1863","339","2263","1894","346","2258","1888","346","28859","3256","829","14136","488","10151"
"874","Brannoc Selby","Male","Milton Keynes","GB-ENG","GB","M25-29","FIN","8:02:41","0:49:23","0:10:47","3:56:53","0:11:54","2:53:44","2259","1889","336","700","2144","1802","324","2254","1886","336","2259","1889","336","28961","2963","647","14213","714","10424"
"312","Marrick Palmer","Male","Redruth ","England","GB","M25-29","FIN","8:03:15","0:53:07","0:13:17","3:42:47","0:09:27","3:04:37","2260","1890","337","700","2214","1855","336","2240","1879","335","2260","1890","337","28995","3187","797","13367","567","11077"
"695","Stefan Kukla","Male","València","Community of Valencia","SK","M30-34","FIN","8:04:42","0:46:27","0:11:06","4:06:04","0:09:05","2:52:00","2261","1891","347","700","2031","1723","313","2262","1893","345","2261","1891","347","29082","2787","666","14764","545","10320"
"439","andy summers","Male","HONITON","Devon","GB","M60-64","FIN","8:04:56","0:56:15","0:09:43","3:35:35","0:07:22","3:16:00","2262","1892","57","700","2241","1875","55","2210","1861","54","2262","1892","57","29096","3375","583","12935","442","11760"
"285","Fezan Imam","","Munich ","BY","US","M35-39","FIN","8:05:21","0:56:04","0:08:29","4:23:14","0:06:57","2:30:37","2263","1893","237","700","2240","1874","236","2268","1898","237","2263","1893","237","29121","3364","509","15794","417","9037"
"1738","John Leahy","Male","Clonmel","IE-TA","IE","M55-59","FIN","8:06:36","0:49:26","0:12:44","3:51:03","0:14:06","2:59:17","2264","1894","101","700","2147","1805","96","2246","1883","101","2264","1894","101","29196","2966","764","13863","846","10757"
"1812","Adrian Tron","Male","Bristol","England","GB","M50-54","FIN","8:09:37","0:48:53","0:09:11","3:55:26","0:07:41","3:08:25","2265","1895","182","700","2128","1791","173","2249","1884","182","2265","1895","182","29377","2933","551","14126","461","11305"
"2015","Franco Sorrentino","Male","Alcobendas","Community of Madrid","AR","M25-29","FIN","8:09:52","0:43:29","0:11:55","3:52:12","0:10:36","3:11:39","2266","1896","338","700","1835","1574","279","2234","1875","333","2266","1896","338","29392","2609","715","13932","636","11499"
"878","Jermaine Lovelace","Male","Towcester","NTH","GB","M45-49","FIN","8:13:31","0:54:37","0:13:14","3:49:20","0:09:35","3:06:45","2267","1897","199","700","2231","1866","197","2255","1887","199","2267","1897","199","29611","3277","794","13760","575","11205"
"781","Carlos Sanjuan","Male","Valencia","CARABOBO","VE","M25-29","FIN","8:18:53","0:52:09","0:10:11","3:59:15","0:10:07","3:07:11","2268","1898","339","700","2202","1847","334","2261","1892","339","2268","1898","339","29933","3129","611","14355","607","11231"
"1205","Elaine Cawley","Female","London ","KENT","IE","F30-34","DNF","7:06:21","0:54:24","0:10:31","3:34:43","0:07:00","2:19:42","99999","99999","99999","","99999","99999","99999","99999","99999","99999","99999","99999","99999","25581","3264","631","12883","420","8382"
"958","Jose Borras Marcos","Male","Puzol","ES-V","ES","M25-29","FIN","","","0:00:00","","0:00:00","","99999","99999","99999","","99999","99999","99999","99999","99999","99999","99999","99999","99999","","","","","",""
"445","Stefanie Brunnenmeister","Female","Tawern","RP","DE","F50-54","DNF","","1:13:08","0:00:00","","0:00:00","","99999","99999","99999","","99999","99999","99999","99999","99999","99999","99999","99999","99999","","4388","","","",""
"334","Alessandro Tarantello","Male","Crissier","CH-VD","IT","M30-34","FIN","","","0:00:00","","0:00:00","","99999","99999","99999","","99999","99999","99999","99999","99999","99999","99999","99999","99999","","","","","",""
"1927","Adriano Ricchello","Male","Casarano","foreigner","IT","M50-54","FIN","","","0:00:00","","0:00:00","","99999","99999","99999","","99999","99999","99999","99999","99999","99999","99999","99999","99999","","","","","",""
"1601","Daniel Mallia","Male","Marsaskala","MARSASKALA","MT","M35-39","FIN","","","0:00:00","","0:00:00","","99999","99999","99999","","99999","99999","99999","99999","99999","99999","99999","99999","99999","","","","","",""
"2256","Germán A. Jiménez Yáñez","Male","Madrid","ES-M","CO","M35-39","DNF","","","0:00:00","","0:00:00","","99999","99999","99999","","99999","99999","99999","99999","99999","99999","99999","99999","99999","","","","","",""
"2454","Alan Gonzales","Male","Oliva","Community of Valencia","PE","M35-39","DNF","6:26:21","0:50:07","0:06:28","3:12:59","0:08:04","2:08:44","99999","99999","99999","","99999","99999","99999","99999","99999","99999","99999","99999","99999","23181","3007","388","11579","484","7724"
"2412","Patricia Carolina Gonzalez Valor","Female","Mislata","","VE","F35-39","FIN","","","0:00:00","","0:00:00","","99999","99999","99999","","99999","99999","99999","99999","99999","99999","99999","99999","99999","","","","","",""
"804","Filippo Bordin","Male","padova","padova","IT","M45-49","FIN","","","0:00:00","","0:00:00","","99999","99999","99999","","99999","99999","99999","99999","99999","99999","99999","99999","99999","","","","","",""
"2457","Antonio Jimenez Navarro","Male","Madrid","Community of Madrid","ES","M50-54","FIN","","","0:00:00","","0:00:00","","99999","99999","99999","","99999","99999","99999","99999","99999","99999","99999","99999","99999","","","","","",""
"2359","Nick Frolichs","Male","Brunssum","NL-LI","NL","M30-34","DNF","","","0:00:00","","0:00:00","","99999","99999","99999","","99999","99999","99999","99999","99999","99999","99999","99999","99999","","","","","",""
"1606","Rick Lievaart","Male","Naaldwijk","South Holland","NL","M30-34","DNF","6:14:40","0:47:50","0:11:34","2:56:06","0:06:42","2:12:28","99999","99999","99999","","99999","99999","99999","99999","99999","99999","99999","99999","99999","22480","2870","694","10566","402","7948"
"2416","MIguel Fernández","Male","Puzol","VA","ES","M50-54","DNF","","0:38:14","0:08:04","2:58:09","0:06:53","","99999","99999","99999","","99999","99999","99999","99999","99999","99999","99999","99999","99999","","2294","484","10689","413",""
"48","Joona Lehtonen","Male","Tampere","","FI","MPRO","FIN","","","0:00:00","","0:00:00","","99999","99999","99999","","99999","99999","99999","99999","99999","99999","99999","99999","99999","","","","","",""
"1703","Jan BUZY","Male","Grenade","Occitania","FR","M40-44","DNF","","0:42:46","0:18:48","4:33:34","0:00:00","","99999","99999","99999","","99999","99999","99999","99999","99999","99999","99999","99999","99999","","2566","1128","16414","",""
"592","Jamie Woolhead","Male","Dublin","Dublin","IE","M35-39","DNF","","0:52:33","0:12:56","","0:00:00","","99999","99999","99999","","99999","99999","99999","99999","99999","99999","99999","99999","99999","","3153","776","","",""
"1775","Jeroen De Wit","Male","Sint-Amandsberg","BE-VOV","BE","M35-39","FIN","","","0:00:00","","0:00:00","","99999","99999","99999","","99999","99999","99999","99999","99999","99999","99999","99999","99999","","","","","",""
"786","Adéloïse Olive","Female","Savennieres","","FR","F25-29","DNF","","0:39:16","0:06:30","3:23:57","0:11:07","","99999","99999","99999","","99999","99999","99999","99999","99999","99999","99999","99999","99999","","2356","390","12237","667",""
"5011","Alexandra Tondeur","Female","Nivelles","","BE","FPRO","FIN","","","0:00:00","","0:00:00","","99999","99999","99999","","99999","99999","99999","99999","99999","99999","99999","99999","99999","","","","","",""
"1894","Alejandro Blanco Guitian","Male","Pozuelo de Alarcón","Community of Madrid","ES","M25-29","DNF","","0:36:05","0:10:48","3:03:22","0:13:20","","99999","99999","99999","","99999","99999","99999","99999","99999","99999","99999","99999","99999","","2165","648","11002","800",""
"913","Bartosz Matras","Male","Wrocław","PL-DS","PL","M30-34","FIN","","","0:00:00","","0:00:00","","99999","99999","99999","","99999","99999","99999","99999","99999","99999","99999","99999","99999","","","","","",""
"309","William Watson","Male","Dubai","AE-DU","AU","M40-44","FIN","","","0:00:00","","0:00:00","","99999","99999","99999","","99999","99999","99999","99999","99999","99999","99999","99999","99999","","","","","",""
"1172","Massimiliano Giovanniello","Male","Busto Arsizio","LOMBARDIA","IT","M45-49","FIN","","","0:00:00","","0:00:00","","99999","99999","99999","","99999","99999","99999","99999","99999","99999","99999","99999","99999","","","","","",""
"819","Francisco Javier Arroyo Fernandez","Male","Cadiz","","ES","M40-44","DNF","5:46:06","0:36:49","0:07:27","3:07:52","0:10:39","1:43:20","99999","99999","99999","","99999","99999","99999","99999","99999","99999","99999","99999","99999","20766","2209","447","11272","639","6200"
"962","Carolina Maschion","Female","Carcavelos","PT-11","PT","F35-39","FIN","","","0:00:00","","0:00:00","","99999","99999","99999","","99999","99999","99999","99999","99999","99999","99999","99999","99999","","","","","",""
"479","James Goode","Male","Maulden","BDF","GB","M25-29","DNF","","0:35:47","0:00:00","","0:00:00","","99999","99999","99999","","99999","99999","99999","99999","99999","99999","99999","99999","99999","","2147","","","",""
"13","Valdemar Solok","Male","Frederiksberg","","DK","MPRO","DNF","","0:22:37","0:02:54","2:00:05","0:02:04","","99999","99999","99999","","99999","99999","99999","99999","99999","99999","99999","99999","99999","","1357","174","7205","124",""
"1178","Aurelio Calderon Tejedor","Male","Madrid","ES-MD","ES","M35-39","DQ","","","0:00:00","","0:00:00","","99999","99999","99999","","99999","99999","99999","99999","99999","99999","99999","99999","99999","","","","","",""
"736","Andrei Mann","Male","TALLINN","Harju","EE","M65-69","DNF","","0:46:59","0:11:10","3:13:38","0:11:33","","99999","99999","99999","","99999","99999","99999","99999","99999","99999","99999","99999","99999","","2819","670","11618","693",""
"2591","Stepan Vovchyna","Male","Sagunt","VALENCIANA, COMUNITAT*","UA","M30-34","FIN","","","0:00:00","","0:00:00","","99999","99999","99999","","99999","99999","99999","99999","99999","99999","99999","99999","99999","","","","","",""
"5022","Chloe Nicolas","Female","valencia","VALENCIA*","FR","FPRO","FIN","","","0:00:00","","0:00:00","","99999","99999","99999","","99999","99999","99999","99999","99999","99999","99999","99999","99999","","","","","",""
"1060","Max Thorne","Male","Farringdon","Kent","GB","M25-29","DQ","","","0:00:00","","0:00:00","","99999","99999","99999","","99999","99999","99999","99999","99999","99999","99999","99999","99999","","","","","",""
"1524","Santiago Fernández Bobis","Male","Madrid","Community of Madrid","ES","M25-29","FIN","","","0:00:00","","0:00:00","","99999","99999","99999","","99999","99999","99999","99999","99999","99999","99999","99999","99999","","","","","",""
"1226","Renan Silva","Male","Barueri","BR-SP","BR","M35-39","DNF","","","0:00:00","","0:00:00","","99999","99999","99999","","99999","99999","99999","99999","99999","99999","99999","99999","99999","","","","","",""
"1162","Gunther Volz","Male","Weiterstadt","DE-HE","DE","M60-64","DNF","","0:38:04","0:05:41","2:27:45","0:03:49","","99999","99999","99999","","99999","99999","99999","99999","99999","99999","99999","99999","99999","","2284","341","8865","229",""
"2384","David Campos","Male","Alcalá de Henares","FL","ES","M55-59","DNF","","0:42:03","0:11:29","3:31:34","0:12:48","","99999","99999","99999","","99999","99999","99999","99999","99999","99999","99999","99999","99999","","2523","689","12694","768",""
"263","Christina Romasko","Female","Limassol","Limassol","CY","F35-39","FIN","","","0:00:00","","0:00:00","","99999","99999","99999","","99999","99999","99999","99999","99999","99999","99999","99999","99999","","","","","",""
"2525","Clara Ibor","Female","Valencia","ES-Community of Valencia","ES","F18-24","FIN","","","0:00:00","","0:00:00","","99999","99999","99999","","99999","99999","99999","99999","99999","99999","99999","99999","99999","","","","","",""
"350","Aris Miuta","Male","Cluj Napoca ","Cluj","RO","M30-34","DNF","5:53:01","0:47:30","0:09:27","3:04:34","0:06:14","1:45:16","99999","99999","99999","","99999","99999","99999","99999","99999","99999","99999","99999","99999","21181","2850","567","11074","374","6316"
"2226","Michele Quagliaroli","Male","Corniglio","IT-PR","IT","M40-44","DNF","","","0:00:00","","0:00:00","","99999","99999","99999","","99999","99999","99999","99999","99999","99999","99999","99999","99999","","","","","",""
"977","Ian Farrelly","Male","Dublin","IE-D","IE","M18-24","DNF","","0:33:14","0:05:04","","0:00:00","","99999","99999","99999","","99999","99999","99999","99999","99999","99999","99999","99999","99999","","1994","304","","",""
"2397","Sergio Sabater Rabadan","Male","Santomera","MURCIA","ES","M45-49","DNF","","0:35:29","0:11:11","2:32:26","0:05:19","","99999","99999","99999","","99999","99999","99999","99999","99999","99999","99999","99999","99999","","2129","671","9146","319",""
"1573","Pierre-René Tchoukriel","Male","Marly-le-Roi","FR-78","FR","M55-59","DNF","","0:41:12","0:09:16","2:51:39","0:05:02","","99999","99999","99999","","99999","99999","99999","99999","99999","99999","99999","99999","99999","","2472","556","10299","302",""
"70","Matias Christiansen","Male","Roskilde","DK-85","DK","MPRO","DNF","","0:32:07","0:04:38","","0:00:00","","99999","99999","99999","","99999","99999","99999","99999","99999","99999","99999","99999","99999","","1927","278","","",""
"61","Maxime Sauve","Male","Goult","VAUCLUSE","FR","MPRO","DNF","","","0:00:00","","0:00:00","","99999","99999","99999","","99999","99999","99999","99999","99999","99999","99999","99999","99999","","","","","",""
"1487","Christoph Utiger","Male","Utzigen","CH-Bern","CH","M40-44","DNF","","0:51:52","0:16:50","4:44:51","0:14:34","","99999","99999","99999","","99999","99999","99999","99999","99999","99999","99999","99999","99999","","3112","1010","17091","874",""
"507","Bartek Kulaga","Male","London","ENGLAND","PL","M45-49","DNF","","0:29:52","0:00:00","","0:00:00","","99999","99999","99999","","99999","99999","99999","99999","99999","99999","99999","99999","99999","","1792","","","",""
"2406","Rafael Eduardo Hung Pompa","Male","Valencia","","VE","M45-49","FIN","","","0:00:00","","0:00:00","","99999","99999","99999","","99999","99999","99999","99999","99999","99999","99999","99999","99999","","","","","",""
"1414","Katarzyna Kozka","Female","London","GB-foreigner","PL","F45-49","FIN","","","0:00:00","","0:00:00","","99999","99999","99999","","99999","99999","99999","99999","99999","99999","99999","99999","99999","","","","","",""
"2035","Guillaume Leclerc","Male","Sucy en brie","FR-94","FR","M50-54","DQ","","","0:00:00","","0:00:00","","99999","99999","99999","","99999","99999","99999","99999","99999","99999","99999","99999","99999","","","","","",""
"5025","Courtney Wevers","Female","Clarence Town","AU-NSW","AU","FPRO","DNF","","0:30:33","0:03:51","2:25:40","0:00:00","","99999","99999","99999","","99999","99999","99999","99999","99999","99999","99999","99999","99999","","1833","231","8740","",""
"2586","Victor Ribeiro","Male","Carcavelos","PT-11","BR","M55-59","FIN","","","0:00:00","","0:00:00","","99999","99999","99999","","99999","99999","99999","99999","99999","99999","99999","99999","99999","","","","","",""
"2547","Valentin Barth","Male","Ludwigsburg","Baden-Württemberg","DE","M30-34","DQ","","","0:00:00","","0:00:00","","99999","99999","99999","","99999","99999","99999","99999","99999","99999","99999","99999","99999","","","","","",""
"2376","Rebecca Mackenzie","Female","London","GB-ENG","GB","F25-29","DNF","7:08:07","0:44:06","0:15:17","3:52:23","0:10:13","2:06:08","99999","99999","99999","","99999","99999","99999","99999","99999","99999","99999","99999","99999","25687","2646","917","13943","613","7568"
"991","Volker Trometer","Male","Bonn","DE-NW","DE","M35-39","FIN","","","0:00:00","","0:00:00","","99999","99999","99999","","99999","99999","99999","99999","99999","99999","99999","99999","99999","","","","","",""
"1468","Michael Riefenberg","Male","Braunschweig","NI","DE","M35-39","FIN","","","0:00:00","","0:00:00","","99999","99999","99999","","99999","99999","99999","99999","99999","99999","99999","99999","99999","","","","","",""
"579","PABLO REOYO","Male","Valencia","Valencia","ES","M30-34","FIN","","","0:00:00","","0:00:00","","99999","99999","99999","","99999","99999","99999","99999","99999","99999","99999","99999","99999","","","","","",""
"2540","Mario Gruber-Kalteis","Male","Dornbirn","AT-8","AT","M45-49","DQ","","","0:00:00","","0:00:00","","99999","99999","99999","","99999","99999","99999","99999","99999","99999","99999","99999","99999","","","","","",""
"2562","Ignacio Sánchez-Asiaín","Male","Madrid","ES-MD","ES","M30-34","FIN","","","0:00:00","","0:00:00","","99999","99999","99999","","99999","99999","99999","99999","99999","99999","99999","99999","99999","","","","","",""
"1840","Peter Barton","Male","Bratislava","SK-BRATISLAVSKY KRAJ","SK","M50-54","DNF","","","0:00:00","","0:00:00","","99999","99999","99999","","99999","99999","99999","99999","99999","99999","99999","99999","99999","","","","","",""
"481","CARLES ARMENGOL","Male","massanassa","","ES","M35-39","DNF","","0:36:53","0:06:34","2:37:33","0:03:48","","99999","99999","99999","","99999","99999","99999","99999","99999","99999","99999","99999","99999","","2213","394","9453","228",""
"143","Julian Sponner","Male","Hadres","AT-3","AT","M25-29","FIN","","","0:00:00","","0:00:00","","99999","99999","99999","","99999","99999","99999","99999","99999","99999","99999","99999","99999","","","","","",""
"967","Nick De Souza","Male","Manchester","GB-LAN","GB","M25-29","DNF","8:31:24","1:01:56","0:09:17","4:16:20","0:08:28","2:55:24","99999","99999","99999","","99999","99999","99999","99999","99999","99999","99999","99999","99999","30684","3716","557","15380","508","10524"
"5027","Chloe Sparrow","Female","Leicester","Leicestershire","GB","FPRO","FIN","","","0:00:00","","0:00:00","","99999","99999","99999","","99999","99999","99999","99999","99999","99999","99999","99999","99999","","","","","",""
"1677","Alexey Yakovlev","Male","València","Community of Valencia","","M40-44","DNF","5:53:44","0:19:43","0:14:31","3:15:27","0:09:19","1:54:44","99999","99999","99999","","99999","99999","99999","99999","99999","99999","99999","99999","99999","21224","1183","871","11727","559","6884"
"1","Johannes Vogel","Male","Saarbrücken","SL","DE","MPRO","DNF","","0:22:37","0:02:50","2:00:20","0:02:23","","99999","99999","99999","","99999","99999","99999","99999","99999","99999","99999","99999","99999","","1357","170","7220","143",""
"1030","James Thomas","Male","Chelmsford","England","GB","M18-24","DNF","6:29:48","0:42:12","0:08:33","3:25:59","0:06:11","2:06:53","99999","99999","99999","","99999","99999","99999","99999","99999","99999","99999","99999","99999","23388","2532","513","12359","371","7613"
"1660","Fabio Ferrari Ruffino","Male","Milano","MILANO","IT","M60-64","DNF","","0:36:08","0:10:21","3:10:49","0:09:43","","99999","99999","99999","","99999","99999","99999","99999","99999","99999","99999","99999","99999","","2168","621","11449","583",""
"5014","Rachel Brown","Female","Harringay","foreigner","GB","FPRO","DNF","","0:30:46","0:03:51","2:34:35","0:03:21","","99999","99999","99999","","99999","99999","99999","99999","99999","99999","99999","99999","99999","","1846","231","9275","201",""
"1746","Stefan Groschl","Male","Nairobi","KE-KE-Nairobi Province","DE","M50-54","FIN","","","0:00:00","","0:00:00","","99999","99999","99999","","99999","99999","99999","99999","99999","99999","99999","99999","99999","","","","","",""
"289","Eric Roesch","Male","PLOBSHEIM","foreigner","FR","M60-64","FIN","","","0:00:00","","0:00:00","","99999","99999","99999","","99999","99999","99999","99999","99999","99999","99999","99999","99999","","","","","",""
"1473","Jessica Meyer","Female","Braunschweig","NI","DE","F35-39","FIN","","","0:00:00","","0:00:00","","99999","99999","99999","","99999","99999","99999","99999","99999","99999","99999","99999","99999","","","","","",""
"792","Ahmad Almarri","Male","Dubai","AE-DU","AE","M25-29","DNF","6:41:40","0:56:59","0:08:30","2:56:37","0:08:51","2:30:42","99999","99999","99999","","99999","99999","99999","99999","99999","99999","99999","99999","99999","24100","3419","510","10597","531","9042"
"749","Matteo Zanin","Male","Padova","IT-Veneto","IT","M70-74","DQ","","","0:00:00","","0:00:00","","99999","99999","99999","","99999","99999","99999","99999","99999","99999","99999","99999","99999","","","","","",""
"56","Arthur Serrieres","Male","Usson","","FR","MPRO","FIN","","","0:00:00","","0:00:00","","99999","99999","99999","","99999","99999","99999","99999","99999","99999","99999","99999","99999","","","","","",""
"310","Rj Teijeiro","Male","Austin","US-TX","US","M25-29","DNF","6:20:22","0:48:26","0:13:44","2:53:52","0:08:27","2:15:53","99999","99999","99999","","99999","99999","99999","99999","99999","99999","99999","99999","99999","22822","2906","824","10432","507","8153"
"1884","Brendan Buck","Male","dublin","Dublin","IE","M50-54","DNF","","0:35:20","0:04:33","2:28:01","0:03:31","","99999","99999","99999","","99999","99999","99999","99999","99999","99999","99999","99999","99999","","2120","273","8881","211",""
"2561","Daniel Ibanez","Male","BARCELONA","MA","ES","M45-49","DNF","","0:40:52","0:06:05","2:42:23","0:04:37","","99999","99999","99999","","99999","99999","99999","99999","99999","99999","99999","99999","99999","","2452","365","9743","277",""
"431","Monika Ehrlich","Female","Lutherstadt Wittenberg","DE-ST","DE","F60-64","DNF","","0:36:42","0:06:54","2:59:42","0:05:50","","99999","99999","99999","","99999","99999","99999","99999","99999","99999","99999","99999","99999","","2202","414","10782","350",""
"2273","Oscar Vicente Pradales","Male","Las Palmas de Gran Canaria","AB","ES","M50-54","DNF","","0:42:14","0:07:16","2:46:19","0:08:44","","99999","99999","99999","","99999","99999","99999","99999","99999","99999","99999","99999","99999","","2534","436","9979","524",""
"440","Eberhard Ehrlich","Male","Wittenberg OT Jahmo","DE-ST","DE","M65-69","FIN","","","0:00:00","","0:00:00","","99999","99999","99999","","99999","99999","99999","99999","99999","99999","99999","99999","99999","","","","","",""
"2566","Javier Revuelta Alonso","Male","Madrid","","ES","M45-49","DNF","6:26:21","0:46:08","0:00:00","","0:00:00","2:06:17","99999","99999","99999","","99999","99999","99999","99999","99999","99999","99999","99999","99999","23181","2768","","","","7577"
"111","Andreas Amri","Male","Biedermannsdorf","AT-3","AT","M35-39","DNF","","0:28:29","0:04:43","2:17:21","0:04:12","","99999","99999","99999","","99999","99999","99999","99999","99999","99999","99999","99999","99999","","1709","283","8241","252",""
"602","Mirco Chiattelli","Male","Perugia","foreigner","IT","M55-59","FIN","","","0:00:00","","0:00:00","","99999","99999","99999","","99999","99999","99999","99999","99999","99999","99999","99999","99999","","","","","",""
"494","Juan Merino Bonet","Male","Massanassa","","ES","M40-44","DQ","","","0:00:00","","0:00:00","","99999","99999","99999","","99999","99999","99999","99999","99999","99999","99999","99999","99999","","","","","",""
"1656","Manuel Bartolo","Male","Xghajra","MT-63","MT","M45-49","FIN","","","0:00:00","","0:00:00","","99999","99999","99999","","99999","99999","99999","99999","99999","99999","99999","99999","99999","","","","","",""
"332","mohammad abdulla","Male","dubai","dubai","AE","M30-34","FIN","","","0:00:00","","0:00:00","","99999","99999","99999","","99999","99999","99999","99999","99999","99999","99999","99999","99999","","","","","",""
"135","Sophie Weistra","Female","Groningen","NL-GR","NL","F25-29","DNF","","0:42:17","0:06:30","2:33:47","0:00:00","","99999","99999","99999","","99999","99999","99999","99999","99999","99999","99999","99999","99999","","2537","390","9227","",""
"5004","Imogen Simmonds","Female","Vessy","GE","CH","FPRO","FIN","","","0:00:00","","0:00:00","","99999","99999","99999","","99999","99999","99999","99999","99999","99999","99999","99999","99999","","","","","",""
"1020","James Milhench","Male","Bledington","England","GB","M25-29","DQ","","","0:00:00","","0:00:00","","99999","99999","99999","","99999","99999","99999","99999","99999","99999","99999","99999","99999","","","","","",""
"992","Bertrand Julie","Female","CAPBRETON","","FR","F35-39","DNF","","0:31:29","0:04:52","2:45:57","0:04:53","","99999","99999","99999","","99999","99999","99999","99999","99999","99999","99999","99999","99999","","1889","292","9957","293",""
"1407","Christophe Chiron","Male","SAINT LEGER DE MONTBRUN","","FR","M55-59","FIN","","","0:00:00","","0:00:00","","99999","99999","99999","","99999","99999","99999","99999","99999","99999","99999","99999","99999","","","","","",""
"197","Andrii Kuzminskyi","Male","Enschede","NL-OV","UA","M35-39","DNF","","0:27:48","0:03:26","2:16:46","0:05:49","","99999","99999","99999","","99999","99999","99999","99999","99999","99999","99999","99999","99999","","1668","206","8206","349",""
"2353","Camille Daulne","Female","London","GB-ENG","FR","F30-34","FIN","","","0:00:00","","0:00:00","","99999","99999","99999","","99999","99999","99999","99999","99999","99999","99999","99999","99999","","","","","",""
"533","Laura Alarcon","Female","Medellín","Antioquia","CO","F40-44","FIN","","","0:00:00","","0:00:00","","99999","99999","99999","","99999","99999","99999","99999","99999","99999","99999","99999","99999","","","","","",""
"42","Arthur Horseau","Male","Théza","","FR","MPRO","FIN","","","0:00:00","","0:00:00","","99999","99999","99999","","99999","99999","99999","99999","99999","99999","99999","99999","99999","","","","","",""
"5023","Loanne Duvoisin","Female","Sursee","LUZERN","CH","FPRO","DQ","","","0:00:00","","0:00:00","","99999","99999","99999","","99999","99999","99999","99999","99999","99999","99999","99999","99999","","","","","",""
"1041","Christophe Deltour","Male","Roeselare","Flemish Region","BE","M35-39","FIN","","","0:00:00","","0:00:00","","99999","99999","99999","","99999","99999","99999","99999","99999","99999","99999","99999","99999","","","","","",""
"260","Qasim Almansoor","Male","Abu Saiba","Northern","BH","M35-39","DNF","8:26:28","0:54:25","0:12:20","4:30:40","0:06:45","2:42:18","99999","99999","99999","","99999","99999","99999","99999","99999","99999","99999","99999","99999","30388","3265","740","16240","405","9738"
"2011","Kris Krause warmerdam","Male","Teulada","","NL","M25-29","DNF","","0:39:21","0:11:17","3:15:21","0:11:13","","99999","99999","99999","","99999","99999","99999","99999","99999","99999","99999","99999","99999","","2361","677","11721","673",""
"1495","Signe Køngerskov","Female","Hillerød","DK-84","DK","F45-49","DNF","","0:35:34","0:06:49","","0:00:00","","99999","99999","99999","","99999","99999","99999","99999","99999","99999","99999","99999","99999","","2134","409","","",""
"462","Maria Angeles Muñoz Donat","Female","Valencia","","ES","F55-59","DNF","7:31:30","0:36:33","0:15:48","3:59:34","0:09:07","2:30:29","99999","99999","99999","","99999","99999","99999","99999","99999","99999","99999","99999","99999","27090","2193","948","14374","547","9029"
"101","Boris Shtonda","Male","moshav hosen","israel","IL","PC/ID","FIN","7:28:32","0:38:49","0:16:23","3:23:53","0:07:30","3:01:56","99999","99999","99999","700","99999","99999","99999","99999","99999","99999","99999","99999","99999","26912","2329","983","12233","450","10916"
"2317","Conn O Donnell","Male","Dublin","Dublin","IE","M25-29","FIN","","","0:00:00","","0:00:00","","99999","99999","99999","","99999","99999","99999","99999","99999","99999","99999","99999","99999","","","","","",""
"783","Attila Szucs","Male","Szeged","HU-CSONGRAD","HU","M45-49","DNF","","","0:00:00","","0:00:00","","99999","99999","99999","","99999","99999","99999","99999","99999","99999","99999","99999","99999","","","","","",""
"340","Aida Nogareda","Female","Olot","","ES","F18-24","FIN","","","0:00:00","","0:00:00","","99999","99999","99999","","99999","99999","99999","99999","99999","99999","99999","99999","99999","","","","","",""
"2089","Bharat Bhardwaj","Male","Cambridge","CAM","GB","M55-59","DNF","7:29:54","0:43:42","0:10:47","3:52:15","0:14:13","2:28:58","99999","99999","99999","","99999","99999","99999","99999","99999","99999","99999","99999","99999","26994","2622","647","13935","853","8938"
"230","Amandine Oberli","Female","Chardonne","CH-VD","CH","F30-34","FIN","","","0:00:00","","0:00:00","","99999","99999","99999","","99999","99999","99999","99999","99999","99999","99999","99999","99999","","","","","",""
"946","Juan Montoro","Male","VALENCIA","","ES","M40-44","DQ","","","0:00:00","","0:00:00","","99999","99999","99999","","99999","99999","99999","99999","99999","99999","99999","99999","99999","","","","","",""
"1985","Mollie Simpson","Female","Bangor","GB-NIR","IE","F65-69","DNF","","","0:00:00","","0:00:00","","99999","99999","99999","","99999","99999","99999","99999","99999","99999","99999","99999","99999","","","","","",""
"952","Janet Tibbles","Female","Berkhamsted","GB-GB-HRT","GB","F50-54","FIN","","","0:00:00","","0:00:00","","99999","99999","99999","","99999","99999","99999","99999","99999","99999","99999","99999","99999","","","","","",""
"1857","Clodagh Cumiskey","Female","Ballina","IE-MO","IE","F35-39","DNF","","","0:00:00","","0:00:00","","99999","99999","99999","","99999","99999","99999","99999","99999","99999","99999","99999","99999","","","","","",""
"2546","Jonathan Mößner","Male","Neulingen","DE-BW","DE","M30-34","DQ","","","0:00:00","","0:00:00","","99999","99999","99999","","99999","99999","99999","99999","99999","99999","99999","99999","99999","","","","","",""
"1117","Amro Al-Haddadin","Male","Godella","VALENCIANA, COMUNITAT*","PS","M30-34","FIN","","","0:00:00","","0:00:00","","99999","99999","99999","","99999","99999","99999","99999","99999","99999","99999","99999","99999","","","","","",""
"1148","Abdelfettah Fredj","Male","Kanata/Ottawa","ON","CA","M60-64","DNF","6:49:45","0:45:29","0:12:56","3:29:16","0:10:39","2:11:25","99999","99999","99999","","99999","99999","99999","99999","99999","99999","99999","99999","99999","24585","2729","776","12556","639","7885"
"2279","Joaquin Costa","Male","Valencia","","ES","M40-44","FIN","","","0:00:00","","0:00:00","","99999","99999","99999","","99999","99999","99999","99999","99999","99999","99999","99999","99999","","","","","",""
"2485","Oliver Lear","Male","Burwash Common","GB-ESX","GB","M30-34","DNF","","0:44:47","0:17:13","","0:00:00","","99999","99999","99999","","99999","99999","99999","99999","99999","99999","99999","99999","99999","","2687","1033","","",""
"2576","María Alejandra Cortiñas Aranzabal","Female","Madrid","ES-M","ES","F30-34","FIN","","","0:00:00","","0:00:00","","99999","99999","99999","","99999","99999","99999","99999","99999","99999","99999","99999","99999","","","","","",""
"908","Juan Maria Llatas Serrano","Male","VALENCIA","","ES","M60-64","FIN","","","0:00:00","","0:00:00","","99999","99999","99999","","99999","99999","99999","99999","99999","99999","99999","99999","99999","","","","","",""
"646","Johnny Zumbrunnen","Male","St-Cergue","VAUD","CH","M70-74","FIN","","","0:00:00","","0:00:00","","99999","99999","99999","","99999","99999","99999","99999","99999","99999","99999","99999","99999","","","","","",""
"2585","Carlos Salmerón Alemany","Male","MONTSERRAT (VALENCIA)","","ES","M30-34","FIN","","","0:00:00","","0:00:00","","99999","99999","99999","","99999","99999","99999","99999","99999","99999","99999","99999","99999","","","","","",""
"1869","Alfonso Blazquez Sanchez","Male","CATARROJA","","ES","M45-49","DNF","","0:34:11","0:10:38","2:56:26","0:18:48","","99999","99999","99999","","99999","99999","99999","99999","99999","99999","99999","99999","99999","","2051","638","10586","1128",""
"22","Quentin Barreau","Male","Parthenay","foreigner","FR","MPRO","DNF","","0:23:32","0:03:02","2:18:34","0:03:34","","99999","99999","99999","","99999","99999","99999","99999","99999","99999","99999","99999","99999","","1412","182","8314","214",""
"1610","GUIDO KOVALSKYS","Male","FLORIANOPOLIS","BR-SC","AR","M55-59","DQ","","","0:00:00","","0:00:00","","99999","99999","99999","","99999","99999","99999","99999","99999","99999","99999","99999","99999","","","","","",""
"298","William Gazich","Male","Arden Hills","Minnesota","US","M35-39","FIN","","","0:00:00","","0:00:00","","99999","99999","99999","","99999","99999","99999","99999","99999","99999","99999","99999","99999","","","","","",""
"2523","Jozefien Tuboville","Female","Borgerhout","BE-VAN","BE","F25-29","DNF","","0:54:41","0:12:02","4:28:13","0:16:11","","99999","99999","99999","","99999","99999","99999","99999","99999","99999","99999","99999","99999","","3281","722","16093","971",""