Bib Number,Athlete Name,Gender,City,State,Country,Division,Status,Finish Time,Swim Time,T1 Time,Bike Time,T2 Time,Run Time,Overall Rank,Gender Rank,Division Rank,AWA Points,Swim Rank (Overall),Swim Rank (Gender),Swim Rank (Division),Bike Rank (Overall),Bike Rank (Gender),Bike Rank (Division),Run Rank (Overall),Run Rank (Gender),Run Rank (Division),Finish (Seconds),Swim (Seconds),T1 (Seconds),Bike (Seconds),T2 (Seconds),Run (Seconds)
"281","Soren Jensen","Male","TUCSON","US-AZ","US","M25-29","FIN","4:06:11","0:28:49","0:01:47","2:12:01","0:01:40","1:21:53","1","1","1","3500","31","26","3","1","1","1","1","1","1","14771","1729","107","7921","100","4913"
"109","George Hoffmann","Male","PLAYA DEL REY","CA","US","M35-39","FIN","4:08:22","0:28:23","0:01:45","2:16:56","0:01:28","1:19:50","2","2","1","3500","24","19","4","2","2","1","2","2","1","14902","1703","105","8216","88","4790"
"111","Luke Creger","Male","Carlsbad","US-CA","US","M25-29","FIN","4:11:51","0:30:27","0:02:16","2:19:14","0:01:18","1:18:36","3","3","2","3398","61","50","8","4","4","2","3","3","2","15111","1827","136","8354","78","4716"
"178","Ryan Seaman","Male","Nanaimo","CA-BC","CA","M18-24","FIN","4:16:18","0:28:26","0:02:13","2:21:34","0:01:46","1:22:19","4","4","1","3500","27","22","5","5","5","2","4","4","1","15378","1706","133","8494","106","4939"
"141","Chris Cartwright","Male","Vancouver","BC","CA","M30-34","FIN","4:18:30","0:28:27","0:01:42","2:22:25","0:01:42","1:24:13","5","5","1","3500","29","24","8","6","6","1","5","5","1","15510","1707","102","8545","102","5053"
"69","Klemens Anderson","Male","San Francisco","CA","US","M25-29","FIN","4:18:33","0:32:15","0:02:29","2:22:09","0:01:44","1:19:56","6","6","3","3277","132","105","15","11","11","4","6","6","3","15513","1935","149","8529","104","4796"
"415","Forrest Simpson","Male","Victoria","British Columbia","CA","M30-34","FIN","4:18:47","0:27:39","0:02:54","2:28:16","0:01:43","1:18:15","7","7","2","3494","15","13","3","13","13","4","7","7","2","15527","1659","174","8896","103","4695"
"63","Alexandre Guay","Male","Chambly","CA-QC","CA","M30-34","FIN","4:21:10","0:29:29","0:02:10","2:23:24","0:01:40","1:24:27","8","8","3","3452","42","33","9","8","8","2","8","8","3","15670","1769","130","8604","100","5067"
"161","Zane Moore","Male","Portland","OR","US","M18-24","FIN","4:22:52","0:28:11","0:01:57","2:19:50","0:01:37","1:31:18","9","9","2","3381","22","17","3","3","3","1","9","9","2","15772","1691","117","8390","97","5478"
"143","Josh Seifarth","Male","Vancouver","CA-BC","CA","M35-39","FIN","4:26:12","0:25:53","0:01:50","2:28:04","0:02:49","1:27:35","10","10","2","3179","2","2","1","9","9","2","10","10","2","15972","1553","110","8884","169","5255"
"142","Brad Robison","Male","San Francisco","CA","US","M25-29","FIN","4:28:21","0:26:21","0:02:07","2:25:15","0:01:43","1:32:54","11","11","4","3101","5","4","2","7","7","3","11","11","4","16101","1581","127","8715","103","5574"
"105","Élie Harnois","Male","Saint-Thomas","CA-QC","CA","M18-24","FIN","4:30:11","0:29:58","0:02:31","2:33:00","0:01:28","1:23:12","12","12","3","3250","51","41","8","26","25","4","12","12","3","16211","1798","151","9180","88","4992"
"170","Alexandre Levesque","Male","North Vancouver","BC","CA","M35-39","FIN","4:31:06","0:32:05","0:02:58","2:27:32","0:02:37","1:25:53","13","13","3","3090","123","98","20","18","18","4","13","13","3","16266","1925","178","8852","157","5153"
"1271","Cameron Wolfe","Male","Redmond","WA","US","M25-29","FIN","4:32:55","0:29:02","0:02:49","2:31:11","0:01:58","1:27:55","14","14","5","3018","36","29","4","21","21","5","14","14","5","16375","1742","169","9071","118","5275"
"1457","Jacob Wolf","Male","Milwaukie","OR","US","M18-24","FIN","4:33:52","0:28:12","0:02:03","2:28:38","0:02:07","1:32:52","15","15","4","3183","23","18","4","14","14","3","15","15","4","16432","1692","123","8918","127","5572"
"634","Ethan Hockett","Male","Spokane Valley","Washington","US","M25-29","FIN","4:35:30","0:34:52","0:03:08","2:30:13","0:01:18","1:25:58","16","16","6","2972","247","186","31","37","36","8","16","16","6","16530","2092","188","9013","78","5158"
"1235","Justin Kerr","Male","Vancouver","BC","CA","M45-49","FIN","4:37:18","0:36:59","0:03:36","2:29:50","0:02:19","1:24:34","17","17","1","3500","366","275","29","46","45","7","17","17","1","16638","2219","216","8990","139","5074"
"97","Michael Marshall","Male","Toronto","CA-ON","CA","M30-34","FIN","4:37:27","0:28:26","0:02:31","2:26:47","0:02:01","1:37:42","18","18","4","3158","26","21","6","12","12","3","18","18","4","16647","1706","151","8807","121","5862"
"66","Vincent Felix Bartscher","Male","Schwerte","foreigner","DE","M30-34","FIN","4:37:31","0:28:25","0:04:11","2:30:06","0:02:18","1:32:31","19","19","5","3157","25","20","5","19","19","6","19","19","5","16651","1705","251","9006","138","5551"
"365","Kharim Schliewinsky","Male","Halifax","NS","CA","M55-59","FIN","4:38:35","0:30:06","0:01:45","2:35:03","0:01:57","1:29:44","20","20","1","3500","55","44","2","31","30","1","20","20","1","16715","1806","105","9303","117","5384"
"61","Ben Goldman","Male","Monte Sereno","CA","US","M45-49","FIN","4:38:36","0:31:51","0:01:47","2:32:51","0:01:40","1:30:27","21","21","2","3476","110","89","6","28","27","3","21","21","2","16716","1911","107","9171","100","5427"
"172","Mitch Crisanti","Male","North Vancouver","BC","CA","M30-34","FIN","4:38:46","0:31:42","0:02:37","2:31:52","0:02:00","1:30:36","22","22","6","3135","98","78","17","27","26","8","22","22","6","16726","1902","157","9112","120","5436"
"1528","Nicholas Ridenour","Male","Vancouver","BC","CA","M30-34","FIN","4:39:25","0:36:39","0:02:10","2:23:29","0:02:40","1:34:26","23","23","7","3123","340","255","46","17","17","5","23","23","7","16765","2199","130","8609","160","5666"
"559","Paul Spooner","Male","Toronto","Ontario","CA","M30-34","FIN","4:39:26","0:27:04","0:02:26","2:34:01","0:02:48","1:33:07","24","24","8","3123","12","10","2","22","22","7","24","24","8","16766","1624","146","9241","168","5587"
"500","Nick Cosman","Male","Kingston","CA-ON","CA","M45-49","FIN","4:39:27","0:26:34","0:02:17","2:31:01","0:02:22","1:37:14","25","25","3","3461","7","6","1","15","15","1","25","25","3","16767","1594","137","9061","142","5834"
"162","Maksim Grebenchuk","Male","Washington","UT","US","M35-39","FIN","4:39:52","0:27:27","0:02:15","2:30:35","0:01:38","1:37:58","26","26","4","2933","14","12","3","16","16","3","26","26","4","16792","1647","135","9035","98","5878"
"646","Kory Gray","Male","Gresham","OREGON","US","M40-44","FIN","4:39:53","0:30:22","0:03:44","2:35:11","0:02:08","1:28:28","27","27","1","3500","60","49","6","44","43","4","27","27","1","16793","1822","224","9311","128","5308"
"159","Reid Sund","Male","Salem","US-OR","US","M40-44","FIN","4:40:07","0:31:09","0:02:08","2:30:57","0:02:23","1:33:29","28","28","2","3495","82","67","9","24","24","1","28","28","2","16807","1869","128","9057","143","5609"
"176","Nigel Baummer","Male","Seattle","WA","US","M30-34","FIN","4:40:10","0:29:47","0:02:43","2:34:42","0:03:20","1:29:38","29","29","9","3110","46","37","12","33","32","9","29","29","9","16810","1787","163","9282","200","5378"
"1014","Robin Watson","Male","Vancouver","British Columbia","CA","M40-44","FIN","4:40:19","0:37:33","0:04:01","2:25:01","0:01:47","1:31:57","30","30","3","3492","411","301","31","29","28","2","30","30","3","16819","2253","241","8701","107","5517"
"475","Dan MacDonald","Male","St Johns","CA-NL","CA","M45-49","FIN","4:40:25","0:33:28","0:02:23","2:27:48","0:02:10","1:34:36","31","31","4","3443","180","138","14","23","23","2","31","31","4","16825","2008","143","8868","130","5676"
"900","Colin Munson","Male","Gibbons","AB","CA","M45-49","FIN","4:41:53","0:34:14","0:02:01","2:34:02","0:02:09","1:29:26","32","32","5","3417","218","167","19","45","44","6","32","32","5","16913","2054","121","9242","129","5366"
"1060","Lok Shun Ko","Male","Montreal","CA-QC","CA","M35-39","FIN","4:42:00","0:32:26","0:02:17","2:28:13","0:01:51","1:37:12","33","33","5","2894","138","110","24","20","20","5","33","33","5","16920","1946","137","8893","111","5832"
"137","Jaden Tupper","Male","Prince George","BC","CA","M25-29","FIN","4:42:19","0:32:16","0:02:59","2:35:16","0:01:44","1:30:04","34","34","7","2849","133","106","16","47","46","9","34","34","7","16939","1936","179","9316","104","5404"
"113","Devon Ulrich","Male","Vancouver","BC","CA","M35-39","FIN","4:43:08","0:30:28","0:02:41","2:34:56","0:01:31","1:33:31","35","35","6","2874","62","51","8","36","35","7","35","35","6","16988","1828","161","9296","91","5611"
"139","Andrew Graham","Male","Toronto","CA-ON","CA","M45-49","FIN","4:44:30","0:33:11","0:02:23","2:36:27","0:02:29","1:30:01","36","36","6","3370","171","132","12","52","51","8","36","36","6","17070","1991","143","9387","149","5401"
"1447","Charles-Olivier André","Male","Montreal","QC","CA","M18-24","FIN","4:44:58","0:28:28","0:02:00","2:38:12","0:01:48","1:34:29","37","37","5","2984","30","25","6","39","38","5","37","37","5","17098","1708","120","9492","108","5669"
"321","Armand Bokitch","Male","Kelowna","BC","CA","M30-34","FIN","4:45:09","0:33:30","0:02:44","2:37:45","0:02:26","1:28:44","38","38","10","3020","182","140","26","62","61","13","38","38","10","17109","2010","164","9465","146","5324"
"122","Ian Ertzinger","Male","Port Moody","CA-BC","CA","M25-29","FIN","4:45:25","0:35:45","0:02:22","2:32:39","0:02:23","1:32:17","39","39","8","2793","284","215","38","48","47","10","39","39","8","17125","2145","142","9159","143","5537"
"1468","Darragh Smyth","Male","Vancouver","BC","IE","M35-39","FIN","4:45:56","0:32:06","0:01:54","2:40:03","0:01:27","1:30:26","40","40","7","2823","124","99","21","64","63","13","40","40","7","17156","1926","114","9603","87","5426"
"1277","Art Chasovskykh","Male","Langford","BC","UA","M35-39","FIN","4:46:19","0:26:46","0:02:46","2:45:34","0:01:35","1:29:39","41","41","8","2816","8","7","2","69","67","15","41","41","8","17179","1606","166","9934","95","5379"
"175","Adam Crockford","Male","North Vancouver","BC","CA","M18-24","FIN","4:47:12","0:33:47","0:02:13","2:39:48","0:02:08","1:29:16","42","42","6","2943","190","148","22","76","74","9","42","42","6","17232","2027","133","9588","128","5356"
"64","Joe Haars","Male","Whitby","ON","CA","M45-49","FIN","4:47:17","0:32:18","0:03:42","2:32:54","0:02:48","1:35:34","43","43","7","3320","135","108","9","42","41","5","43","43","7","17237","1938","222","9174","168","5734"
"1511","Keegan Worcester","Male","Sacramento","CA","US","M25-29","FIN","4:47:19","0:32:45","0:02:18","2:31:55","0:01:41","1:38:40","44","44","9","2759","151","121","21","32","31","6","44","44","9","17239","1965","138","9115","101","5920"
"163","Chad Conner","Male","Salem","OR","US","M35-39","FIN","4:47:22","0:31:43","0:02:30","2:33:35","0:01:40","1:37:53","45","45","9","2798","99","79","16","35","34","6","45","45","9","17242","1903","150","9215","100","5873"
"1484","Justin Wiens","Male","Vancouver","BC","CA","M35-39","FIN","4:47:25","0:31:53","0:02:59","2:38:35","0:01:45","1:32:12","46","46","10","2797","112","91","19","58","57","12","46","46","10","17245","1913","179","9515","105","5532"
"807","Nils Maag","Male","BERKELEY","CA","DE","M25-29","FIN","4:47:32","0:30:29","0:02:10","2:35:08","0:01:55","1:37:51","47","47","10","2755","63","52","9","34","33","7","47","47","10","17252","1829","130","9308","115","5871"
"280","Jordan Lamarche","Male","Victoria","CA-BC","CA","M40-44","FIN","4:47:41","0:30:55","0:02:10","2:33:34","0:02:42","1:38:21","48","48","4","3359","72","59","8","30","29","3","48","48","4","17261","1855","130","9214","162","5901"
"157","Jordan Young","Male","Salem","OR","US","M35-39","FIN","4:47:47","0:32:55","0:02:49","2:32:39","0:01:41","1:37:43","49","49","11","2790","159","126","26","38","37","8","49","49","11","17267","1975","169","9159","101","5863"
"1394","Didier Martigny","Male","Sherbrooke","QC","CA","M30-34","FIN","4:48:39","0:37:42","0:04:27","2:32:48","0:02:54","1:30:48","50","50","11","2957","419","304","58","67","65","14","50","50","11","17319","2262","267","9168","174","5448"
"100","Pierre Louis","Male","Toronto","ON","FR","M25-29","FIN","4:48:52","0:38:46","0:03:14","2:37:02","0:01:31","1:28:19","51","51","11","2731","490","355","64","97","92","16","51","51","11","17332","2326","194","9422","91","5299"
"1017","Keith Johnson","Male","Falcon Heights","MN","US","M30-34","FIN","4:48:59","0:34:32","0:04:29","2:34:19","0:03:06","1:32:31","52","52","12","2951","234","176","30","57","56","12","52","52","12","17339","2072","269","9259","186","5551"
"112","Karrie Stewart","Female","Mill Creek","WA","US","F40-44","FIN","4:49:43","0:26:14","0:03:01","2:35:24","0:02:27","1:42:37","53","1","1","3500","4","1","1","25","1","1","53","1","1","17383","1574","181","9324","147","6157"
"1035","Andrew Brownlee","Male","GREENWOOD VLG","CO","US","M30-34","FIN","4:50:50","0:29:32","0:04:02","2:37:59","0:04:19","1:34:57","54","53","13","2918","43","34","10","50","49","11","54","53","13","17450","1772","242","9479","259","5697"
"147","River Elms","Male","Denver","CO","US","M25-29","FIN","4:51:41","0:24:36","0:03:45","2:49:05","0:03:50","1:30:25","55","54","12","2681","1","1","1","86","82","14","55","54","12","17501","1476","225","10145","230","5425"
"792","Dan Wall","Male","Victoria","BC","CA","M35-39","FIN","4:51:44","0:40:31","0:03:06","2:36:16","0:03:45","1:28:07","56","55","12","2719","632","453","58","103","98","21","56","55","12","17504","2431","186","9376","225","5287"
"667","Monty Moreau","Male","White Rock","BC","PL","M18-24","FIN","4:51:47","0:31:51","0:02:47","2:38:55","0:02:12","1:36:01","57","56","7","2861","111","90","14","59","58","7","57","56","7","17507","1911","167","9535","132","5761"
"129","Maia Du Toit","Female","Courtenay","CA-BC","CA","F30-34","FIN","4:52:33","0:32:11","0:02:15","2:42:41","0:01:57","1:33:29","58","2","1","3500","128","27","4","82","3","1","58","2","1","17553","1931","135","9761","117","5609"
"753","Keltie John","Female","North Vancouver","BC","CA","F35-39","FIN","4:52:52","0:31:03","0:02:51","2:47:01","0:02:16","1:29:41","59","3","1","3500","81","15","2","115","6","3","59","3","1","17572","1863","171","10021","136","5381"
"1508","Matthew Wong","Male","Laguna Niguel","CA","US","M40-44","FIN","4:52:53","0:30:12","0:02:55","2:38:48","0:03:11","1:37:47","60","57","5","3266","56","45","5","51","50","5","60","57","5","17573","1812","175","9528","191","5867"
"103","Marco Bustamante-Nadeau","Male","Oakland","CA","US","M30-34","FIN","4:53:03","0:32:02","0:02:48","2:42:38","0:02:09","1:33:27","61","58","14","2878","122","97","21","87","83","16","61","58","14","17583","1922","168","9758","129","5607"
"346","Ben Creswick","Male","Victoria","CA-BC","CA","M18-24","FIN","4:53:05","0:37:48","0:04:49","2:43:26","0:02:55","1:24:07","62","59","8","2837","426","309","45","150","136","14","62","59","8","17585","2268","289","9806","175","5047"
"945","Jacob Stampfli","Male","Hamilton","CA-ON","CA","M25-29","FIN","4:53:15","0:31:48","0:03:00","2:40:47","0:02:12","1:35:28","63","60","13","2652","104","83","14","74","72","12","63","60","13","17595","1908","180","9647","132","5728"
"973","Brian Bollwitt","Male","Sherwood","OR","US","M40-44","FIN","4:53:23","0:40:09","0:02:54","2:43:31","0:02:05","1:24:44","64","61","6","3257","595","425","43","157","143","18","64","61","6","17603","2409","174","9811","125","5084"
"1210","Tyler Geremia","Male","port coquitlam","BC","CA","M40-44","FIN","4:53:27","0:36:22","0:02:37","2:33:27","0:02:55","1:38:06","65","62","7","3255","318","239","25","55","54","6","65","62","7","17607","2182","157","9207","175","5886"
"1409","Jon Hillier","Male","Nanaimo","BC","CA","M35-39","FIN","4:54:13","0:31:51","0:04:14","2:40:43","0:02:58","1:34:28","66","63","13","2674","109","88","18","81","79","18","66","63","13","17653","1911","254","9643","178","5668"
"1383","Philippe Lepage","Male","Sherbrooke","CA-QC","CA","M25-29","FIN","4:54:17","0:31:16","0:04:14","2:43:40","0:02:43","1:32:25","67","64","14","2634","85","69","11","98","93","17","67","64","14","17657","1876","254","9820","163","5545"
"535","Michael Gfeller","Male","Fall River","NS","CA","M35-39","FIN","4:54:53","0:38:01","0:03:13","2:41:02","0:02:56","1:29:42","68","65","14","2662","439","318","45","124","118","24","68","65","14","17693","2281","193","9662","176","5382"
"62","Ludwig Fichte","Male","Ottawa","CA-ON","CA","M45-49","FIN","4:54:56","0:35:45","0:05:38","2:34:42","0:04:25","1:34:25","69","66","8","3182","285","216","23","78","76","9","69","66","8","17696","2145","338","9282","265","5665"
"59","Arthur Mathisen","Male","Hermiston","US-OR","US","M55-59","FIN","4:55:12","0:32:42","0:02:25","2:40:06","0:02:19","1:37:40","70","67","2","3200","148","119","6","70","68","4","70","67","2","17712","1962","145","9606","139","5860"
"516","Samuel Wauer","Male","Regina","SK","CA","M35-39","FIN","4:55:21","0:37:19","0:02:27","2:32:16","0:02:04","1:41:15","71","68","15","2654","394","291","41","53","52","10","71","68","15","17721","2239","147","9136","124","6075"
"169","Lisa Purzner","Female","Nanaimo","BC","CA","F35-39","FIN","4:55:22","0:33:01","0:02:37","2:39:16","0:03:31","1:36:56","72","4","2","3455","162","36","6","66","2","1","72","4","2","17722","1981","157","9556","211","5816"
"1037","Tristan Campbell","Male","Federal Way","WA","US","M30-34","FIN","4:56:03","0:36:29","0:04:45","2:42:17","0:03:45","1:28:48","73","69","15","2824","331","247","43","132","126","27","73","69","15","17763","2189","285","9737","225","5328"
"1262","James Newell","Male","Vancouver","BC","CA","M30-34","FIN","4:56:06","0:34:14","0:02:23","2:46:17","0:01:59","1:31:13","74","70","16","2823","217","166","28","129","123","26","74","70","16","17766","2054","143","9977","119","5473"
"174","Cameron Pringle","Male","BROOKLYN","NY","GB","M30-34","FIN","4:56:16","0:34:53","0:02:35","2:44:02","0:03:57","1:30:49","75","71","17","2820","248","187","32","118","112","24","75","71","17","17776","2093","155","9842","237","5449"
"374","Stephen Handel","Male","Dieppe","NB","CA","M50-54","FIN","4:56:24","0:33:07","0:02:09","2:44:33","0:01:41","1:34:54","76","72","1","3500","167","129","7","102","97","8","76","72","1","17784","1987","129","9873","101","5694"
"1452","Bradley Ronyecz","Male","Qualicum Beach","British Columbia","CA","M18-24","FIN","4:56:25","0:33:51","0:02:57","2:41:49","0:02:18","1:35:30","77","73","9","2777","196","152","23","96","91","10","77","73","9","17785","2031","177","9709","138","5730"
"83","Scott Lutz","Male","Fullerton","US-CA","US","M45-49","FIN","4:56:54","0:30:55","0:02:25","2:35:28","0:02:32","1:45:33","78","74","9","3147","73","60","4","41","40","4","78","74","9","17814","1855","145","9328","152","6333"
"1247","Jean Carlo Betancourt Reza","Male","Calgary","AB","MX","M30-34","FIN","4:57:10","0:31:49","0:02:20","2:41:31","0:02:30","1:39:00","79","75","18","2804","105","84","19","75","73","15","79","75","18","17830","1909","140","9691","150","5940"
"1094","Zac Gartside","Male","North Vancouver","BC","CA","M35-39","FIN","4:57:51","0:40:19","0:03:29","2:34:42","0:03:36","1:35:44","80","76","16","2609","614","440","57","95","90","20","80","76","16","17871","2419","209","9282","216","5744"
"366","Charlie Waters","Male","JUNEAU","AK","US","M40-44","FIN","4:57:59","0:30:52","0:03:01","2:46:43","0:01:49","1:35:33","81","77","8","3174","70","58","7","111","106","10","81","77","8","17879","1852","181","10003","109","5733"
"1347","Abigail Archer","Female","Scottsdale","AZ","US","F25-29","FIN","4:58:13","0:31:27","0:02:54","2:54:54","0:02:10","1:26:48","82","5","1","3500","89","18","7","179","17","4","82","5","1","17893","1887","174","10494","130","5208"
"1279","Louis Krüger","Male","Whistler","British Columbia","DE","M18-24","FIN","4:58:31","0:32:30","0:02:45","2:33:47","0:05:04","1:44:25","83","78","10","2740","140","112","16","43","42","6","83","78","10","17911","1950","165","9227","304","6265"
"1538","Byron Trajan","Male","Nanaimo","BC","CA","M45-49","FIN","4:58:32","0:27:57","0:03:40","2:51:00","0:03:33","1:32:23","84","79","10","3117","19","15","2","126","120","11","84","79","10","17912","1677","220","10260","213","5543"
"1108","William Harr","Male","Indian Hills","US-CO","US","M30-34","FIN","4:58:35","0:31:51","0:03:50","2:45:06","0:02:58","1:34:50","85","80","19","2778","108","87","20","113","108","23","85","80","19","17915","1911","230","9906","178","5690"
"68","Jon Greyell","Male","West vancouver","CA-BC","CA","M50-54","FIN","4:58:49","0:30:19","0:02:48","2:23:26","0:03:55","1:58:22","86","81","2","3456","58","47","3","10","10","1","86","81","2","17929","1819","168","8606","235","7102"
"649","Mark Schurch","Male","Langley","BC","CA","M50-54","FIN","4:59:55","0:33:06","0:03:02","2:43:52","0:03:06","1:36:49","87","82","3","3436","166","128","6","105","100","9","87","82","3","17995","1986","182","9832","186","5809"
"214","Mitchell Addison","Male","Calgary","AB","CA","M35-39","FIN","5:00:00","0:34:32","0:03:13","2:38:07","0:02:42","1:41:25","88","83","17","2570","235","177","31","77","75","17","88","83","17","18000","2072","193","9487","162","6085"
"996","Tyler Greenwood","Male","Squamish","British Columbia","CA","M25-29","FIN","5:00:08","0:35:16","0:02:52","2:38:16","0:02:46","1:40:58","89","84","15","2528","260","197","34","79","77","13","89","84","15","18008","2116","172","9496","166","6058"
"166","Kayla Gallo","Female","Ottawa","CA-ON","CA","F30-34","FIN","5:00:10","0:34:44","0:02:53","2:48:25","0:01:51","1:32:16","90","6","2","3362","244","61","12","149","14","5","90","6","2","18010","2084","173","10105","111","5536"
"1465","Oliver Melbourn","Male","Calgary","AB","CA","M25-29","FIN","5:00:23","0:31:45","0:08:16","2:38:11","0:06:08","1:36:02","91","85","16","2524","101","81","13","94","89","15","91","85","16","18023","1905","496","9491","368","5762"
"1512","Artur Podgornyi","Male","NANAIMO","BC","CA","M35-39","FIN","5:00:31","0:39:23","0:02:39","2:33:18","0:03:25","1:41:47","92","86","18","2561","536","385","52","72","70","16","92","86","18","18031","2363","159","9198","205","6107"
"875","Michael Graw","Male","Bellingham","WA","US","M35-39","FIN","5:00:50","0:35:40","0:02:22","2:36:29","0:02:07","1:44:12","93","87","19","2555","279","211","37","65","64","14","93","87","19","18050","2140","142","9389","127","6252"
"74","Ryan Hall","Male","Surrey","CA-BC","CA","M50-54","FIN","5:00:55","0:34:05","0:03:03","2:40:25","0:03:33","1:39:49","94","88","4","3418","207","158","11","89","85","5","94","88","4","18055","2045","183","9625","213","5989"
"1518","MARK SCAIFE","Male","Eugene","US-OR","US","M40-44","FIN","5:01:19","0:39:57","0:03:06","2:34:17","0:03:23","1:40:36","95","89","9","3114","581","413","41","84","80","7","95","89","9","18079","2397","186","9257","203","6036"
"581","Brendan Kessler","Male","LAKE TAPPS","US-WA","US","M35-39","FIN","5:01:19","0:30:57","0:04:12","2:37:12","0:03:08","1:45:50","96","90","20","2546","77","64","13","54","53","11","96","90","20","18079","1857","252","9432","188","6350"
"1405","Conway Nelson","Male","Regina","SK","CA","M50-54","FIN","5:01:33","0:38:16","0:03:40","2:34:39","0:02:42","1:42:16","97","91","5","3407","459","335","17","80","78","4","97","91","5","18093","2296","220","9279","162","6136"
"125","Tedd Girouard","Male","Las Vegas","US-NV","CA","M50-54","FIN","5:01:43","0:38:42","0:03:42","2:37:59","0:01:59","1:39:20","98","92","6","3404","484","351","20","110","105","10","98","92","6","18103","2322","222","9479","119","5960"
"533","Jason Foster","Male","Kelowna","CA-BC","CA","M40-44","FIN","5:01:46","0:35:43","0:03:58","2:42:03","0:03:53","1:36:09","99","93","10","3106","283","214","21","119","113","12","99","93","10","18106","2143","238","9723","233","5769"
"370","Dillon Pigman","Male","Hamilton","MT","US","M30-34","FIN","5:02:47","0:35:42","0:03:03","2:41:58","0:01:42","1:40:21","100","94","20","2702","282","213","35","112","107","22","100","94","20","18167","2142","183","9718","102","6021"
"313","Nicolette Goncalves","Female","Calgary","AB","CA","F30-34","FIN","5:02:48","0:28:10","0:01:45","2:47:21","0:02:03","1:43:30","101","7","3","3315","21","5","1","83","4","2","101","7","3","18168","1690","105","10041","123","6210"
"121","Sophie Forsyth","Female","Vancouver","BC","CA","F18-24","FIN","5:03:00","0:31:00","0:02:27","2:50:41","0:01:35","1:37:17","102","8","1","3500","79","14","4","137","10","1","102","8","1","18180","1860","147","10241","95","5837"
"1476","Tom Wright","Male","Vancouver","British Columbia","GB","M25-29","FIN","5:03:09","0:36:08","0:03:55","2:46:05","0:04:09","1:32:53","103","95","17","2474","306","228","39","151","137","23","103","95","17","18189","2168","235","9965","249","5573"
"947","Riley Christensen","Male","North Vancouver","BC","CA","M30-34","FIN","5:03:13","0:36:22","0:04:25","2:41:11","0:03:23","1:37:53","104","96","21","2695","315","236","41","121","115","25","104","96","21","18193","2182","265","9671","203","5873"
"678","Joseph Lee","Male","Kenmore","Washington","US","M35-39","FIN","5:03:13","0:30:32","0:03:46","2:43:15","0:02:55","1:42:45","105","97","21","2512","66","55","9","88","84","19","105","97","21","18193","1832","226","9795","175","6165"
"1375","Trevor Meiss","Male","Seattle","Washington","US","M30-34","FIN","5:03:20","0:28:26","0:02:32","2:39:57","0:02:14","1:50:10","106","98","22","2693","28","23","7","49","48","10","106","98","22","18200","1706","152","9597","134","6610"
"1471","Jack Wright","Male","Churton","England","GB","M25-29","FIN","5:03:28","0:39:40","0:04:32","2:45:18","0:02:07","1:31:51","107","99","18","2468","557","398","75","182","165","30","107","99","18","18208","2380","272","9918","127","5511"
"1172","Ben Copson","Male","North Vancouver ","BRITISH COLUMBIA","GB","M25-29","FIN","5:03:30","0:39:11","0:03:54","2:44:32","0:04:31","1:31:21","108","100","19","2468","519","374","69","167","152","26","108","100","19","18210","2351","234","9872","271","5481"
"160","Alex Bowns","Male","Maple Valley","WA","US","M30-34","FIN","5:03:48","0:36:24","0:04:09","2:59:06","0:03:59","1:20:10","109","101","23","2684","322","241","42","296","256","49","109","101","23","18228","2184","249","10746","239","4810"
"258","Bethany Draeger","Female","Bellevue","US-WA","US","F30-34","FIN","5:04:04","0:33:56","0:01:41","2:48:17","0:01:29","1:38:40","110","9","4","3292","202","47","7","135","8","3","110","9","4","18244","2036","101","10097","89","5920"
"177","Robert Nielsen","Male","Burnaby","BC","CA","M60-64","FIN","5:04:29","0:36:53","0:03:36","2:42:18","0:03:20","1:38:21","111","102","1","3500","357","270","9","128","122","2","111","102","1","18269","2213","216","9738","200","5901"
"950","Melvin Lacourarie","Male","Toronto","Ontario","FR","M30-34","FIN","5:04:31","0:27:39","0:03:22","2:57:39","0:02:11","1:33:39","112","103","24","2671","16","14","4","173","158","31","112","103","24","18271","1659","202","10659","131","5619"
"79","Henning Von Poser","Male","Düsseldorf","DE-NORDRHEIN-WESTFALEN","DE","M60-64","FIN","5:04:47","0:34:20","0:03:39","2:39:23","0:02:23","1:45:03","113","104","2","3494","224","172","3","85","81","1","113","104","2","18287","2060","219","9563","143","6303"
"1220","Martin Galambos","Male","Vancouver","BC","HU","M25-29","FIN","5:05:28","0:34:31","0:04:09","2:46:13","0:03:24","1:37:11","114","105","20","2432","232","175","30","141","130","20","114","105","20","18328","2071","249","9973","204","5831"
"168","Tony Revitt","Male","Ottawa","ON","CA","M50-54","FIN","5:05:39","0:26:29","0:03:22","2:42:55","0:02:48","1:50:05","115","106","7","3333","6","5","1","56","55","2","115","106","7","18339","1589","202","9775","168","6605"
"582","Seth Bitting","Male","Rossland","BC","CA","M50-54","FIN","5:05:58","0:33:47","0:04:04","2:39:57","0:02:27","1:45:43","116","107","8","3327","189","147","8","92","87","6","116","107","8","18358","2027","244","9597","147","6343"
"1475","William Wright","Male","Churton","CHS","GB","M25-29","FIN","5:06:04","0:42:06","0:04:06","2:33:57","0:02:04","1:43:51","117","108","21","2422","751","518","97","106","101","18","117","108","21","18364","2526","246","9237","124","6231"
"1526","Binhao Luo","Male","Kitchener","Ontario","CN","M25-29","FIN","5:06:11","0:45:05","0:03:16","2:37:53","0:02:27","1:37:30","118","109","22","2420","927","631","119","154","140","24","118","109","22","18371","2705","196","9473","147","5850"
"1058","Gabrielle Bonin","Female","Montréal","CA-QC","CA","F25-29","FIN","5:06:27","0:31:46","0:03:00","2:52:04","0:01:46","1:37:52","119","10","2","3351","102","21","9","158","15","3","119","10","2","18387","1906","180","10324","106","5872"
"155","Rachel Krill","Female","Tualatin","OR","US","F25-29","FIN","5:06:27","0:32:09","0:02:16","2:49:39","0:02:53","1:39:30","120","11","3","3351","126","26","12","136","9","2","120","11","3","18387","1929","136","10179","173","5970"
"539","Beukes Vorster","Male","Regina","CA-SK","CA","M50-54","FIN","5:08:08","0:28:00","0:02:17","2:57:48","0:03:02","1:37:01","121","110","9","3288","20","16","2","169","154","12","121","110","9","18488","1680","137","10668","182","5821"
"466","Sokratis Tsakiltsidis","","Toronto","ON","GR","M40-44","FIN","5:09:12","0:28:54","0:03:50","2:53:24","0:03:06","1:39:58","122","111","11","2972","33","27","2","152","138","16","122","111","11","18552","1734","230","10404","186","5998"
"861","Reed Munsie","Male","Toronto","ON","CA","M40-44","FIN","5:09:14","0:37:10","0:03:02","2:46:46","0:03:53","1:38:22","123","112","12","2971","376","281","30","161","146","19","123","112","12","18554","2230","182","10006","233","5902"
"145","Lindsay Cole","Female","Maple Ridge","CA-BC","CA","F45-49","FIN","5:09:28","0:32:57","0:02:20","2:49:22","0:01:58","1:42:51","124","12","1","3500","161","35","1","139","11","1","124","12","1","18568","1977","140","10162","118","6171"
"185","Jeremy Glasgow","Male","Kelowna","CA-BC","CA","M45-49","FIN","5:09:59","0:36:25","0:02:09","2:50:16","0:02:25","1:38:43","125","113","11","2911","324","242","27","175","159","13","125","113","11","18599","2185","129","10216","145","5923"
"110","Andrew Judkins","Male","Washington","US-UT","US","M55-59","FIN","5:10:13","0:38:26","0:03:11","2:33:39","0:02:55","1:52:02","126","114","3","2930","470","343","22","71","69","5","126","114","3","18613","2306","191","9219","175","6722"
"1326","Philip Aguirre","Male","Vancouver","BC","CA","M45-49","FIN","5:10:37","0:33:55","0:03:18","2:52:54","0:01:56","1:38:34","127","115","12","2900","200","155","17","188","169","14","127","115","12","18637","2035","198","10374","116","5914"
"102","Josh Bott","Male","Puyallup","WA","US","M40-44","FIN","5:11:47","0:38:51","0:03:52","2:38:23","0:02:39","1:48:03","128","116","13","2925","494","357","36","116","110","11","128","116","13","18707","2331","232","9503","159","6483"
"590","Adam Loutfy","Male","West Linn","OR","US","M35-39","FIN","5:11:56","0:31:24","0:03:08","2:45:41","0:03:22","1:48:22","129","117","22","2355","87","70","14","109","104","22","129","117","22","18716","1884","188","9941","202","6502"
"1042","Jeremy Bennett","Male","Calgary","AB","CA","M30-34","FIN","5:12:06","0:34:13","0:04:15","2:39:17","0:05:23","1:48:58","130","118","25","2535","214","163","27","91","86","17","130","118","25","18726","2053","255","9557","323","6538"
"271","Jason Heisey","Male","Kalispell","MT","US","M40-44","FIN","5:12:31","0:36:22","0:02:58","2:42:32","0:02:50","1:47:50","131","119","14","2912","316","237","24","120","114","13","131","119","14","18751","2182","178","9752","170","6470"
"273","Tyler Tanta","Male","Snohomish","Washington","US","M25-29","FIN","5:12:57","0:46:48","0:02:08","2:43:01","0:01:40","1:39:20","132","120","23","2298","1016","692","132","199","177","31","132","120","23","18777","2808","128","9781","100","5960"
"993","Christoph Koch","Male","Coquitlam","BC","DE","M40-44","FIN","5:13:13","0:37:59","0:03:50","2:37:27","0:02:51","1:51:07","133","121","15","2900","436","316","33","99","94","8","133","121","15","18793","2279","230","9447","171","6667"
"817","Jack Sullivan","Male","San Francisco","CA","US","M30-34","FIN","5:13:18","0:32:12","0:02:55","2:57:07","0:03:34","1:37:30","134","122","26","2513","129","102","22","205","182","35","134","122","26","18798","1932","175","10627","214","5850"
"852","Eric SHI","Male","Saratoga","US-CA","US","M18-24","FIN","5:13:52","0:34:06","0:04:19","2:57:20","0:03:10","1:34:56","135","123","11","2463","208","159","24","247","214","27","135","123","11","18832","2046","259","10640","190","5696"
"1359","Kyle Glover","Male","Seattle","WA","US","M35-39","FIN","5:14:06","0:35:10","0:03:25","2:50:19","0:02:43","1:42:30","136","124","23","2316","255","193","32","176","160","31","136","124","23","18846","2110","205","10219","163","6150"
"802","Jason Horner","Male","Saskatoon","SK","CA","M50-54","FIN","5:14:21","0:31:55","0:04:17","2:43:06","0:02:19","1:52:43","137","125","10","3176","117","94","5","100","95","7","137","125","10","18861","1915","257","9786","139","6763"
"1166","Jenna Beaudry","Female","Vancouver","BC","CA","F30-34","FIN","5:14:26","0:30:04","0:03:27","2:51:59","0:03:29","1:45:27","138","13","5","3106","54","11","2","145","13","4","138","13","5","18866","1804","207","10319","209","6327"
"436","Julian Lyon","Male","Seattle","WA","US","M18-24","FIN","5:14:27","0:36:51","0:04:28","2:53:55","0:03:39","1:35:33","139","126","12","2453","353","266","42","240","208","26","139","126","12","18867","2211","268","10435","219","5733"
"691","Gavin Lodermeier","Male","Summerland","CA-BC","CA","M18-24","FIN","5:14:28","0:33:40","0:02:46","2:54:19","0:01:55","1:41:48","140","127","13","2453","186","144","20","191","172","18","140","127","13","18868","2020","166","10459","115","6108"
"949","Michael Holtz","Male","North Vancouver","CA-BC","CA","M45-49","FIN","5:14:57","0:35:51","0:03:23","2:42:07","0:03:30","1:50:06","141","128","13","2822","289","218","25","117","111","10","141","128","13","18897","2151","203","9727","210","6606"
"138","Willem Pretorius","Male","Calgary","Alberta","ZA","M35-39","FIN","5:15:27","0:34:04","0:03:56","2:49:13","0:03:16","1:44:58","142","129","24","2292","205","156","27","164","149","30","142","129","24","18927","2044","236","10153","196","6298"
"1507","Michael Nguyen","Male","BELLEVUE","WA","US","M35-39","FIN","5:15:35","0:35:27","0:07:12","2:38:12","0:03:49","1:50:55","143","130","25","2290","271","204","36","114","109","23","143","130","25","18935","2127","432","9492","229","6655"
"467","Boris Gourichon","Male","Montreal","QC","CA","M50-54","FIN","5:15:48","0:33:47","0:04:17","2:47:45","0:02:10","1:47:49","144","131","11","3150","191","149","9","147","134","11","144","131","11","18948","2027","257","10065","130","6469"
"1488","Zachary Greenham","Male","St. John's","NL","CA","M25-29","FIN","5:15:50","0:33:35","0:03:21","2:48:25","0:03:03","1:47:26","145","132","24","2246","184","142","26","143","132","21","145","132","24","18950","2015","201","10105","183","6446"
"134","Simon Belfitt","Male","Hong Kong","Hong Kong","HK","M40-44","FIN","5:16:12","0:36:34","0:04:11","2:45:25","0:03:28","1:46:33","146","133","16","2846","336","251","27","153","139","17","146","133","16","18972","2194","251","9925","208","6393"
"734","Guillermo Malzahn","Male","Santiago","REGION METROPOLITANA DE SANTIAGO","CL","M40-44","FIN","5:16:14","0:39:56","0:02:34","2:46:49","0:02:54","1:44:02","147","134","17","2845","579","411","40","180","163","21","147","134","17","18974","2396","154","10009","174","6242"
"688","Gustavo Garces Gonzalez","Male","Aguascalientes","MX-AGU","MX","M30-34","FIN","5:16:25","0:36:58","0:03:13","2:52:22","0:03:08","1:40:45","148","135","27","2457","363","272","48","210","186","36","148","135","27","18985","2218","193","10342","188","6045"
"543","Kelly Hellman","Female","Nelson","CA-BC","CA","F25-29","FIN","5:16:25","0:37:05","0:04:01","2:53:40","0:03:06","1:38:34","149","14","4","3172","372","95","32","236","31","7","149","14","4","18985","2225","241","10420","186","5914"
"1314","Charlotte Scott","Female","San Francisco","CA","US","F25-29","FIN","5:16:27","0:33:10","0:03:32","2:54:50","0:02:16","1:42:39","150","15","5","3171","169","39","15","196","21","5","150","15","5","18987","1990","212","10490","136","6159"
"648","Curtis Dublanko","Male","Edmonton","AB","CA","M40-44","FIN","5:16:40","0:31:54","0:03:25","2:47:26","0:03:03","1:50:52","151","136","18","2837","114","93","10","127","121","14","151","136","18","19000","1914","205","10046","183","6652"
"983","Charlie Jacobs","Male","Kelowna","British Columbia","CA","M18-24","FIN","5:16:49","0:38:04","0:04:17","2:48:11","0:02:42","1:43:35","152","137","14","2410","444","323","46","190","171","17","152","137","14","19009","2284","257","10091","162","6215"
"206","Andrew Pallas","Male","Victoria","CA-BC","CA","M55-59","FIN","5:16:49","0:37:23","0:04:21","2:40:29","0:02:39","1:51:57","153","138","4","2811","401","293","18","123","117","7","153","138","4","19009","2243","261","9629","159","6717"
"730","Mallory Pullman","Female","Nanaimo","BC","CA","F35-39","FIN","5:16:58","0:30:54","0:03:13","2:43:37","0:03:20","1:55:54","154","16","3","3066","71","13","1","90","5","2","154","16","3","19018","1854","193","9817","200","6954"
"541","Chris Cooper","Male","Sheguiandah","ON","CA","M30-34","FIN","5:16:59","0:36:07","0:03:00","2:53:05","0:02:42","1:42:04","155","139","28","2447","304","227","38","203","180","34","155","139","28","19019","2167","180","10385","162","6124"
"1434","Garett Chisum","Male","DANVILLE","CA","US","M45-49","FIN","5:17:06","0:46:04","0:05:55","2:44:36","0:03:16","1:37:16","156","140","14","2783","980","667","53","253","218","20","156","140","14","19026","2764","355","9876","196","5836"
"1288","Jorge Espinosa","Male","San Andrés Cholula, Puebla ","MX-PUE","MX","M18-24","FIN","5:17:19","0:32:13","0:03:31","2:47:37","0:03:29","1:50:29","157","141","15","2401","130","103","15","130","124","12","157","141","15","19039","1933","211","10057","209","6629"
"1504","Ben Whiting","Male","Nanaimo","CA-BC","CA","M25-29","FIN","5:17:28","0:32:42","0:02:55","2:52:33","0:02:45","1:46:33","158","142","25","2216","149","120","20","170","155","27","158","142","25","19048","1962","175","10353","165","6393"
"1187","Erik Sveistrup","Male","Northbridge","AU-WA","CA","M25-29","FIN","5:17:43","0:29:14","0:04:26","2:41:43","0:03:39","1:58:41","159","143","26","2212","38","30","5","73","71","11","159","143","26","19063","1754","266","9703","219","7121"
"244","Tyler Spangler","Male","Loomis","CA","US","M35-39","FIN","5:17:48","0:31:44","0:02:55","2:57:37","0:02:02","1:43:29","160","144","26","2250","100","80","17","206","183","34","160","144","26","19068","1904","175","10657","122","6209"
"1170","Ilya Ganelin","Male","Burnaby","CA-BC","CA","M40-44","FIN","5:17:59","0:39:07","0:05:46","2:54:57","0:03:22","1:34:47","161","145","19","2814","511","369","38","301","260","28","161","145","19","19079","2347","346","10497","202","5687"
"1523","Miguel Arteaga","Male","Santa Monica","US-CA","US","M30-34","FIN","5:18:09","0:37:17","0:04:17","3:01:10","0:03:41","1:31:43","162","146","29","2426","392","289","55","337","290","52","162","146","29","19089","2237","257","10870","221","5503"
"1391","Aaron BUGH","Male","Lakewood","US-CO","US","M30-34","FIN","5:18:10","0:35:30","0:03:55","2:50:13","0:05:07","1:43:24","163","147","30","2426","273","205","34","186","167","32","163","147","30","19090","2130","235","10213","307","6204"
"903","Ingrid Spies","Female","SEATTLE","WA","US","F50-54","FIN","5:18:12","0:32:53","0:03:13","2:52:42","0:02:16","1:47:06","164","17","1","3500","158","33","2","174","16","1","164","17","1","19092","1973","193","10362","136","6426"
"1306","Bryan Hynes","Male","Victoria","BC","CA","M30-34","FIN","5:18:19","0:36:31","0:03:15","2:38:21","0:03:15","1:56:57","165","148","31","2423","333","248","44","93","88","18","165","148","31","19099","2191","195","9501","195","7017"
"287","Jessica Turanec","Female","Kelowna","BC","CA","F40-44","FIN","5:18:35","0:39:49","0:02:32","2:53:12","0:01:48","1:41:14","166","18","2","2980","569","164","11","244","33","3","166","18","2","19115","2389","152","10392","108","6074"
"1422","Patrick Graham","Male","Lantzville","CA-BC","CA","M45-49","FIN","5:18:40","0:33:14","0:03:07","3:00:38","0:02:42","1:39:00","167","149","15","2755","173","134","13","258","223","21","167","149","15","19120","1994","187","10838","162","5940"
"1310","Antonio Velazquez","Male","Vancouver","British Columbia","CA","M18-24","FIN","5:18:52","0:36:46","0:03:02","2:49:36","0:02:22","1:47:06","168","150","16","2373","348","262","41","181","164","16","168","150","16","19132","2206","182","10176","142","6426"
"877","Samuel Togyi","Male","Naramata","BC","CA","M18-24","FIN","5:18:55","0:30:56","0:02:23","2:49:00","0:01:52","1:54:45","169","151","17","2372","75","62","10","125","119","11","169","151","17","19135","1856","143","10140","112","6885"
"1015","Akiyoshi Yamamoto","Male","Fujisawa","Kanagawa","JP","M35-39","FIN","5:18:56","0:29:54","0:02:21","2:54:05","0:02:22","1:50:14","170","152","27","2229","49","39","6","156","142","28","170","152","27","19136","1794","141","10445","142","6614"
"873","Connor Schellenberg-Beaver","Male","Burnaby","BC","CA","M35-39","FIN","5:18:59","0:30:55","0:02:04","2:51:58","0:02:53","1:51:09","171","153","28","2228","74","61","11","142","131","25","171","153","28","19139","1855","124","10318","173","6669"
"413","Jacob Laws","Male","Heber City","UT","US","M30-34","FIN","5:19:02","0:40:23","0:03:02","2:36:45","0:02:44","1:56:07","172","154","32","2410","623","444","82","108","103","21","172","154","32","19142","2423","182","9405","164","6967"
"465","Christopher Kechejian","Male","Dallas","TX","US","M40-44","FIN","5:19:02","0:34:37","0:03:15","2:46:54","0:02:49","1:51:27","173","155","20","2795","239","179","19","140","129","15","173","155","20","19142","2077","195","10014","169","6687"
"124","Guillaume Lafleur-Smith","Male","Foster","CA-QC","CA","M35-39","FIN","5:19:07","0:30:36","0:01:39","2:36:33","0:02:34","2:07:45","174","156","29","2226","67","56","10","40","39","9","174","156","29","19147","1836","99","9393","154","7665"
"706","Tristan Sandhu","Male","Coquitlam","BC","CA","M35-39","FIN","5:19:14","0:35:41","0:04:35","2:55:09","0:02:39","1:41:11","175","157","30","2224","281","212","38","242","210","37","175","157","30","19154","2141","275","10509","159","6071"
"1420","Benjamin Humer","Male","North Vancouver","British Columbia","CA","M18-24","FIN","5:19:19","0:35:32","0:04:32","2:43:18","0:04:22","1:51:36","176","158","18","2365","274","206","33","131","125","13","176","158","18","19159","2132","272","9798","262","6696"
"230","Christopher Neil","Male","Boston","US-MA","SE","M18-24","FIN","5:19:23","0:36:43","0:03:57","2:54:05","0:04:03","1:40:35","177","159","19","2364","346","261","40","235","205","25","177","159","19","19163","2203","237","10445","243","6035"
"677","Matt Reeder","Male","Kaleden","British Columbia","CA","M18-24","FIN","5:19:23","0:38:10","0:06:05","2:50:16","0:03:29","1:41:23","178","160","20","2364","450","327","48","229","201","24","178","160","20","19163","2290","365","10216","209","6083"
"719","Sam Rennebohm","Male","Seattle","WA","US","M40-44","FIN","5:19:23","0:31:58","0:03:08","2:58:31","0:02:28","1:43:18","179","161","21","2789","119","95","11","222","197","22","179","161","21","19163","1918","188","10711","148","6198"
"1350","Eli Hall","Male","EVERETT","US-WA","US","M30-34","FIN","5:19:33","0:36:06","0:05:26","2:57:06","0:05:51","1:35:04","180","162","33","2401","301","226","37","280","241","45","180","162","33","19173","2166","326","10626","351","5704"
"1386","Scott Fassas","Male","Culver City","CA","US","M30-34","FIN","5:19:35","0:37:15","0:06:06","2:53:53","0:04:19","1:38:01","181","163","34","2400","387","287","53","261","226","41","181","163","34","19175","2235","366","10433","259","5881"
"1189","Tony Ma","Male","Vancouver","British Columbia","CA","M25-29","FIN","5:19:44","0:32:52","0:05:44","2:57:23","0:03:42","1:40:03","182","164","27","2176","155","124","23","248","215","38","182","164","27","19184","1972","344","10643","222","6003"
"108","Carleigh Johnston","Female","Guelph","CA-ON","CA","F30-34","FIN","5:20:06","0:34:24","0:02:26","2:54:31","0:01:54","1:46:52","183","19","6","3004","226","54","10","194","20","7","183","19","6","19206","2064","146","10471","114","6412"
"654","Luca Raffaello","Male","Kelowna","BC","IT","M45-49","FIN","5:20:25","0:31:30","0:02:41","2:58:32","0:02:29","1:45:12","184","165","16","2723","90","72","5","213","189","17","184","165","16","19225","1890","161","10712","149","6312"
"433","Michelle Jenny van Lill","Female","Prince George","BC","ZA","F25-29","FIN","5:20:44","0:37:00","0:03:04","3:03:41","0:02:27","1:34:33","185","20","6","3094","367","92","31","351","50","13","185","20","6","19244","2220","184","11021","147","5673"
"1477","Owen Williams","Male","St Asaph ","Wales","GB","M18-24","FIN","5:20:46","0:36:40","0:03:24","2:59:54","0:02:42","1:38:06","186","166","21","2339","341","256","39","303","262","34","186","166","21","19246","2200","204","10794","162","5886"
"683","Mark Gebert","Male","Calgary","AB","CA","M25-29","FIN","5:20:48","0:32:23","0:04:17","2:46:58","0:01:51","1:55:19","187","167","28","2156","137","109","17","133","127","19","187","167","28","19248","1943","257","10018","111","6919"
"571","Bryce Fischer","Male","Anchorage","AK","US","M30-34","FIN","5:20:52","0:37:30","0:04:56","2:50:57","0:02:45","1:44:44","188","168","35","2377","406","297","56","217","192","38","188","168","35","19252","2250","296","10257","165","6284"
"117","Gustavo Aguilar","Male","Irvine","CA","US","M45-49","FIN","5:20:58","0:29:25","0:02:35","3:00:04","0:01:49","1:47:05","189","169","17","2714","40","31","3","200","178","15","189","169","17","19258","1765","155","10804","109","6425"
"778","Christina Howard","Female","Langford","BC","CA","F30-34","FIN","5:21:11","0:34:24","0:02:48","2:52:21","0:01:53","1:49:44","190","21","7","2984","228","56","11","184","19","6","190","21","7","19271","2064","168","10341","113","6584"
"1536","Mairin O'Brien","Female","Bainbridge Island","Washington","US","F18-24","FIN","5:21:14","0:32:20","0:02:15","2:59:48","0:01:39","1:45:12","191","22","2","3171","136","28","7","227","28","2","191","22","2","19274","1940","135","10788","99","6312"
"152","Charl Rodwell","Female","Richmond","BC","CA","F35-39","FIN","5:21:34","0:37:17","0:02:21","2:49:55","0:02:50","1:49:11","192","23","4","2983","389","102","11","183","18","4","192","23","4","19294","2237","141","10195","170","6551"
"153","Anastasia Jones","Female","PORTLAND","OR","US","F35-39","FIN","5:21:35","0:32:48","0:02:58","2:56:43","0:03:33","1:45:34","193","24","5","2983","154","31","5","209","24","6","193","24","5","19295","1968","178","10603","213","6334"
"164","Lian Finch","Female","Vancouver","BC","CA","F25-29","FIN","5:21:59","0:34:22","0:03:23","2:46:01","0:02:02","1:56:12","194","25","7","3072","225","53","17","134","7","1","194","25","7","19319","2062","203","9961","122","6972"
"77","Kevin Cuddington","Male","Rm Of Edenwold","SK","CA","M30-34","FIN","5:22:13","0:38:59","0:03:05","2:42:33","0:02:44","1:54:52","195","170","36","2353","499","359","66","138","128","28","195","170","36","19333","2339","185","9753","164","6892"
"1152","Wesley Taylor","Male","Victoria","British Columbia","CA","M30-34","FIN","5:22:26","0:32:31","0:02:57","2:58:06","0:03:12","1:45:40","196","171","37","2349","144","116","24","221","196","39","196","171","37","19346","1951","177","10686","192","6340"
"501","Alexander Golovko","Male","Vancouver","BC","","M35-39","FIN","5:22:32","0:29:50","0:03:54","3:00:16","0:04:04","1:44:27","197","172","31","2165","47","38","5","225","198","35","197","172","31","19352","1790","234","10816","244","6267"
"1004","Marc Tardif","Male","Candiac","QC","CA","M60-64","FIN","5:22:45","0:39:11","0:05:01","2:51:10","0:03:35","1:43:48","198","173","3","3171","520","375","11","241","209","3","198","173","3","19365","2351","301","10270","215","6228"
"588","Lucas Winkelmann","Male","Seattle","WA","US","M30-34","FIN","5:22:49","0:39:43","0:05:26","2:52:45","0:03:34","1:41:21","199","174","38","2342","562","401","73","273","235","43","199","174","38","19369","2383","326","10365","214","6081"
"305","Sam Tiggelaar","Male","Vancouver","BC","CA","M18-24","FIN","5:22:51","0:35:07","0:03:36","2:53:36","0:02:05","1:48:27","200","175","22","2302","253","191","30","207","184","20","200","175","22","19371","2107","216","10416","125","6507"
"696","Rhys Spencer","Male","Penticton","BC","CA","M55-59","FIN","5:23:20","0:30:58","0:03:55","2:40:12","0:02:47","2:05:28","201","176","5","2694","78","65","4","68","66","3","201","176","5","19400","1858","235","9612","167","7528"
"924","Brandon Hillis","Male","Port Moody","CA-BC","CA","M40-44","FIN","5:23:24","0:45:17","0:04:20","2:57:48","0:02:09","1:33:50","202","177","22","2716","936","638","66","410","337","38","202","177","22","19404","2717","260","10668","129","5630"
"660","Kin Long Cheung","Male","Calgary","AB","HK","M30-34","FIN","5:23:39","0:36:09","0:02:54","2:55:23","0:03:14","1:45:58","203","178","39","2327","307","229","39","228","200","40","203","178","39","19419","2169","174","10523","194","6358"
"490","Dustin Capri","Male","NEWPORT","OR","US","M35-39","FIN","5:23:52","0:34:29","0:04:41","2:59:31","0:02:53","1:42:18","204","179","32","2141","230","174","30","282","243","41","204","179","32","19432","2069","281","10771","173","6138"
"762","Francisco Maya","Male","Portland","OR","US","M55-59","FIN","5:23:58","0:33:33","0:06:43","3:02:32","0:03:31","1:37:40","205","180","6","2683","183","141","8","339","292","21","205","180","6","19438","2013","403","10952","211","5860"
"107","Jason Ma","Male","South San Francisco","CA","US","M25-29","FIN","5:24:04","0:32:32","0:03:36","2:49:42","0:01:46","1:56:28","206","181","29","2098","146","117","19","148","135","22","206","181","29","19444","1952","216","10182","106","6988"
"1269","sean gettler","Male","charlie lake","British Columbia","CA","M35-39","FIN","5:24:11","0:30:57","0:03:15","2:51:37","0:04:03","1:54:20","207","182","33","2135","76","63","12","146","133","26","207","182","33","19451","1857","195","10297","243","6860"
"1034","Ulyana Zarubina","Female","Laguna Niguel","CA","US","F35-39","FIN","5:24:20","0:31:54","0:03:39","2:59:00","0:03:00","1:46:48","208","26","6","2933","115","22","3","230","29","8","208","26","6","19460","1914","219","10740","180","6408"
"81","Francis SILVA","Male","Toronto","CA-ON","CA","M35-39","FIN","5:24:37","0:45:55","0:02:45","2:51:10","0:01:37","1:43:11","209","183","34","2127","970","658","85","300","259","44","209","183","34","19477","2755","165","10270","97","6191"
"441","Óscar David Silla Ramón","Male","Picassent","","ES","M45-49","FIN","5:24:43","0:34:54","0:03:47","2:49:36","0:03:44","1:52:42","210","184","18","2646","250","189","21","171","156","12","210","184","18","19483","2094","227","10176","224","6762"
"961","Willem Groot","Male","Wervershoof","NL-NH","NL","M18-24","FIN","5:24:57","0:39:42","0:04:24","2:56:06","0:03:56","1:40:49","211","185","23","2264","561","400","61","307","266","35","211","185","23","19497","2382","264","10566","236","6049"
"57","Marcella Rietz","Female","WALLA WALLA","WA","US","F50-54","FIN","5:24:58","0:37:54","0:02:59","2:52:53","0:02:18","1:48:54","212","27","2","3378","430","118","6","223","26","2","212","27","2","19498","2274","179","10373","138","6534"
"587","Kevin Hause","Male","Honolulu","HI","US","M55-59","FIN","5:25:09","0:31:53","0:02:59","2:52:03","0:02:29","1:55:46","213","186","7","2661","113","92","5","160","145","9","213","186","7","19509","1913","179","10323","149","6946"
"1402","Nick Chodura","Male","Vancouver","CA-BC","CA","M25-29","FIN","5:25:15","0:37:15","0:03:26","2:47:40","0:03:38","1:53:17","214","187","30","2076","386","286","49","172","157","28","214","187","30","19515","2235","206","10060","218","6797"
"317","Ben Schreiner","Male","Richmond","BC","CA","M30-34","FIN","5:25:29","0:35:59","0:03:13","3:00:51","0:01:44","1:43:43","215","188","40","2294","295","222","36","305","264","50","215","188","40","19529","2159","193","10851","104","6223"
"850","Michael Kier","Male","Mountlake Terrace","WA","US","M18-24","FIN","5:25:31","0:34:10","0:04:26","2:52:12","0:03:03","1:51:40","216","189","24","2254","212","161","25","192","173","19","216","189","24","19531","2050","266","10332","183","6700"
"729","Mason Broadfoot","Male","Winnipeg","CA-MB","CA","M35-39","FIN","5:25:33","0:41:33","0:03:18","2:56:04","0:03:39","1:40:58","217","190","35","2110","712","497","65","316","274","47","217","190","35","19533","2493","198","10564","219","6058"
"165","Jeff Sankoff","Male","DENVER","CO","CA","M55-59","FIN","5:25:33","0:42:14","0:03:02","2:44:19","0:02:49","1:53:08","218","191","8","2654","763","528","39","185","166","10","218","191","8","19533","2534","182","9859","169","6788"
"148","Chad Baker","Male","Spruce Grove","CA-AB","CA","M40-44","FIN","5:25:40","0:34:14","0:03:04","2:59:30","0:03:11","1:45:42","219","192","23","2675","216","165","18","256","221","25","219","192","23","19540","2054","184","10770","191","6342"
"1315","Gabriel Mugica","Male","Vancouver","British Columbia","CA","M18-24","FIN","5:25:58","0:38:58","0:03:37","2:54:22","0:03:56","1:45:05","220","193","25","2246","497","358","55","257","222","29","220","193","25","19558","2338","217","10462","236","6305"
"56","Daniel Elmenhurst","Male","WALLA WALLA","WA","UM","M60-64","FIN","5:26:00","0:45:51","0:03:13","2:50:08","0:04:18","1:42:31","221","194","4","3112","967","657","22","289","250","6","221","194","4","19560","2751","193","10208","258","6151"
"1495","Bruce Aitken","Male","Lake Country","BC","CA","M30-34","FIN","5:26:03","0:40:19","0:04:06","2:43:00","0:03:25","1:55:13","222","195","41","2284","615","441","81","166","151","30","222","195","41","19563","2419","246","9780","205","6913"
"732","Scott Ecker","Male","SEATTLE","WA","US","M50-54","FIN","5:26:25","0:33:48","0:03:19","2:55:05","0:02:44","1:51:29","223","196","12","2959","193","151","10","204","181","13","223","196","12","19585","2028","199","10505","164","6689"
"509","Jonathan Boocock","Male","Pakenham","CA-ON","CA","M60-64","FIN","5:26:30","0:39:47","0:04:46","2:54:30","0:02:37","1:44:50","224","197","5","3103","566","403","13","288","249","5","224","197","5","19590","2387","286","10470","157","6290"
"1137","Brian Roche","Male","Golden","CO","US","M40-44","FIN","5:26:32","0:41:10","0:03:33","2:44:32","0:03:19","1:53:58","225","198","24","2660","679","481","46","178","162","20","225","198","24","19592","2470","213","9872","199","6838"
"600","Thomas Risse","Male","Edmonds","WA","US","M55-59","FIN","5:26:32","0:39:06","0:02:00","2:50:10","0:01:47","1:53:29","226","199","9","2636","509","367","25","193","174","12","226","199","9","19592","2346","120","10210","107","6809"
"151","Nicholas Crispie","Male","San Francisco","CA","US","M30-34","FIN","5:26:53","0:34:51","0:02:26","2:42:42","0:02:24","2:04:30","227","200","42","2269","246","185","31","104","99","19","227","200","42","19613","2091","146","9762","144","7470"
"912","Spencer Lewis","Male","Victoria","British Columbia","CA","M25-29","FIN","5:26:57","0:39:05","0:06:23","2:56:42","0:04:06","1:40:41","228","201","31","2046","507","365","66","329","284","47","228","201","31","19617","2345","383","10602","246","6041"
"711","Anthony Evans","Male","peachland","BC","CA","M35-39","FIN","5:27:09","0:39:21","0:03:31","2:44:16","0:02:47","1:57:14","229","202","36","2081","533","382","51","163","148","29","229","202","36","19629","2361","211","9856","167","7034"
"1217","Christopher Parsons","Male","Cowbridge","Vale of Glamorgan","GB","M30-34","FIN","5:27:24","0:40:14","0:03:12","2:55:28","0:02:40","1:45:50","230","203","43","2259","604","432","80","284","245","46","230","203","43","19644","2414","192","10528","160","6350"
"1107","Katelyn Tsang","Female","Burnaby","BRITISH COLUMBIA","CA","F25-29","FIN","5:27:39","0:37:22","0:03:24","3:03:51","0:03:11","1:39:51","231","28","8","2970","398","107","37","361","55","15","231","28","8","19659","2242","204","11031","191","5991"
"887","Emily Carkner","Female","Victoria","BC","CA","F25-29","FIN","5:27:41","0:36:24","0:03:27","2:51:52","0:02:51","1:53:08","232","29","9","2969","321","81","28","197","22","6","232","29","9","19661","2184","207","10312","171","6788"
"104","Josee Courchesne","Female","New Liskeard","CA-ON","CA","F40-44","FIN","5:28:21","0:36:06","0:03:40","2:57:39","0:02:47","1:48:09","233","30","3","2804","302","76","5","267","37","5","233","30","3","19701","2166","220","10659","167","6489"
"232","Bryan Diaz Piedra","Male","Halifax","CA-NS","CA","M25-29","FIN","5:28:48","0:41:18","0:05:24","2:52:33","0:04:17","1:45:16","234","204","32","2012","689","485","92","290","251","41","234","204","32","19728","2478","324","10353","257","6316"
"815","Katherine Toy","Female","Surrey","British Columbia","CA","F25-29","FIN","5:28:48","0:29:03","0:03:18","3:19:33","0:02:12","1:34:43","235","31","10","2949","37","8","5","467","95","27","235","31","10","19728","1743","198","11973","132","5683"
"398","Devin Wells","Male","Victoria","BC","CA","M25-29","FIN","5:28:51","0:38:41","0:05:10","2:51:54","0:03:37","1:49:30","236","205","33","2012","483","350","60","246","213","37","236","205","33","19731","2321","310","10314","217","6570"
"1244","Ryan Brooks","Male","Seattle","WA","US","M30-34","FIN","5:28:52","0:40:47","0:03:19","2:55:23","0:02:59","1:46:25","237","206","44","2233","648","465","86","292","253","47","237","206","44","19732","2447","199","10523","179","6385"
"1039","Gregory Pape","Male","New York","NY","US","M30-34","FIN","5:28:57","0:36:53","0:04:34","2:45:31","0:03:38","1:58:20","238","207","45","2231","355","268","47","162","147","29","238","207","45","19737","2213","274","9931","218","7100"
"704","Johan Jordaan","Male","Portland","Oregon","US","M25-29","FIN","5:29:09","0:36:10","0:03:58","2:51:58","0:03:37","1:53:26","239","208","34","2006","308","230","40","201","179","32","239","208","34","19749","2170","238","10318","217","6806"
"1398","Dimitar Ivanov","Male","Pitt Meadows","British Columbia","CA","M30-34","FIN","5:29:20","0:26:55","0:04:41","3:01:02","0:02:45","1:53:56","240","209","46","2225","11","9","1","211","187","37","240","209","46","19760","1615","281","10862","165","6836"
"1407","Hunter Hine","Male","Victoria","BC","CA","M25-29","FIN","5:29:20","0:36:36","0:06:29","2:58:05","0:03:21","1:44:49","241","210","35","2003","339","254","43","319","276","44","241","210","35","19760","2196","389","10685","201","6289"
"1455","Guilherme Peixoto Rocha","Male","Victoria","British Columbia","BR","M30-34","FIN","5:29:29","0:43:18","0:06:40","2:52:16","0:04:06","1:43:09","242","211","47","2222","828","565","102","332","286","51","242","211","47","19769","2598","400","10336","246","6189"
"1385","Lauriane Vittoz","Female","Sherbrooke","QC","CA","F30-34","FIN","5:29:38","0:36:25","0:03:36","3:01:26","0:05:02","1:43:08","243","32","8","2832","325","83","19","322","45","12","243","32","8","19778","2185","216","10886","302","6188"
"1525","Tyler Sims","Male","Tigard","US-OR","US","M25-29","FIN","5:29:44","0:37:53","0:03:07","2:53:11","0:04:27","1:51:06","244","212","36","1996","428","311","54","226","199","35","244","212","36","19784","2273","187","10391","267","6666"
"1228","Evan Liu","Male","Mercer Island","Washington","US","M18-24","FIN","5:29:55","0:25:58","0:03:07","2:44:47","0:03:53","2:12:10","245","213","26","2174","3","3","1","61","60","8","245","213","26","19795","1558","187","9887","233","7930"
"520","Greg Knoblauch","Male","T8N 5W8","Alberta","CA","M30-34","FIN","5:30:06","0:38:40","0:04:11","3:05:14","0:04:05","1:37:56","246","214","48","2211","482","349","65","423","346","65","246","214","48","19806","2320","251","11114","245","5876"
"337","Christina King","Female","Oakland","CA","US","F55-59","FIN","5:30:28","0:41:25","0:04:57","2:51:10","0:04:29","1:48:29","247","33","1","3500","700","208","6","269","38","2","247","33","1","19828","2485","297","10270","269","6509"
"180","Harrison Elliott","Male","Winnipeg","Manitoba","CA","M18-24","FIN","5:30:34","0:37:18","0:05:41","2:58:02","0:02:42","1:46:51","248","215","27","2163","393","290","44","317","275","37","248","215","27","19834","2238","341","10682","162","6411"
"478","Christopher Kerr","Male","West Linn","Oregon","US","M18-24","FIN","5:30:38","0:42:32","0:03:52","3:05:11","0:01:59","1:37:05","249","216","28","2162","775","535","77","464","370","51","249","216","28","19838","2552","232","11111","119","5825"
"1150","Lucas Campbell","Male","Penticton","BC","CA","M25-29","FIN","5:30:39","0:37:32","0:05:34","2:51:27","0:03:57","1:52:09","250","217","37","1979","408","299","51","231","202","36","250","217","37","19839","2252","334","10287","237","6729"
"1046","Max Kreidl","Male","Boulder","US-CO","US","M18-24","FIN","5:30:49","0:27:07","0:04:18","2:56:14","0:03:58","1:59:11","251","218","29","2158","13","11","2","168","153","15","251","218","29","19849","1627","258","10574","238","7151"
"1360","Zoe Fowler-Kimsey","Female","Seattle","WA","US","F30-34","FIN","5:30:54","0:31:59","0:04:56","2:57:44","0:04:14","1:52:00","252","34","9","2809","120","25","3","233","30","8","252","34","9","19854","1919","296","10664","254","6720"
"150","Sarah Latonas","Female","Vancouver","BC","CA","F35-39","FIN","5:31:05","0:32:43","0:08:01","2:53:05","0:06:20","1:50:56","253","35","7","2812","150","30","4","224","27","7","253","35","7","19865","1963","481","10385","380","6656"
"1270","Colin Jones","Male","North Vancouver","CA-BC","CA","M35-39","FIN","5:31:14","0:31:35","0:04:41","2:55:13","0:03:20","1:56:25","254","219","37","2008","92","74","15","195","175","33","254","219","37","19874","1895","281","10513","200","6985"
"80","Eleanor O'Gorman","Female","Woburn","MA","US","F25-29","FIN","5:31:28","0:31:36","0:05:13","3:04:21","0:04:08","1:46:11","255","36","11","2901","93","19","8","318","43","11","255","36","11","19888","1896","313","11061","248","6371"
"90","Stacey Campeau","Female","Anmore","BC","CA","F55-59","FIN","5:31:38","0:41:33","0:03:55","2:47:36","0:03:04","1:55:30","256","37","2","3479","714","217","7","216","25","1","256","37","2","19898","2493","235","10056","184","6930"
"204","Colleen Smith","Female","Ottawa","ON","CA","F25-29","FIN","5:31:47","0:37:39","0:04:41","2:54:10","0:03:13","1:52:04","257","38","12","2895","414","113","39","252","35","9","257","38","12","19907","2259","281","10450","193","6724"
"921","David Hillhouse","Male","Prince George","British Columbia","CA","M18-24","FIN","5:32:00","0:34:44","0:05:38","2:57:02","0:03:19","1:51:18","258","220","30","2137","243","183","28","266","230","30","258","220","30","19920","2084","338","10622","199","6678"
"1009","Theo Devant","Male","Sammamish","WA","FR","M18-24","FIN","5:32:14","0:31:36","0:03:24","2:57:43","0:03:15","1:56:16","259","221","31","2133","94","75","13","212","188","21","259","221","31","19934","1896","204","10663","195","6976"
"806","Jack Caldwell","Male","Kimberley","British Columbia","CA","M35-39","FIN","5:32:18","0:41:24","0:04:24","2:54:11","0:04:41","1:47:36","260","222","38","1989","699","492","64","304","263","45","260","222","38","19938","2484","264","10451","281","6456"
"1338","Kevin Lemay","Male","Squamish","BC","CA","M35-39","FIN","5:32:33","0:39:08","0:02:43","2:57:04","0:03:09","1:50:28","261","223","39","1984","513","371","49","285","246","43","261","223","39","19953","2348","163","10624","189","6628"
"718","Rafael Castiglia","Male","Joinville","Santa Catarina","BR","M45-49","FIN","5:32:41","0:32:01","0:04:36","2:55:42","0:03:08","1:57:14","262","224","19","2503","121","96","7","208","185","16","262","224","19","19961","1921","276","10542","188","7034"
"760","Fred Kingston","Male","Seattle","WA","US","M45-49","FIN","5:32:49","0:32:10","0:03:52","3:10:29","0:04:14","1:42:04","263","225","20","2500","127","101","8","392","328","31","263","225","20","19969","1930","232","11429","254","6124"
"439","Ernesto Cabanes","Male","Tacoma","WA","US","M45-49","FIN","5:33:06","0:37:45","0:06:24","2:51:26","0:02:36","1:54:55","264","226","21","2495","423","307","31","245","212","19","264","226","21","19986","2265","384","10286","156","6895"
"576","Finn Angelina Mifsud","Female","Eugene","OR","US","F25-29","FIN","5:33:09","0:27:42","0:03:27","3:11:48","0:02:19","1:47:53","265","39","13","2871","17","3","2","342","48","12","265","39","13","19989","1662","207","11508","139","6473"
"84","Gareth Bowley","Male","Langley","BC","CA","M45-49","FIN","5:33:22","0:32:47","0:04:01","3:00:56","0:05:11","1:50:27","266","227","22","2490","153","123","10","270","232","23","266","227","22","20002","1967","241","10856","311","6627"
"1052","Molly Wallach","Female","Greer","South Carolina","US","F30-34","FIN","5:33:25","0:37:04","0:03:49","2:56:29","0:02:49","1:53:13","267","40","10","2764","371","94","21","265","36","9","267","40","10","20005","2224","229","10589","169","6793"
"803","Colton Barry","Male","Denver","US-CO","US","M25-29","FIN","5:33:31","0:29:57","0:02:35","2:54:44","0:03:00","2:03:15","268","228","38","1928","50","40","6","165","150","25","268","228","38","20011","1797","155","10484","180","7395"
"564","Heather Boersma","Female","Calgary","CA-AB","CA","F30-34","FIN","5:33:33","0:35:19","0:04:03","3:08:28","0:02:12","1:43:31","269","41","11","2762","264","65","14","418","74","20","269","41","11","20013","2119","243","11308","132","6211"
"1481","Oleksandr Galunenko","Male","Nanaimo","BC","CA","M40-44","FIN","5:33:41","0:32:30","0:02:57","3:04:53","0:03:56","1:49:24","270","229","25","2531","142","114","13","309","268","30","270","229","25","20021","1950","177","11093","236","6564"
"1309","Alex Hadlaw","","Kelowna","BC","CA","F25-29","FIN","5:33:46","0:41:35","0:03:59","3:01:03","0:02:39","1:44:30","271","42","14","2860","720","220","62","394","66","19","271","42","14","20026","2495","239","10863","159","6270"
"809","Ines Willemyns","Female","San Francisco","CA","BE","F35-39","FIN","5:34:08","0:43:27","0:04:00","2:59:20","0:03:42","1:43:40","272","43","8","2757","840","268","31","397","67","11","272","43","8","20048","2607","240","10760","222","6220"
"1293","Rogan Boag","Male","Victoria","British Columbia","CA","M18-24","FIN","5:34:10","0:29:26","0:03:22","3:03:59","0:04:38","1:52:44","273","230","32","2098","41","32","7","255","220","28","273","230","32","20050","1766","202","11039","278","6764"
"968","Erik Mumm","Male","Denver","CO","US","M25-29","FIN","5:34:26","0:34:08","0:04:27","2:54:27","0:03:36","1:57:48","274","231","39","1911","210","160","28","215","191","33","274","231","39","20066","2048","267","10467","216","7068"
"115","Taylor Horlick","Female","WILSONVILLE","OR","US","F35-39","FIN","5:34:37","0:38:45","0:04:07","3:03:12","0:02:37","1:45:57","275","44","9","2748","489","135","14","382","63","10","275","44","9","20077","2325","247","10992","157","6357"
"193","Jesse Greir","Male","Cowichan Bay","British Columbia","CA","M25-29","FIN","5:34:42","0:37:09","0:03:40","3:09:04","0:02:27","1:42:22","276","232","40","1906","375","280","45","449","358","57","276","232","40","20082","2229","220","11344","147","6142"
"140","Robert Connolly","Male","Brooklyn","NY","IE","M30-34","FIN","5:34:49","0:36:58","0:04:43","3:05:57","0:03:13","1:43:58","277","233","49","2126","364","273","49","413","340","63","277","233","49","20089","2218","283","11157","193","6238"
"187","Ahmed Bouchiba","Male","Delta","CA-BC","CA","M35-39","FIN","5:34:50","0:48:47","0:02:57","2:56:00","0:01:50","1:45:16","278","234","40","1943","1091","746","94","415","342","50","278","234","40","20090","2927","177","10560","110","6316"
"470","Karim Omri","Male","Sudbury","CA-ON","CA","M35-39","FIN","5:35:01","0:39:44","0:04:03","2:56:36","0:03:52","1:50:46","279","235","41","1940","564","402","53","310","269","46","279","235","41","20101","2384","243","10596","232","6646"
"1522","Alec Zeluff-Grant","Male","Los Angeles","US-CA","US","M30-34","FIN","5:35:03","0:39:00","0:08:02","3:06:25","0:04:43","1:36:53","280","236","50","2122","500","360","67","492","390","71","280","236","50","20103","2340","482","11185","283","5813"
"82","Angela Lindsey","Male","Carmel-by-the-Sea","US-CA","US","M55-59","FIN","5:35:09","0:39:14","0:04:47","3:00:26","0:03:08","1:47:35","281","237","10","2481","525","378","26","359","306","23","281","237","10","20109","2354","287","10826","188","6455"
"1341","Chris Reid","Male","Saanichton","BC","CA","M35-39","FIN","5:35:22","0:32:41","0:03:44","2:53:32","0:03:08","2:02:17","282","238","42","1934","147","118","25","187","168","32","282","238","42","20122","1961","224","10412","188","7337"
"572","Cody Lourie","Male","ANCHORAGE","AK","US","M40-44","FIN","5:35:39","0:40:30","0:04:16","2:55:29","0:03:54","1:51:29","283","239","26","2496","629","450","45","308","267","29","283","239","26","20139","2430","256","10529","234","6689"
"512","Jennifer Dressler","Female","Grand Forks","CA-BC","CA","F40-44","FIN","5:35:51","0:41:23","0:04:11","2:50:32","0:03:07","1:56:38","284","45","4","2669","697","207","16","249","34","4","284","45","4","20151","2483","251","10232","187","6998"
"480","Mark Sinnige","Male","Huntsville","CA-ON","CA","M55-59","FIN","5:36:09","0:30:01","0:03:17","3:10:39","0:01:55","1:50:18","285","240","11","2463","53","43","1","353","303","22","285","240","11","20169","1801","197","11439","115","6618"
"713","Siobhan Schenk","Female","vancouver","BC","CA","F30-34","FIN","5:36:12","0:34:09","0:02:06","3:03:26","0:02:11","1:54:20","286","46","12","2714","211","51","8","297","41","10","286","46","12","20172","2049","126","11006","131","6860"
"715","Quinn Bechard","Male","North Vancouver","BC","CA","M25-29","FIN","5:36:19","0:36:58","0:05:46","2:55:13","0:05:48","1:52:34","287","241","41","1877","365","274","44","275","237","39","287","241","41","20179","2218","346","10513","348","6754"
"99","Jordy Cox","Male","Wenatchee","US-WA","US","M50-54","FIN","5:36:31","0:40:00","0:05:01","2:49:50","0:04:07","1:57:33","288","242","13","2777","586","416","22","238","207","14","288","242","13","20191","2400","301","10190","247","7053"
"1308","Allison Williams","Female","Kelowna","British Columbia","CA","F25-29","FIN","5:36:37","0:34:30","0:03:33","3:07:03","0:02:48","1:48:43","289","47","15","2808","231","57","18","370","57","16","289","47","15","20197","2070","213","11223","168","6523"
"93","Paul Heitmann","Male","Asheville","NC","US","M55-59","FIN","5:36:44","0:41:23","0:04:12","2:51:28","0:02:57","1:56:45","290","243","12","2453","695","489","36","259","224","13","290","243","12","20204","2483","252","10288","177","7005"
"1260","Tyler Clayton","Male","Calgary","Alberta","CA","M18-24","FIN","5:36:53","0:39:03","0:04:05","2:54:41","0:03:46","1:55:18","291","244","33","2049","503","362","56","272","234","31","291","244","33","20213","2343","245","10481","226","6918"
"951","Emily Berg","Female","Vancouver ","WASHINGTON","US","F30-34","FIN","5:36:57","0:41:14","0:04:02","3:03:04","0:03:37","1:45:00","292","48","13","2700","683","201","43","427","80","21","292","48","13","20217","2474","242","10984","217","6300"
"1467","Adrian Coyne","Male","Vancouver","British Columbia","IE","M30-34","FIN","5:37:07","0:40:11","0:03:13","3:10:31","0:03:18","1:39:55","293","245","51","2084","601","430","78","499","396","73","293","245","51","20227","2411","193","11431","198","5995"
"319","Colin Steven","Male","Vancouver","BC","CA","M30-34","FIN","5:37:12","0:39:32","0:09:41","2:55:27","0:06:50","1:45:41","294","246","52","2083","551","394","71","363","308","57","294","246","52","20232","2372","581","10527","410","6341"
"960","William Trinh","Male","Beaverton","Oregon","US","M25-29","FIN","5:37:13","0:39:25","0:04:15","2:58:31","0:04:19","1:50:42","295","247","42","1861","541","389","72","331","285","48","295","247","42","20233","2365","255","10711","259","6642"
"1316","Kevin Gourlay","Male","Qualicum Beach","British Columbia","CA","M30-34","FIN","5:37:18","0:42:23","0:04:58","2:52:10","0:04:34","1:53:13","296","248","53","2081","769","532","98","293","254","48","296","248","53","20238","2543","298","10330","274","6793"
"555","Pete Marco","Male","London","GB-HRY","GB","M45-49","FIN","5:37:22","0:38:13","0:07:03","2:58:25","0:03:51","1:49:50","297","249","23","2418","451","328","33","350","301","28","297","249","23","20242","2293","423","10705","231","6590"
"1041","Carolyn Silver","Female","Vancouver","BC","CA","F30-34","FIN","5:37:35","0:38:00","0:03:19","3:05:54","0:02:50","1:47:32","298","49","14","2689","437","121","28","405","71","19","298","49","14","20255","2280","199","11154","170","6452"
"1249","Christian Thomas","Male","Vancouver","British Columbia","GB","M30-34","FIN","5:37:50","0:38:02","0:06:15","3:01:25","0:03:30","1:48:39","299","250","54","2072","441","320","61","377","317","59","299","250","54","20270","2282","375","10885","210","6519"
"530","Adam Densmore","Male","Coquitlam","BC","CA","M35-39","FIN","5:38:05","0:32:09","0:02:14","2:51:54","0:02:12","2:09:36","300","251","43","1885","125","100","22","155","141","27","300","251","43","20285","1929","134","10314","132","7776"
"865","Arne Oswald","Male","Vancouver","BC","CA","M35-39","FIN","5:38:09","0:40:42","0:04:40","3:10:58","0:02:50","1:38:58","301","252","44","1883","641","461","59","536","423","54","301","252","44","20289","2442","280","11458","170","5938"
"477","Ella Sanderson","Female","Fort Collins","CO","US","F18-24","FIN","5:38:11","0:37:47","0:03:42","2:58:06","0:02:27","1:56:08","302","50","3","2866","425","117","22","295","40","3","302","50","3","20291","2267","222","10686","147","6968"
"1133","Chris Shanks","Male","Kelowna","BC","CA","M40-44","FIN","5:38:11","0:43:12","0:05:18","2:51:03","0:04:41","1:53:58","303","253","27","2450","819","557","55","294","255","27","303","253","27","20291","2592","318","10263","281","6838"
"1135","Leo Stewart-Smulders","Male","Vancouver","British Columbia","CA","M18-24","FIN","5:38:12","0:33:11","0:04:58","3:00:10","0:05:24","1:54:29","304","254","34","2025","170","131","17","276","238","32","304","254","34","20292","1991","298","10810","324","6869"
"279","Felix Poitras","Male","Vancouver","CA-British Columbia","DE","M18-24","FIN","5:38:15","0:41:48","0:05:55","3:01:11","0:02:39","1:46:43","305","255","35","2024","734","508","75","434","351","45","305","255","35","20295","2508","355","10871","159","6403"
"821","Olivia Lindorfer","Female","San Francisco","CA","US","F30-34","FIN","5:38:20","0:42:39","0:03:42","3:00:35","0:02:32","1:48:51","306","51","15","2675","783","245","50","401","69","18","306","51","15","20300","2559","222","10835","152","6531"
"869","Stephanie Biddell","Female","Vancouver","BC","CA","F30-34","FIN","5:38:32","0:43:19","0:05:16","3:00:55","0:03:07","1:45:55","307","52","16","2672","829","264","53","447","90","24","307","52","16","20312","2599","316","10855","187","6355"
"86","Natasha Kawam","Female","Ottawa","CA-ON","CA","F25-29","FIN","5:38:49","0:34:37","0:03:34","2:56:58","0:02:56","2:00:44","308","53","16","2769","237","59","20","239","32","8","308","53","16","20329","2077","214","10618","176","7244"
"425","Veronica Porubsky","Female","SEATTLE","WA","US","F30-34","FIN","5:38:51","0:38:19","0:05:59","3:02:14","0:06:01","1:46:18","309","54","17","2666","462","126","31","393","65","16","309","54","17","20331","2299","359","10934","361","6378"
"954","Sophie Gareau","Female","Port Moody","BC","CA","F25-29","FIN","5:38:52","0:42:32","0:03:29","2:59:16","0:02:16","1:51:20","310","55","17","2768","777","241","71","374","60","17","310","55","17","20332","2552","209","10756","136","6680"
"745","Mateo Estrada","Male","Vancouver","British Columbia","CA","M18-24","FIN","5:38:52","0:36:11","0:05:00","2:52:13","0:03:41","2:01:47","311","256","36","2013","310","232","36","219","194","23","311","256","36","20332","2171","300","10333","221","7307"
"619","Spencer Brooks-Allemann","Male","Nepean","Ontario","CA","M30-34","FIN","5:38:53","0:37:47","0:03:49","2:55:49","0:02:24","1:59:03","312","257","55","2053","424","308","59","268","231","42","312","257","55","20333","2267","229","10549","144","7143"
"1040","Michael Natchenski","Male","Bremerton","WA","US","M40-44","FIN","5:39:05","0:41:48","0:03:21","3:03:24","0:02:49","1:47:42","313","258","28","2434","735","509","48","430","349","42","313","258","28","20345","2508","201","11004","169","6462"
"888","Christian Mandrycky","Male","Seattle","Washington","US","M35-39","FIN","5:39:19","0:38:13","0:03:11","2:53:18","0:03:23","2:01:14","314","259","45","1862","452","329","47","234","204","36","314","259","45","20359","2293","191","10398","203","7274"
"92","Sarah Bruckshaw","Female","Calgary","AB","CA","F40-44","FIN","5:39:20","0:41:02","0:04:20","2:58:03","0:05:27","1:50:28","315","56","5","2606","670","194","15","347","49","7","315","56","5","20360","2462","260","10683","327","6628"
"656","Jessica Aldrich","Female","Eugene","OR","US","F30-34","FIN","5:39:24","0:37:11","0:03:20","3:04:41","0:02:34","1:51:38","316","57","18","2656","378","97","22","372","59","15","316","57","18","20364","2231","200","11081","154","6698"
"236","Veronike Lacasse","Female","Victoria","CA-BC","CA","F25-29","FIN","5:39:37","0:37:23","0:03:13","3:05:29","0:01:58","1:51:35","317","58","18","2754","400","108","38","383","64","18","317","58","18","20377","2243","193","11129","118","6695"
"946","Owen Christensen","Male","North Vancouver","Bc","CA","M25-29","FIN","5:39:43","0:37:13","0:04:07","3:00:30","0:04:24","1:53:30","318","260","43","1816","382","283","46","327","282","46","318","260","43","20383","2233","247","10830","264","6810"
"1159","Robert Warkentin","Male","Abbotsford","British Columbia","CA","M45-49","FIN","5:39:48","0:33:36","0:04:01","3:15:25","0:03:35","1:43:10","319","261","24","2375","185","143","15","482","382","40","319","261","24","20388","2016","241","11725","215","6190"
"1462","Mark Webster","Male","Vancouver","British Columbia","CA","M25-29","FIN","5:39:55","0:32:47","0:03:18","3:03:37","0:05:36","1:54:37","320","262","44","1812","152","122","22","298","257","42","320","262","44","20395","1967","198","11017","336","6877"
"911","Eric Cross","Male","Carnation","Washington","US","M55-59","FIN","5:39:59","0:33:26","0:05:27","2:47:57","0:03:41","2:09:28","321","263","13","2394","179","137","7","159","144","8","321","263","13","20399","2006","327","10077","221","7768"
"392","Ben St Clair","Male","Chelsea","QC","CA","M45-49","FIN","5:40:52","0:32:52","0:03:01","3:08:47","0:04:45","1:51:28","322","264","25","2355","156","125","11","362","307","29","322","264","25","20452","1972","181","11327","285","6688"
"871","Anneke De Klerk","Female","Calgary","Alberta","CA","F25-29","FIN","5:40:58","0:42:19","0:05:43","2:59:14","0:03:25","1:50:17","323","59","19","2730","766","236","68","406","72","20","323","59","19","20458","2539","343","10754","205","6617"
"1112","Hank Lin","Male","Vancouver","BRITISH COLUMBIA","CA","M35-39","FIN","5:40:59","0:34:05","0:03:51","2:58:32","0:03:35","2:00:57","324","265","46","1832","206","157","28","251","217","39","324","265","46","20459","2045","231","10712","215","7257"
"210","Rudy Allen","Male","Chambly","CA-QC","CA","M40-44","FIN","5:41:01","0:32:31","0:03:14","3:09:14","0:02:24","1:53:38","325","266","29","2399","143","115","14","367","311","35","325","266","29","20461","1951","194","11354","144","6818"
"728","Javin Berg","Male","DIXIE","WA","US","M55-59","FIN","5:41:03","0:41:46","0:03:47","2:53:53","0:03:56","1:57:41","326","267","14","2375","731","506","38","291","252","18","326","267","14","20463","2506","227","10433","236","7061"
"486","Jessica Adam","Female","Huntsville","CA-ON","CA","F50-54","FIN","5:41:10","0:31:14","0:02:58","3:06:23","0:04:11","1:56:25","327","60","3","3086","83","16","1","312","42","3","327","60","3","20470","1874","178","11183","251","6985"
"1451","Spencer Bourne","Male","Burnaby","BC","CA","M35-39","FIN","5:41:11","0:32:14","0:03:27","3:01:36","0:06:00","1:57:54","328","268","47","1829","131","104","23","262","227","40","328","268","47","20471","1934","207","10896","360","7074"
"257","Kurt Potter","Male","Stony  Plain","Alberta","CA","M25-29","FIN","5:41:17","0:37:13","0:05:13","2:58:05","0:03:35","1:57:10","329","269","45","1788","384","285","48","311","270","43","329","269","45","20477","2233","313","10685","215","7030"
"643","Travis Prohaska","Male","Puyallup","WA","US","M45-49","FIN","5:41:25","0:36:33","0:03:13","2:57:35","0:02:32","2:01:31","330","270","26","2345","335","250","28","264","229","22","330","270","26","20485","2193","193","10655","152","7291"
"599","Kent Tilley","Male","Calgary","CA-AB","CA","M55-59","FIN","5:41:33","0:36:28","0:03:50","3:02:13","0:02:24","1:56:38","331","271","15","2366","330","246","11","333","287","20","331","271","15","20493","2188","230","10933","144","6998"
"749","Rob Wietecha","Male","Seattle","Washington","US","M30-34","FIN","5:41:43","0:40:37","0:04:48","3:02:28","0:04:03","1:49:46","332","272","56","2002","638","458","85","420","345","64","332","272","56","20503","2437","288","10948","243","6586"
"154","Derek Koch","Male","SEATTLE","WA","US","M40-44","FIN","5:41:46","0:33:04","0:04:11","2:42:18","0:04:02","2:18:10","333","273","30","2386","165","127","15","101","96","9","333","273","30","20506","1984","251","9738","242","8290"
"136","Andrew Dowman","Male","Calgary","CA-AB","CA","M50-54","FIN","5:42:08","0:38:00","0:06:23","2:56:29","0:05:26","1:55:50","334","274","14","2676","438","317","16","314","272","17","334","274","14","20528","2280","383","10589","326","6950"
"31","Neal Belovay","Male","Collingwood","CA-ON","CA","M40-44","FIN","5:42:12","0:32:17","0:03:58","3:06:24","0:03:36","1:55:58","335","275","31","2378","134","107","12","335","288","32","335","275","31","20532","1937","238","11184","216","6958"
"350","Grace High","Female","Chicago","Illinois","US","F18-24","FIN","5:42:18","0:41:46","0:03:04","3:13:25","0:03:27","1:40:35","336","61","4","2792","732","226","36","570","121","11","336","61","4","20538","2506","184","11605","207","6035"
"73","Sharley Simpson","Female","San Luis Obispo","CA","US","F50-54","FIN","5:42:27","0:33:55","0:04:10","3:11:42","0:04:28","1:48:12","337","62","4","3063","201","46","3","448","91","6","337","62","4","20547","2035","250","11502","268","6492"
"1084","Mason Poitras","Male","Abbotsford","BC","CA","M18-24","FIN","5:42:28","0:34:55","0:04:14","3:01:40","0:04:05","1:57:35","338","276","37","1949","251","190","29","313","271","36","338","276","37","20548","2095","254","10900","245","7055"
"1494","Félix Serre","Male","Bromont","QC","CA","M25-29","FIN","5:42:29","0:46:59","0:04:46","2:59:23","0:03:48","1:47:33","339","277","46","1766","1025","700","135","460","366","60","339","277","46","20549","2819","286","10763","228","6453"
"1198","Dylan Cicero","Male","Seattle","Washington","US","M30-34","FIN","5:42:31","0:37:03","0:10:32","2:50:53","0:07:46","1:56:17","340","278","57","1987","370","277","51","278","240","44","340","278","57","20551","2223","632","10253","466","6977"
"1071","Morgan Cocoman","Male","Vancouver","British Columbia","IE","M25-29","FIN","5:42:47","0:35:38","0:04:46","3:09:45","0:02:23","1:50:14","341","279","47","1761","276","208","37","450","359","58","341","279","47","20567","2138","286","11385","143","6614"
"1258","Emma McDonald","Female","Vancouver","British Columbia","CA","F30-34","FIN","5:42:57","0:35:16","0:02:48","3:08:51","0:04:24","1:51:37","342","63","19","2592","261","64","13","400","68","17","342","63","19","20577","2116","168","11331","264","6697"
"1265","Chris Bryenton","Male","Coquitlam","BC","CA","M55-59","FIN","5:43:01","0:36:00","0:02:50","2:51:32","0:02:28","2:10:12","343","280","16","2340","296","223","9","189","170","11","343","280","16","20581","2160","170","10292","148","7812"
"1444","Christian Malherbe","","Vancouver","BC","CA","M25-29","FIN","5:43:02","0:47:56","0:06:06","2:52:14","0:05:52","1:50:53","344","281","48","1756","1067","730","145","388","324","52","344","281","48","20582","2876","366","10334","352","6653"
"1145","Malcolm Black","Male","Victoria","British Columbia","CA","M18-24","FIN","5:43:12","0:39:52","0:04:15","3:01:56","0:03:54","1:53:14","345","282","38","1935","574","408","62","381","319","40","345","282","38","20592","2392","255","10916","234","6794"
"1073","Orlando Madruga","Male","Vancouver","CA-BC","CA","M18-24","FIN","5:43:14","0:41:29","0:04:22","3:03:08","0:04:01","1:50:13","346","283","39","1935","707","494","73","436","352","46","346","283","39","20594","2489","262","10988","241","6613"
"1240","Kristen Giles","Female","Napa","CA","CA","F50-54","FIN","5:43:15","0:36:26","0:03:24","3:05:01","0:03:27","1:54:57","347","64","5","3049","327","84","4","365","56","4","347","64","5","20595","2186","204","11101","207","6897"
"740","Drake Wilson","Male","Shoreline","WA","US","M18-24","FIN","5:43:20","0:40:30","0:03:09","3:03:12","0:01:55","1:54:35","348","284","40","1933","628","449","69","399","332","42","348","284","40","20600","2430","189","10992","115","6875"
"743","Chris Berry","Male","Aspen","COLORADO","US","M55-59","FIN","5:43:23","0:30:31","0:03:22","2:39:54","0:02:50","2:26:46","349","285","17","2333","64","53","3","60","59","2","349","285","17","20603","1831","202","9594","170","8806"
"744","Nicholas Berry","Male","Washington","DC","US","M25-29","FIN","5:43:24","0:30:31","0:03:24","2:55:01","0:02:11","2:12:16","350","286","49","1750","65","54","10","177","161","29","350","286","49","20604","1831","204","10501","131","7936"
"767","Maggie Malloy","Female","San Francisco","CA","US","F25-29","FIN","5:43:30","0:26:53","0:03:37","3:19:00","0:03:00","1:51:00","351","65","20","2684","10","2","1","446","89","25","351","65","20","20610","1613","217","11940","180","6660"
"676","Zachary Child","Male","Seattle","WA","US","M25-29","FIN","5:43:35","0:39:31","0:03:15","2:55:38","0:04:10","2:01:01","352","287","50","1746","550","393","73","277","239","40","352","287","50","20615","2371","195","10538","250","7261"
"327","Tristan Vary","Male","Richmond","CA-BC","CA","M18-24","FIN","5:43:35","0:45:34","0:04:57","2:55:41","0:04:17","1:53:06","353","288","41","1928","951","647","97","386","322","41","353","288","41","20615","2734","297","10541","257","6786"
"783","Josh Grawbarger","Male","Mill Bay","CA-BC","CA","M30-34","FIN","5:43:43","0:45:44","0:03:50","2:55:27","0:03:11","1:55:31","354","289","58","1966","964","656","117","368","312","58","354","289","58","20623","2744","230","10527","191","6931"
"1154","Evan Samson","Male","North Vancouver","BC","CA","M25-29","FIN","5:43:51","0:34:14","0:03:49","3:04:49","0:02:57","1:58:03","355","290","51","1742","219","168","29","341","294","50","355","290","51","20631","2054","229","11089","177","7083"
"955","Aria Blumm","Female","Los Angeles","California","US","F25-29","FIN","5:43:54","0:44:08","0:05:09","3:06:58","0:02:46","1:44:54","356","66","21","2677","885","279","79","532","113","37","356","66","21","20634","2648","309","11218","166","6294"
"1537","William Crimbring","Male","Silverdale","US-WA","US","M60-64","FIN","5:44:04","0:33:53","0:07:32","3:01:38","0:04:31","1:56:31","357","291","6","2787","198","153","2","344","296","10","357","291","6","20644","2033","452","10898","271","6991"
"1033","Joshua Schwab","Male","LAGUNA NIGUEL","CA","US","M45-49","FIN","5:44:07","0:40:31","0:04:56","2:59:19","0:03:11","1:56:10","358","292","27","2297","631","452","40","364","309","30","358","292","27","20647","2431","296","10759","191","6970"
"536","Marieke de Jonge","Female","Kelowna","CA-BC","CA","F40-44","FIN","5:44:09","0:37:12","0:03:04","2:45:13","0:02:13","2:16:26","359","67","6","2520","380","99","6","144","12","2","359","67","6","20649","2232","184","9913","133","8186"
"181","Richard Vandewater","Male","Winnipeg","MB","CA","M18-24","FIN","5:44:13","0:37:07","0:05:58","2:59:47","0:04:18","1:57:03","360","293","42","1917","374","279","43","340","293","38","360","293","42","20653","2227","358","10787","258","7023"
"916","Alejandro Mora Reyes","Male","saltillo","coahuila","MX","M25-29","FIN","5:44:24","0:40:36","0:06:06","3:10:15","0:03:31","1:43:55","361","294","52","1732","636","456","86","548","435","78","361","294","52","20664","2436","366","11415","211","6235"
"399","Ryann Handley","Female","Moose Jaw","CA-SK","CA","F25-29","FIN","5:44:41","0:37:17","0:02:33","3:13:39","0:01:32","1:49:39","362","68","22","2663","391","103","35","493","103","31","362","68","22","20681","2237","153","11619","92","6579"
"1215","Evan Stewart","Male","Surrey","British Columbia","CA","M40-44","FIN","5:44:41","0:42:42","0:03:03","3:12:46","0:02:37","1:43:33","363","295","32","2333","786","539","50","574","453","52","363","295","32","20681","2562","183","11566","157","6213"
"127","Shannon Clancy","Female","Richmond Hill","CA-ON","CA","F35-39","FIN","5:44:49","0:39:12","0:02:41","2:50:17","0:02:01","2:10:36","364","69","10","2564","522","147","18","202","23","5","364","69","10","20689","2352","161","10217","121","7836"
"1461","Camilia Saulino","Female","La Jolla","CA","US","F18-24","FIN","5:44:56","0:37:39","0:03:57","3:07:37","0:02:35","1:53:08","365","70","5","2745","415","114","21","439","86","8","365","70","5","20696","2259","237","11257","155","6788"
"984","David Martin","Male","BREMERTON","Washington","US","M25-29","FIN","5:45:14","0:33:08","0:04:41","3:07:30","0:08:04","1:51:52","366","296","53","1717","168","130","24","375","315","51","366","296","53","20714","1988","281","11250","484","6712"
"1020","Matt Kane","Male","Boulder","US-CO","US","M45-49","FIN","5:45:16","0:39:47","0:04:09","2:53:50","0:04:10","2:03:20","367","297","28","2276","567","404","37","271","233","24","367","297","28","20716","2387","249","10430","250","7400"
"1070","Veronique Ulrich","Female","Calgary","Alberta","CA","F25-29","FIN","5:45:29","0:39:42","0:04:09","3:00:16","0:02:18","1:59:04","368","71","23","2649","560","161","47","356","52","14","368","71","23","20729","2382","249","10816","138","7144"
"645","Lynden Evans","Male","Oregon City","OR","US","M45-49","FIN","5:45:35","0:35:22","0:02:59","2:54:36","0:03:59","2:08:40","369","298","29","2270","267","201","22","214","190","18","369","298","29","20735","2122","179","10476","239","7720"
"883","Shane Gillespie","Male","Vancouver","British Columbia","CA","M25-29","FIN","5:45:36","0:38:44","0:03:56","3:10:26","0:02:12","1:50:17","370","299","54","1710","488","354","63","484","384","63","370","299","54","20736","2324","236","11426","132","6617"
"217","Doug May","Male","Boissevain","MB","CA","M55-59","FIN","5:45:47","0:39:06","0:02:35","2:55:27","0:04:26","2:04:13","371","300","18","2290","508","366","24","260","225","14","371","300","18","20747","2346","155","10527","266","7453"
"227","Kurt Mellick","Male","Rancho Cordova","CA","US","M55-59","FIN","5:45:48","0:37:13","0:07:54","3:06:41","0:03:11","1:50:49","372","301","19","2290","381","282","16","466","372","28","372","301","19","20748","2233","474","11201","191","6649"
"811","Ali Hoffer","Female","San Francicso","California","US","F30-34","FIN","5:45:53","0:33:21","0:04:09","3:06:28","0:02:38","1:59:16","373","72","20","2540","177","42","6","354","51","13","373","72","20","20753","2001","249","11188","158","7156"
"1483","Skyler Russo","Male","Valhalla","NY","US","M25-29","FIN","5:45:54","0:43:34","0:08:59","3:03:45","0:07:27","1:42:10","374","302","55","1705","849","581","111","534","421","73","374","302","55","20754","2614","539","11025","447","6130"
"1333","Dmytro Voytovych","Male","Redmond","WA","US","M35-39","FIN","5:46:02","0:41:53","0:05:43","3:17:33","0:07:12","1:33:42","375","303","48","1742","740","513","69","668","519","65","375","303","48","20762","2513","343","11853","432","5622"
"1076","Katherine Puls","Female","Deforest","WISCONSIN","US","F18-24","FIN","5:46:10","0:33:59","0:03:38","3:20:00","0:02:48","1:45:44","376","73","6","2723","203","48","12","557","117","10","376","73","6","20770","2039","218","12000","168","6344"
"106","Craig Premack","Male","Burnaby","BC","CA","M65-69","FIN","5:46:22","0:45:28","0:04:45","2:55:13","0:03:31","1:57:25","377","304","1","3500","946","645","4","376","316","2","377","304","1","20782","2728","285","10513","211","7045"
"282","Kaellem Erskine","Male","Delta","British Columbia","CA","M18-24","FIN","5:46:24","0:43:12","0:06:54","2:58:25","0:04:19","1:53:34","378","305","43","1878","820","558","80","429","348","44","378","305","43","20784","2592","414","10705","259","6814"
"1093","Adrienne Chan","Female","Nanaimo","BC","CA","F40-44","FIN","5:46:26","0:39:10","0:03:14","3:03:35","0:02:42","1:57:46","379","74","7","2479","516","144","10","378","61","8","379","74","7","20786","2350","194","11015","162","7066"
"235","Laura Johnston","Female","St. Louis","Missouri","CA","F25-29","FIN","5:46:35","0:28:53","0:03:30","3:15:49","0:02:16","1:56:06","380","75","24","2629","32","6","3","424","78","22","380","75","24","20795","1733","210","11749","136","6966"
"565","Brady Gooding","Male","Ajax","ON","CA","M25-29","FIN","5:46:42","0:35:14","0:05:58","3:05:07","0:04:41","1:55:42","381","306","56","1690","258","195","33","389","325","53","381","306","56","20802","2114","358","11107","281","6942"
"240","Alexis Dodd","Female","Edmonton","CA-AB","CA","F18-24","FIN","5:46:53","0:33:04","0:04:12","3:09:41","0:03:28","1:56:29","382","76","7","2710","164","38","9","402","70","5","382","76","7","20813","1984","252","11381","208","6989"
"799","Sean George","Male","North Vancouver","British Columbia","CA","M25-29","FIN","5:46:57","0:38:23","0:04:53","3:13:39","0:03:46","1:46:16","383","307","57","1686","466","340","57","545","432","76","383","307","57","20817","2303","293","11619","226","6376"
"812","Jacob He","Male","Victoria","British Columbia","CA","M18-24","FIN","5:46:59","0:31:00","0:03:39","3:05:12","0:04:07","2:03:01","384","308","44","1867","80","66","11","302","261","33","384","308","44","20819","1860","219","11112","247","7381"
"363","Richard Williams","Male","Edmonton","Alberta","CA","M30-34","FIN","5:47:01","0:48:32","0:06:00","2:54:54","0:05:09","1:52:24","385","309","59","1906","1084","740","132","442","354","66","385","309","59","20821","2912","360","10494","309","6744"
"603","Nathan Shah","Male","Snohomish","Washington","US","M25-29","FIN","5:47:01","0:41:15","0:05:47","2:46:24","0:03:52","2:09:42","386","310","58","1685","685","484","91","220","195","34","386","310","58","20821","2475","347","9984","232","7782"
"642","Grace Warawa","Female","Sidney","British Columbia","CA","F18-24","FIN","5:47:02","0:29:19","0:02:50","3:15:17","0:02:31","1:57:07","387","77","8","2707","39","9","2","409","73","6","387","77","8","20822","1759","170","11717","151","7027"
"1231","Klimentiy Kenzikeyev","Male","Vancouver","BC","CA","M40-44","FIN","5:47:14","0:34:42","0:04:26","2:59:33","0:06:13","2:02:20","388","311","33","2287","242","182","20","281","242","26","388","311","33","20834","2082","266","10773","373","7340"
"854","Joshua Olson","Male","Wheat Ridge","Colorado","US","M30-34","FIN","5:47:16","0:42:53","0:06:28","2:54:46","0:06:04","1:57:06","389","312","60","1902","800","545","100","355","304","56","389","312","60","20836","2573","388","10486","364","7026"
"1436","Joon Park","Male","Coquitlam","BC","KR","M35-39","FIN","5:47:26","0:46:45","0:05:08","3:08:51","0:04:16","1:42:25","390","313","49","1716","1013","689","89","603","474","60","390","313","49","20846","2805","308","11331","256","6145"
"401","Michael Chick","Male","Calgary","AB","CA","M30-34","FIN","5:47:29","0:34:15","0:04:41","2:41:14","0:05:25","2:21:53","391","314","61","1898","222","171","29","107","102","20","391","314","61","20849","2055","281","9674","325","8513"
"607","Victoria Tachet","Female","Parigné-l’évêque","Sarthe","FR","F25-29","FIN","5:47:30","0:37:44","0:02:39","2:58:12","0:02:48","2:06:07","392","78","25","2612","421","116","40","279","39","10","392","78","25","20850","2264","159","10692","168","7567"
"167","Ryan Farr","Male","Washington","UT","US","M55-59","FIN","5:47:41","0:36:03","0:03:33","2:42:31","0:03:08","2:22:26","393","315","20","2256","299","225","10","122","116","6","393","315","20","20861","2163","213","9751","188","8546"
"1213","Michael Vipond","Male","Surrey","BC","CA","M70-74","FIN","5:47:42","0:36:48","0:06:26","3:06:15","0:03:22","1:54:51","394","316","1","3500","350","264","3","445","357","2","394","316","1","20862","2208","386","11175","202","6891"
"173","Brad Lamoureux","Male","west vancouver","BC","CA","M65-69","FIN","5:47:49","0:39:07","0:06:27","2:58:05","0:03:38","2:00:32","395","317","2","3473","512","370","1","349","300","1","395","317","2","20869","2347","387","10685","218","7232"
"491","David Dosier","Male","Sycamore","US-IL","US","M55-59","FIN","5:48:07","0:36:47","0:06:28","3:02:58","0:05:44","1:56:11","396","318","21","2248","349","263","15","387","323","25","396","318","21","20887","2207","388","10978","344","6971"
"1442","Kayden Sim","Male","Salmon Arm","BC","CA","M25-29","FIN","5:48:15","0:39:06","0:05:08","3:11:13","0:04:30","1:48:18","397","319","59","1662","510","368","67","518","409","66","397","319","59","20895","2346","308","11473","270","6498"
"1132","Harry Knutson","Male","Santa Ana","California","US","M18-24","FIN","5:48:19","0:35:55","0:04:38","3:11:55","0:03:25","1:52:25","398","320","45","1843","291","220","35","475","377","52","398","320","45","20899","2155","278","11515","205","6745"
"1429","Cedric Riel","Male","Kennewick","WA","US","M25-29","FIN","5:48:28","0:46:16","0:02:39","2:57:56","0:03:00","1:58:38","399","321","60","1658","991","672","128","398","331","54","399","321","60","20908","2776","159","10676","180","7118"
"1136","Breanne Tennant","Female","Vancouver","British Columbia","CA","F35-39","FIN","5:48:36","0:36:54","0:05:18","3:18:14","0:02:23","1:45:48","400","79","11","2496","358","88","10","601","129","15","400","79","11","20916","2214","318","11894","143","6348"
"1239","Sean Kennelly","Male","Seattle","WA","US","M30-34","FIN","5:48:53","0:36:35","0:08:18","3:08:23","0:08:39","1:46:57","401","322","62","1873","338","253","45","488","387","69","401","322","62","20933","2195","498","11303","519","6417"
"669","Helen Kolodziejczyk","Female","Ottawa","ON","CA","F30-34","FIN","5:49:12","0:36:05","0:03:45","3:10:21","0:03:53","1:55:09","402","80","21","2480","300","75","17","451","92","25","402","80","21","20952","2165","225","11421","233","6909"
"546","Kailey Turner","Female","Victoria","CA-BC","CA","F25-29","FIN","5:49:22","0:40:49","0:02:30","3:08:42","0:02:12","1:55:09","403","81","26","2579","653","185","53","469","96","28","403","81","26","20962","2449","150","11322","132","6909"
"1458","Patrick Fleck","Male","Vancouver","BC","CA","M45-49","FIN","5:49:27","0:42:11","0:06:40","3:03:54","0:04:34","1:52:09","404","323","30","2201","759","524","47","477","379","39","404","323","30","20967","2531","400","11034","274","6729"
"860","Jeffrey Doyle","Male","Vancouver","CA-BC","CA","M25-29","FIN","5:49:30","0:40:42","0:06:57","3:05:18","0:05:28","1:51:04","405","324","61","1640","642","462","87","481","381","62","405","324","61","20970","2442","417","11118","328","6664"
"737","Jonathan Kormos","Male","Toronto","CA-ON","CA","M30-34","FIN","5:49:33","0:41:23","0:04:09","2:57:37","0:04:12","2:02:11","406","325","63","1861","696","490","93","345","297","53","406","325","63","20973","2483","249","10657","252","7331"
"1387","Christopher Filliter","Male","Montreal","QC","CA","M35-39","FIN","5:49:35","0:40:19","0:03:04","3:02:56","0:02:22","2:00:53","407","326","50","1678","613","439","56","390","326","49","407","326","50","20975","2419","184","10976","142","7253"
"91","Stephanie Carr","Female","Stittsville","ON","CA","F30-34","FIN","5:49:48","0:38:18","0:03:17","3:02:57","0:01:52","2:03:23","408","82","22","2469","460","125","30","360","54","14","408","82","22","20988","2298","197","10977","112","7403"
"76","Mat Kee","Male","Cape GIRARDEAU","US-MO","US","M45-49","FIN","5:49:48","0:43:36","0:05:11","2:57:57","0:03:06","1:59:58","409","327","31","2195","852","583","49","396","330","32","409","327","31","20988","2616","311","10677","186","7198"
"404","Juan Carlos Martinez","Male","Polanco","Miguel Hidalgo","CL","M45-49","FIN","5:49:56","0:42:22","0:05:34","3:07:08","0:04:02","1:50:51","410","328","32","2192","768","531","48","511","404","42","410","328","32","20996","2542","334","11228","242","6651"
"318","Adam Hornick","Male","CAPTAIN COOK","US-HI","US","M40-44","FIN","5:49:58","0:33:41","0:06:34","3:04:43","0:03:37","2:01:23","411","329","34","2238","187","145","16","366","310","34","411","329","34","20998","2021","394","11083","217","7283"
"1284","Miriam Hertell","Female","Whistler","British Columbia","DE","F25-29","FIN","5:49:59","0:46:13","0:03:33","2:58:17","0:05:13","1:56:43","412","83","27","2568","989","319","88","422","77","21","412","83","27","20999","2773","213","10697","313","7003"
"343","Hussein Elgohary","Male","Scottsdale","Arizona","US","M30-34","FIN","5:50:00","0:40:24","0:05:39","3:08:44","0:04:23","1:50:50","413","330","64","1853","625","446","83","506","401","74","413","330","64","21000","2424","339","11324","263","6650"
"628","Justin Emilio","Male","Vancouver","BC","CA","M40-44","FIN","5:50:10","0:36:54","0:04:09","2:53:36","0:06:17","2:09:14","414","331","35","2234","360","271","29","232","203","23","414","331","35","21010","2214","249","10416","377","7754"
"525","Kevin Swanson","Male","cottonwood heights","UT","US","M35-39","FIN","5:50:31","0:37:25","0:02:49","2:55:55","0:02:28","2:11:54","415","332","51","1661","404","296","42","250","216","38","415","332","51","21031","2245","169","10555","148","7914"
"353","Darryl Parry","Male","Calgary","AB","CA","M60-64","FIN","5:50:42","0:35:40","0:03:57","3:03:09","0:04:21","2:03:36","416","333","7","2668","278","210","7","338","291","9","416","333","7","21042","2140","237","10989","261","7416"
"795","Gabe Cinq-Mars","Male","Aurora","ON","CA","M18-24","FIN","5:50:46","0:35:12","0:05:08","2:53:04","0:03:32","2:13:51","417","334","46","1799","256","194","31","218","193","22","417","334","46","21046","2112","308","10384","212","8031"
"994","Josh Zalkowitz","Male","Philadelphia","Pennsylvania","TH","M25-29","FIN","5:50:51","0:31:42","0:07:09","3:17:32","0:09:01","1:45:27","418","335","62","1616","97","77","12","537","424","74","418","335","62","21051","1902","429","11852","541","6327"
"396","Joseph O'Sullivan","Male","North Vancouver","British Columbia","IE","M35-39","FIN","5:50:58","0:44:45","0:04:33","3:07:55","0:02:05","1:51:40","419","336","52","1653","915","624","81","553","438","56","419","336","52","21058","2685","273","11275","125","6700"
"1171","Brent Castle","Male","Portland","OR","US","M30-34","FIN","5:51:08","0:38:33","0:07:41","3:12:45","0:03:05","1:49:03","420","337","65","1832","478","347","64","582","460","82","420","337","65","21068","2313","461","11565","185","6543"
"144","Wladimir Azevedo","Male","New Westminster","CA-BC","CA","M50-54","FIN","5:51:09","0:35:18","0:04:25","2:59:16","0:02:29","2:09:42","421","338","15","2514","263","199","12","287","248","15","421","338","15","21069","2118","265","10756","149","7782"
"1311","Kail Beloglowka","Male","Vancouver","British Columbia","CA","M25-29","FIN","5:51:10","0:47:08","0:05:26","3:08:10","0:04:50","1:45:37","422","339","63","1610","1030","704","138","602","473","86","422","339","63","21070","2828","326","11290","290","6337"
"101","Matthew Allen","Male","WOODINVILLE","WA","US","M45-49","FIN","5:51:36","0:38:14","0:03:07","3:07:46","0:03:22","1:59:07","423","340","33","2162","453","330","34","437","353","35","423","340","33","21096","2294","187","11266","202","7147"
"1140","Kyle Kusuda","Male","Lynnwood","Washington","US","M30-34","FIN","5:51:37","0:31:41","0:05:54","3:09:41","0:04:59","1:59:22","424","341","66","1823","96","76","16","407","335","62","424","341","66","21097","1901","354","11381","299","7162"
"408","Isaiah Stirm","Male","DuPont","Washington","US","M25-29","FIN","5:51:39","0:42:15","0:06:06","3:08:14","0:03:34","1:51:29","425","342","64","1601","764","529","100","541","428","75","425","342","64","21099","2535","366","11294","214","6689"
"1196","Caitlin Carey","Female","Vancouver","British Columbia","CA","F18-24","FIN","5:51:44","0:31:23","0:03:05","3:09:53","0:02:22","2:05:02","426","84","9","2622","86","17","5","358","53","4","426","84","9","21104","1883","185","11393","142","7502"
"626","Carlos Oliveira","Male","itajai","Santa Catarina","BR","M30-34","FIN","5:52:05","0:33:16","0:03:39","3:16:53","0:04:36","1:53:41","427","343","67","1815","174","135","25","498","395","72","427","343","67","21125","1996","219","11813","276","6821"
"1533","Rachel Vukovich","Female","Vancouver","British Columbia","CA","F30-34","FIN","5:52:20","0:38:43","0:06:23","3:09:41","0:04:22","1:53:11","428","85","23","2423","486","134","33","507","106","26","428","85","23","21140","2323","383","11381","262","6791"
"1307","Gina Winquist","Female","Calgary","AB","CA","F30-34","FIN","5:52:20","0:39:05","0:04:20","3:05:14","0:03:07","2:00:34","429","86","24","2423","506","142","35","431","82","22","429","86","24","21140","2345","260","11114","187","7234"
"1454","Robert Welsh","Male","Edmonton","CA-AB","CA","M55-59","FIN","5:52:25","0:40:15","0:04:55","2:56:24","0:04:42","2:06:09","430","344","22","2171","607","434","29","323","278","19","430","344","22","21145","2415","295","10584","282","7569"
"128","Mirna Marovic","Female","Zagreb","HR-21","HR","F50-54","FIN","5:52:30","0:37:38","0:04:43","3:03:41","0:03:55","2:02:33","431","87","6","2882","413","112","5","380","62","5","431","87","6","21150","2258","283","11021","235","7353"
"684","Laura Dollisson","Female","North Vancouver","BC","CA","F40-44","FIN","5:52:36","0:35:21","0:02:51","3:10:57","0:02:44","2:00:43","432","88","8","2368","266","66","3","438","85","9","432","88","8","21156","2121","171","11457","164","7243"
"553","Finlay Mathias","Male","Pasadena","CA","GB","M25-29","FIN","5:52:54","0:35:34","0:03:54","3:02:19","0:02:35","2:08:32","433","345","65","1579","275","207","36","326","281","45","433","345","65","21174","2134","234","10939","155","7712"
"1102","Sirid Biernath","Female","Indian Hills","US-CO","US","F30-34","FIN","5:52:55","0:38:26","0:04:10","2:58:39","0:05:41","2:05:58","434","89","25","2413","469","127","32","321","44","11","434","89","25","21175","2306","250","10719","341","7558"
"96","Erik Marter","Male","Portland","OR","US","M55-59","FIN","5:53:10","0:36:34","0:03:36","2:58:47","0:03:04","2:11:08","435","346","23","2157","337","252","12","286","247","17","435","346","23","21190","2194","216","10727","184","7868"
"746","Jill Lawrance","Female","Victoria","BC","CA","F55-59","FIN","5:53:11","0:33:49","0:04:10","3:04:11","0:03:11","2:07:49","436","90","3","3091","194","43","1","330","46","3","436","90","3","21191","2029","250","11051","191","7669"
"595","Benjamin Comeau","Male","Kirkland","WA","US","M40-44","FIN","5:53:20","0:38:32","0:05:06","3:13:19","0:02:52","1:53:31","437","347","36","2177","477","346","35","546","433","49","437","347","36","21200","2312","306","11599","172","6811"
"1357","Jonathan Bratt","Male","Lynden","WA","US","M30-34","FIN","5:53:21","0:37:00","0:04:20","3:15:26","0:03:38","1:52:57","438","348","68","1792","369","276","50","543","430","77","438","348","68","21201","2220","260","11726","218","6777"
"537","Micah Hansen","Male","Victoria","British Columbia","CA","M25-29","FIN","5:53:31","0:38:06","0:04:55","2:59:42","0:04:28","2:06:20","439","349","66","1568","446","324","56","336","289","49","439","349","66","21211","2286","295","10782","268","7580"
"46","Melissa Olivas","Female","Henderson","NV","US","F55-59","FIN","5:53:39","0:41:18","0:03:46","3:03:09","0:02:17","2:03:08","440","91","4","3082","690","205","5","425","79","4","440","91","4","21219","2478","226","10989","137","7388"
"627","Brandon Farr","Male","Kelowna","British Columbia","CA","M40-44","FIN","5:54:11","0:39:03","0:05:08","3:04:05","0:05:08","2:00:47","441","350","37","2162","504","363","37","426","347","41","441","350","37","21251","2343","308","11045","308","7247"
"617","Lyle Brooks-Allemann","Male","Bolton-Est","Quebec","CA","M30-34","FIN","5:54:18","0:29:43","0:05:22","2:56:44","0:03:55","2:18:33","442","351","69","1775","45","36","11","198","176","33","442","351","69","21258","1783","322","10604","235","8313"
"665","Liam O'sullivan","Male","Wenatchee","WA","US","M45-49","FIN","5:54:34","0:36:16","0:07:27","3:08:39","0:05:01","1:57:11","443","352","34","2109","313","235","26","473","375","38","443","352","34","21274","2176","447","11319","301","7031"
"609","Conor McGinn","Male","Clontarf","IE-Dublin","IE","M30-34","FIN","5:54:43","0:47:15","0:04:45","3:06:22","0:03:56","1:52:25","444","353","70","1768","1036","709","129","571","450","79","444","353","70","21283","2835","285","11182","236","6745"
"979","William Sheehan","Male","Austin","Texas","US","M25-29","FIN","5:54:51","0:37:13","0:07:05","3:11:19","0:05:20","1:53:55","445","354","67","1544","383","284","47","520","411","68","445","354","67","21291","2233","425","11479","320","6835"
"1101","Max Robinson","Male","Pemberton","British Columbia","CA","M30-34","FIN","5:54:52","0:45:36","0:04:50","2:55:44","0:04:09","2:04:32","446","355","71","1765","956","650","116","384","320","60","446","355","71","21292","2736","290","10544","249","7472"
"1366","Armando Prida Noriega","Male","Colwood","BC","MX","M45-49","FIN","5:55:11","0:35:47","0:06:03","3:05:32","0:06:08","2:01:41","447","356","35","2098","286","217","24","408","336","33","447","356","35","21311","2147","363","11132","368","7301"
"977","Calli Charlton","Female","Vancouver","BC","CA","F25-29","FIN","5:55:15","0:34:31","0:05:44","3:10:11","0:03:40","2:01:10","448","92","28","2473","233","58","19","453","93","26","448","92","28","21315","2071","344","11411","220","7270"
"207","RYAN SYPHER","Male","NEW MINAS","CA-NS","CA","M18-24","FIN","5:55:21","0:45:21","0:03:31","3:04:03","0:03:21","1:59:06","449","357","47","1717","939","641","95","480","380","53","449","357","47","21321","2721","211","11043","201","7146"
"133","Kurtis Bosnell","Male","Duncan","BC","CA","M45-49","FIN","5:55:51","0:40:00","0:04:36","3:05:43","0:05:08","2:00:24","450","358","36","2086","585","415","38","452","360","36","450","358","36","21351","2400","276","11143","308","7224"
"602","Regan Mcgrath","Male","Riverside Estates","SK","CA","M35-39","FIN","5:56:02","0:40:04","0:04:27","3:22:50","0:04:31","1:44:10","451","359","53","1562","590","420","55","697","539","72","451","359","53","21362","2404","267","12170","271","6250"
"644","Rick Warawa","Male","North Saanich","BC","CA","M50-54","FIN","5:56:03","0:36:41","0:04:14","3:20:31","0:04:15","1:50:23","452","360","16","2426","342","257","15","610","481","25","452","360","16","21363","2201","254","12031","255","6623"
"78","Daniel Heath","Male","Chilliwack","BC","CA","M50-54","FIN","5:56:05","0:42:37","0:03:01","3:08:04","0:04:00","1:58:23","453","361","17","2425","781","538","28","497","394","21","453","361","17","21365","2557","181","11284","240","7103"
"938","Igor Sheptun","Male","Vancouver","British Columbia","CA","M25-29","FIN","5:56:16","0:43:09","0:04:04","3:01:28","0:06:40","2:00:55","454","362","68","1518","817","555","108","432","350","56","454","362","68","21376","2589","244","10888","400","7255"
"577","Sam Stephens","Male","new westminster","CA-BC","CA","M40-44","FIN","5:56:20","0:42:14","0:04:27","3:09:13","0:04:31","1:55:56","455","363","38","2123","761","526","49","523","414","47","455","363","38","21380","2534","267","11353","271","6956"
"913","Parisa Moshfegh","Female","Vancouver","British Columbia","CA","F30-34","FIN","5:56:28","0:46:35","0:05:32","3:17:50","0:05:22","1:41:09","456","93","26","2349","1004","324","63","740","180","42","456","93","26","21388","2795","332","11870","322","6069"
"1099","Michael Gustavson","Male","Richmond","BC","CA","M40-44","FIN","5:56:37","0:36:11","0:05:21","3:00:14","0:04:15","2:10:37","457","364","39","2118","309","231","23","325","280","31","457","364","39","21397","2171","321","10814","255","7837"
"1257","Chris Varney","Male","Grafton","Wisconsin","US","M50-54","FIN","5:56:37","0:40:19","0:05:01","2:54:30","0:04:40","2:12:07","458","365","18","2416","612","438","24","299","258","16","458","365","18","21397","2419","301","10470","280","7927"
"757","Daphne Brown","Female","Salmon Arm","CA-BC","CA","F55-59","FIN","5:56:38","0:38:58","0:05:17","3:12:52","0:03:52","1:55:38","459","94","5","3029","498","140","2","550","114","5","459","94","5","21398","2338","317","11572","232","6938"
"430","Brock Vaughn","Male","Dana Point","CA","US","M60-64","FIN","5:56:40","0:41:21","0:04:54","3:10:20","0:02:38","1:57:27","460","366","8","2560","692","487","15","540","427","17","460","366","8","21400","2481","294","11420","158","7047"
"1505","Michael Jones","Male","Victoria","BC","CA","M40-44","FIN","5:56:43","0:36:50","0:03:52","3:02:35","0:04:00","2:09:25","461","367","40","2117","352","265","28","346","298","33","461","367","40","21403","2210","232","10955","240","7765"
"776","Adriana Kuiper","Female","Mesa","AZ","US","F40-44","FIN","5:56:44","0:41:00","0:03:40","3:14:57","0:03:13","1:53:54","462","95","9","2293","665","191","14","588","124","11","462","95","9","21404","2460","220","11697","193","6834"
"340","Alex Gallis","Male","Vancouver","BC","CA","M30-34","FIN","5:56:49","0:41:08","0:04:34","3:00:45","0:04:24","2:05:58","463","368","72","1730","677","480","91","391","327","61","463","368","72","21409","2468","274","10845","264","7558"
"95","Aimee Riley","Female","ASHEVILLE","NC","US","F40-44","FIN","5:56:59","0:38:28","0:04:12","3:06:37","0:03:14","2:04:27","464","96","10","2289","472","128","7","441","88","10","464","96","10","21419","2308","252","11197","194","7467"
"1050","Chris Tsang","Male","Richmond","BC","CA","M30-34","FIN","5:56:59","0:50:08","0:04:45","2:57:49","0:03:54","2:00:24","465","369","73","1727","1129","769","139","476","378","68","465","369","73","21419","3008","285","10669","234","7224"
"703","Simone Audet-Welke","Female","Ottawa","Ontario","CA","F18-24","FIN","5:57:04","0:36:56","0:03:17","3:23:08","0:01:53","1:51:50","466","97","10","2526","361","90","19","641","138","14","466","97","10","21424","2216","197","12188","113","6710"
"361","Karthik Padmanabhan","Male","San Mateo","US-CA","US","M25-29","FIN","5:57:08","0:34:54","0:05:29","3:15:11","0:03:04","1:58:31","467","370","69","1502","249","188","32","519","410","67","467","370","69","21428","2094","329","11711","184","7111"
"85","Jean Paul Poitras","Male","Brussels","BE-BRU","CA","M55-59","FIN","5:57:09","0:41:04","0:05:18","2:58:52","0:06:44","2:05:10","468","371","24","2085","673","478","35","373","314","24","468","371","24","21429","2464","318","10732","404","7510"
"251","Gavin Aitken","Male","Victoria","BC","CA","M45-49","FIN","5:57:18","0:37:25","0:04:33","2:59:17","0:02:21","2:13:43","469","372","37","2060","403","295","30","320","277","26","469","372","37","21438","2245","273","10757","141","8023"
"1197","Eoin Toomey","Male","Blarney","Co.Cork","IE","M35-39","FIN","5:57:21","0:41:03","0:04:57","3:09:11","0:02:49","1:59:21","470","373","54","1538","672","477","62","513","405","53","470","373","54","21441","2463","297","11351","169","7161"
"896","Joseph Fan","Male","Vancouver","British Columbia","HK","M18-24","FIN","5:57:22","0:44:35","0:05:32","3:11:44","0:03:05","1:52:27","471","374","48","1680","903","615","91","622","488","66","471","374","48","21442","2675","332","11504","185","6747"
"274","Nicholaas Lerm","Male","Olds","CA-AB","CA","M40-44","FIN","5:57:48","0:38:02","0:05:59","3:09:39","0:05:09","1:58:59","472","375","41","2097","442","321","34","496","393","45","472","375","41","21468","2282","359","11379","309","7139"
"1079","Patrick O’neill","Male","SEATTLE","US-WA","US","M25-29","FIN","5:57:49","0:40:18","0:04:36","3:02:35","0:02:48","2:07:31","473","376","70","1490","611","437","81","411","338","55","473","376","70","21469","2418","276","10955","168","7651"
"1233","Kevin Rossi","Male","Smithers","British Columbia","CA","M30-34","FIN","5:57:52","0:35:09","0:03:59","3:04:40","0:04:07","2:09:57","474","377","74","1711","254","192","33","352","302","55","474","377","74","21472","2109","239","11080","247","7797"
"1342","Eric Hill","Male","Everett","US-WA","US","M30-34","FIN","5:57:57","0:51:43","0:05:21","3:11:25","0:05:00","1:44:28","475","378","75","1709","1163","794","143","717","551","99","475","378","75","21477","3103","321","11485","300","6268"
"905","Andrew Smith","Male","Seattle","Washington","US","M25-29","FIN","5:57:58","0:40:33","0:07:16","3:11:04","0:05:28","1:53:36","476","379","71","1487","633","454","85","580","458","83","476","379","71","21478","2433","436","11464","328","6816"
"253","Clifford Roberts","Male","Warwick","Other","BM","M55-59","FIN","5:58:04","0:42:47","0:06:17","3:02:05","0:05:20","2:01:35","477","380","25","2069","791","542","41","462","368","27","477","380","25","21484","2567","377","10925","320","7295"
"231","Mikhail Alkaev","Male","King City","US-Oregon","US","M18-24","FIN","5:58:05","0:31:31","0:04:29","3:15:01","0:03:23","2:03:41","478","381","49","1667","91","73","12","456","362","48","478","381","49","21485","1891","269","11701","203","7421"
"774","Evan Sohi","Male","Port Moody","CA-BC","CA","M18-24","FIN","5:58:09","0:36:22","0:04:04","3:16:28","0:04:05","1:57:10","479","382","50","1666","317","238","37","544","431","59","479","382","50","21489","2182","244","11788","245","7030"
"266","Diego Vargas","Male","Cuajimalpa","México City","MX","M25-29","FIN","5:58:16","0:43:37","0:06:41","3:08:41","0:03:41","1:55:36","480","383","72","1482","854","585","113","583","461","85","480","383","72","21496","2617","401","11321","221","6936"
"872","Alejandro Barroso","Male","San Luis Potosi","SAN LUIS POTOSI","MX","M25-29","FIN","5:58:19","0:40:08","0:05:40","3:11:45","0:06:49","1:53:57","481","384","73","1481","594","424","79","556","440","79","481","384","73","21499","2408","340","11505","409","6837"
"1374","Sebastien Lacroix","Male","Clarence-Rockland","ON","CA","M30-34","FIN","5:58:21","0:42:30","0:03:15","3:09:07","0:02:30","2:01:00","482","385","76","1702","773","534","99","509","402","75","482","385","76","21501","2550","195","11347","150","7260"
"819","Liam Quinn Wohl","Male","San Francisco","California","US","M25-29","FIN","5:58:31","0:42:58","0:03:59","3:08:19","0:04:02","1:59:13","483","386","74","1478","807","549","106","515","407","65","483","386","74","21511","2578","239","11299","242","7153"
"1160","John Cole","Male","KALISPELL","MT","US","M40-44","FIN","5:58:32","0:29:33","0:03:34","3:01:40","0:05:02","2:18:43","484","387","42","2084","44","35","4","237","206","24","484","387","42","21512","1773","214","10900","302","8323"
"1121","Henson Orser","Male","San Francisco","California","US","M30-34","FIN","5:58:37","0:39:55","0:07:07","3:10:45","0:04:01","1:56:48","485","388","77","1697","575","409","74","559","442","78","485","388","77","21517","2395","427","11445","241","7008"
"1305","Jennifer O'Reilly","Female","Calgary","AB","CA","F30-34","FIN","5:58:51","0:37:16","0:03:28","3:19:08","0:02:51","1:56:07","486","98","27","2306","388","101","24","592","125","28","486","98","27","21531","2236","208","11948","171","6967"
"1323","Émilie Caron","Female","Gatineau","QC","CA","F45-49","FIN","5:58:53","0:42:43","0:04:03","3:06:01","0:02:46","2:03:20","487","99","2","2610","788","248","12","478","99","3","487","99","2","21533","2563","243","11161","166","7400"
"895","Alex Charlebois","Female","Toronto","Ontario","CA","F30-34","FIN","5:59:11","0:38:50","0:02:55","3:20:34","0:02:56","1:53:56","488","100","28","2300","493","137","34","626","135","29","488","100","28","21551","2330","175","12034","176","6836"
"1016","Keith Batenhorst","Male","Fitchburg ","WI","US","M40-44","FIN","5:59:20","0:47:31","0:08:56","3:11:32","0:05:47","1:45:34","489","389","43","2069","1045","715","78","707","545","63","489","389","43","21560","2851","536","11492","347","6334"
"1353","Nicholas Smith","Male","Seattle","WA","US","M35-39","FIN","5:59:32","0:35:22","0:05:34","3:05:15","0:05:23","2:07:57","490","390","55","1499","268","202","35","385","321","48","490","390","55","21572","2122","334","11115","323","7677"
"299","Evan Abgrall","Male","Victoria ","BC","CA","M25-29","FIN","5:59:33","0:46:29","0:08:40","3:26:33","0:05:27","1:32:25","491","391","75","1459","1001","680","129","906","663","127","491","391","75","21573","2789","520","12393","327","5545"
"826","Eric Heal","Male","Victoria","British Columbia","CA","M25-29","FIN","5:59:43","0:39:09","0:04:58","3:06:42","0:08:03","2:00:51","492","392","76","1456","514","372","68","455","361","59","492","392","76","21583","2349","298","11202","483","7251"
"685","Joe Bardwell","Male","Belleville","Ontario","CA","M18-24","FIN","5:59:51","0:39:23","0:04:32","3:10:22","0:03:50","2:01:42","493","393","51","1636","537","386","59","501","397","56","493","393","51","21591","2363","272","11422","230","7302"
"1474","Thomas van der Sloot","Male","Vancouver","British Columbia","CA","M18-24","FIN","5:59:58","0:38:47","0:03:50","3:02:27","0:02:31","2:12:22","494","394","52","1634","491","356","54","369","313","39","494","394","52","21598","2327","230","10947","151","7942"
"827","Justine Chia","Female","San Francisco","CA","US","F35-39","FIN","6:00:00","0:36:45","0:05:10","3:10:10","0:03:46","2:04:09","495","101","12","2291","347","86","9","470","97","13","495","101","12","21600","2205","310","11410","226","7449"
"171","Joel Roy","Male","Cranbrook","British Columbia","CA","M30-34","FIN","6:00:00","0:39:13","0:05:27","3:13:46","0:05:05","1:56:30","496","395","78","1673","524","377","69","572","451","80","496","395","78","21600","2353","327","11626","305","6990"
"540","Cole Noble","Male","Cochrane","AB","CA","M25-29","FIN","6:00:02","0:42:42","0:03:48","3:04:39","0:04:14","2:04:39","497","396","77","1450","787","540","103","461","367","61","497","396","77","21602","2562","228","11079","254","7479"
"1124","Zachary Fortin","Male","Kamloops","BC","CA","M18-24","FIN","6:00:03","0:35:54","0:05:38","3:06:18","0:02:40","2:09:34","498","397","53","1632","290","219","34","417","344","43","498","397","53","21603","2154","338","11178","160","7774"
"944","Darwin San Mateo","Male","Penticton","BC","CA","M30-34","FIN","6:00:05","0:46:02","0:06:40","3:18:04","0:05:34","1:43:45","499","398","79","1671","977","664","120","756","571","101","499","398","79","21605","2762","400","11884","334","6225"
"1294","Arthur Rallu","Male","Seattle","WA","FR","M45-49","FIN","6:00:05","0:41:33","0:10:32","3:13:41","0:05:27","1:48:52","500","399","38","2009","715","498","43","675","524","49","500","399","38","21605","2493","632","11621","327","6532"
"435","Greg Emmott","Male","Carvel","AB","CA","M35-39","FIN","6:00:13","0:42:44","0:04:20","3:15:33","0:03:29","1:54:07","501","400","56","1486","789","541","72","634","497","62","501","400","56","21613","2564","260","11733","209","6847"
"836","Keri Ann Tatusko","Female","Washington","DC","US","F50-54","FIN","6:00:15","0:38:32","0:03:53","3:12:57","0:03:19","2:01:35","502","102","7","2743","475","130","7","517","109","8","502","102","7","21615","2312","233","11577","199","7295"
"707","Timothy Molloy","Male","Langley","British Columbia","CA","M25-29","FIN","6:00:27","0:46:49","0:03:50","3:05:31","0:04:15","2:00:02","503","401","78","1443","1017","693","133","528","418","71","503","401","78","21627","2809","230","11131","255","7202"
"1155","Ashley Simpson","Male","Vancouver","BRITISH COLUMBIA","CA","M35-39","FIN","6:00:39","0:40:44","0:09:30","3:03:21","0:07:09","1:59:56","504","402","57","1478","645","464","60","494","391","52","504","402","57","21639","2444","570","11001","429","7196"
"575","Jay Weber","Male","Fort St John","BC","CA","M40-44","FIN","6:00:51","0:40:04","0:07:56","2:58:41","0:04:56","2:09:15","505","403","44","2042","589","419","42","395","329","37","505","403","44","21651","2404","476","10721","296","7755"
"438","Igor Semunovic","Male","Edmonton","AB","CA","M55-59","FIN","6:01:12","0:40:19","0:03:55","3:15:20","0:03:18","1:58:19","506","404","26","2012","616","442","31","587","464","33","506","404","26","21672","2419","235","11720","198","7099"
"948","Jason Reynolds","Male","Vancouver ","BC","IE","M25-29","FIN","6:01:26","0:41:55","0:05:43","3:08:11","0:03:45","2:01:50","507","405","79","1425","742","514","96","522","413","69","507","405","79","21686","2515","343","11291","225","7310"
"573","Robin MacDonell","Female","Calgary","CA-Alberta","CA","F30-34","FIN","6:01:32","0:43:48","0:05:04","3:15:44","0:05:24","1:51:32","508","103","29","2258","869","272","54","659","146","31","508","103","29","21692","2628","304","11744","324","6692"
"1202","Allen Gage","Male","Victoria","BC","CA","M50-54","FIN","6:01:39","0:38:19","0:05:38","3:11:21","0:04:41","2:01:40","509","406","19","2325","461","336","18","516","408","22","509","406","19","21699","2299","338","11481","281","7300"
"566","Mitchell Roegele JR","Male","Blaine","US-WA","US","M25-29","FIN","6:01:42","0:42:55","0:04:37","3:34:01","0:03:32","1:36:38","510","407","80","1420","803","547","105","904","661","126","510","407","80","21702","2575","277","12841","212","5798"
"1318","Anne Barre","Female","Edmonton","CA-AB","CA","F30-34","FIN","6:01:44","0:42:31","0:03:44","3:10:55","0:03:20","2:01:14","511","104","30","2254","774","240","48","551","115","27","511","104","30","21704","2551","224","11455","200","7274"
"770","Jimmy Ngo","Male","Calgary","CA-AB","CA","M25-29","FIN","6:01:54","0:40:30","0:05:20","3:16:14","0:03:26","1:56:24","512","408","81","1417","630","451","84","625","491","89","512","408","81","21714","2430","320","11774","206","6984"
"914","Hana Chamberlain","Female","Victoria","British Columbia","CA","F25-29","FIN","6:02:02","0:47:41","0:04:02","3:07:45","0:04:17","1:58:18","513","105","29","2351","1054","333","90","586","123","38","513","105","29","21722","2861","242","11265","257","7098"
"1142","Ollie Ruyssevelt","Male","Vancouver","British Columbia","GB","M35-39","FIN","6:02:12","0:34:27","0:03:41","3:00:37","0:04:21","2:19:06","514","409","58","1451","229","173","29","283","244","42","514","409","58","21732","2067","221","10837","261","8346"
"909","Lindsay Hasegawa","Female","NEW LAMBTON","NSW","CA","F30-34","FIN","6:02:15","0:41:34","0:06:27","3:19:55","0:02:52","1:51:27","515","106","31","2245","717","219","47","705","161","36","515","106","31","21735","2494","387","11995","172","6687"
"1062","Collin Smith","Male","San Francisco","California","US","M30-34","FIN","6:02:20","0:43:28","0:04:04","3:14:19","0:03:35","1:56:55","516","410","80","1631","843","575","105","621","487","88","516","410","80","21740","2608","244","11659","215","7015"
"926","Jonah Kraft","Male","Calgary","Alberta","CA","M25-29","FIN","6:02:26","0:42:07","0:03:51","3:11:42","0:03:45","2:01:01","517","411","82","1407","752","519","98","558","441","80","517","411","82","21746","2527","231","11502","225","7261"
"389","Axel Villanueva","Male","Seattle","Washington","MX","M25-29","FIN","6:02:34","1:00:40","0:05:53","2:54:14","0:05:02","1:56:46","518","412","83","1405","1251","847","170","604","475","87","518","412","83","21754","3640","353","10454","302","7006"
"1292","Matthew Caulfield","Male","Watertown","CT","US","M35-39","FIN","6:02:35","0:37:40","0:04:00","3:31:34","0:03:08","1:46:13","519","413","59","1444","417","302","43","788","594","79","519","413","59","21755","2260","240","12694","188","6373"
"910","Bryn Barrett","Female","Cochrane","Alberta","CA","F18-24","FIN","6:02:38","0:33:52","0:04:36","3:09:53","0:03:19","2:10:59","520","107","11","2426","197","45","11","428","81","7","520","107","11","21758","2032","276","11393","199","7859"
"188","Khaled Attalaoui","Male","Delta","CA-BC","CA","M35-39","FIN","6:02:56","0:50:55","0:03:29","3:13:30","0:03:32","1:51:31","521","414","60","1437","1149","784","101","704","544","73","521","414","60","21776","3055","209","11610","212","6691"
"1450","Robin Yeo","Male","Vancouver","BRITISH COLUMBIA","CA","M35-39","FIN","6:02:59","0:39:51","0:10:41","3:15:00","0:05:41","1:51:47","522","415","61","1436","572","406","54","672","522","67","522","415","61","21779","2391","641","11700","341","6707"
"647","Jessie Bazylinski","Male","Saskatoon","CA-SK","CA","M35-39","FIN","6:03:01","0:43:42","0:04:11","3:15:55","0:05:14","1:53:58","523","416","62","1436","863","593","77","647","507","63","523","416","62","21781","2622","251","11755","314","6838"
"777","Ronald Chung","Male","North Vancouver","BC","CA","M40-44","FIN","6:03:14","0:29:01","0:05:10","3:11:48","0:02:55","2:14:20","524","417","45","1999","35","28","3","379","318","36","524","417","45","21794","1741","310","11508","175","8060"
"1480","Jess Alexandor","Female","Vancouver","British Columbia","CA","F25-29","FIN","6:03:19","0:38:08","0:04:57","3:12:01","0:04:15","2:03:59","525","108","30","2328","447","123","42","512","108","34","525","108","30","21799","2288","297","11521","255","7439"
"1075","Catherine Border","Female","Victoria","BC","CA","F45-49","FIN","6:03:38","0:39:14","0:03:33","3:11:25","0:03:42","2:05:43","526","109","3","2525","526","148","5","500","104","4","526","109","3","21818","2354","213","11485","222","7543"
"417","Scott Baerg","Male","Edmonton","AB","CA","M55-59","FIN","6:03:45","0:43:04","0:06:36","3:12:47","0:03:24","1:57:54","527","418","27","1967","814","553","43","630","494","37","527","418","27","21825","2584","396","11567","204","7074"
"135","Laura Gfeller","Female","Windsor Junction","NS","CA","F35-39","FIN","6:03:46","0:35:29","0:03:05","3:06:37","0:03:15","2:15:19","528","110","13","2223","272","68","7","371","58","9","528","110","13","21826","2129","185","11197","195","8119"
"1253","Annalise Yundt","Female","Vancouver","British Columbia","CA","F30-34","FIN","6:03:48","0:37:14","0:03:23","3:08:17","0:03:02","2:11:51","529","111","32","2217","385","100","23","435","84","23","529","111","32","21828","2234","203","11297","182","7911"
"1072","Meaghan Ruttan","Female","Calgary","Alberta","CA","F25-29","FIN","6:04:00","0:38:49","0:05:14","3:05:13","0:04:31","2:10:13","530","112","31","2315","492","136","43","440","87","24","530","112","31","21840","2329","314","11113","271","7813"
"846","Paige Boyer","Female","Edmonton","Alberta","CA","F18-24","FIN","6:04:08","0:35:41","0:03:29","3:14:09","0:02:50","2:08:00","531","113","12","2399","280","69","17","491","102","9","531","113","12","21848","2141","209","11649","170","7680"
"650","Emily Li","Female","Vancouver","British Columbia","CA","F18-24","FIN","6:04:09","0:50:35","0:04:32","3:19:41","0:03:09","1:46:13","532","114","13","2399","1139","364","47","811","200","21","532","114","13","21849","3035","272","11981","189","6373"
"686","Darcy Fuller","Female","Victoria","British Columbia","CA","F25-29","FIN","6:04:10","0:42:49","0:04:12","3:05:07","0:04:31","2:07:31","533","115","32","2312","797","254","75","472","98","29","533","115","32","21850","2569","252","11107","271","7651"
"1206","Carl Gage","Male","Calgary","AB","CA","M45-49","FIN","6:04:28","0:37:57","0:04:14","3:12:12","0:04:48","2:05:17","534","419","39","1931","435","315","32","502","398","41","534","419","39","21868","2277","254","11532","288","7517"
"1126","Alexis Cattermole","Female","Port Coquitlam","BC","CA","F30-34","FIN","6:04:29","0:39:23","0:03:31","3:25:29","0:02:54","1:53:11","535","116","33","2205","538","152","37","716","166","38","535","116","33","21869","2363","211","12329","174","6791"
"624","Max Quackenbush","Male","Victoria","British Columbia","CA","M18-24","FIN","6:04:31","0:33:47","0:03:49","3:11:51","0:03:53","2:11:10","536","420","54","1552","188","146","21","443","355","47","536","420","54","21871","2027","229","11511","233","7870"
"375","Anay Nagarajan","Male","SEATTLE","Washington","US","M18-24","FIN","6:04:32","0:47:41","0:03:30","3:17:34","0:05:13","1:50:33","537","421","55","1551","1055","722","105","722","554","78","537","421","55","21872","2861","210","11854","313","6633"
"43","Dan Hendriks","Male","Midhurst","ON","CA","M55-59","FIN","6:04:36","0:39:26","0:05:58","2:51:53","0:04:59","2:22:20","538","422","28","1951","542","390","27","263","228","15","538","422","28","21876","2366","358","10313","299","8540"
"71","Dave Negus","Male","Gowrie Junction","AU-QLD","AU","M70-74","FIN","6:04:47","0:36:41","0:03:40","2:55:08","0:04:34","2:24:44","539","423","2","3192","343","258","2","243","211","1","539","423","2","21887","2201","220","10508","274","8684"
"689","James Power","","Vancouver","BC","CA","M40-44","FIN","6:04:48","0:48:16","0:06:30","2:52:47","0:04:05","2:13:11","540","424","46","1971","1074","734","80","412","339","39","540","424","46","21888","2896","390","10367","245","7991"
"25","Riley Walker","Male","Calgary","AB","CA","M35-39","FIN","6:04:49","0:46:02","0:04:17","3:11:28","0:02:43","2:00:18","541","425","63","1403","976","663","86","619","486","61","541","425","63","21889","2762","257","11488","163","7218"
"264","Marco Firouz","Male","Vancouver","British Columbia","CA","M35-39","FIN","6:04:50","0:41:48","0:06:22","3:18:02","0:04:39","1:53:59","542","426","64","1403","733","507","67","679","527","68","542","426","64","21890","2508","382","11882","279","6839"
"527","Edwin Mosterd","Male","Sooke","British Columbia","NL","M45-49","FIN","6:05:02","0:39:15","0:04:40","3:03:46","0:04:39","2:12:43","543","427","40","1920","528","379","36","414","341","34","543","427","40","21902","2355","280","11026","279","7963"
"123","Michelle Reaume","Female","Coquitlam","BC","CA","F60-64","FIN","6:05:07","0:40:10","0:03:57","3:09:08","0:02:46","2:09:06","544","117","1","3500","598","171","3","486","101","1","544","117","1","21907","2410","237","11348","166","7746"
"312","Simon Newell","Male","ottawa","CA-ON","CA","M60-64","FIN","6:05:17","0:34:41","0:03:00","3:09:23","0:02:54","2:15:19","545","428","9","2405","241","181","5","403","333","11","545","428","9","21917","2081","180","11363","174","8119"
"788","Daniel Generalov","Male","Belmont","California","US","M18-24","FIN","6:05:17","0:43:21","0:05:37","3:11:22","0:07:18","1:57:38","546","429","56","1538","834","568","82","600","472","64","546","429","56","21917","2601","337","11482","438","7058"
"855","Aldo Stephanus","Male","Burnaby","BC","ID","M30-34","FIN","6:05:30","0:44:39","0:06:31","3:08:53","0:04:36","2:00:51","547","430","81","1574","908","619","112","596","470","85","547","430","81","21930","2679","391","11333","276","7251"
"1355","Stephen Barrow","Male","RENO","NV","US","M35-39","FIN","6:05:31","0:43:35","0:08:57","3:06:44","0:04:03","2:02:13","548","431","65","1391","850","582","76","585","463","59","548","431","65","21931","2615","537","11204","243","7333"
"1445","Diego Palafox Lerma","Male","West Vancouver","British Columbia","MX","M18-24","FIN","6:05:46","0:50:45","0:04:22","3:12:54","0:04:01","1:53:44","549","432","57","1529","1145","780","112","708","546","76","549","432","57","21946","3045","262","11574","241","6824"
"849","Nellie Coates","Female","Seattle","WA","US","F18-24","FIN","6:05:46","0:34:07","0:04:23","3:29:28","0:04:19","1:53:30","550","118","14","2370","209","50","14","706","162","16","550","118","14","21946","2047","263","12568","259","6810"
"191","Tristan Heilbron","Male","West Vancouver","British Columbia","CA","M18-24","FIN","6:05:47","0:44:35","0:04:38","3:06:51","0:01:40","2:08:04","551","433","58","1529","901","614","90","526","416","57","551","433","58","21947","2675","278","11211","100","7684"
"1063","John Gillis","Male","Whitehorse","Yukon","CA","M40-44","FIN","6:05:47","0:36:26","0:07:32","3:12:33","0:06:07","2:03:08","552","434","47","1953","326","243","26","538","425","48","552","434","47","21947","2186","452","11553","367","7388"
"964","Shawn Honaryar","Male","Orinda","California","US","M25-29","FIN","6:06:00","0:37:45","0:05:32","3:26:17","0:06:14","1:50:11","553","435","84","1343","422","306","53","733","558","98","553","435","84","21960","2265","332","12377","374","6611"
"1095","Zach Campbell","Male","Calgary","AB","CA","M35-39","FIN","6:06:09","0:38:14","0:05:28","3:13:31","0:06:51","2:02:04","554","436","66","1379","455","331","48","552","437","55","554","436","66","21969","2294","328","11611","411","7324"
"213","Brooklyn Addison","Female","Calgary","AB","CA","F35-39","FIN","6:06:11","0:38:56","0:02:12","3:06:52","0:02:59","2:15:12","555","119","14","2180","496","139","15","421","76","12","555","119","14","21971","2336","132","11212","179","8112"
"699","Cal Thurbide","Male","Port Coquitlam","BC","CA","M60-64","FIN","6:06:24","0:31:49","0:05:09","3:04:57","0:05:43","2:18:46","556","437","10","2385","106","85","1","328","283","8","556","437","10","21984","1909","309","11097","343","8326"
"890","Steve Cross","Male","Burnaby","British Columbia","CA","M60-64","FIN","6:06:38","0:44:26","0:07:14","3:09:28","0:06:26","1:59:05","557","438","11","2381","892","610","21","606","477","19","557","438","11","21998","2666","434","11368","386","7145"
"1499","MacKenzie Scott","Female","Calgary","Alberta","CA","F25-29","FIN","6:06:41","0:30:37","0:02:32","3:22:54","0:02:50","2:07:48","558","120","33","2267","68","12","6","525","110","35","558","120","33","22001","1837","152","12174","170","7668"
"1459","Mark Lawson","Male","Victoria","BC","CA","M45-49","FIN","6:06:41","0:33:54","0:03:49","3:05:18","0:05:32","2:18:08","559","439","41","1891","199","154","16","343","295","27","559","439","41","22001","2034","229","11118","332","8288"
"1127","Konstantin Ovechkin","Male","Redmond","WA","US","M40-44","FIN","6:06:53","0:45:25","0:06:22","3:08:16","0:08:10","1:58:40","560","440","48","1934","942","644","68","594","469","55","560","440","48","22013","2725","382","11296","490","7120"
"272","Brian Gray","Male","PEACHTREE COR","GA","US","M60-64","FIN","6:06:54","0:34:34","0:04:25","3:01:56","0:04:31","2:21:28","561","441","12","2376","236","178","4","315","273","7","561","441","12","22014","2074","265","10916","271","8488"
"1177","Lauren Maloney","Female","Denver","Colorado","US","F30-34","FIN","6:06:57","0:36:23","0:11:34","3:17:39","0:06:29","1:54:52","562","121","34","2160","320","80","18","674","151","33","562","121","34","22017","2183","694","11859","389","6892"
"989","Danielle Roberts","Female","Lantzville","British Columbia","CA","F35-39","FIN","6:07:00","0:44:02","0:05:05","3:12:26","0:03:19","2:02:07","563","122","15","2165","879","276","33","611","130","16","563","122","15","22020","2642","305","11546","199","7327"
"1278","Aïda Valevicius","Female","North Vancouver","British Columbia","CA","F35-39","FIN","6:07:02","0:40:49","0:04:55","3:23:27","0:03:58","1:53:53","564","123","16","2165","654","186","23","728","173","20","564","123","16","22022","2449","295","12207","238","6833"
"1392","Blair Mclean","Male","Toronto","Ontario","NZ","M30-34","FIN","6:07:10","0:30:49","0:06:15","3:06:35","0:07:55","2:15:36","565","442","82","1544","69","57","13","348","299","54","565","442","82","22030","1849","375","11195","475","8136"
"1297","Connor Rambo","Male","Victoria","CA-BC","CA","M30-34","FIN","6:07:21","0:41:04","0:04:51","3:21:45","0:05:37","1:54:03","566","443","83","1540","674","479","90","701","541","98","566","443","83","22041","2464","291","12105","337","6843"
"1266","Delainey Lindstrom-Humphries","Female","Calgary","AB","CA","F25-29","FIN","6:07:23","0:37:20","0:04:26","3:20:01","0:02:22","2:03:14","567","124","34","2255","395","104","36","618","133","39","567","124","34","22043","2240","266","12001","142","7394"
"995","Andrew Aguilar","Male","Vancouver","British Columbia","CA","M40-44","FIN","6:07:25","0:43:41","0:03:56","3:12:05","0:07:00","2:00:42","568","444","49","1924","861","591","59","589","465","54","568","444","49","22045","2621","236","11525","420","7242"
"681","Emma Griffin","Female","Victoria","British Columbia","CA","F18-24","FIN","6:07:35","0:40:58","0:05:36","3:15:02","0:03:56","2:02:02","569","125","15","2337","663","190","31","612","131","12","569","125","15","22055","2458","336","11702","236","7322"
"1524","Landon Fetterolf","Male","Coquitlam","British Columbia","CA","M35-39","FIN","6:07:39","0:40:52","0:06:31","3:19:17","0:07:42","1:53:17","570","445","67","1352","658","470","61","683","531","69","570","445","67","22059","2452","391","11957","462","6797"
"1022","Rayne Scott","Male","North Vancouver","BC","CA","M18-24","FIN","6:07:41","0:41:40","0:05:09","3:06:23","0:05:50","2:08:39","571","446","59","1495","724","503","74","485","385","54","571","446","59","22061","2500","309","11183","350","7719"
"1363","Greg Scileppi","Male","Bainbridge  ISLAND","WA","US","M60-64","FIN","6:07:48","0:46:59","0:04:08","3:02:10","0:03:21","2:11:11","572","447","13","2360","1024","699","25","487","386","13","572","447","13","22068","2819","248","10930","201","7871"
"616","Kate Schulz","Female","St. Albert ","Alberta ","CA","F35-39","FIN","6:07:56","0:40:21","0:05:16","3:28:50","0:07:03","1:46:27","573","126","17","2148","619","176","20","805","197","23","573","126","17","22076","2421","316","12530","423","6387"
"611","Aaron Suazo","Male","HGHLNDS RANCH","CO","US","M60-64","FIN","6:08:03","0:43:33","0:03:52","2:49:23","0:03:39","2:27:37","574","448","14","2355","847","579","20","254","219","4","574","448","14","22083","2613","232","10163","219","8857"
"1289","Nelli Larjava","Female","North Vancouver","British Columbia","CA","F25-29","FIN","6:08:05","0:39:17","0:06:02","3:07:35","0:03:14","2:11:57","575","127","35","2242","529","150","45","479","100","30","575","127","35","22085","2357","362","11255","194","7917"
"808","IAN PENNEY","Male","PITT MEADOWS","BC","CA","M55-59","FIN","6:08:09","0:38:02","0:06:55","3:26:56","0:03:57","1:52:19","576","449","29","1887","440","319","21","770","582","41","576","449","29","22089","2282","415","12416","237","6739"
"834","Ellen Knuvers","Female","CANCUN","MX-ROO","NL","F50-54","FIN","6:08:20","0:39:40","0:05:56","3:13:01","0:04:11","2:05:32","577","128","8","2597","556","159","9","576","122","9","577","128","8","22100","2380","356","11581","251","7532"
"927","Clemence Wassen","Female","VANCOUVER","British Columbia","CA","F25-29","FIN","6:08:23","0:43:26","0:06:31","3:18:53","0:04:50","1:54:43","578","129","36","2237","839","267","77","723","169","46","578","129","36","22103","2606","391","11933","290","6883"
"780","Amelia Birch","Female","KIMBERLEY","BC","CA","F40-44","FIN","6:08:26","0:32:57","0:04:28","3:05:07","0:03:04","2:22:51","579","130","11","2083","160","34","2","334","47","6","579","130","11","22106","1977","268","11107","184","8571"
"742","Kaitlyn Hall","Female","Sammamish ","WA","US","F25-29","FIN","6:08:46","0:36:07","0:04:34","3:15:33","0:03:10","2:09:22","580","131","37","2230","303","77","26","530","112","36","580","131","37","22126","2167","274","11733","190","7762"
"1282","Jody Faught","Female","Paris","ON","CA","F45-49","FIN","6:08:51","0:40:51","0:03:45","3:13:30","0:05:39","2:05:04","581","132","4","2431","657","188","10","566","119","7","581","132","4","22131","2451","225","11610","339","7504"
"1513","Eoin Buckley","Male","Vancouver","BC","IE","M30-34","FIN","6:08:52","0:40:37","0:06:08","3:31:36","0:02:37","1:47:55","582","450","84","1513","637","457","84","867","643","114","582","450","84","22132","2437","368","12696","157","6475"
"1295","Jacob Rambo","Male","Victoria","CA-BC","CA","M18-24","FIN","6:08:56","0:30:00","0:03:12","3:34:24","0:02:58","1:58:23","583","451","60","1472","52","42","9","700","540","74","583","451","60","22136","1800","192","12864","178","7103"
"751","Christine Streisel","Female","Seattle","Washington","US","F30-34","FIN","6:09:08","0:40:46","0:04:48","3:23:24","0:04:08","1:56:01","584","133","35","2121","647","183","40","725","171","40","584","133","35","22148","2446","288","12204","248","6961"
"755","Hilary Webb","Female","North Vancouver","CA-BC","CA","F30-34","FIN","6:09:09","0:41:00","0:04:36","3:19:47","0:03:35","2:00:13","585","134","36","2121","666","192","41","671","150","32","585","134","36","22149","2460","276","11987","215","7213"
"158","Jason Moore","Male","Portland","OR","US","M55-59","FIN","6:09:13","0:50:14","0:04:22","3:07:11","0:03:18","2:04:08","586","452","30","1868","1132","772","49","617","485","36","586","452","30","22153","3014","262","11231","198","7448"
"1327","Jeff Tellier","Male","Peabody","MA","US","M40-44","FIN","6:09:16","0:40:10","0:03:18","3:04:20","0:04:40","2:16:48","587","453","50","1891","599","428","44","416","343","40","587","453","50","22156","2410","198","11060","280","8208"
"837","Samuel Nichols","Male","San Francisco","California","US","M25-29","FIN","6:09:38","0:39:00","0:05:10","3:14:35","0:03:57","2:06:56","588","454","85","1277","501","361","65","577","455","82","588","454","85","22178","2340","310","11675","237","7616"
"794","Neil Andrew","Male","TORONTO","ON","CA","M50-54","FIN","6:09:49","0:35:57","0:02:58","3:12:07","0:02:31","2:16:16","589","455","20","2178","293","221","14","458","364","20","589","455","20","22189","2157","178","11527","151","8176"
"748","Daeyoung Kim","Male","Cambridge","Massachusetts","KR","M25-29","FIN","6:10:21","0:40:15","0:10:32","3:21:08","0:05:37","1:52:49","590","456","86","1265","605","433","80","771","583","102","590","456","86","22221","2415","632","12068","337","6769"
"612","Tanner Cassidy","Male","Whitehorse","YT","CA","M35-39","FIN","6:10:31","0:30:18","0:04:32","3:39:39","0:06:22","1:49:41","591","457","68","1301","57","46","7","807","610","80","591","457","68","22231","1818","272","13179","382","6581"
"1119","Glenn Tindle","Male","Peoria","AZ","US","M35-39","FIN","6:10:37","0:45:12","0:03:41","3:09:54","0:02:59","2:08:51","592","458","69","1299","929","632","82","578","456","58","592","458","69","22237","2712","221","11394","179","7731"
"787","Tyson Kiddell","Male","Calgary","Alberta","CA","M25-29","FIN","6:10:38","0:42:29","0:04:20","3:27:35","0:04:43","1:51:31","593","459","87","1259","772","533","102","804","608","110","593","459","87","22238","2549","260","12455","283","6691"
"1370","Tim Scully","Male","Liberty Lake","WA","US","M40-44","FIN","6:10:44","0:45:00","0:06:56","3:00:29","0:05:12","2:13:07","594","460","51","1864","924","629","65","474","376","44","594","460","51","22244","2700","416","10829","312","7987"
"260","Steve Cuddington","Male","Regina","Saskatchewan","CA","M35-39","FIN","6:10:50","0:42:11","0:05:41","3:18:49","0:05:00","1:59:10","595","461","70","1295","760","525","71","684","532","70","595","461","70","22250","2531","341","11929","300","7150"
"814","Michael Malherbe","Male","Vancouver","British Columbia","CA","M25-29","FIN","6:10:51","0:41:49","0:07:03","3:09:05","0:03:18","2:09:36","596","462","88","1256","738","511","95","563","445","81","596","462","88","22251","2509","423","11345","198","7776"
"658","Jackson Agazzi-Bryson","Male","Vancouver","British Columbia","CA","M18-24","FIN","6:11:10","0:38:25","0:06:01","3:16:51","0:04:00","2:05:53","597","463","61","1432","468","342","52","608","479","65","597","463","61","22270","2305","361","11811","240","7553"
"1219","James Hodgetts","Male","Vancouver","British Columbia","GB","M35-39","FIN","6:11:17","0:35:19","0:05:15","3:08:54","0:05:23","2:16:25","598","464","71","1287","265","200","34","444","356","51","598","464","71","22277","2119","315","11334","323","8185"
"1527","Kianna Zivny","Female","Campbell River","British Columbia","CA","F30-34","FIN","6:11:27","0:37:22","0:04:13","3:25:33","0:03:11","2:01:08","599","135","37","2079","397","106","26","694","157","35","599","135","37","22287","2242","253","12333","191","7268"
"484","Natasha Corbett","Female","Huntsville","CA-ON","CA","F45-49","FIN","6:11:27","0:39:28","0:03:06","3:13:38","0:02:53","2:12:22","600","136","5","2384","546","156","8","529","111","5","600","136","5","22287","2368","186","11618","173","7942"
"1479","Saffi Schonberg","Female","Vancouver","British Columbia","CA","F25-29","FIN","6:11:44","0:35:13","0:04:28","3:15:09","0:04:16","2:12:38","601","137","38","2176","257","63","22","508","107","33","601","137","38","22304","2113","268","11709","256","7958"
"326","Julia Macleod","Female","Valley","NS","CA","F30-34","FIN","6:12:00","0:41:11","0:03:12","3:24:13","0:02:42","2:00:43","602","138","38","2069","681","200","42","719","167","39","602","138","38","22320","2471","192","12253","162","7243"
"615","Melissa Brust Wilson","Female","Calgary","CA-AB","CA","F45-49","FIN","6:12:11","0:37:29","0:03:24","3:17:02","0:03:33","2:10:44","603","139","6","2371","405","109","4","562","118","6","603","139","6","22331","2249","204","11822","213","7844"
"723","Kristi Moen","Female","Burien","WA","US","F60-64","FIN","6:12:20","0:41:27","0:04:22","3:11:25","0:03:50","2:11:16","604","140","2","3370","704","212","5","554","116","2","604","140","2","22340","2487","262","11485","230","7876"
"1067","Chanpreet Riarh","Female","Ottawa","ON","CA","F18-24","FIN","6:12:25","0:29:54","0:03:01","3:34:20","0:02:23","2:02:46","605","141","16","2250","48","10","3","695","158","15","605","141","16","22345","1794","181","12860","143","7366"
"1274","John Corrigan","Male","Calgary","Alberta","CA","M25-29","FIN","6:12:25","0:48:45","0:06:07","3:12:48","0:10:58","1:53:47","606","465","89","1227","1090","745","148","702","542","95","606","465","89","22345","2925","367","11568","658","6827"
"1005","Christophe Hardy","Male","Drummondville","CA-QC","CA","M30-34","FIN","6:12:35","0:40:07","0:05:12","3:18:06","0:03:21","2:05:48","607","466","85","1446","593","423","76","642","504","93","607","466","85","22355","2407","312","11886","201","7548"
"653","Enrique Garcia Rimolo","Male","San Jose","SAN JOSE","CR","M30-34","FIN","6:12:36","0:31:15","0:02:55","3:17:02","0:06:28","2:14:56","608","467","86","1446","84","68","14","463","369","67","608","467","86","22356","1875","175","11822","388","8096"
"551","Kevin Thistle","Male","Toronto","Ontario","CA","M25-29","FIN","6:12:41","0:39:37","0:06:01","3:10:32","0:04:06","2:12:26","609","468","90","1223","553","395","74","527","417","70","609","468","90","22361","2377","361","11432","246","7946"
"1464","Andrew Hawkes","Male","Nanaimo","British Columbia","CA","M40-44","FIN","6:12:46","0:48:21","0:04:24","3:11:27","0:03:05","2:05:29","610","469","52","1828","1078","737","82","651","510","59","610","469","52","22366","2901","264","11487","185","7529"
"226","Christopher Chavira","Male","Burnaby","British Columbia","MX","M35-39","FIN","6:12:50","0:43:55","0:11:17","3:10:05","0:04:16","2:03:18","611","470","72","1259","875","601","79","670","521","66","611","470","72","22370","2635","677","11405","256","7398"
"1413","Ethan Nesbitt","Male","Victoria","British Columbia","CA","M18-24","FIN","6:12:54","0:38:24","0:05:14","3:30:15","0:05:32","1:53:29","612","471","62","1401","467","341","51","797","601","84","612","471","62","22374","2304","314","12615","332","6809"
"1440","Brett Adlard","Male","Seattle","WA","US","M35-39","FIN","6:12:59","0:45:16","0:04:44","3:14:40","0:04:19","2:04:00","613","472","73","1256","934","636","83","660","514","64","613","472","73","22379","2716","284","11680","259","7440"
"65","Kevin Nunn","Male","Victoria","CA-BC","CA","M60-64","FIN","6:13:00","0:42:14","0:06:30","3:06:54","0:03:56","2:13:26","614","473","15","2266","762","527","16","521","412","15","614","473","15","22380","2534","390","11214","236","8006"
"345","Michael Dick","Male","Victoria","BC","CA","M30-34","FIN","6:13:09","0:46:36","0:05:33","3:03:04","0:04:23","2:13:32","615","474","87","1436","1006","682","124","514","406","76","615","474","87","22389","2796","333","10984","263","8012"
"1011","Ryann Tramer","Male","Port Alberni","British Columbia","CA","M18-24","FIN","6:13:10","0:33:13","0:07:00","3:29:11","0:05:30","1:58:16","616","475","63","1396","172","133","18","732","557","79","616","475","63","22390","1993","420","12551","330","7096"
"962","Elliott Karren","Male","Kaysville","UT","US","M40-44","FIN","6:13:24","0:43:42","0:05:33","3:05:08","0:05:09","2:13:52","617","476","53","1816","865","595","60","503","399","46","617","476","53","22404","2622","333","11108","309","8032"
"966","Sofia Andreassi","Female","Kelowna","British Columbia","IT","F18-24","FIN","6:13:25","0:39:17","0:03:03","3:34:46","0:03:36","1:52:43","618","142","17","2232","530","151","25","847","216","26","618","142","17","22405","2357","183","12886","216","6763"
"786","Laura Macauley","Female","MOUNTAIN VIEW","CA","CA","F35-39","FIN","6:13:28","0:42:02","0:05:20","3:10:47","0:02:45","2:12:34","619","143","18","2049","748","233","27","567","120","14","619","143","18","22408","2522","320","11447","165","7954"
"309","Wai Shan Lily Chu","Female","Mid Levels","West Virginia","HK","F40-44","FIN","6:13:35","0:39:58","0:04:44","3:20:04","0:03:01","2:05:47","620","144","12","1990","582","169","12","661","147","15","620","144","12","22415","2398","284","12004","181","7547"
"580","Dawson Durig","Male","Wilsonville","Oregon","US","M25-29","FIN","6:13:35","0:39:20","0:05:25","3:10:08","0:04:23","2:14:18","621","477","91","1206","531","380","70","510","403","64","621","477","91","22415","2360","325","11408","263","8058"
"1301","Nima Behji","Male","Colwood","British Columbia","CA","M18-24","FIN","6:13:39","0:38:22","0:09:14","3:14:26","0:05:04","2:06:33","622","478","64","1387","465","339","50","624","490","67","622","478","64","22419","2302","554","11666","304","7593"
"182","Jonathan Peitsch","Male","Winnipeg","Manitoba","CA","M18-24","FIN","6:13:42","0:39:59","0:04:37","3:08:40","0:06:54","2:13:31","623","479","65","1386","583","414","64","489","388","55","623","479","65","22422","2399","277","11320","414","8011"
"531","Claire Moller","Female","Whistler","BC","CA","F50-54","FIN","6:13:42","0:39:28","0:03:00","3:23:31","0:06:57","2:00:47","624","145","9","2501","545","155","8","676","152","13","624","145","9","22422","2368","180","12211","417","7247"
"831","Ava Mendelsohn","Female","San Francisco","California","US","F25-29","FIN","6:13:43","0:35:01","0:04:01","3:09:45","0:04:07","2:20:49","625","146","39","2141","252","62","21","433","83","23","625","146","39","22423","2101","241","11385","247","8449"
"1120","William Kunz","Male","Mukilteo","Washington","US","M18-24","FIN","6:14:03","0:40:47","0:04:22","3:20:25","0:02:32","2:05:58","626","480","66","1380","649","466","70","673","523","72","626","480","66","22443","2447","262","12025","152","7558"
"34","Constantine Grechko","Male","Sherwood Park","Alberta","CA","M35-39","FIN","6:14:08","0:49:43","0:04:56","3:15:34","0:03:49","2:00:06","627","481","74","1236","1121","765","99","745","563","75","627","481","74","22448","2983","296","11734","229","7206"
"1045","Thomas greenacre","Male","Seattle","Washington","US","M35-39","FIN","6:14:11","0:54:03","0:05:11","3:11:39","0:07:13","1:56:05","628","482","75","1235","1202","815","107","757","572","77","628","482","75","22451","3243","311","11499","433","6965"
"432","Jason Labonte","Male","EDMONTON","AB","CA","M50-54","FIN","6:14:14","0:31:50","0:03:42","2:38:28","0:04:52","2:55:21","629","483","21","2099","107","86","4","63","62","3","629","483","21","22454","1910","222","9508","292","10521"
"344","Kailey Webster","Female","Qualicum Beach","BRITISH COLUMBIA","CA","F25-29","FIN","6:14:19","0:42:48","0:05:03","3:18:53","0:02:06","2:05:30","630","147","40","2130","794","251","74","685","153","43","630","147","40","22459","2568","303","11933","126","7530"
"473","Care Mamone","Female","Sooke","British Columbia","CA","F35-39","FIN","6:14:32","0:42:51","0:05:37","3:28:19","0:02:35","1:55:10","631","148","19","2030","798","255","29","840","214","25","631","148","19","22472","2571","337","12499","155","6910"
"1493","Jacquelyn Boyce","Female","Comox","British Columbia","CA","F35-39","FIN","6:14:38","0:39:43","0:04:59","3:25:31","0:04:46","1:59:40","632","149","20","2028","563","162","19","744","182","21","632","149","20","22478","2383","299","12331","286","7180"
"1354","Megan Sulezich","Female","sparks","NV","US","F35-39","FIN","6:14:41","0:44:34","0:06:15","3:23:03","0:03:11","1:57:38","633","150","21","2027","900","287","36","796","196","22","633","150","21","22481","2674","375","12183","191","7058"
"1131","Alex Evans","Male","Vancouver","BC","CA","M18-24","FIN","6:14:44","0:48:21","0:04:31","3:04:59","0:05:24","2:11:29","634","484","67","1368","1077","736","106","560","443","60","634","484","67","22484","2901","271","11099","324","7889"
"847","Gwendolyn Freeze","Female","Kamloops","British Columbia","CA","F25-29","FIN","6:15:02","0:39:47","0:05:54","3:25:39","0:04:31","1:59:12","635","151","41","2117","565","163","48","762","187","51","635","151","41","22502","2387","354","12339","271","7152"
"485","Ann-Marie Thompson","Female","Oshawa ON L1K 3C3, CA","ON","CA","F50-54","FIN","6:15:04","0:41:17","0:06:50","3:16:13","0:05:32","2:05:12","636","152","10","2476","688","204","11","652","142","12","636","152","10","22504","2477","410","11773","332","7512"
"1530","Robert Ritchie","Male","SEATTLE","WA","US","M25-29","FIN","6:15:22","0:49:38","0:05:37","3:27:00","0:03:55","1:49:12","637","485","92","1174","1118","763","152","917","670","131","637","485","92","22522","2978","337","12420","235","6552"
"720","James Harrison","Male","Canmore","Alberta","GB","M18-24","FIN","6:15:28","0:38:29","0:04:47","3:14:55","0:04:37","2:12:41","638","486","68","1355","473","345","53","568","448","62","638","486","68","22528","2309","287","11695","277","7961"
"45","Jolene Mitchell","Female","Henderson","US-NV","US","F65-69","FIN","6:15:36","0:42:53","0:03:54","3:18:07","0:02:17","2:08:25","639","153","1","3500","801","256","3","664","148","1","639","153","1","22536","2573","234","11887","137","7705"
"598","Nuria Esparza","Female","SAN LUIS POTOSI","SAN LUIS POTOSI","MX","F25-29","FIN","6:15:39","0:41:57","0:03:10","3:21:59","0:02:39","2:05:53","640","154","42","2106","745","231","67","693","156","45","640","154","42","22539","2517","190","12119","159","7553"
"1397","Elizabeth VanderWeele","Female","San Antonio","TX","US","F25-29","FIN","6:15:51","0:32:53","0:02:34","3:31:21","0:04:16","2:04:48","641","155","43","2102","157","32","13","687","154","44","641","155","43","22551","1973","154","12681","256","7488"
"1491","Paolo Castillo","Male","Vancouver","British Columbia","CA","M25-29","FIN","6:15:54","0:47:38","0:10:29","3:20:55","0:05:30","1:51:22","642","487","93","1165","1052","721","143","874","647","123","642","487","93","22554","2858","629","12055","330","6682"
"88","Sahar Hosseini","Female","Vancouver","BC","CA","F40-44","FIN","6:16:04","0:55:36","0:04:25","3:19:54","0:04:31","1:51:38","643","156","13","1945","1217","394","34","883","232","20","643","156","13","22564","3336","265","11994","271","6698"
"824","Jacob Ventura","Male","Etobicoke","ON","CA","M25-29","FIN","6:16:12","0:50:10","0:03:58","3:23:15","0:02:25","1:56:25","644","488","94","1159","1130","770","153","849","633","118","644","488","94","22572","3010","238","12195","145","6985"
"334","Michael Russell","Male","COLORADO SPGS","CO","US","M45-49","FIN","6:16:14","0:48:52","0:04:28","2:58:38","0:03:42","2:20:34","645","489","42","1719","1094","748","59","468","373","37","645","489","42","22574","2932","268","10718","222","8434"
"513","David Scott","Male","Washougal","Washington","US","M18-24","FIN","6:16:18","0:34:41","0:05:23","3:16:30","0:03:24","2:16:20","646","490","69","1340","240","180","27","539","426","58","646","490","69","22578","2081","323","11790","204","8180"
"862","Richard Van Der Ross","Male","Kelowna","CA-BC","CA","M55-59","FIN","6:16:24","0:47:46","0:04:54","3:03:40","0:04:41","2:15:24","647","491","31","1739","1062","726","48","535","422","31","647","491","31","22584","2866","294","11020","281","8124"
"278","Oscar Poitras","Male","Vancouver","British Columbia","DE","M18-24","FIN","6:16:26","0:43:16","0:07:46","3:20:41","0:03:25","2:01:19","648","492","70","1337","823","561","81","767","579","80","648","492","70","22586","2596","466","12041","205","7279"
"1400","Byron Estey","Male","Squamish","British Columbia","CA","M30-34","FIN","6:16:29","0:40:05","0:06:05","3:16:29","0:09:09","2:04:42","649","493","88","1376","591","421","75","635","498","90","649","493","88","22589","2405","365","11789","549","7482"
"830","Rob Signoretti","Male","Edmonton","CA-AB","CA","M40-44","FIN","6:16:38","0:39:25","0:06:42","3:11:59","0:04:40","2:13:51","650","494","54","1758","540","388","39","565","447","51","650","494","54","22598","2365","402","11519","280","8031"
"1036","Garreth Mc Connell","Male","Vancouver","British Columbia","IE","M30-34","FIN","6:16:40","0:40:11","0:05:00","3:25:21","0:04:50","2:01:18","651","495","89","1373","602","431","79","750","565","100","651","495","89","22600","2411","300","12321","290","7278"
"379","David Driedger","Male","Etobicoke","ON","CA","M60-64","FIN","6:16:40","0:46:51","0:06:41","3:03:11","0:04:47","2:15:11","652","496","16","2200","1019","695","24","542","429","18","652","496","16","22600","2811","401","10991","287","8111"
"1330","Jordy Kidner","Male","Squamish","BC","CA","M30-34","FIN","6:16:44","0:37:17","0:09:05","3:16:30","0:09:09","2:04:42","653","497","90","1371","390","288","54","638","501","92","653","497","90","22604","2237","545","11790","549","7482"
"1049","Suchaet Bhardwaj","Male","Calgary","AB","CA","M45-49","FIN","6:16:49","0:41:15","0:06:58","3:10:02","0:04:41","2:13:54","654","498","43","1708","684","483","42","569","449","43","654","498","43","22609","2475","418","11402","281","8034"
"1163","Christopher Bahen-Tait","Male","Brossard","Quebec","CA","M30-34","FIN","6:16:54","0:45:18","0:11:47","3:16:44","0:07:39","1:55:25","655","499","91","1368","938","640","115","795","600","106","655","499","91","22614","2718","707","11804","459","6925"
"224","yves menard","Male","Shawinigan","QC","CA","M55-59","FIN","6:16:58","0:44:39","0:05:22","2:47:55","0:03:50","2:35:13","656","500","32","1729","907","618","45","274","236","16","656","500","32","22618","2679","322","10075","230","9313"
"515","Danae McCulloch","Female","Calgary","Alberta","CA","F25-29","FIN","6:17:09","0:40:51","0:08:48","3:20:01","0:05:44","2:01:45","657","157","44","2079","656","187","54","737","178","49","657","157","44","22629","2451","528","12001","344","7305"
"1222","Annie Fraser","Female","Vancouver","British Columbia","GB","F30-34","FIN","6:17:14","0:37:00","0:04:52","3:20:43","0:04:07","2:10:31","658","158","39","1975","368","93","20","633","137","30","658","158","39","22634","2220","292","12043","247","7831"
"510","Benjamin Barcomb","Male","SEATTLE","WA","US","M30-34","FIN","6:17:18","0:54:21","0:03:59","3:01:59","0:02:43","2:14:16","659","501","92","1361","1208","820","148","599","471","86","659","501","92","22638","3261","239","10919","163","8056"
"1346","Laurel Safranek","Female","Anchorage","AK","US","F25-29","FIN","6:17:19","0:35:50","0:04:16","3:14:19","0:03:19","2:19:35","660","159","45","2076","288","71","23","504","105","32","660","159","45","22639","2150","256","11659","199","8375"
"562","Ava Gingerich","Female","Edmonton","Alberta","CA","F18-24","FIN","6:17:41","0:45:39","0:12:12","3:33:51","0:07:09","1:38:49","661","160","18","2155","958","307","42","1015","284","39","661","160","18","22661","2739","732","12831","429","5929"
"1298","Ryan Moffatt","Male","Burlington","Ontario","CA","M18-24","FIN","6:17:52","0:35:24","0:05:15","3:51:15","0:06:34","1:39:24","662","502","71","1311","269","203","32","1016","732","99","662","502","71","22672","2124","315","13875","394","5964"
"1144","Nutthapong Kamoon","Male","Duncan","BC","CA","M45-49","FIN","6:17:54","0:43:41","0:08:38","3:12:31","0:08:32","2:04:32","663","503","44","1689","862","592","51","663","516","48","663","503","44","22674","2621","518","11551","512","7472"
"798","Ewa Jackson","Female","Toronto","Ontario","CA","F45-49","FIN","6:18:06","0:50:55","0:04:34","3:27:53","0:04:01","1:50:42","664","161","7","2264","1150","366","21","931","255","13","664","161","7","22686","3055","274","12473","241","6642"
"1502","Ezekial Steve","Male","Campbell River","BC","CA","M35-39","FIN","6:18:06","0:41:49","0:09:32","3:06:31","0:06:05","2:14:09","665","504","76","1164","737","510","68","561","444","57","665","504","76","22686","2509","572","11191","365","8049"
"585","Daniel Greer","Male","SPOKANE","WA","US","M45-49","FIN","6:18:12","0:34:13","0:04:15","3:01:34","0:05:36","2:32:33","666","505","45","1683","215","164","18","306","265","25","666","505","45","22692","2053","255","10894","336","9153"
"1328","Kirby Le","Male","Surrey","BC","CA","M25-29","FIN","6:18:17","0:38:36","0:07:38","3:30:21","0:05:36","1:56:06","667","506","95","1122","479","348","59","835","626","114","667","506","95","22697","2316","458","12621","336","6966"
"1439","Henry Wong","Male","Langley","BC","CA","M45-49","FIN","6:18:24","0:38:15","0:06:50","3:31:11","0:04:43","1:57:25","668","507","46","1680","456","332","35","828","620","54","668","507","46","22704","2295","410","12671","283","7045"
"1147","Henry Gottschalk","Male","Victoria","BC","CA","M18-24","FIN","6:18:36","0:46:02","0:04:50","3:16:50","0:05:15","2:05:39","669","508","72","1298","978","665","100","703","543","75","669","508","72","22716","2762","290","11810","315","7539"
"697","Jacob Smith","Male","Seattle","WA","US","M30-34","FIN","6:18:41","0:47:10","0:05:32","3:09:57","0:04:13","2:11:49","670","509","93","1336","1032","705","127","636","499","91","670","509","93","22721","2830","332","11397","253","7909"
"630","Nicholas Rose","Male","Olympia","WA","US","M30-34","FIN","6:18:42","0:37:31","0:03:46","3:21:15","0:05:57","2:10:12","671","510","94","1336","407","298","57","631","495","89","671","510","94","22722","2251","226","12075","357","7812"
"641","Ben Young","Male","Lacey","WA","US","M30-34","FIN","6:18:52","0:31:47","0:03:46","3:29:16","0:03:02","2:11:01","672","511","95","1333","103","82","18","662","515","95","672","511","95","22732","1907","226","12556","182","7861"
"1138","aydan moskowitz","Female","Vancouver","British Columbia","CA","F18-24","FIN","6:18:53","0:37:55","0:08:40","3:15:09","0:08:31","2:08:39","673","162","19","2134","431","119","23","615","132","13","673","162","19","22733","2275","520","11709","511","7719"
"1044","Jaime Chen","Female","Boulder","US-CO","US","F18-24","FIN","6:18:55","0:31:36","0:05:02","3:33:01","0:03:06","2:06:10","674","163","20","2133","95","20","6","736","177","18","674","163","20","22735","1896","302","12781","186","7570"
"701","Jackson Cook","Male","Toronto","Ontario","CA","M18-24","FIN","6:19:00","0:40:01","0:07:12","3:25:30","0:05:02","2:01:16","675","512","73","1291","587","417","65","781","590","82","675","512","73","22740","2401","432","12330","302","7276"
"1427","Isaac Mills","Male","Cumberland","British Columbia","GB","M25-29","FIN","6:19:29","0:37:42","0:06:59","3:20:13","0:04:57","2:09:37","676","513","96","1100","420","305","52","665","517","91","676","513","96","22769","2262","419","12013","297","7777"
"359","Matthew Botting","Male","Davis","US-CA","US","M55-59","FIN","6:19:36","0:40:42","0:06:09","3:09:24","0:05:26","2:17:55","677","514","33","1681","640","460","32","533","420","30","677","514","33","22776","2442","369","11364","326","8275"
"1148","Brayden Biln","Male","Kelowna","British Columbia","CA","M25-29","FIN","6:19:41","0:40:02","0:03:39","3:29:57","0:03:51","2:02:12","678","515","97","1097","588","418","78","793","598","107","678","515","97","22781","2402","219","12597","231","7332"
"679","Amy Schuck","Female","Summerville","SC","US","F35-39","FIN","6:19:50","0:40:48","0:05:53","3:16:50","0:05:41","2:10:38","679","164","22","1934","652","184","22","644","139","17","679","164","22","22790","2448","353","11810","341","7838"
"489","Wade Tagg","Male","Loveland","CO","US","M50-54","FIN","6:19:56","0:40:09","0:04:55","3:14:41","0:03:01","2:17:09","680","516","22","1996","597","427","23","590","466","24","680","516","22","22796","2409","295","11681","181","8229"
"429","matthew rutten","Male","victoria","bc","CA","M18-24","FIN","6:19:57","0:42:35","0:09:12","3:38:14","0:03:20","1:46:36","681","517","74","1274","780","537","78","1002","723","98","681","517","74","22797","2555","552","13094","200","6396"
"835","Ciara Dillon","Female","San Francisco","California","IE","F25-29","FIN","6:20:17","0:48:27","0:06:10","3:25:05","0:04:37","1:55:58","682","165","46","2022","1080","343","91","881","231","62","682","165","46","22817","2907","370","12305","277","6958"
"1194","Joshua Stantic","Male","Kelowna","British Columbia","CA","M18-24","FIN","6:20:23","0:43:28","0:04:38","3:02:56","0:04:25","2:24:56","683","518","75","1266","844","576","83","457","363","49","683","518","75","22823","2608","278","10976","265","8696"
"1195","Lyndon Sinclair","Male","Kelowna","British Columbia","CA","M18-24","FIN","6:20:27","0:39:22","0:06:10","3:05:32","0:04:27","2:24:56","684","519","76","1265","535","384","58","459","365","50","684","519","76","22827","2362","370","11132","267","8696"
"503","Lisa Davies","Female","Victoria","BC","CA","F35-39","FIN","6:20:29","0:44:28","0:06:02","3:17:33","0:05:28","2:06:59","685","166","23","1922","895","284","34","710","164","19","685","166","23","22829","2668","362","11853","328","7619"
"1081","Eugene Pretorius","Male","COCHRANE","AB","CA","M40-44","FIN","6:20:39","0:43:03","0:04:04","3:04:35","0:03:35","2:25:22","686","520","55","1686","811","551","53","465","371","43","686","520","55","22839","2583","244","11075","215","8722"
"1146","Sinisa Savic","Male","Kitchener","Ontario","CA","M30-34","FIN","6:20:53","0:37:05","0:05:10","3:16:13","0:05:19","2:17:06","687","521","96","1297","373","278","52","573","452","81","687","521","96","22853","2225","310","11773","319","8226"
"1299","Andrew Wilcox","Male","Tacoma","WA","US","M50-54","FIN","6:20:55","0:35:40","0:04:44","3:01:16","0:04:40","2:34:35","688","522","23","1978","277","209","13","324","279","18","688","522","23","22855","2140","284","10876","280","9275"
"1286","Ignacio Diaz Tejeda","Male","San Andres Cholula","Puebla","MX","M25-29","FIN","6:20:55","0:56:25","0:08:32","3:23:47","0:05:13","1:46:58","689","523","98","1074","1224","827","167","988","713","142","689","523","98","22855","3385","512","12227","313","6418"
"929","Jemma O'Malley","Female","Victoria","British Columbia","CA","F25-29","FIN","6:21:03","0:42:25","0:05:55","3:26:16","0:06:17","2:00:10","690","167","47","2009","771","239","70","808","198","56","690","167","47","22863","2545","355","12376","377","7210"
"1497","Minaelle Green","Female","Vancouver","ON","CA","F25-29","FIN","6:21:06","0:36:29","0:05:47","3:30:36","0:04:45","2:03:29","691","168","48","2008","332","85","29","784","193","54","691","168","48","22866","2189","347","12636","285","7409"
"422","Craig Stuart","Male","Fort McMurray","Alberta","CA","M35-39","FIN","6:21:34","0:47:43","0:05:45","3:23:24","0:07:27","1:57:14","692","524","77","1102","1059","725","91","844","630","81","692","524","77","22894","2863","345","12204","447","7034"
"547","Paul Sanderson","Male","Surrey","BC","CA","M70-74","FIN","6:21:35","0:36:28","0:04:36","3:11:01","0:03:27","2:26:03","693","525","3","2890","328","244","1","471","374","3","693","525","3","22895","2188","276","11461","207","8763"
"1211","Charlie Oliver","Male","Coquitlam","British Columbia","GB","M25-29","FIN","6:21:49","0:39:20","0:05:59","3:21:27","0:05:42","2:09:21","694","526","99","1058","532","381","71","686","533","93","694","526","99","22909","2360","359","12087","342","7761"
"1242","McKenzie Kinzbach","Female","Seattle","WA","US","F30-34","FIN","6:22:18","0:54:10","0:07:02","3:11:39","0:03:43","2:05:43","695","169","40","1884","1204","388","79","783","192","44","695","169","40","22938","3250","422","11499","223","7543"
"991","Bogard Zavaglia","Male","Coquitlam","British Columbia","CA","M40-44","FIN","6:22:26","0:37:51","0:08:08","3:26:57","0:05:22","2:04:09","696","527","56","1654","427","310","32","786","593","68","696","527","56","22946","2271","488","12417","322","7449"
"1186","Kaytee Arnold","Female","Decatur","Georgia","US","F30-34","FIN","6:22:32","0:33:17","0:07:24","3:35:56","0:06:25","1:59:30","697","170","41","1880","175","40","5","836","210","51","697","170","41","22952","1997","444","12956","385","7170"
"198","Emilie Lachance","Female","Orleans","ON","CA","F30-34","FIN","6:22:38","0:41:30","0:05:17","3:23:30","0:04:03","2:08:18","698","171","42","1878","708","214","45","746","183","43","698","171","42","22958","2490","317","12210","243","7698"
"126","Claude Brun","Male","BELLEVUE","WA","US","M50-54","FIN","6:22:55","0:47:37","0:05:16","2:51:21","0:03:33","2:35:08","699","528","24","1942","1051","720","36","357","305","19","699","528","24","22975","2857","316","10281","213","9308"
"444","Katie Goddard","Female","Grand Pré","NS","CA","F18-24","FIN","6:22:58","0:41:10","0:03:36","3:24:48","0:03:47","2:09:37","700","172","21","2060","680","199","33","734","176","17","700","172","21","22978","2470","216","12288","227","7777"
"1501","Thomas McFarland","Male","Vancouver","British Columbia","CA","M30-34","FIN","6:23:06","0:42:07","0:05:46","3:41:17","0:01:50","1:52:07","701","529","97","1257","753","520","97","991","716","127","701","529","97","22986","2527","346","13277","110","6727"
"928","Sean Mulvihill","Male","Arnprior","Ontario","CA","M55-59","FIN","6:23:21","0:39:38","0:08:09","3:40:25","0:06:17","1:48:52","702","530","34","1614","554","396","28","981","708","47","702","530","34","23001","2378","489","13225","377","6532"
"437","Sebastien Marchand","Male","Saskatoon","Saskatchewan","CA","M25-29","FIN","6:23:30","0:45:25","0:05:24","3:25:59","0:04:14","2:02:28","703","531","100","1028","941","643","122","841","627","115","703","531","100","23010","2725","324","12359","254","7348"
"1348","Ivan Rokos","Male","Huntington Beach","US-CA","US","M55-59","FIN","6:23:42","0:36:42","0:06:48","3:19:11","0:06:11","2:14:50","704","532","35","1607","345","260","14","637","500","38","704","532","35","23022","2202","408","11951","371","8090"
"118","Kim Raine","Female","Victoria","CA-BC","CA","F65-69","FIN","6:23:44","0:44:41","0:07:18","3:18:24","0:05:00","2:08:20","705","173","2","3353","911","290","4","749","185","2","705","173","2","23024","2681","438","11904","300","7700"
"1431","Alexander Albizzati","Male","Castelnuovo di Porto","Lazio","IT","M18-24","FIN","6:23:51","0:42:48","0:07:25","3:22:33","0:03:35","2:07:31","706","533","77","1204","792","543","79","782","591","83","706","533","77","23031","2568","445","12153","215","7651"
"884","Steve Toohey","Male","ESCONDIDO","US-CA","US","M45-49","FIN","6:23:54","0:52:51","0:05:38","3:09:50","0:04:36","2:10:59","707","534","47","1581","1186","805","64","714","549","51","707","534","47","23034","3171","338","11390","276","7859"
"1441","Cathal O'Rourke","Male","Vancouver","British Columbia","IE","M25-29","FIN","6:24:07","0:50:53","0:06:28","3:16:15","0:05:57","2:04:34","708","535","101","1017","1148","783","157","792","597","106","708","535","101","23047","3053","388","11775","357","7474"
"813","Kyle Kari","Male","North Vancouver","British Columbia","CA","M35-39","FIN","6:24:08","0:50:19","0:07:19","3:28:30","0:07:08","1:50:52","709","536","78","1056","1134","774","100","962","696","95","709","536","78","23048","3019","439","12510","428","6652"
"618","Jose Battistini parra","Male","Vancouver","British Columbia","VE","M25-29","FIN","6:24:10","0:47:47","0:05:27","3:18:42","0:03:08","2:09:05","710","537","102","1016","1063","727","144","772","584","103","710","537","102","23050","2867","327","11922","188","7745"
"419","Elise Proulx","Female","Beaconsfield","CA-QC","CA","F45-49","FIN","6:24:12","0:42:46","0:04:28","3:28:04","0:03:57","2:04:56","711","174","8","2154","790","249","13","815","203","11","711","174","8","23052","2566","268","12484","237","7496"
"1345","Brian Kask","Male","belcarra","CA-BC","CA","M55-59","FIN","6:24:13","0:37:23","0:05:07","3:14:34","0:03:27","2:23:43","712","538","36","1598","399","292","17","549","436","32","712","538","36","23053","2243","307","11674","207","8623"
"765","Marc Degagne","Male","Portland","OR","US","M50-54","FIN","6:24:16","0:54:14","0:04:59","3:17:13","0:04:37","2:03:13","713","539","25","1918","1206","818","39","831","623","32","713","539","25","23056","3254","299","11833","277","7393"
"1216","Tai Wong","Male","Seattle","Washington","US","M18-24","FIN","6:24:24","0:46:01","0:12:01","3:19:37","0:06:34","2:00:12","714","540","78","1194","974","661","98","852","636","86","714","540","78","23064","2761","721","11977","394","7212"
"1086","Tiernan Tinnelly","Male","Vancouver","British Columbia","IE","M25-29","FIN","6:24:28","1:00:01","0:06:40","3:23:46","0:02:58","1:51:03","715","541","103","1010","1244","842","168","1005","726","146","715","541","103","23068","3601","400","12226","178","6663"
"1438","Dervla Forde","Female","Campbell River","BC","CA","F25-29","FIN","6:24:34","0:35:57","0:03:04","3:25:59","0:04:43","2:14:51","716","175","49","1945","292","72","24","667","149","42","716","175","49","23074","2157","184","12359","283","8091"
"1414","Ryan Lepper","Male","Langley","BC","CA","M30-34","FIN","6:24:35","0:40:11","0:09:16","3:24:31","0:08:09","2:02:28","717","542","98","1230","600","429","77","801","605","108","717","542","98","23075","2411","556","12271","489","7348"
"1097","Alex Kimmel","Female","Edmonton","AB","CA","F45-49","FIN","6:24:35","0:36:54","0:03:48","3:21:40","0:04:50","2:17:24","718","176","9","2147","359","89","3","627","136","9","718","176","9","23075","2214","228","12100","290","8244"
"1038","Monica Tice","Female","Calgary","AB","CA","F40-44","FIN","6:24:37","0:43:40","0:04:16","3:15:42","0:02:25","2:18:34","719","177","14","1791","858","270","22","646","140","12","719","177","14","23077","2620","256","11742","145","8314"
"725","Benjamin Greidanus","Male","Edmonton","CA-AB","CA","M40-44","FIN","6:24:45","0:42:56","0:09:16","3:23:54","0:07:22","2:01:16","720","543","57","1612","805","548","51","824","617","73","720","543","57","23085","2576","556","12234","442","7276"
"156","Torrey Morales","Male","SHORELINE","WA","US","M30-34","FIN","6:24:47","0:32:28","0:03:46","3:35:05","0:03:11","2:10:16","721","544","99","1226","139","111","23","762","576","103","721","544","99","23087","1948","226","12905","191","7816"
"664","Jospeh Montemurro","","Boise","ID","US","M30-34","FIN","6:24:54","0:45:59","0:08:59","3:04:58","0:03:35","2:21:23","722","545","100","1224","972","659","118","593","468","84","722","545","100","23094","2759","539","11098","215","8483"
"1077","Bill Lam","Male","Coquitlam","British Columbia","CA","M30-34","FIN","6:24:54","0:52:26","0:04:41","3:15:05","0:06:13","2:06:29","723","546","101","1224","1180","801","145","774","586","104","723","546","101","23094","3146","281","11705","373","7589"
"1100","Greg Wengreniuk","Male","Edmonton","AB","CA","M55-59","FIN","6:25:13","0:39:04","0:05:53","3:16:45","0:04:54","2:18:36","724","547","37","1580","505","364","23","614","483","35","724","547","37","23113","2344","353","11805","294","8316"
"932","Shannon Briggs","Female","Vancouver","BC","CA","F30-34","FIN","6:25:15","0:46:13","0:04:47","3:22:36","0:04:16","2:07:24","725","178","43","1831","988","318","62","791","195","45","725","178","43","23115","2773","287","12156","256","7644"
"1012","Ignacio Mayer","Male","Vancouver","BC","CL","M25-29","FIN","6:25:24","0:41:35","0:08:45","3:25:51","0:06:54","2:02:19","726","548","104","994","719","500","93","825","618","112","726","548","104","23124","2495","525","12351","414","7339"
"518","Wendy Hammerman","Female","Houston","US-TX","US","F55-59","FIN","6:25:49","0:44:07","0:07:04","3:16:53","0:04:07","2:13:37","727","179","6","2503","884","278","10","711","165","7","727","179","6","23149","2647","424","11813","247","8017"
"1275","Greg Dalforno","Male","Santa Barbara","US-CA","US","M55-59","FIN","6:25:52","0:36:41","0:05:20","3:22:09","0:06:24","2:15:18","728","549","38","1568","344","259","13","650","509","39","728","549","38","23152","2201","320","12129","384","8118"
"292","Nikita Vinnik","Male","Winnipeg","Manitoba","CA","M18-24","FIN","6:25:54","0:39:55","0:04:59","3:17:31","0:04:37","2:18:53","729","550","79","1167","577","410","63","629","493","69","729","550","79","23154","2395","299","11851","277","8333"
"736","Kirk Johnson","Male","Vancouver","BC","CA","M40-44","FIN","6:26:03","0:46:44","0:03:56","3:20:59","0:03:33","2:10:51","730","551","58","1589","1011","687","75","766","578","66","730","551","58","23163","2804","236","12059","213","7851"
"1090","Pete Dempsey","Male","BOULDER","CO","US","M65-69","FIN","6:26:18","0:50:57","0:07:44","3:25:03","0:05:14","1:57:20","731","552","3","2781","1151","785","6","933","677","3","731","552","3","23178","3057","464","12303","314","7040"
"1028","Jordano Cazzola","Male","Calgary","CA-AB","CA","M30-34","FIN","6:26:22","0:31:26","0:03:06","3:24:34","0:03:46","2:23:31","732","553","102","1198","88","71","15","584","462","83","732","553","102","23182","1886","186","12274","226","8611"
"661","Griffyn Bibbings","Male","West Vancouver","British Columbia","CA","M18-24","FIN","6:26:23","0:39:29","0:05:44","3:23:06","0:04:14","2:13:50","733","554","80","1158","547","391","60","713","548","77","733","554","80","23183","2369","344","12186","254","8030"
"461","Chad Moberg","Male","Blackfalds","AB","CA","M40-44","FIN","6:26:25","0:46:43","0:03:57","3:06:40","0:05:09","2:23:55","734","555","59","1582","1010","686","74","555","439","50","734","555","59","23185","2803","237","11200","309","8635"
"448","Cassandra Mullins","Female","Victoria","CA-ON","CA","F25-29","FIN","6:26:33","0:44:43","0:04:25","3:30:53","0:03:18","2:03:14","735","180","50","1910","914","291","80","886","233","63","735","180","50","23193","2683","265","12653","198","7394"
"930","Ami Dykstra","Female","Edmonton","Alberta","CA","F30-34","FIN","6:26:38","0:44:01","0:05:14","3:29:04","0:06:52","2:01:26","736","181","44","1806","878","275","55","864","224","52","736","181","44","23198","2641","314","12544","412","7286"
"766","Geoffrey Dickson","Male","Langley","British Columbia","CA","M25-29","FIN","6:26:41","0:44:57","0:07:56","3:16:11","0:05:50","2:11:47","737","556","105","971","921","627","118","726","555","97","737","556","105","23201","2697","476","11771","350","7907"
"768","Brayden Budd","Male","Surrey","British Columbia","CA","M25-29","FIN","6:26:46","0:43:25","0:09:33","3:34:28","0:06:57","1:52:23","738","557","106","969","838","572","109","972","703","140","738","557","106","23206","2605","573","12868","417","6743"
"146","Jacquelyn Mardesich","Female","GILROY","CA","US","F60-64","FIN","6:26:48","0:39:12","0:08:50","3:24:21","0:04:17","2:10:07","739","182","3","3109","521","146","2","777","190","4","739","182","3","23208","2352","530","12261","257","7807"
"412","Laura Zeke","Female","Vancouver","BC","CA","F30-34","FIN","6:26:52","0:45:34","0:04:44","3:18:59","0:03:04","2:14:31","740","183","45","1802","950","304","59","730","175","41","740","183","45","23212","2734","284","11939","184","8071"
"1272","Tristan Bobin","Male","Vancouver","British Columbia","CA","M30-34","FIN","6:27:05","0:47:00","0:05:51","3:13:26","0:04:46","2:16:02","741","558","103","1185","1026","701","126","680","528","97","741","558","103","23225","2820","351","11606","286","8162"
"990","Jan Gilroy","Female","Calgary","CA-AB","CA","F40-44","FIN","6:27:07","0:41:43","0:03:39","3:26:52","0:04:16","2:10:37","742","184","15","1746","728","224","18","775","189","18","742","184","15","23227","2503","219","12412","256","7837"
"936","Kiarra Blanchard","Female","Grande Prairie","Alberta","CA","F18-24","FIN","6:27:13","0:41:01","0:07:18","3:29:24","0:04:47","2:04:42","743","185","22","1984","669","193","32","855","217","27","743","185","22","23233","2461","438","12564","287","7482"
"1208","Brian Leung","Male","Richmond","British Columbia","CA","M40-44","FIN","6:27:18","0:47:23","0:13:00","3:10:01","0:09:25","2:07:29","744","559","60","1566","1041","713","77","748","564","64","744","559","60","23238","2843","780","11401","565","7649"
"1264","Lucy Wright","Female","Norwich","Norfolk","GB","F25-29","FIN","6:27:18","0:37:11","0:04:32","3:22:16","0:04:46","2:18:32","745","186","51","1896","379","98","34","649","141","41","745","186","51","23238","2231","272","12136","286","8312"
"360","Uriel Reynaga Rizo","Male","Saskatoon","CA-SK","MX","M25-29","FIN","6:27:28","0:43:07","0:07:12","3:19:48","0:05:46","2:11:35","746","560","107","956","815","554","107","743","562","101","746","560","107","23248","2587","432","11988","346","7895"
"922","Robert Shaw","Male","Summerland","BC","CA","M60-64","FIN","6:27:45","0:34:44","0:05:36","3:12:43","0:07:08","2:27:33","747","561","17","2001","245","184","6","483","383","12","747","561","17","23265","2084","336","11563","428","8853"
"1320","Alexander Jewers","Male","Whistler","British Columbia","GB","M25-29","FIN","6:27:46","0:42:09","0:05:29","3:29:46","0:05:18","2:05:04","748","562","108","951","757","523","99","850","634","119","748","562","108","23266","2529","329","12586","318","7504"
"301","Alex Crossman","Female","Vancouver","BC","CA","F35-39","FIN","6:27:54","0:39:02","0:05:18","3:34:55","0:03:36","2:05:04","749","187","24","1789","502","141","16","877","229","28","749","187","24","23274","2342","318","12895","216","7504"
"1006","Carla Valentine","Female","Campbell River","CA-BC","CA","F55-59","FIN","6:28:07","0:39:40","0:04:00","3:20:54","0:03:54","2:19:39","750","188","7","2462","558","160","3","658","145","6","750","188","7","23287","2380","240","12054","234","8379"
"1164","Luke Knechtel","Male","Prince George","BC","CA","M30-34","FIN","6:28:08","0:39:24","0:06:36","3:26:40","0:07:12","2:08:16","751","563","104","1166","539","387","70","778","588","105","751","563","104","23288","2364","396","12400","432","7696"
"606","Doug Giles","Male","North Vancouver","British Columbia","CA","M40-44","FIN","6:28:14","0:43:10","0:04:05","3:14:38","0:02:27","2:23:54","752","564","61","1549","818","556","54","623","489","57","752","564","61","23294","2590","245","11678","147","8634"
"1433","Klaude Dungca","Male","Regina","SK","PH","M25-29","FIN","6:28:23","0:45:14","0:04:46","3:11:19","0:03:54","2:23:09","753","565","109","940","931","634","121","609","480","88","753","565","109","23303","2714","286","11479","234","8589"
"149","Kimi Ueda","Female","San Francisco","CA","US","F50-54","FIN","6:28:25","0:43:45","0:03:36","3:03:15","0:04:13","2:33:36","754","189","11","2236","868","271","13","454","94","7","754","189","11","23305","2625","216","10995","253","9216"
"442","Ben Simpson","Male","Calgary","CA-AB","GB","M30-34","FIN","6:28:26","0:36:13","0:06:22","3:10:42","0:05:47","2:29:23","755","566","105","1161","311","233","40","490","389","70","755","566","105","23306","2173","382","11442","347","8963"
"75","Sonia Rankin","Female","Brantford","CA-ON","CA","F45-49","FIN","6:28:33","0:39:27","0:03:22","3:17:18","0:03:58","2:24:29","756","190","10","2076","543","153","7","597","127","8","756","190","10","23313","2367","202","11838","238","8669"
"270","Camas Anderson","Female","Kalispell","Montana","US","F35-39","FIN","6:28:37","0:45:15","0:04:28","3:28:17","0:03:35","2:07:02","757","191","25","1776","933","298","39","861","222","27","757","191","25","23317","2715","268","12497","215","7622"
"447","Kris Fedun","Male","Edmonton","AB","CA","M50-54","FIN","6:28:58","0:39:48","0:09:18","3:14:12","0:08:15","2:17:24","758","567","26","1833","568","405","21","640","503","26","758","567","26","23338","2388","558","11652","495","8244"
"1019","Tommy Kischer","Male","West Vancouver","British Columbia","CA","M18-24","FIN","6:29:02","0:40:28","0:10:40","3:15:48","0:09:06","2:13:00","759","568","81","1110","627","448","68","691","536","73","759","568","81","23342","2428","640","11748","546","7980"
"409","Julia Mohlenkamp","Female","Tyndall ","Manitoba","CA","F30-34","FIN","6:29:17","0:41:26","0:04:20","3:29:43","0:04:25","2:09:22","760","192","46","1758","701","209","44","818","206","49","760","192","46","23357","2486","260","12583","265","7762"
"481","Tara-Lily Melling","Female","New York","NY","GB","F18-24","FIN","6:29:17","0:57:13","0:05:00","3:15:32","0:03:58","2:07:35","761","193","23","1946","1232","399","49","857","219","28","761","193","23","23357","3433","300","11732","238","7655"
"285","Sophia Dobrowolski","Female","Edmonton","Alberta","CA","F40-44","FIN","6:29:33","0:38:32","0:04:08","3:21:39","0:03:53","2:21:20","762","194","16","1703","475","130","8","653","143","13","762","194","16","23373","2312","248","12099","233","8480"
"1096","Jody Gingrich","Female","Edmonton","AB","CA","F45-49","FIN","6:29:40","0:36:48","0:03:50","3:07:11","0:03:54","2:37:56","763","195","11","2056","351","87","2","419","75","2","763","195","11","23380","2208","230","11231","234","9476"
"1393","Benton Tameling","Male","Seattle","Washington","US","M18-24","FIN","6:29:40","0:43:32","0:06:40","3:14:46","0:04:36","2:20:06","764","569","82","1099","846","578","84","666","518","71","764","569","82","23380","2612","400","11686","276","8406"
"975","Emily Ricketts","Female","Pinole","CA","US","F50-54","FIN","6:29:45","0:42:09","0:03:41","3:14:16","0:03:25","2:26:14","765","196","12","2212","755","234","12","598","128","11","765","196","12","23385","2529","221","11656","205","8774"
"1514","Rachel Wallace","Female","Downpatrick","Co.down","IE","F30-34","FIN","6:30:04","0:44:35","0:05:10","3:28:56","0:04:09","2:07:14","766","197","47","1744","902","288","57","869","226","53","766","197","47","23404","2675","310","12536","249","7634"
"1054","Mollie Pierce","Female","Reno","NV","US","F30-34","FIN","6:30:04","0:40:44","0:05:52","3:20:15","0:05:24","2:17:50","767","198","48","1744","646","182","39","689","155","34","767","198","48","23404","2444","352","12015","324","8270"
"901","Deryn Macey","Female","Vancouver","British Columbia","CA","F40-44","FIN","6:30:15","0:38:37","0:03:41","3:34:46","0:04:05","2:09:05","768","199","17","1690","480","132","9","846","215","19","768","199","17","23415","2317","221","12886","245","7745"
"1161","Kevin Cottle","Male","Mercer Island","WA","PE","M35-39","FIN","6:30:29","0:45:38","0:06:14","3:16:44","0:03:29","2:18:25","769","570","79","941","957","651","84","720","553","74","769","570","79","23429","2738","374","11804","209","8305"
"1351","Richie Nassif","Male","Barrington","Illinois","US","M25-29","FIN","6:30:34","0:51:35","0:05:46","3:09:32","0:06:10","2:17:31","770","571","110","901","1161","792","159","690","535","94","770","571","110","23434","3095","346","11372","370","8251"
"116","Hanna Mrochuk","Female","Calgary","Alberta","CA","F18-24","FIN","6:30:37","0:41:22","0:04:50","3:31:43","0:05:21","2:07:21","771","200","24","1922","693","206","34","859","220","29","771","200","24","23437","2482","290","12703","321","7641"
"1287","Dignan Ius","Male","North Vancouver ","British Columbia ","CA","M25-29","FIN","6:30:47","0:46:09","0:08:11","3:27:23","0:06:04","2:02:59","772","572","111","897","985","670","127","908","664","128","772","572","111","23447","2769","491","12443","364","7379"
"874","David Pickering","Male","Peterborough","Ontario","CA","M25-29","FIN","6:30:47","0:54:19","0:05:50","3:26:49","0:05:50","1:57:59","773","573","112","897","1207","819","166","970","701","139","773","573","112","23447","3259","350","12409","350","7079"
"942","Zofia Herbermann","Female","San Francisco","California","US","F25-29","FIN","6:30:48","0:41:06","0:06:48","3:30:04","0:05:14","2:07:36","774","201","52","1833","676","197","57","860","221","58","774","201","52","23448","2466","408","12604","314","7656"
"519","Will Bonin","Male","Toronto","ON","CA","M25-29","FIN","6:30:50","0:33:24","0:06:38","3:32:38","0:06:54","2:11:16","775","574","113","896","178","136","25","780","589","104","775","574","113","23450","2004","398","12758","414","7876"
"1089","Bryce Bechtold","Male","Scottsdale","AZ","US","M25-29","FIN","6:30:51","0:44:43","0:04:29","3:27:19","0:05:27","2:08:53","776","575","114","896","913","623","116","833","625","113","776","575","114","23451","2683","269","12439","327","7733"
"1243","Bryn Skippen","Female","Vancouver","British Columbia","CA","F25-29","FIN","6:30:52","0:45:28","0:05:27","3:27:38","0:06:17","2:06:02","777","202","53","1832","945","301","82","868","225","60","777","202","53","23452","2728","327","12458","377","7562"
"842","Regan Speyer","Female","Buckley","WA","US","F30-34","FIN","6:30:53","0:43:08","0:05:37","3:26:35","0:04:49","2:10:44","778","203","49","1730","816","262","52","816","204","47","778","203","49","23453","2588","337","12395","289","7844"
"614","Quinton Schulz","Male","St. Albert","Alberta","CA","M30-34","FIN","6:31:02","0:43:04","0:07:24","3:29:31","0:06:58","2:04:05","779","576","106","1114","813","552","101","884","652","117","779","576","106","23462","2584","444","12571","418","7445"
"1531","Josh Pfiester","Male","Boise","ID","US","M55-59","FIN","6:31:21","0:37:33","0:06:26","3:28:24","0:06:26","2:12:32","780","577","39","1470","409","300","19","776","587","42","780","577","39","23481","2253","386","12504","386","7952"
"931","Robert Morgan","Male","Chatswood","NSW","AU","M25-29","FIN","6:31:28","0:42:52","0:05:26","3:25:27","0:04:26","2:13:17","781","578","115","884","799","544","104","794","599","108","781","578","115","23488","2572","326","12327","266","7997"
"311","Krista Human","Female","Gilbert","AZ","US","F50-54","FIN","6:31:33","0:49:22","0:04:44","3:05:57","0:04:15","2:27:15","782","204","13","2179","1111","353","19","595","126","10","782","204","13","23493","2962","284","11157","255","8835"
"189","Matthew Baker","Male","Falls Church","VA","US","M30-34","FIN","6:31:43","0:43:27","0:07:07","3:58:41","0:03:59","1:38:30","783","579","107","1102","842","574","104","1146","799","146","783","579","107","23503","2607","427","14321","239","5910"
"959","Nora Drewno","Female","Seattle","Washington","US","F25-29","FIN","6:31:58","0:43:50","0:08:42","3:28:48","0:08:56","2:01:41","784","205","54","1812","870","273","78","901","242","65","784","205","54","23518","2630","522","12528","536","7301"
"800","Marc Cinq-Mars","Male","Aurora","CA-ON","CA","M18-24","FIN","6:32:13","0:36:33","0:07:55","3:13:33","0:04:49","2:29:22","785","580","83","1053","334","249","38","564","446","61","785","580","83","23533","2193","475","11613","289","8962"
"1245","Brandon Lanthier","Male","Langley","British Columbia","CA","M45-49","FIN","6:32:21","0:40:23","0:08:04","3:30:54","0:04:56","2:08:04","786","581","48","1429","624","445","39","878","649","57","786","581","48","23541","2423","484","12654","296","7684"
"196","Azaly Addam","Male","Port Coquitlam","British Columbia","CA","M25-29","FIN","6:32:22","0:47:02","0:05:06","3:37:31","0:03:49","1:58:55","787","582","116","868","1027","702","136","996","719","144","787","582","116","23542","2822","306","13051","229","7135"
"1430","Sasha Holbrook","Female","Victoria","CA-BC","CA","F18-24","FIN","6:32:30","0:46:05","0:06:29","3:24:09","0:05:02","2:10:46","788","206","25","1889","982","315","44","837","211","23","788","206","25","23550","2765","389","12249","302","7846"
"1157","Imogen Fortescue","Female","Vancouver","British Columbia","GB","F18-24","FIN","6:32:48","0:41:33","0:08:32","3:19:41","0:04:41","2:18:21","789","207","26","1883","713","216","35","738","179","19","789","207","26","23568","2493","512","11981","281","8301"
"692","David Ramos Montana","Male","Torreón","MX-COA","MX","M25-29","FIN","6:32:50","0:39:52","0:05:32","3:13:35","0:03:04","2:30:46","790","583","117","860","573","407","76","581","459","84","790","583","117","23570","2392","332","11615","184","9046"
"1399","Ryley Mehta","Male","Toronto","ON","CA","M25-29","FIN","6:33:01","0:45:36","0:08:41","3:28:43","0:05:42","2:04:20","791","584","118","857","955","649","123","924","674","133","791","584","118","23581","2736","521","12523","342","7460"
"672","Pedro Zamora","Male","SAMMAMISH","WA","US","M25-29","FIN","6:33:03","0:44:21","0:05:16","3:07:20","0:05:48","2:30:17","792","585","119","856","889","609","115","547","434","77","792","585","119","23583","2661","316","11240","348","9017"
"886","Kyrie Dobson","Female","Seattle","Washington","US","F25-29","FIN","6:33:12","0:31:54","0:07:54","3:31:48","0:06:16","2:15:20","793","208","55","1790","116","23","10","764","188","52","793","208","55","23592","1914","474","12708","376","8120"
"534","Iain Edmonds","Male","North Vancouver","CA-BC","CA","M55-59","FIN","6:33:26","0:42:54","0:03:28","3:00:41","0:06:33","2:39:50","794","586","40","1432","802","546","42","404","334","26","794","586","40","23606","2574","208","10841","393","9590"
"845","Andrew Lai","Male","Flushing","NY","US","M25-29","FIN","6:33:37","0:48:45","0:07:01","3:26:13","0:05:51","2:05:47","795","587","120","846","1089","744","147","910","666","130","795","587","120","23617","2925","421","12373","351","7547"
"636","Alex Murphy","Male","Victoria","British Columbia","GB","M18-24","FIN","6:33:40","0:40:09","0:05:20","3:32:51","0:05:24","2:09:56","796","588","84","1027","596","426","66","865","641","87","796","588","84","23620","2409","320","12771","324","7796"
"759","Kyle Bishop","Male","Vancouver","BC","CA","M25-29","FIN","6:33:46","0:44:03","0:04:39","3:17:46","0:03:19","2:24:00","797","589","121","843","882","605","114","682","530","92","797","589","121","23626","2643","279","11866","199","8640"
"498","Bryan Mewes","Male","Long Beach","CALIFORNIA","US","M40-44","FIN","6:34:02","0:47:43","0:05:04","3:08:26","0:08:32","2:24:18","798","590","62","1445","1057","724","79","607","478","56","798","590","62","23642","2863","304","11306","512","8658"
"735","Mary O'Reilly","Female","Toronto","Ontario","CA","F18-24","FIN","6:34:04","0:33:19","0:04:00","3:50:45","0:03:16","2:02:46","799","209","27","1860","176","41","10","980","273","37","799","209","27","23644","1999","240","13845","196","7366"
"1521","Sarah Leyva","Female","Vancouver","BC","CA","F25-29","FIN","6:34:05","0:41:34","0:07:22","3:20:16","0:06:47","2:18:06","800","210","56","1774","716","218","61","729","174","48","800","210","56","23645","2494","442","12016","407","8286"
"1030","Frederic Howell","Male","Burnaby","British Columbia","US","M55-59","FIN","6:34:16","0:41:28","0:09:49","3:24:44","0:07:00","2:11:15","801","591","41","1417","705","493","37","823","616","44","801","591","41","23656","2488","589","12284","420","7875"
"132","Sebastien Prevost","Male","Gatineau","CA-QC","CA","M50-54","FIN","6:34:22","0:41:32","0:07:07","3:20:43","0:06:07","2:18:53","802","592","27","1736","710","496","27","731","556","29","802","592","27","23662","2492","427","12043","367","8333"
"426","Abi Sawicki","Female","Red Deer","Alberta","CA","F25-29","FIN","6:34:26","0:35:58","0:08:04","3:25:02","0:06:03","2:19:18","803","211","57","1768","294","73","25","727","172","47","803","211","57","23666","2158","484","12302","363","8358"
"876","Michal Ziemnicki","","Nepean","ON","CA","M25-29","FIN","6:34:27","0:50:25","0:04:52","3:37:39","0:03:49","1:57:41","804","593","122","831","1136","775","154","1029","741","149","804","593","122","23667","3025","292","13059","229","7061"
"610","Brendan Ritchie","Male","Saskatoon","Saskatchewan","CA","M25-29","FIN","6:34:38","0:42:18","0:06:12","3:35:55","0:04:25","2:05:48","805","594","123","827","765","530","101","941","682","136","805","594","123","23678","2538","372","12955","265","7548"
"1418","Jose Fabula","Male","Richmond","British Columbia","CA","M25-29","FIN","6:34:54","0:46:57","0:07:56","3:37:15","0:06:56","1:55:49","806","595","124","823","1023","698","134","1021","736","148","806","595","124","23694","2817","476","13035","416","6949"
"526","Eugene Marais","Male","Fort McMurray","AB","CA","M35-39","FIN","6:34:59","0:39:13","0:11:51","3:40:19","0:07:45","1:55:52","807","596","80","860","523","376","50","1012","730","99","807","596","80","23699","2353","711","13219","465","6952"
"640","Gage Collins","Male","St. Albert ","Alberta","CA","M30-34","FIN","6:35:08","0:44:45","0:04:33","3:14:12","0:04:50","2:26:50","808","597","108","1040","916","625","114","643","505","94","808","597","108","23708","2685","273","11652","290","8810"
"1110","Ellie Chessen","Female","Washington","DC","US","F35-39","FIN","6:35:15","0:52:10","0:05:31","3:27:10","0:05:04","2:05:20","809","212","26","1657","1174","376","50","948","263","32","809","212","26","23715","3130","331","12430","304","7520"
"1223","Francois Comeau","Male","Vancouver","BC","CA","M40-44","FIN","6:35:18","0:45:30","0:06:47","3:18:45","0:03:59","2:20:17","810","598","63","1422","948","646","69","759","573","65","810","598","63","23718","2730","407","11925","239","8417"
"1109","Will Baxley","Male","Washington","DC","US","M30-34","FIN","6:35:20","0:57:37","0:05:36","3:29:26","0:04:42","1:58:00","811","599","109","1037","1235","836","151","1027","739","128","811","599","109","23720","3457","336","12566","282","7080"
"1066","Jessica Thibodeau","Female","Sooke","British Columbia","CA","F35-39","FIN","6:35:21","0:45:10","0:07:46","3:41:37","0:04:53","1:55:55","812","213","27","1655","928","297","38","1044","296","36","812","213","27","23721","2710","466","13297","293","6955"
"1463","Vikramjit Panesar","Male","Nanaimo","British Columbia","CA","M35-39","FIN","6:35:29","0:51:48","0:06:22","3:24:04","0:05:12","2:08:03","813","600","81","851","1166","795","103","915","669","90","813","600","81","23729","3108","382","12244","312","7683"
"675","Ellen McGee","Female","Seattle","Washington","CA","F25-29","FIN","6:35:48","0:37:56","0:04:47","3:19:05","0:05:31","2:28:29","814","214","58","1743","432","120","41","620","134","40","814","214","58","23748","2276","287","11945","331","8909"
"1432","Kyndell Highland","Female","Seattle","WA","US","F35-39","FIN","6:35:48","0:43:17","0:05:05","3:19:03","0:05:37","2:22:46","815","215","28","1647","826","263","30","699","160","18","815","215","28","23748","2597","305","11943","337","8566"
"589","Bernhard Winkelmann","Male","La Jolla","CA","US","M60-64","FIN","6:35:53","0:46:06","0:04:09","3:17:06","0:03:58","2:24:34","816","601","18","1854","983","668","23","696","538","20","816","601","18","23753","2766","249","11826","238","8674"
"325","Isaac Hus","Male","Calgary","AB","CA","M18-24","FIN","6:36:05","0:38:22","0:09:05","3:15:46","0:04:56","2:27:57","817","602","85","983","464","338","49","639","502","70","817","602","85","23765","2302","545","11746","296","8877"
"194","Ryan Greir","Male","Strathmore","AB","CA","M40-44","FIN","6:36:16","0:43:19","0:04:11","3:24:16","0:04:32","2:19:58","818","603","64","1405","830","566","56","769","581","67","818","603","64","23776","2599","251","12256","272","8398"
"569","Connor Norton","","San Francisco","CA","US","M25-29","FIN","6:36:24","0:30:20","0:06:37","3:33:00","0:06:18","2:20:09","819","604","125","796","59","48","7","741","561","100","819","604","125","23784","1820","397","12780","378","8409"
"222","Daniel Mcnamee","Male","Kamloops","BC","CA","M35-39","FIN","6:36:30","0:54:50","0:07:39","3:20:43","0:04:26","2:08:51","820","605","82","833","1211","822","108","930","676","93","820","605","82","23790","3290","459","12043","266","7731"
"41","Yury Andrianov","Male","North Vancouver","CA-BC","CA","M40-44","FIN","6:36:37","0:49:26","0:07:27","3:19:33","0:07:59","2:12:12","821","606","65","1398","1113","759","83","832","624","74","821","606","65","23797","2966","447","11973","479","7932"
"300","Karine Chaîné","Female","Neuville","QC","CA","F40-44","FIN","6:36:42","0:42:49","0:06:32","3:15:00","0:05:35","2:26:46","822","216","18","1574","796","253","19","654","144","14","822","216","18","23802","2569","392","11700","335","8806"
"1032","Dominik Vlasak","Male","Seattle","Washington","US","M25-29","FIN","6:36:50","0:36:14","0:04:01","3:34:00","0:03:21","2:19:15","823","607","126","788","312","234","41","802","606","109","823","607","126","23810","2174","241","12840","201","8355"
"953","Joanette Louw","Female","High River","Alberta","CA","F25-29","FIN","6:37:04","0:39:29","0:05:55","3:37:45","0:07:36","2:06:19","824","217","59","1720","548","157","46","927","252","67","824","217","59","23824","2369","355","13065","456","7579"
"1369","Marc-André Chartrand","Male","Whitehorse","Yukon","CA","M30-34","FIN","6:37:14","0:46:35","0:05:20","3:09:42","0:06:05","2:29:31","825","608","110","1002","1005","681","123","613","482","87","825","608","110","23834","2795","320","11382","365","8971"
"866","Braymon lonoway","Male","Spruce Grove","Alberta","CA","M25-29","FIN","6:37:21","0:43:33","0:07:40","3:18:44","0:04:28","2:22:56","826","609","127","779","848","580","110","739","560","99","826","609","127","23841","2613","460","11924","268","8576"
"623","Caitlin Williams","Female","Vancouver","British Columbia","CA","F40-44","FIN","6:37:23","0:44:48","0:07:26","3:31:22","0:05:16","2:08:31","827","218","19","1562","919","293","25","932","256","21","827","218","19","23843","2688","446","12682","316","7711"
"586","Andrea Edwards","Female","Millstone","US-NJ","US","F40-44","FIN","6:37:28","0:44:25","0:03:48","3:36:08","0:02:33","2:10:33","828","219","20","1560","891","282","24","938","257","22","828","219","20","23848","2665","228","12968","153","7833"
"702","Louise Tachet","Female","Saint-Tropez","Provence-Alpes-Côte d'Azur","FR","F25-29","FIN","6:37:29","0:39:50","0:04:09","3:32:33","0:03:47","2:17:09","829","220","60","1713","570","165","49","834","209","57","829","220","60","23849","2390","249","12753","227","8229"
"1153","Amelia Hartshorn","Female","Seattle","Washington","US","F18-24","FIN","6:37:39","0:58:54","0:04:13","3:21:57","0:02:19","2:10:17","830","221","28","1796","1239","401","51","951","264","36","830","221","28","23859","3534","253","12117","139","7817"
"514","D’Aundre Horton","Male","Portland","Oregon","US","M25-29","FIN","6:37:46","0:44:47","0:04:21","3:28:20","0:04:02","2:16:17","831","610","128","771","918","626","117","851","635","120","831","610","128","23866","2687","261","12500","242","8177"
"277","Ronnie Reyes","Male","San Lorenzo","CA","PH","M25-29","FIN","6:37:49","0:46:46","0:05:17","3:36:43","0:04:11","2:04:52","832","611","129","770","1015","691","131","989","714","143","832","611","129","23869","2806","317","13003","251","7492"
"255","Jeff Paradis","Male","New Westminster","CA-BC","CA","M45-49","FIN","6:38:01","0:46:22","0:06:47","3:46:50","0:05:48","1:52:13","833","612","49","1327","994","674","54","1078","763","62","833","612","49","23881","2782","407","13610","348","6733"
"1325","Jess Connolly","Female","vancouver","BC","CA","F30-34","FIN","6:38:12","0:51:14","0:07:40","3:15:53","0:05:45","2:17:40","834","222","50","1598","1154","367","73","810","199","46","834","222","50","23892","3074","460","11753","345","8260"
"1203","Rebecca Sparkes","Female","Courtenay","BRITISH COLUMBIA","CA","F40-44","FIN","6:38:12","0:48:24","0:04:46","3:15:46","0:03:35","2:25:41","835","223","21","1547","1079","342","29","724","170","17","835","223","21","23892","2904","286","11746","215","8741"
"1415","Brady Murakami","Male","Lethbridge","Alberta","CA","M30-34","FIN","6:38:15","0:56:11","0:06:50","3:24:34","0:05:11","2:05:29","836","613","111","984","1222","826","149","975","705","125","836","613","111","23895","3371","410","12274","311","7529"
"1201","Daniel Tsemekhman","Male","Seattle","Washington","US","M18-24","FIN","6:38:22","0:51:11","0:10:06","3:24:12","0:04:46","2:08:07","837","614","86","942","1153","787","113","957","691","92","837","614","86","23902","3071","606","12252","286","7687"
"1280","Ezra Lee","Male","Victoria","BC","CA","M18-24","FIN","6:38:22","0:49:46","0:05:50","3:31:03","0:03:49","2:07:54","838","615","87","942","1122","766","110","967","698","95","838","615","87","23902","2986","350","12663","229","7674"
"488","Tyler Snowden","Male","VancouveR","British Columbia","CA","M30-34","FIN","6:38:30","0:43:38","0:04:19","3:32:04","0:03:13","2:15:16","839","616","112","980","856","587","106","885","653","118","839","616","112","23910","2618","259","12724","193","8116"
"721","Tara Vermeulen","Female","Canmore","Alberta","NL","F18-24","FIN","6:38:37","0:39:27","0:08:55","3:27:15","0:04:02","2:18:58","840","224","29","1778","544","154","26","820","207","22","840","224","29","23917","2367","535","12435","242","8338"
"1498","Eliza Housman","Female","Calgary","Alberta","CA","F18-24","FIN","6:38:39","0:27:51","0:06:11","3:35:58","0:04:41","2:23:58","841","225","30","1778","18","4","1","742","181","20","841","225","30","23919","1671","371","12958","281","8638"
"1453","Sarah Forster","Female","Black Creek","British Columbia","CA","F35-39","FIN","6:38:41","0:45:27","0:05:45","3:48:13","0:03:49","1:55:28","842","226","29","1595","944","300","40","1072","311","37","842","226","29","23921","2727","345","13693","229","6928"
"769","Sandra Sukstorf","Female","Coquitlam","CA-BC","CA","F60-64","FIN","6:38:54","0:41:56","0:03:43","3:24:40","0:03:12","2:25:23","843","227","4","2891","743","229","7","747","184","3","843","227","4","23934","2516","223","12280","192","8723"
"1358","Matthew Perdomo","Male","Shoreline ","Washington","US","M30-34","FIN","6:39:03","0:50:40","0:05:29","3:42:04","0:03:15","1:57:36","844","617","113","970","1143","778","141","1063","757","133","844","617","113","23943","3040","329","13324","195","7056"
"382","Nicole Van Zanten","Female","North Vancouver","BC","CA","F35-39","FIN","6:39:10","0:42:02","0:09:13","3:33:27","0:06:19","2:08:08","845","228","30","1586","747","232","26","945","261","30","845","228","30","23950","2522","553","12807","379","7688"
"1406","Braden Smith","Male","Albuquerque","New Mexico","US","M30-34","FIN","6:39:10","0:49:52","0:06:30","3:21:23","0:05:18","2:16:07","846","618","114","968","1125","767","137","858","639","113","846","618","114","23950","2992","390","12083","318","8167"
"898","Maria Starko","Female","Delta","BC","CA","F25-29","FIN","6:39:17","0:41:27","0:05:19","3:38:34","0:05:23","2:08:34","847","229","61","1680","703","211","59","954","266","70","847","229","61","23957","2487","319","13114","323","7714"
"405","Jesse Cheng","Male","Plainsboro","NJ","US","M18-24","FIN","6:39:17","0:43:58","0:06:55","3:20:51","0:02:38","2:24:55","848","619","88","926","877","603","85","768","580","81","848","619","88","23957","2638","415","12051","158","8695"
"978","Evan Mapes","Male","Seattle","Washington","US","M25-29","FIN","6:39:28","0:50:47","0:04:27","3:46:51","0:03:47","1:53:36","849","620","130","740","1146","781","156","1093","772","153","849","620","130","23968","3047","267","13611","227","6816"
"33","Brad Gerrard","Male","Midway","UTAH","US","M60-64","FIN","6:39:37","0:36:53","0:04:12","3:13:24","0:04:39","2:40:30","850","621","19","1787","356","269","8","505","400","14","850","621","19","23977","2213","252","11604","279","9630"
"1168","Shenna Grady","Female","Philadelphia","PA","US","F25-29","FIN","6:39:40","0:38:56","0:04:56","3:29:18","0:05:03","2:21:27","851","230","62","1673","495","138","44","787","194","55","851","230","62","23980","2336","296","12558","303","8487"
"754","Thomas Fyfe","Male","North Vancouver ","British Columbia","CA","M25-29","FIN","6:39:47","0:45:40","0:05:40","3:13:06","0:03:32","2:31:50","852","622","131","735","959","652","124","656","512","90","852","622","131","23987","2740","340","11586","212","9110"
"94","Annarose Pandey","Female","PORTLAND","US-OR","US","F50-54","FIN","6:39:50","0:47:54","0:07:09","3:13:38","0:06:27","2:24:42","853","231","14","2030","1065","337","16","721","168","14","853","231","14","23990","2874","429","11618","387","8682"
"880","Zac Zeman","Male","Lynnwood","Washington","US","M25-29","FIN","6:39:56","0:50:44","0:05:01","3:31:03","0:04:40","2:08:29","854","623","132","732","1144","779","155","969","700","138","854","623","132","23996","3044","301","12663","280","7709"
"1255","Walter Prentice","Male","Vancouver","BC","CA","M30-34","FIN","6:40:18","0:50:17","0:08:38","3:20:59","0:05:44","2:14:40","855","624","115","947","1133","773","140","882","651","116","855","624","115","24018","3017","518","12059","344","8080"
"315","CINDY SO","Female","vancouver","BC","CA","F40-44","FIN","6:40:21","0:43:20","0:04:55","3:40:03","0:02:10","2:09:52","856","232","22","1508","832","266","21","983","274","26","856","232","22","24021","2600","295","13203","130","7792"
"1238","Will Shaw","Male","Seattle","Washington","US","M25-29","FIN","6:40:26","0:35:17","0:09:30","3:28:06","0:06:09","2:21:24","857","625","133","723","262","198","35","785","592","105","857","625","133","24026","2117","570","12486","369","8484"
"1334","Samantha Overland","Female","Penticton","British Columbia","CA","F18-24","FIN","6:40:33","0:40:20","0:06:51","3:34:05","0:05:27","2:13:50","858","233","31","1744","617","175","30","900","241","32","858","233","31","24033","2420","411","12845","327","8030"
"695","Madeleine Lizzul","Female","Portland","Oregon","US","F25-29","FIN","6:40:41","0:40:15","0:12:53","3:34:32","0:07:51","2:05:10","859","234","63","1655","606","173","51","977","272","73","859","234","63","24041","2415","773","12872","471","7510"
"494","Jeremy Laforest-Picard","Male","Quinte West","ON","CA","M25-29","FIN","6:40:54","0:40:20","0:09:28","3:27:01","0:04:36","2:19:28","860","626","134","715","618","443","82","842","628","116","860","626","134","24054","2420","568","12421","276","8368"
"333","Hannah Yearwood","Female","Thornton","Colorado","US","F35-39","FIN","6:41:13","0:49:24","0:09:05","3:45:33","0:05:31","1:51:39","861","235","31","1549","1112","354","46","1107","328","40","861","235","31","24073","2964","545","13533","331","6699"
"1254","Greg Winn","Male","Port Orchard","WA","US","M40-44","FIN","6:41:16","0:44:02","0:07:47","3:10:45","0:08:39","2:30:03","862","627","66","1315","880","604","62","632","496","58","862","627","66","24076","2642","467","11445","519","9003"
"907","Matthew Mockett","Male","Vancouver","British Columbia","CA","M18-24","FIN","6:41:17","0:45:24","0:16:31","3:31:12","0:06:42","2:01:28","863","628","89","890","940","642","96","1031","742","100","863","628","89","24077","2724","991","12672","402","7288"
"463","Samuel Boivin","Male","Lévis","QC","CA","M30-34","FIN","6:41:30","0:39:39","0:10:10","3:21:21","0:08:12","2:22:09","864","629","116","926","555","397","72","760","574","102","864","629","116","24090","2379","610","12081","492","8529"
"1456","Rachel Ladd","Female","Seattle","Washington","US","F30-34","FIN","6:41:42","0:38:06","0:06:00","3:32:10","0:05:03","2:20:24","865","236","51","1535","445","122","29","827","208","50","865","236","51","24102","2286","360","12730","303","8424"
"372","Aaron Hawkes","Male","Mill Bay","BC","CA","M35-39","FIN","6:42:04","0:55:59","0:03:52","3:19:18","0:03:25","2:19:30","866","630","83","733","1221","825","110","876","648","85","866","630","83","24124","3359","232","11958","205","8370"
"320","Jason Lee","Male","Chino","CA","US","M40-44","FIN","6:42:08","0:43:41","0:04:51","3:30:58","0:03:59","2:18:40","867","631","67","1299","860","590","58","879","650","75","867","631","67","24128","2621","291","12658","239","8320"
"1384","Ming Zhao Du","Male","Sherbrooke","QC","CA","M25-29","FIN","6:42:08","0:40:52","0:03:57","3:30:12","0:05:13","2:21:54","868","632","135","700","659","471","89","813","612","111","868","632","135","24128","2452","237","12612","313","8514"
"184","Jonathan Mcstay","Male","Parksville","CA-BC","GB","M35-39","FIN","6:42:11","0:44:42","0:06:11","3:32:12","0:02:41","2:16:24","869","633","84","731","912","622","80","925","675","92","869","633","84","24131","2682","371","12732","161","8184"
"462","Steve Kanovsky","Male","NEW HOPE","US-PA","US","M60-64","FIN","6:42:23","0:39:31","0:06:45","3:27:41","0:04:53","2:23:34","870","634","20","1737","549","392","12","798","602","23","870","634","20","24143","2371","405","12461","293","8614"
"687","Bryn McDougald","Male","Edmonton","AB","CA","M18-24","FIN","6:42:24","0:44:07","0:08:06","3:24:04","0:05:57","2:20:10","871","635","90","870","883","606","86","829","621","85","871","635","90","24144","2647","486","12244","357","8410"
"460","Alfred Rossi","Male","MANCHESTER","US-MA","US","M60-64","FIN","6:42:33","0:43:15","0:04:54","3:23:28","0:03:25","2:27:30","872","636","21","1734","822","560","17","765","577","22","872","636","21","24153","2595","294","12208","205","8850"
"215","Greg Rinsma","Male","Langford","BC","CA","M45-49","FIN","6:42:42","0:41:40","0:04:51","3:17:21","0:03:17","2:35:33","873","637","50","1242","725","504","44","648","508","46","873","637","50","24162","2500","291","11841","197","9333"
"342","Andrea Hill","Female","Penticton","Bc","CA","F45-49","FIN","6:42:43","0:42:35","0:06:54","3:45:42","0:03:06","2:04:26","874","237","12","1821","779","243","11","1046","298","17","874","237","12","24163","2555","414","13542","186","7466"
"881","Mohamed Simo Jawhari","Male","vancouver","BC","CA","M25-29","FIN","6:42:44","0:43:37","0:08:34","3:56:26","0:03:33","1:50:33","875","638","136","700","853","584","112","1140","795","161","875","638","136","24164","2617","514","14186","213","6633"
"680","Logan Heimann","Male","Calgary","CA-AB","CA","M25-29","FIN","6:43:07","0:36:23","0:04:26","3:15:25","0:03:20","2:43:33","876","639","137","700","319","240","42","531","419","72","876","639","137","24187","2183","266","11725","200","9813"
"199","Jakob Wiebe","Male","Seattle","Washington","US","M18-24","FIN","6:43:33","0:46:01","0:05:22","3:10:59","0:07:14","2:33:56","877","640","91","849","975","662","99","628","492","68","877","640","91","24213","2761","322","11459","434","9236"
"868","Riley Glesby","Male","North saanich","British Columbia","CA","M18-24","FIN","6:43:42","0:40:16","0:05:24","3:14:13","0:08:14","2:35:36","878","641","92","846","608","435","67","591","467","63","878","641","92","24222","2416","324","11653","494","9336"
"682","Jorge Othman Riano","Male","TORONTO","ON","CO","M35-39","FIN","6:43:47","0:43:16","0:07:23","3:16:09","0:03:36","2:33:23","879","642","85","702","824","562","74","688","534","71","879","642","85","24227","2596","443","11769","216","9203"
"434","Nicola Marais","Female","Prince George","British Columbia","ZA","F18-24","FIN","6:43:56","0:39:34","0:04:57","3:37:33","0:05:50","2:16:02","880","238","32","1683","552","158","27","913","246","35","880","238","32","24236","2374","297","13053","350","8162"
"495","Audrey Theo Babbitt","Female","Salt Lake City","UT","US","F18-24","FIN","6:44:04","0:37:33","0:03:34","3:35:37","0:02:48","2:24:32","881","239","33","1680","410","110","20","838","212","24","881","239","33","24244","2253","214","12937","168","8672"
"1214","Jeremy Pyke","Male","Seattle","WA","US","M40-44","FIN","6:44:16","0:26:52","0:04:36","3:27:24","0:06:23","2:39:01","882","643","68","1261","9","8","1","579","457","53","882","643","68","24256","1612","276","12444","383","9541"
"1173","Laura Zinnel","Female","München","DE-BY","DE","F30-34","FIN","6:44:27","0:44:27","0:04:38","3:43:09","0:05:54","2:06:19","883","240","52","1485","894","283","56","1023","287","60","883","240","52","24267","2667","278","13389","354","7579"
"992","Michael Monks","Male","Victoria","BC","CA","M35-39","FIN","6:44:30","0:47:55","0:10:07","3:28:22","0:10:08","2:07:57","884","644","86","700","1066","729","93","964","697","96","884","644","86","24270","2875","607","12502","608","7677"
"980","Alexander Zelenski","Male","Vancouver","BC","CA","M25-29","FIN","6:44:39","0:38:42","0:06:00","3:39:58","0:04:13","2:15:45","885","645","138","700","485","352","61","944","684","137","885","645","138","24279","2322","360","13198","253","8145"
"859","Christopher Swan","Male","KAMLOOPS","BC","CA","M35-39","FIN","6:44:40","1:01:16","0:05:46","3:31:00","0:04:04","2:02:35","886","646","87","700","1253","849","114","1061","755","104","886","646","87","24280","3676","346","12660","244","7355"
"427","Hughe Rose","Male","Burnaby","BC","CA","M45-49","FIN","6:44:47","0:34:15","0:03:46","3:26:20","0:04:22","2:36:05","887","647","51","1205","221","170","20","655","511","47","887","647","51","24287","2055","226","12380","262","9365"
"816","Joshua Lim","Male","Vancouver","British Columbia","CA","M25-29","FIN","6:44:52","0:40:53","0:05:25","3:30:33","0:05:45","2:22:15","888","648","139","700","660","472","90","843","629","117","888","648","139","24292","2453","325","12633","345","8535"
"1083","Tomasz Bak","Male","San Diego","CA","PL","M45-49","FIN","6:44:58","0:47:32","0:08:25","3:21:02","0:06:10","2:21:50","889","649","52","1202","1047","717","55","845","631","55","889","649","52","24298","2852","505","12062","370","8510"
"822","Eren Davis","","Spokane Valley","WA","US","F18-24","FIN","6:45:11","0:44:24","0:10:32","3:46:45","0:04:13","1:59:16","890","241","34","1660","890","281","40","1091","321","42","890","241","34","24311","2664","632","13605","253","7156"
"1224","Joshua Rice","Male","Lantzville","BC","CA","M40-44","FIN","6:45:11","0:45:18","0:10:48","3:33:41","0:06:23","2:09:01","891","650","69","1244","937","639","67","998","720","82","891","650","69","24311","2718","648","12821","383","7741"
"229","Gareth Scott","Male","Standish","GB-England","GB","M40-44","FIN","6:45:17","0:43:02","0:07:11","3:14:18","0:03:06","2:37:40","892","651","70","1242","810","550","52","657","513","60","892","651","70","24317","2582","431","11658","186","9460"
"387","Dean Garza","Male","San Benito","US-TX","US","M55-59","FIN","6:45:18","0:40:59","0:06:45","3:13:14","0:05:19","2:39:01","893","652","42","1219","664","474","34","605","476","34","893","652","42","24318","2459","405","11594","319","9541"
"1043","Madison Black","Female","Wheat Ridge","Colorado","US","F25-29","FIN","6:45:20","0:31:56","0:08:44","3:31:59","0:07:09","2:25:31","894","242","64","1571","118","24","11","779","191","53","894","242","64","24320","1916","524","12719","429","8731"
"472","Alexandre Fernandes","Male","North Vancouver","BC","BR","M50-54","FIN","6:45:23","0:47:42","0:08:25","3:35:59","0:06:32","2:06:45","895","653","28","1538","1056","723","37","1019","734","34","895","653","28","24323","2862","505","12959","392","7605"
"205","Ceyhun Cetinkaya","Male","Vancouver","CA-BC","CA","M40-44","FIN","6:45:25","1:09:36","0:04:51","3:13:26","0:05:11","2:12:21","896","654","71","1240","1273","864","91","979","707","80","896","654","71","24325","4176","291","11606","311","7941"
"771","Fiona Whittington","Female","San Francisco","California","US","F25-29","FIN","6:45:27","0:47:21","0:04:50","3:26:52","0:02:59","2:23:25","897","243","65","1569","1040","328","89","875","228","61","897","243","65","24327","2841","290","12412","179","8605"
"114","Harrison Davis","Male","Bend","OR","US","M35-39","FIN","6:45:30","0:46:41","0:06:30","3:44:25","0:09:11","1:58:44","898","655","88","700","1008","684","88","1060","754","103","898","655","88","24330","2801","390","13465","551","7124"
"1329","Scott Piekarski","Male","Batavia","IL","US","M30-34","FIN","6:45:42","0:41:19","0:06:46","3:25:52","0:06:56","2:24:50","899","656","117","850","691","486","92","799","603","107","899","656","117","24342","2479","406","12352","416","8690"
"228","Christine Mellick","Female","RANCHO CORDOVA","CALIFORNIA","US","F55-59","FIN","6:45:45","0:46:33","0:09:50","3:26:34","0:07:17","2:15:32","900","244","8","2144","1003","323","12","923","250","9","900","244","8","24345","2793","590","12394","437","8132"
"1423","Eric Darden","Male","Vancouver","British Columbia","CA","M40-44","FIN","6:45:49","0:34:11","0:11:04","3:21:45","0:11:33","2:27:16","901","657","72","1233","213","162","17","692","537","62","901","657","72","24349","2051","664","12105","693","8836"
"1053","Jacob Chambers","Male","Burlington","Ontario","CA","M18-24","FIN","6:45:51","0:41:00","0:07:10","3:32:58","0:10:08","2:14:35","902","658","93","808","667","475","71","897","659","89","902","658","93","24351","2460","430","12778","608","8075"
"297","Jose Manuel Gutierrez","Male","Estado de Mexico","MX-MEX","MX","M25-29","FIN","6:45:54","0:39:56","0:05:08","3:37:41","0:06:49","2:16:19","903","659","140","700","580","412","77","921","673","132","903","659","140","24354","2396","308","13061","409","8179"
"1506","Russell Myers","Male","Renton","Washington","US","M18-24","FIN","6:45:58","0:33:30","0:07:07","4:00:29","0:03:31","2:01:21","904","660","94","806","181","139","19","1088","769","105","904","660","94","24358","2010","427","14429","211","7281"
"450","Ryan Duffy","Male","Portland","Oregon","US","M25-29","FIN","6:46:01","0:41:40","0:04:48","3:42:10","0:05:08","2:12:16","905","661","141","700","722","502","94","987","712","141","905","661","141","24361","2500","288","13330","308","7936"
"1378","George T. TAYLOR","Male","Saratoga Springs","US-UT","US","M40-44","FIN","6:46:04","0:45:41","0:10:46","3:37:41","0:09:09","2:02:47","906","662","73","1228","960","653","71","1039","747","83","906","662","73","24364","2741","646","13061","549","7367"
"1317","Trever kudryk","Male","Courtenay","British Columbia","CA","M40-44","FIN","6:46:06","0:45:44","0:08:13","3:31:08","0:05:11","2:15:50","907","663","74","1228","962","654","72","953","688","78","907","663","74","24366","2744","493","12668","311","8150"
"970","Keegan Fowler","Male","Santa Ana","CA","US","M25-29","FIN","6:46:09","0:37:25","0:11:38","3:41:13","0:06:26","2:09:27","908","664","142","700","402","294","50","1004","725","145","908","664","142","24369","2245","698","13273","386","7767"
"1056","Marion Young","Female","Salt Spring Island","BC","CA","F65-69","FIN","6:46:35","0:45:25","0:05:25","3:34:13","0:06:56","2:14:34","909","245","3","2942","943","299","5","952","265","4","909","245","3","24395","2725","325","12853","416","8074"
"1379","Hunter Shaw","Male","Montreal","QC","CA","M35-39","FIN","6:46:36","0:49:16","0:08:36","3:20:08","0:05:07","2:23:29","910","665","89","700","1108","757","98","862","640","82","910","665","89","24396","2956","516","12008","307","8609"
"793","Jean luc Cinq-Mars","Male","Aurora","Ontario","CA","M25-29","FIN","6:46:40","0:40:50","0:06:24","3:33:43","0:03:31","2:22:12","911","666","143","700","655","469","88","896","658","124","911","666","143","24400","2450","384","12823","211","8532"
"394","Morissa Lloyd","Female","Cochrane","AB","CA","F18-24","FIN","6:46:43","0:39:55","0:05:09","3:36:07","0:03:20","2:22:11","912","246","35","1633","578","168","29","898","239","31","912","246","35","24403","2395","309","12967","200","8531"
"1466","Kai Goodlet","Male","Calgary","Alberta","CA","M18-24","FIN","6:47:15","0:42:09","0:07:03","3:30:52","0:03:53","2:23:18","913","667","95","782","756","522","76","887","654","88","913","667","95","24435","2529","423","12652","233","8598"
"538","Tyler Hadikin","Male","castlegar","British Columbia","CA","M35-39","FIN","6:47:22","0:42:02","0:04:59","3:23:33","0:05:58","2:30:51","914","668","90","700","746","515","70","751","566","76","914","668","90","24442","2522","299","12213","358","9051"
"1371","Arnav Bangera","Male","Vancouver","BC","IN","M25-29","FIN","6:47:35","0:32:30","0:06:25","3:42:34","0:05:23","2:20:41","915","669","144","700","141","113","18","903","660","125","915","669","144","24455","1950","385","13354","323","8441"
"1300","Carleigh Newton","Female","Nelson","British Columbia","CA","F30-34","FIN","6:47:46","0:37:20","0:07:29","3:30:33","0:07:05","2:25:19","916","247","53","1426","396","105","25","817","205","48","916","247","53","24466","2240","449","12633","425","8719"
"1340","Timofey Generalov","Male","Burnaby","British Columbia","CA","M18-24","FIN","6:48:00","0:50:37","0:06:04","3:37:26","0:06:04","2:07:48","917","670","96","769","1141","776","111","1040","748","101","917","670","96","24480","3037","364","13046","364","7668"
"882","Henry Ho","Male","SAN DIEGO","CA","US","M40-44","FIN","6:48:13","0:46:49","0:06:06","3:13:22","0:04:58","2:36:58","918","671","75","1190","1018","694","76","681","529","61","918","671","75","24493","2809","366","11602","298","9418"
"529","Henrique Dantas","Male","Bothell","Washington","US","M35-39","FIN","6:48:15","0:41:36","0:05:50","3:31:17","0:05:13","2:24:19","919","672","91","700","721","501","66","870","644","84","919","672","91","24495","2496","350","12677","313","8659"
"958","Emmett Lariviere","Male","Vancouver","BRITISH COLUMBIA","CA","M35-39","FIN","6:48:19","0:36:28","0:06:12","3:29:18","0:06:29","2:29:52","920","673","92","700","329","245","39","773","585","78","920","673","92","24499","2188","372","12558","389","8992"
"1500","Logan Toblan","Male","Calgary","Alberta","CA","M18-24","FIN","6:48:28","0:38:09","0:07:04","3:39:36","0:05:18","2:18:20","921","674","97","761","448","325","47","947","685","90","921","674","97","24508","2289","424","13176","318","8300"
"889","Scott Stoilen","Male","Delta","British Columbia","CA","M55-59","FIN","6:48:30","0:42:32","0:03:26","3:30:16","0:07:32","2:24:44","922","675","43","1161","776","536","40","826","619","45","922","675","43","24510","2552","206","12616","452","8684"
"1428","Jennelle Smeltzer","Female","Ripley","ON","CA","F25-29","FIN","6:48:42","0:45:41","0:03:29","3:21:46","0:05:43","2:32:03","923","248","66","1511","961","308","84","758","186","50","923","248","66","24522","2741","209","12106","343","9123"
"1078","Ashkan Sourk","Male","Coquitlam","British Columbia","CA","M30-34","FIN","6:48:44","0:38:15","0:05:49","3:33:35","0:06:09","2:24:56","924","676","118","795","457","333","62","853","637","112","924","676","118","24524","2295","349","12815","369","8696"
"1261","Aiur Badmatcyrenov","Male","Vancouver","British Columbia","","M35-39","FIN","6:48:47","0:51:20","0:06:08","3:34:30","0:04:50","2:12:00","925","677","93","700","1158","790","102","1017","733","100","925","677","93","24527","3080","368","12870","290","7920"
"638","Alexa Bates","Female","st. albert ","ALBERTA","CA","F35-39","FIN","6:49:03","0:38:14","0:02:57","3:36:33","0:02:38","2:28:41","926","249","32","1408","454","124","12","856","218","26","926","249","32","24543","2294","177","12993","158","8921"
"879","Jordan Van Horne","Male","Foothills County","AB","CA","M45-49","FIN","6:49:04","0:41:45","0:06:04","3:22:57","0:05:41","2:32:37","927","678","53","1128","729","505","45","755","570","53","927","678","53","24544","2505","364","12177","341","9157"
"1085","Gwendoline Hovey","","Vancouver","BC","CA","F30-34","FIN","6:49:08","0:52:32","0:10:38","3:41:33","0:09:11","1:55:15","928","250","54","1401","1181","380","76","1112","332","67","928","250","54","24548","3152","638","13293","551","6915"
"400","Kris Jacek","Male","Edmonton","AB","CA","M45-49","FIN","6:49:09","0:43:38","0:05:09","3:14:45","0:05:57","2:39:40","929","679","54","1126","855","586","50","645","506","45","929","679","54","24549","2618","309","11685","357","9580"
"316","Madeline Williams","Female","North Vancouver","BC","CA","F18-24","FIN","6:49:12","0:42:22","0:04:02","3:35:01","0:04:39","2:23:08","930","251","36","1588","767","237","38","902","243","33","930","251","36","24552","2542","242","12901","279","8588"
"1193","Cole Johnson","Male","White Rock","British Columbia","CA","M25-29","FIN","6:49:23","0:51:11","0:10:50","3:47:02","0:04:57","1:55:23","931","680","145","700","1152","786","158","1143","796","162","931","680","145","24563","3071","650","13622","297","6923"
"219","Christopher Lemon","Male","Leduc","CA-AB","CA","M30-34","FIN","6:49:41","0:53:31","0:05:46","3:25:45","0:08:43","2:15:57","932","681","119","778","1199","813","147","950","687","122","932","681","119","24581","3211","346","12345","523","8157"
"843","Steve Renaker","Male","Palo Alto","CALIFORNIA","UM","M55-59","FIN","6:49:42","0:47:36","0:09:56","3:34:49","0:07:45","2:09:37","933","682","44","1139","1049","718","47","1024","737","51","933","682","44","24582","2856","596","12889","465","7777"
"957","Martin Damianoff","Male","PETAWAWA","ON","CA","M30-34","FIN","6:49:52","0:38:16","0:07:59","3:32:30","0:04:02","2:27:06","934","683","120","775","458","334","63","871","645","115","934","683","120","24592","2296","479","12750","242","8826"
"239","Dan Neath","Male","Cochrane","AB","CA","M45-49","FIN","6:49:55","0:40:42","0:04:49","3:20:41","0:04:16","2:39:27","935","684","55","1112","639","459","41","678","526","50","935","684","55","24595","2442","289","12041","256","9567"
"971","Hannah Kotarski","Female","Bend","Oregon","US","F30-34","FIN","6:50:03","0:42:58","0:04:34","3:33:14","0:05:29","2:23:48","936","252","55","1385","808","259","51","893","236","55","936","252","55","24603","2578","274","12794","329","8628"
"550","Darren Masse","Male","Prince George","BC","CA","M55-59","FIN","6:50:03","0:40:47","0:04:39","3:20:39","0:04:22","2:39:36","937","685","45","1133","650","467","33","677","525","40","937","685","45","24603","2447","279","12039","262","9576"
"797","Aila Carpenter","Female","Vancouver","British Columbia","CA","F18-24","FIN","6:50:35","0:39:55","0:04:40","3:43:53","0:05:08","2:16:58","938","253","37","1563","576","167","28","985","275","38","938","253","37","24635","2395","280","13433","308","8218"
"738","Jonhatan Robles Alvarez","Male","West Kelowna","British Columbia","MX","M40-44","FIN","6:50:51","1:08:04","0:07:15","3:34:49","0:04:53","1:55:50","939","686","76","1142","1271","863","90","1153","802","85","939","686","76","24651","4084","435","12889","293","6950"
"1174","Pepe Zepeda","Male","Burnabu","Bc","MX","M25-29","FIN","6:50:52","0:53:18","0:06:26","3:38:54","0:07:54","2:04:21","940","687","146","700","1194","812","163","1066","759","151","940","687","146","24652","3198","386","13134","474","7461"
"386","Matthew Arnill","Male","Calgary","Alberta","CA","M45-49","FIN","6:50:59","0:48:10","0:06:24","3:39:11","0:07:31","2:09:43","941","688","56","1093","1072","733","57","1037","745","61","941","688","56","24659","2890","384","13151","451","7783"
"197","Johnathan Dimalanta","Male","Port Alberni","British Columbia","CA","M25-29","FIN","6:51:17","0:48:07","0:04:21","3:31:51","0:04:18","2:22:40","942","689","147","700","1071","732","146","937","681","135","942","689","147","24677","2887","261","12711","258","8560"
"532","Stephanie Kellogg","Female","Enumclaw","Washington","US","F35-39","FIN","6:51:29","0:40:57","0:03:39","3:30:12","0:05:07","2:31:34","943","254","33","1364","662","189","24","812","201","24","943","254","33","24689","2457","219","12612","307","9094"
"241","John Bastian","Male","Parker","CO","US","M50-54","FIN","6:51:29","0:38:20","0:05:57","3:23:59","0:04:32","2:38:42","944","690","29","1428","463","337","19","712","547","27","944","690","29","24689","2300","357","12239","272","9522"
"267","Cal Weiss","Female","Davis","California","US","F25-29","FIN","6:51:41","0:37:10","0:03:27","3:50:03","0:03:57","2:17:03","945","255","67","1457","377","96","33","1006","280","74","945","255","67","24701","2230","207","13803","237","8223"
"829","Sophia Douglas","Female","San Francisco","California","US","F25-29","FIN","6:51:45","0:41:16","0:05:10","3:34:28","0:04:17","2:26:34","946","256","68","1456","686","202","58","895","238","64","946","256","68","24705","2476","310","12868","257","8794"
"1443","Silas Mckim","Male","sequim","Washington","US","M30-34","FIN","6:52:30","0:41:50","0:11:19","3:28:30","0:06:56","2:23:55","947","691","121","728","739","512","95","905","662","119","947","691","121","24750","2510","679","12510","416","8635"
"893","Tanya Smith","Female","Gibsons","British Columbia","CA","F40-44","FIN","6:52:40","0:46:10","0:05:21","3:44:53","0:04:30","2:11:46","948","257","23","1286","986","316","27","1050","302","29","948","257","23","24760","2770","321","13493","270","7906"
"38","John Probst","Male","Midway","US-UT","US","M60-64","FIN","6:52:46","0:43:24","0:11:35","3:01:00","0:05:21","2:51:27","949","692","22","1550","837","571","19","524","415","16","949","692","22","24766","2604","695","10860","321","10287"
"1061","Leeza Junkin","Female","St. Albert","CA-AB","CA","F35-39","FIN","6:52:56","0:40:23","0:06:03","3:46:56","0:05:12","2:14:22","950","258","34","1338","621","178","21","1033","291","35","950","258","34","24776","2423","363","13616","312","8062"
"459","Ayn Wilcox","Female","Winnipeg","MB","CA","F55-59","FIN","6:52:58","0:41:42","0:06:04","3:31:49","0:04:37","2:28:46","951","259","9","2015","727","223","8","880","230","8","951","259","9","24778","2502","364","12709","277","8926"
"254","Irina Boguslavski","Female","Lake Forest Park","WA","US","F45-49","FIN","6:53:11","0:44:16","0:06:52","3:45:32","0:05:03","2:11:29","952","260","13","1633","887","280","16","1053","304","18","952","260","13","24791","2656","412","13532","303","7889"
"120","Robert Ellis","Male","Victoria","CA-BC","CA","M70-74","FIN","6:53:16","0:46:42","0:09:09","3:18:06","0:07:23","2:31:56","953","693","4","2319","1009","685","6","800","604","4","953","693","4","24796","2802","549","11886","443","9116"
"474","Kelsey Swanson","Female","Reno","Nevada","US","F30-34","FIN","6:53:19","0:45:02","0:06:14","3:29:12","0:04:55","2:27:57","954","261","56","1326","925","296","58","889","234","54","954","261","56","24799","2702","374","12552","295","8877"
"352","Walker Hauptman","Male","98110-3191","Washington","US","M30-34","FIN","6:53:22","0:41:32","0:05:57","3:17:46","0:04:27","2:43:40","955","694","122","712","709","495","94","669","520","96","955","694","122","24802","2492","357","11866","267","9820"
"1344","Henry Enns-Glavina","Male","Winnipeg","Manitoba","CA","M18-24","FIN","6:53:24","0:46:39","0:06:45","3:32:16","0:11:09","2:16:35","956","695","98","700","1007","683","103","958","692","93","956","695","98","24804","2799","405","12736","669","8195"
"897","Bram Willems","Male","Vancouver","British Columbia","NL","M30-34","FIN","6:53:35","0:43:54","0:05:33","3:53:33","0:03:57","2:06:38","957","696","123","708","873","599","110","1099","774","139","957","696","123","24815","2634","333","14013","237","7598"
"195","Sydney Dolling","Female","Port Alberni","British Columbia","CA","F25-29","FIN","6:53:47","0:45:47","0:08:26","3:41:26","0:06:52","2:11:15","958","262","69","1419","966","310","85","1048","300","76","958","262","69","24827","2747","506","13286","412","7875"
"1408","Jon-Paul Lavender","Male","Vancouver","British Columbia","AU","M35-39","FIN","6:53:49","0:36:51","0:06:33","3:42:31","0:06:35","2:21:19","959","697","94","700","354","267","40","959","693","94","959","697","94","24829","2211","393","13351","395","8479"
"246","Jackie Woodhouse","Female","Blackfalds","CA-AB","CA","F40-44","FIN","6:53:49","0:45:55","0:03:27","3:36:51","0:03:55","2:23:41","960","263","24","1266","969","312","26","963","267","24","960","263","24","24829","2755","207","13011","235","8621"
"570","Helen A. Harmer","Female","Winnipeg","CA-MB","CA","F40-44","FIN","6:53:51","0:46:17","0:04:31","3:54:01","0:03:29","2:05:33","961","264","25","1265","993","320","28","1113","333","32","961","264","25","24831","2777","271","14041","209","7533"
"625","Kelly Proudfoot","Female","Whitehorse","Yukon","CA","F50-54","FIN","6:54:02","0:48:01","0:06:53","3:43:47","0:06:10","2:09:11","962","265","15","1775","1068","338","17","1067","308","17","962","265","15","24842","2881","413","13427","370","7751"
"1209","Alberto Mello","Male","Maple Ridge","British Columbia","CA","M40-44","FIN","6:54:02","0:48:19","0:07:32","3:17:29","0:05:46","2:34:55","963","698","77","1085","1075","735","81","789","595","69","963","698","77","24842","2899","452","11849","346","9295"
"923","Madeleine Tremblay","Female","Kirkland","WA","US","F18-24","FIN","6:54:06","0:34:01","0:04:05","4:04:26","0:04:40","2:06:54","964","266","38","1500","204","49","13","1097","324","43","964","266","38","24846","2041","245","14666","280","7614"
"652","Colleen Balestreri","Female","Tacoma","WA","US","F45-49","FIN","6:54:07","0:42:49","0:07:55","3:30:03","0:03:57","2:29:22","965","267","14","1616","795","252","14","894","237","12","965","267","14","24847","2569","475","12603","237","8962"
"1024","Aimee Bosch","Female","San Francisco","CA","US","F45-49","FIN","6:54:07","0:39:15","0:05:15","3:30:43","0:03:48","2:35:06","966","268","15","1616","527","149","6","814","202","10","966","268","15","24847","2355","315","12643","228","9306"
"216","Steven Breault","Male","Lasalle","ON","CA","M50-54","FIN","6:54:15","0:43:57","0:05:52","3:18:45","0:04:35","2:41:07","967","699","30","1378","876","602","33","718","552","28","967","699","30","24855","2637","352","11925","275","9667"
"1204","Kayla Ngo","Female","Bellevue","WASHINGTON","US","F18-24","FIN","6:54:19","0:46:05","0:08:37","3:44:53","0:04:30","2:10:15","968","269","39","1496","981","314","43","1074","313","41","968","269","39","24859","2765","517","13493","270","7815"
"119","Eva DeJong","Female","Portland","Oregon","US","F35-39","FIN","6:54:41","0:41:55","0:11:22","3:54:39","0:09:42","1:57:04","969","270","35","1307","741","228","25","1135","345","45","969","270","35","24881","2515","682","14079","582","7024"
"288","Alec Herr","Male","Superior","CO","US","M35-39","FIN","6:55:08","0:35:15","0:06:23","3:36:42","0:03:23","2:33:25","970","700","95","700","259","196","33","866","642","83","970","700","95","24908","2115","383","13002","203","9205"
"1123","Roland Del Mundo","Male","Chino Hills","CA","US","M30-34","FIN","6:55:27","0:46:14","0:05:16","3:24:53","0:05:02","2:34:01","971","701","124","700","990","671","121","830","622","111","971","701","124","24927","2774","316","12293","302","9241"
"347","Tanner LAROQUE","Male","Livelong","CA-SK","CA","M30-34","FIN","6:55:27","1:00:56","0:04:14","3:28:33","0:03:56","2:17:49","972","702","125","700","1252","848","153","1036","744","129","972","702","125","24927","3656","254","12513","236","8269"
"1117","Scott Pearson","Male","Calgary","AB","CA","M30-34","FIN","6:55:41","0:53:13","0:10:34","3:36:54","0:06:43","2:08:17","973","703","126","700","1190","808","146","1083","765","134","973","703","126","24941","3193","634","13014","403","7697"
"542","Michel Levesque","Male","Ottawa","ON","CA","M50-54","FIN","6:56:08","0:43:17","0:04:41","3:23:22","0:04:46","2:40:03","974","704","31","1344","825","563","29","761","575","31","974","704","31","24968","2597","281","12202","286","9603"
"367","Christian Isakson","Male","PORTLAND","OR","US","M50-54","FIN","6:56:24","0:41:22","0:13:03","3:53:35","0:13:53","1:54:30","975","705","32","1340","694","488","26","1136","791","38","975","705","32","24984","2482","783","14015","833","6870"
"368","Tyler Staton","Male","Portland","Oregon","US","M35-39","FIN","6:56:25","0:41:23","0:13:05","3:53:37","0:13:50","1:54:30","976","706","96","700","698","491","63","1139","794","106","976","706","96","24985","2483","785","14017","830","6870"
"1057","Jessica Robins","Female","Vancouver","QLD","AU","F30-34","FIN","6:56:32","0:37:38","0:05:08","3:38:30","0:10:09","2:25:08","977","271","57","1268","412","111","27","899","240","56","977","271","57","24992","2258","308","13110","609","8708"
"1080","Sarah Rudolph","Female","Port Townsend","WA","US","F35-39","FIN","6:56:51","0:36:24","0:04:09","3:44:10","0:03:10","2:28:58","978","272","36","1268","323","82","8","946","262","31","978","272","36","25011","2184","249","13450","190","8938"
"243","Leland Smith","Male","SPOKANE","WA","US","M45-49","FIN","6:56:54","0:50:11","0:05:44","3:33:42","0:05:53","2:21:25","979","707","57","987","1131","771","61","995","718","59","979","707","57","25014","3011","344","12822","353","8485"
"709","jacky tran","Male","Burnaby","British Columbia","CA","M35-39","FIN","6:57:29","0:59:28","0:06:19","3:16:21","0:05:24","2:29:57","980","708","97","700","1241","840","113","914","668","89","980","708","97","25049","3568","379","11781","324","8997"
"621","Angela Cullen Spooner","Female","Port Coquitlam","BC","CA","F70-74","FIN","6:57:29","0:44:46","0:08:16","3:28:41","0:05:39","2:30:07","981","273","1","3500","917","292","1","907","244","1","981","273","1","25049","2686","496","12521","339","9007"
"1191","Cole Dewees","Male","Seattle","WA","US","M25-29","FIN","6:57:58","0:38:44","0:07:04","3:36:00","0:06:07","2:30:02","982","709","148","700","487","353","62","909","665","129","982","709","148","25078","2324","424","12960","367","9002"
"443","Enda Moloney","Male","Calgary","AB","CA","M35-39","FIN","6:58:00","0:37:41","0:05:24","3:37:16","0:04:36","2:33:02","983","710","98","700","418","303","44","888","655","86","983","710","98","25080","2261","324","13036","276","9182"
"1424","Simeon Dimitrov","Male","Brentford","England","GB","M30-34","FIN","6:58:11","0:57:36","0:08:14","3:31:27","0:06:52","2:14:02","984","711","127","700","1234","835","150","1058","752","131","984","711","127","25091","3456","494","12687","412","8042"
"622","Brooke Kendal","Female","Victoria","British Columbia","CA","F18-24","FIN","6:58:49","0:42:10","0:05:45","3:28:50","0:05:05","2:37:00","985","274","40","1415","758","235","37","839","213","25","985","274","40","25129","2530","345","12530","305","9420"
"508","Marcell Iseli","Male","New Westminster","British Columbia","CA","M50-54","FIN","6:58:59","0:47:15","0:05:54","3:05:26","0:04:44","2:55:40","986","712","33","1293","1037","710","35","575","454","23","986","712","33","25139","2835","354","11126","284","10540"
"89","Jesse Reitberger","Male","Winnipeg","CA-MB","CA","M35-39","FIN","6:59:03","0:43:30","0:04:17","3:56:02","0:02:42","2:12:31","987","713","99","700","845","577","75","1103","777","105","987","713","99","25143","2610","257","14162","162","7951"
"1074","Fraser Thomson","Male","North Vancouver","BC","CA","M25-29","FIN","6:59:08","0:53:14","0:05:58","3:24:56","0:09:33","2:25:28","988","714","149","700","1191","809","162","934","678","134","988","714","149","25148","3194","358","12296","573","8728"
"1389","Raymond Messier","Male","North Vancouver","British Columbia","CA","M30-34","FIN","6:59:13","0:40:48","0:03:47","3:39:43","0:05:42","2:29:14","989","715","128","700","651","468","87","936","680","121","989","715","128","25153","2448","227","13183","342","8954"
"1473","Taylor Sterling","Male","Victoria","BC","CA","M30-34","FIN","6:59:14","0:52:25","0:06:09","3:42:10","0:03:19","2:15:10","990","716","129","700","1178","800","144","1084","766","135","990","716","129","25154","3145","369","13330","199","8110"
"853","Brandon Comfort","Male","Arvada","COLORADO","US","M35-39","FIN","6:59:19","0:46:24","0:07:33","3:38:10","0:04:47","2:22:25","991","717","100","700","997","676","87","1020","735","101","991","717","100","25159","2784","453","13090","287","8545"
"378","Lois Williams","Female","Toronto","ON","CA","F60-64","FIN","6:59:37","0:40:33","0:06:21","3:35:34","0:05:48","2:31:20","992","275","5","2519","634","180","4","919","248","6","992","275","5","25177","2433","381","12934","348","9080"
"726","Cody Peters","Male","Nelson","British Columbia","CA","M30-34","FIN","6:59:44","0:49:35","0:05:09","3:41:51","0:05:16","2:17:54","993","718","130","700","1115","761","136","1052","749","130","993","718","130","25184","2975","309","13311","316","8274"
"1087","Sean O’Connor","Male","Vancouver","British Columbia","IE","M25-29","FIN","6:59:57","0:46:45","0:07:32","3:48:49","0:04:28","2:12:23","994","719","150","700","1012","688","130","1100","775","155","994","719","150","25197","2805","452","13729","268","7943"
"1337","Chad Gartland","Male","Everett","Washington","CA","M40-44","FIN","7:00:01","0:45:35","0:10:20","3:18:52","0:09:02","2:36:12","995","720","78","977","954","648","70","809","611","71","995","720","78","25201","2735","620","11932","542","9372"
"298","Ana Ximena Cortes Gomez","Female","Ciudad de Mexico","MX-CMX","MX","F25-29","FIN","7:00:02","0:39:50","0:05:16","3:37:59","0:06:36","2:30:21","996","276","70","1307","571","166","50","926","251","66","996","276","70","25202","2390","316","13079","396","9021"
"549","John McDougall","Male","Shiprock","New Mexico","US","M55-59","FIN","7:00:21","0:57:05","0:06:20","3:23:19","0:03:44","2:29:53","997","721","46","948","1230","832","51","968","699","46","997","721","46","25221","3425","380","12199","224","8993"
"295","Ryan Kirwan","Male","Wenatchee","WA","CA","M45-49","FIN","7:00:36","0:51:42","0:04:17","3:21:13","0:02:38","2:40:46","998","722","58","920","1162","793","63","848","632","56","998","722","58","25236","3102","257","12073","158","9646"
"218","Eva Breault","Female","LaSalle","ON","CA","F45-49","FIN","7:00:46","0:52:32","0:05:10","3:41:48","0:06:22","2:14:54","999","277","16","1496","1182","381","23","1073","312","19","999","277","16","25246","3152","310","13308","382","8094"
"524","Kathleen Go","Female","Salt Lake City","Utah","US","F30-34","FIN","7:01:11","0:45:34","0:04:34","3:40:45","0:07:59","2:22:19","1000","278","58","1184","953","306","60","1008","281","58","1000","278","58","25271","2734","274","13245","479","8539"
"1141","Bridget Chia","Female","Elizabeth Bay","AU-NSW","CA","F25-29","FIN","7:01:11","0:53:19","0:06:52","3:46:24","0:04:35","2:10:01","1001","279","71","1286","1195","383","101","1127","340","86","1001","279","71","25271","3199","412","13584","275","7801"
"458","Georgia Goldsworthy","Female","Toronto","Ontario","GB","F18-24","FIN","7:01:14","0:53:31","0:11:30","3:50:44","0:04:36","2:00:53","1002","280","41","1371","1200","387","48","1188","364","46","1002","280","41","25274","3211","690","13844","276","7253"
"976","Lauren Bywater","Female","CORONA","CA","US","F25-29","FIN","7:01:24","0:33:03","0:05:02","3:54:00","0:03:56","2:25:24","1003","281","72","1282","163","37","14","1018","285","75","1003","281","72","25284","1983","302","14040","236","8724"
"411","Gary Phan","Male","Garden Grove","CA","US","M25-29","FIN","7:01:56","1:04:03","0:06:54","3:31:12","0:03:01","2:16:46","1004","723","151","700","1265","858","172","1094","773","154","1004","723","151","25316","3843","414","12672","181","8206"
"208","Erin Hardies","Female","Salt Lake City","UT","US","F60-64","FIN","7:02:07","0:45:44","0:06:15","3:32:25","0:09:49","2:27:55","1005","282","6","2474","965","309","10","939","258","7","1005","282","6","25327","2744","375","12745","589","8875"
"972","Matthew Katz","Male","Bend","Oregon","US","M25-29","FIN","7:02:12","0:46:07","0:08:57","3:57:02","0:06:07","2:03:59","1006","724","152","700","984","669","126","1162","807","165","1006","724","152","25332","2767","537","14222","367","7439"
"1237","Jean-Simon Castonguay","Male","montreal","quebec","CA","M30-34","FIN","7:02:17","0:43:42","0:06:19","3:35:25","0:05:29","2:31:21","1007","725","131","700","864","594","108","956","690","123","1007","725","131","25337","2622","379","12925","329","9081"
"1232","Cierra Catarino","Female","Montréal","QC","CA","F30-34","FIN","7:02:21","0:47:07","0:06:03","3:53:31","0:05:26","2:10:13","1008","283","59","1163","1028","326","64","1129","342","69","1008","283","59","25341","2827","363","14011","326","7813"
"663","Kumar Amresh","Male","milton","ON","CA","M40-44","FIN","7:02:33","0:57:54","0:06:46","3:39:12","0:03:58","2:14:43","1009","726","79","932","1237","838","87","1105","778","84","1009","726","79","25353","3474","406","13152","238","8083"
"1256","John Benner","Male","Vancouver","BC","CA","M30-34","FIN","7:02:58","0:43:39","0:13:13","3:31:41","0:04:25","2:30:00","1010","727","132","700","857","588","107","986","711","126","1010","727","132","25378","2619","793","12701","265","9000"
"385","Juan J.C. Ramirez","Male","Harlingen","US-TX","US","M45-49","FIN","7:03:05","0:48:02","0:03:44","3:18:57","0:05:08","2:47:15","1011","728","59","875","1070","731","56","753","568","52","1011","728","59","25385","2882","224","11937","308","10035"
"276","Jeremy Durbin","Male","CHARLOTTE","NC","US","M40-44","FIN","7:03:15","0:41:34","0:02:55","3:31:07","0:03:16","2:44:23","1012","729","80","919","718","499","47","819","613","72","1012","729","80","25395","2494","175","12667","196","9863"
"1503","Geoff Whiting","Male","Nanaimo","CA-BC","CA","M55-59","FIN","7:03:29","0:44:36","0:07:36","3:37:04","0:07:24","2:26:49","1013","730","47","891","905","617","44","992","717","48","1013","730","47","25409","2676","456","13024","444","8809"
"1114","Erin Stickney","Female","Coquitlam","BC","CA","F45-49","FIN","7:03:41","1:00:10","0:07:33","3:25:24","0:06:23","2:24:11","1014","284","17","1444","1248","404","24","1030","289","15","1014","284","17","25421","3610","453","12324","383","8651"
"221","Thierry Mercier","Male","Gatineau","QC","CA","M45-49","FIN","7:03:48","0:51:21","0:09:47","3:00:36","0:08:16","2:53:48","1015","731","60","863","1159","791","62","616","484","44","1015","731","60","25428","3081","587","10836","496","10428"
"131","Sheelah Cochran","Female","Marietta","GA","CA","F60-64","FIN","7:03:50","0:41:41","0:05:13","3:32:02","0:08:14","2:36:39","1016","285","7","2443","726","222","6","872","227","5","1016","285","7","25430","2501","313","12722","494","9399"
"574","Joshua Ballance","Male","Puyallup","Washington","US","M30-34","FIN","7:03:52","0:48:28","0:06:46","3:32:02","0:05:05","2:31:32","1017","732","133","700","1081","738","131","971","702","124","1017","732","133","25432","2908","406","12722","305","9092"
"1470","Alonso Valverde","Male","Vancouver","British Columbia","PE","M18-24","FIN","7:03:56","0:46:17","0:09:45","3:50:45","0:05:37","2:11:33","1018","733","99","700","992","673","101","1130","788","107","1018","733","99","25436","2777","585","13845","337","7893"
"925","Estelle Fortes","Female","Shoreline","WA","US","F30-34","FIN","7:04:25","0:47:46","0:05:08","3:50:34","0:04:53","2:16:03","1019","286","60","1126","1061","336","68","1101","326","66","1019","286","60","25465","2866","308","13834","293","8163"
"1259","Shireen Mistry","Female","West Vancouver","BC","CA","F35-39","FIN","7:04:38","0:38:38","0:05:03","3:45:59","0:03:10","2:31:47","1020","287","37","1128","481","133","13","997","278","34","1020","287","37","25478","2318","303","13559","190","9107"
"899","Jessica Hubbs","Female","Victoria","British Columbia","CA","F25-29","FIN","7:04:49","0:41:28","0:05:12","3:40:56","0:05:50","2:31:23","1021","288","73","1221","706","213","60","976","271","72","1021","288","73","25489","2488","312","13256","350","9083"
"130","Corby Bittner","Male","Houston","US-TX","US","M55-59","FIN","7:04:49","0:37:57","0:05:37","3:10:01","0:08:45","3:02:30","1022","734","48","867","433","313","20","495","392","29","1022","734","48","25489","2277","337","11401","525","10950"
"833","Song Kim","Female","San Francisco","California","US","F35-39","FIN","7:05:02","0:49:15","0:09:47","3:41:16","0:09:00","2:15:43","1023","289","38","1121","1106","351","44","1079","316","39","1023","289","38","25502","2955","587","13276","540","8143"
"1362","Scott Scileppi","Male","Woodinville","WA","US","M30-34","FIN","7:05:18","0:37:54","0:04:55","3:39:11","0:04:02","2:39:16","1024","735","134","700","429","312","60","912","667","120","1024","735","134","25518","2274","295","13151","242","9556"
"1349","Tyler Piteo-Tarpy","Male","Lake Tapps","Washington","US","M25-29","FIN","7:05:22","0:47:31","0:08:28","3:41:20","0:05:49","2:22:14","1025","736","153","700","1046","716","142","1059","753","150","1025","736","153","25522","2851","508","13280","349","8534"
"998","Chloe McMillan","Female","Squamish","British Columbia","CA","F25-29","FIN","7:05:28","1:01:37","0:06:04","3:37:09","0:03:09","2:17:29","1026","290","74","1209","1256","405","105","1114","334","85","1026","290","74","25528","3697","364","13029","189","8249"
"348","Kory Kowalyk","Male","Victoria","British Columbia","CA","M35-39","FIN","7:05:34","0:51:54","0:06:53","3:28:41","0:06:17","2:31:48","1027","737","101","700","1167","796","104","973","704","97","1027","737","101","25534","3114","413","12521","377","9108"
"471","Andreia Martins","Female","Toronto","Ontario","CA","F25-29","FIN","7:05:41","0:46:11","0:12:48","3:45:28","0:14:01","2:07:12","1028","291","75","1205","987","317","87","1110","330","84","1028","291","75","25541","2771","768","13528","841","7632"
"620","Gordon Spooner","Male","Port Coquitlam","BC","CA","M65-69","FIN","7:05:43","0:44:59","0:09:00","3:37:21","0:09:11","2:25:12","1029","738","4","2071","922","628","2","1011","729","4","1029","738","4","25543","2699","540","13041","551","8712"
"892","Katie Mitchell","Female","Gibsons","BC","CA","F40-44","FIN","7:05:57","0:51:31","0:04:19","3:40:55","0:04:41","2:24:31","1030","292","26","1047","1160","369","32","1055","305","30","1030","292","26","25557","3091","259","13255","281","8671"
"560","McKenzie Field","Male","Victoria","British Columbia","CA","M25-29","FIN","7:06:26","0:47:12","0:10:41","3:21:06","0:13:07","2:34:20","1031","739","154","700","1034","707","139","873","646","122","1031","739","154","25586","2832","641","12066","787","9260"
"1098","Olivia Henderson","Female","Vernon","British Columbia ","CA","F18-24","FIN","7:06:32","0:38:31","0:04:06","3:51:04","0:02:41","2:30:10","1032","293","42","1276","474","129","24","1035","292","40","1032","293","42","25592","2311","246","13864","161","9010"
"987","Christopher Warren","Male","Seattle","Washington","AU","M35-39","FIN","7:06:33","0:48:55","0:05:17","3:38:11","0:05:36","2:28:34","1033","740","102","700","1097","749","95","1025","738","102","1033","740","102","25593","2935","317","13091","336","8914"
"844","Sarah Mills","Female","Vancouver","BC","CA","F35-39","FIN","7:07:02","0:39:11","0:03:28","3:40:14","0:02:16","2:41:53","1034","294","39","1085","517","145","17","922","249","29","1034","294","39","25622","2351","208","13214","136","9713"
"469","Caitlin Preston","Female","Ottawa","CA-ON","CA","F35-39","FIN","7:07:10","0:44:32","0:08:29","3:52:28","0:06:58","2:14:42","1035","295","40","1082","899","286","35","1119","337","42","1035","295","40","25630","2672","509","13948","418","8082"
"1027","Shilo Monney","Male","Victoria","TX","US","M50-54","FIN","7:07:44","0:40:36","0:10:14","3:45:51","0:07:53","2:23:10","1036","741","34","1136","635","455","25","1054","750","36","1036","741","34","25664","2436","614","13551","473","8590"
"418","keith hansen","Male","Quesnel","British Columbia","CA","M25-29","FIN","7:08:05","0:40:28","0:04:37","3:32:37","0:04:41","2:45:42","1037","742","155","700","626","447","83","854","638","121","1037","742","155","25685","2428","277","12757","281","9942"
"453","Scott Maksymyk","Male","Winnipeg","Manitoba","CA","M40-44","FIN","7:08:41","1:01:32","0:07:35","3:43:57","0:05:59","2:09:37","1038","743","81","821","1255","851","88","1169","813","86","1038","743","81","25721","3692","455","13437","359","7777"
"1069","Allison Fox","Female","vancouver","CA-BC","CA","F25-29","FIN","7:08:45","0:41:40","0:07:37","4:09:41","0:04:23","2:05:25","1039","296","76","1150","723","221","63","1202","372","93","1039","296","76","25725","2500","457","14981","263","7525"
"482","Gordon Mah","Male","North Bay","CA-ON","CA","M55-59","FIN","7:08:49","0:59:09","0:05:09","3:10:01","0:05:20","2:49:10","1040","744","49","795","1240","839","52","803","607","43","1040","744","49","25729","3549","309","11401","320","10150"
"941","Eric Zhu","Male","Seattle","Washington","CA","M25-29","FIN","7:09:04","0:49:04","0:08:22","3:50:28","0:04:15","2:16:55","1041","745","156","700","1102","752","149","1134","790","158","1041","745","156","25744","2944","502","13828","255","8215"
"1367","Margaret Antonik","Female","Reno","NEVADA","US","F35-39","FIN","7:09:07","0:47:40","0:07:52","3:33:48","0:05:25","2:34:21","1042","297","41","1047","1053","332","42","993","276","33","1042","297","41","25747","2860","472","12828","325","9261"
"857","Cian O’Connell","Male","Vancouver","BC","CA","M25-29","FIN","7:09:08","1:07:21","0:03:58","3:27:32","0:03:56","2:26:21","1043","746","157","700","1270","862","173","1068","760","152","1043","746","157","25748","4041","238","12452","236","8781"
"324","David Zimmerman","Male","Grande Prairie","CA-AB","CA","M40-44","FIN","7:09:40","0:36:01","0:05:04","3:43:09","0:06:43","2:38:44","1044","747","82","803","297","224","22","935","679","77","1044","747","82","25780","2161","304","13389","403","9524"
"1236","Erin Giles","Female","Ann Arbor","MI","US","F45-49","FIN","7:09:41","0:51:44","0:05:36","3:51:31","0:05:35","2:15:16","1045","298","18","1336","1164","370","22","1141","346","21","1045","298","18","25781","3104","336","13891","335","8116"
"483","Richard Boothroyd","Male","Chilliwack","BRITISH COLUMBIA","CA","M60-64","FIN","7:09:42","0:43:21","0:05:22","3:26:57","0:04:45","2:49:17","1046","748","23","1246","833","567","18","821","614","24","1046","748","23","25782","2601","322","12417","285","10157"
"1010","Jennifer Levenick","Female","Burnaby","British Columbia","CA","F50-54","FIN","7:09:48","0:46:55","0:07:18","3:46:18","0:08:12","2:21:05","1047","299","16","1491","1022","325","15","1082","318","18","1047","299","16","25788","2815","438","13578","492","8465"
"528","Mike Mitchuk","Male","Burnaby","BC","CA","M35-39","FIN","7:09:57","0:43:13","0:04:44","3:32:37","0:05:13","2:44:11","1048","749","103","700","821","559","73","891","657","88","1048","749","103","25797","2593","284","12757","313","9851"
"858","Brian Pellowski","Male","Rocklin","US-CA","US","M60-64","FIN","7:09:58","0:57:20","0:13:31","3:34:40","0:08:46","2:15:42","1049","750","24","1241","1233","834","31","1120","783","29","1049","750","24","25798","3440","811","12880","526","8142"
"58","Jeffrey Peyton","Male","PORTLAND","OR","US","M60-64","FIN","7:10:11","0:47:29","0:08:04","3:29:53","0:06:30","2:38:16","1050","751","25","1237","1044","714","26","955","689","25","1050","751","25","25811","2849","484","12593","390","9496"
"499","Chandra Kalke","Female","Ladysmith","BC","CA","F40-44","FIN","7:10:17","0:43:20","0:04:47","3:19:15","0:04:02","2:58:53","1051","300","27","969","831","265","20","698","159","16","1051","300","27","25817","2600","287","11955","242","10733"
"511","Emma Stapleton","Female","Whistler","British Columbia","CA","F30-34","FIN","7:10:29","0:40:43","0:09:08","3:47:06","0:07:45","2:25:48","1052","301","61","1017","644","181","38","1057","306","63","1052","301","61","25829","2443","548","13626","465","8748"
"406","Brittney Frenette","Female","Fraser","CO","US","F25-29","FIN","7:10:37","0:48:53","0:08:33","3:26:59","0:09:35","2:36:38","1053","302","77","1116","1096","348","94","940","259","69","1053","302","77","25837","2933","513","12419","575","9398"
"1283","Sasha Holder","Female","Whistler","British Columbia","AU","F25-29","FIN","7:10:48","0:41:56","0:04:54","3:54:07","0:06:55","2:22:56","1054","303","78","1113","744","230","66","1087","319","81","1054","303","78","25848","2516","294","14047","415","8576"
"867","Aidan Kopra","","Everett","WA","US","M18-24","FIN","7:11:06","0:44:40","0:05:21","3:35:53","0:06:04","2:39:07","1055","752","100","700","910","621","92","960","694","94","1055","752","100","25866","2680","321","12953","364","9547"
"908","Richard Mockett","Male","Vancouver","British Columbia","CA","M55-59","FIN","7:11:21","0:46:03","0:15:19","3:45:35","0:08:39","2:15:45","1056","753","50","750","979","666","46","1131","789","52","1056","753","50","25881","2763","919","13535","519","8145"
"657","Adam Dispenza","Male","Ione","WA","US","M40-44","FIN","7:11:36","0:44:35","0:07:21","3:36:19","0:08:09","2:35:11","1057","754","83","769","904","616","64","982","709","81","1057","754","83","25896","2675","441","12979","489","9311"
"351","Ellison Atwell","Female","Bellingham","Washington ","US","F25-29","FIN","7:11:53","0:42:24","0:11:46","3:47:04","0:10:30","2:20:09","1058","304","79","1094","770","238","69","1089","320","82","1058","304","79","25913","2544","706","13624","630","8409"
"1230","Paula Speidel","Female","Buenos Aires","AR-C","CA","F35-39","FIN","7:12:10","0:47:28","0:06:36","3:51:05","0:04:30","2:22:30","1059","305","42","992","1043","330","41","1116","335","41","1059","305","42","25930","2848","396","13865","270","8550"
"579","Sean Raphael","Male","Sidney","CA-BC","CA","M40-44","FIN","7:12:18","0:44:20","0:08:08","3:35:17","0:06:59","2:37:34","1060","755","84","756","888","608","63","978","706","79","1060","755","84","25938","2660","488","12917","419","9454"
"268","Jennifer Grace","Female","pitt meadows","BC","CA","F40-44","FIN","7:12:45","0:50:26","0:03:19","3:30:46","0:03:27","2:44:47","1061","306","28","925","1137","362","31","942","260","23","1061","306","28","25965","3026","199","12646","207","9887"
"655","Samuel Benastick","Male","Victoria","BC","CN","M18-24","FIN","7:13:17","0:46:25","0:06:27","3:52:15","0:04:50","2:23:20","1062","756","101","700","1000","679","102","1115","781","106","1062","756","101","25997","2785","387","13935","290","8600"
"552","Angus Mathias","Male","Edinburgh, Scotland, United Kingdom","GB-SCT","GB","M18-24","FIN","7:13:45","0:44:12","0:07:52","3:47:51","0:04:48","2:29:03","1063","757","102","700","886","607","87","1077","762","102","1063","757","102","26025","2652","472","13671","288","8943"
"457","Mark Rozenberg","","Vancouver","BC","CA","M65-69","FIN","7:13:48","0:46:55","0:12:21","3:44:19","0:05:48","2:24:25","1064","758","5","1926","1021","697","5","1102","776","5","1064","758","5","26028","2815","741","13459","348","8665"
"1116","Eitan Finkel","Male","West Vancouver","British Columbia","CA","M18-24","FIN","7:13:48","0:45:16","0:03:16","3:41:21","0:03:56","2:39:59","1065","759","103","700","935","637","94","999","721","97","1065","759","103","26028","2716","196","13281","236","9599"
"1490","Jose Rene Navas Ortiz","Male","Vancouver","British Columbia","SV","M18-24","FIN","7:13:49","0:54:34","0:12:10","3:48:30","0:05:34","2:13:02","1066","760","104","700","1209","821","117","1183","821","110","1066","760","104","26029","3274","730","13710","334","7982"
"943","Guillaume Hoarau","Male","Vancouver","British Columbia","FR","M30-34","FIN","7:14:07","0:49:30","0:04:51","3:55:25","0:04:43","2:19:38","1067","761","135","700","1114","760","135","1151","801","147","1067","761","135","26047","2970","291","14125","283","8378"
"915","Emily Brian","Female","Nepean","CA-ON","CA","F18-24","FIN","7:14:12","0:34:24","0:07:21","3:40:15","0:05:39","2:46:34","1068","307","43","1138","227","55","15","911","245","34","1068","307","43","26052","2064","441","13215","339","9994"
"225","Zachary Scheidt","Male","Marietta","GA","US","M45-49","FIN","7:14:14","1:00:06","0:08:04","3:21:53","0:04:55","2:39:16","1069","762","61","700","1246","844","71","1003","724","60","1069","762","61","26054","3606","484","12113","295","9556"
"561","Leandra Brient","Female","Atlin","BC","CA","F40-44","FIN","7:14:46","0:49:35","0:07:11","3:50:29","0:05:23","2:22:08","1070","308","29","889","1117","355","30","1133","344","34","1070","308","29","26086","2975","431","13829","323","8528"
"674","Igor Melo","Male","Langford","British Columbia","BR","M30-34","FIN","7:14:48","0:43:51","0:11:12","3:49:08","0:11:17","2:19:21","1071","763","136","700","871","598","109","1108","780","141","1071","763","136","26088","2631","672","13748","677","8361"
"1241","Nicole Mylnikov","Female","Vancouver","British Columbia","CA","F25-29","FIN","7:15:00","0:45:29","0:06:57","3:54:40","0:05:17","2:22:36","1072","309","80","1037","947","302","83","1132","343","87","1072","309","80","26100","2729","417","14080","317","8556"
"548","Sonja Forster","Female","Seattle","Washington","US","F55-59","FIN","7:15:08","0:42:48","0:03:44","3:43:03","0:04:41","2:40:52","1073","310","10","1616","793","250","9","994","277","10","1073","310","10","26108","2568","224","13383","281","9652"
"1048","Katey Lewicki","Female","Louisville","CO","US","F25-29","FIN","7:15:27","0:28:57","0:05:17","3:43:57","0:05:09","2:52:07","1074","311","81","1029","34","7","4","863","223","59","1074","311","81","26127","1737","317","13437","309","10327"
"1018","Krista Batenhorst","Female","Seattle","WA","US","F35-39","FIN","7:15:43","0:52:09","0:08:25","3:45:43","0:08:50","2:20:35","1075","312","43","928","1173","375","49","1124","338","43","1075","312","43","26143","3129","505","13543","530","8435"
"708","Ari Mateus Castanho Machado","Male","Chilliwack","BC","CA","M50-54","FIN","7:15:49","0:43:40","0:05:23","3:35:36","0:04:12","2:46:58","1076","764","35","990","859","589","32","943","683","33","1076","764","35","26149","2620","323","12936","252","10018"
"739","Amanda Baker","Female","Seattle","Washington","US","F30-34","FIN","7:16:12","0:45:54","0:09:09","4:07:17","0:11:08","2:02:44","1077","313","62","914","968","311","61","1216","376","76","1077","313","62","26172","2754","549","14837","668","7364"
"752","Erica Zaremba","Female","Calgary","AB","CA","F35-39","FIN","7:16:20","0:43:54","0:06:12","3:58:50","0:06:10","2:21:14","1078","314","44","917","872","274","32","1142","347","46","1078","314","44","26180","2634","372","14330","370","8474"
"870","Pascal Smith","Male","Vancouver","BRITISH COLUMBIA","CA","M25-29","FIN","7:16:33","0:45:44","0:05:36","3:54:26","0:03:37","2:27:10","1079","765","158","700","963","655","125","1123","786","157","1079","765","158","26193","2744","336","14066","217","8830"
"710","Justyn Lantz","Male","Seattle","Washington","US","M30-34","FIN","7:16:34","0:47:10","0:07:08","3:21:37","0:08:36","2:52:03","1080","766","137","700","1033","706","128","822","615","110","1080","766","137","26194","2830","428","12097","516","10323"
"1199","Jesse Friesen","Male","Langley Township","British Columbia","CA","M25-29","FIN","7:16:39","0:38:27","0:09:27","3:42:54","0:06:15","2:39:36","1081","767","159","700","471","344","58","1007","727","147","1081","767","159","26199","2307","567","13374","375","9576"
"705","William Brown","Male","Surrey","CA-BC","CA","M65-69","FIN","7:16:49","0:45:14","0:07:26","4:00:02","0:07:25","2:16:43","1082","768","6","1871","932","635","3","1166","811","6","1082","768","6","26209","2714","446","14402","445","8203"
"40","Gursewak Sran","Male","Surrey","BC","CA","M45-49","FIN","7:16:50","0:49:12","0:04:58","3:58:09","0:07:29","2:17:02","1083","769","62","700","1104","754","60","1164","809","63","1083","769","62","26210","2952","298","14289","449","8222"
"290","Lauren Clay","","Bend","OR","US","F25-29","FIN","7:17:18","0:40:23","0:10:31","3:48:50","0:08:42","2:28:53","1084","315","82","996","621","178","52","1076","315","79","1084","315","82","26238","2423","631","13730","522","8933"
"1364","Moriah Thorpe","Female","Coquitlam","British Columbia","CA","F30-34","FIN","7:17:20","0:49:57","0:06:11","3:55:25","0:05:33","2:20:15","1085","316","63","893","1127","359","71","1156","354","71","1085","316","63","26240","2997","371","14125","333","8415"
"479","Sarah Boothroyd","Female","Chilliwack","BC","CA","F50-54","FIN","7:17:24","0:48:55","0:05:03","3:28:16","0:06:45","2:48:24","1086","317","17","1354","1098","349","18","916","247","15","1086","317","17","26244","2935","303","12496","405","10104"
"1404","Gavin Robey","Male","Seattle","Washington","US","M18-24","FIN","7:17:57","0:45:04","0:09:15","3:46:05","0:06:07","2:31:27","1087","770","105","700","926","630","93","1080","764","103","1087","770","105","26277","2704","555","13565","367","9087"
"1252","Jonathan Saxon","Male","Delta","Bc","CA","M18-24","FIN","7:17:58","0:41:13","0:05:43","3:38:04","0:05:17","2:47:40","1088","771","106","700","682","482","72","949","686","91","1088","771","106","26278","2473","343","13084","317","10060"
"584","Valerie Weber","Female","Fort St John","BC","CA","F40-44","FIN","7:17:58","0:41:27","0:08:24","3:37:40","0:03:55","2:46:32","1089","318","30","831","702","210","17","974","270","25","1089","318","30","26278","2487","504","13060","235","9992"
"395","Richard Powell","Male","Mill Creek","WA","US","M40-44","FIN","7:18:00","0:46:24","0:04:32","3:31:26","0:04:36","2:51:02","1090","772","85","700","999","678","73","918","671","76","1090","772","85","26280","2784","272","12686","276","10262"
"1055","Dylan Park","Male","New York","NY","US","M25-29","FIN","7:18:18","1:03:24","0:06:01","3:38:36","0:06:34","2:23:43","1091","773","160","700","1261","856","171","1137","792","159","1091","773","160","26298","3804","361","13116","394","8623"
"265","Dawne Macleod","Female","Pitt Meadows","BC","CA","F40-44","FIN","7:18:46","0:52:01","0:04:25","3:33:33","0:04:04","2:44:43","1092","319","31","817","1170","373","33","1000","279","27","1092","319","31","26326","3121","265","12813","244","9883"
"310","Jenneka MacRae","Female","Hope","BC","CA","F45-49","FIN","7:18:47","0:47:43","0:05:46","3:41:28","0:05:44","2:38:05","1093","320","19","1172","1058","334","20","1045","297","16","1093","320","19","26327","2863","346","13288","344","9485"
"1248","Sophie Mann","Female","Chicago","IL","US","F30-34","FIN","7:19:04","0:48:20","0:07:19","3:46:38","0:07:26","2:29:21","1094","321","64","862","1076","341","69","1095","322","65","1094","321","64","26344","2900","439","13598","446","8961"
"848","Zoe Keefe","Female","Calgary","Alberta","CA","F25-29","FIN","7:19:04","0:41:02","0:05:33","3:39:51","0:06:49","2:45:50","1095","322","83","964","671","195","55","965","268","71","1095","322","83","26344","2462","333","13191","409","9950"
"933","Lara Herbermann","Female","New Orleans","LA","US","F25-29","FIN","7:19:05","0:41:45","0:06:16","4:09:08","0:06:20","2:15:36","1096","323","84","964","730","225","64","1197","368","92","1096","323","84","26345","2505","376","14948","380","8136"
"1156","Cameron Speirs","Male","Penticton","BRITISH COLUMBIA","CA","M25-29","FIN","7:19:10","0:47:16","0:04:47","3:55:59","0:05:43","2:25:26","1097","774","161","700","1039","712","141","1138","793","160","1097","774","161","26350","2836","287","14159","343","8726"
"328","Tom Han","Male","Brea","US-CA","US","M55-59","FIN","7:19:18","1:00:03","0:18:42","3:12:17","0:10:36","2:37:40","1098","775","51","700","1245","843","53","1009","728","49","1098","775","51","26358","3603","1122","11537","636","9460"
"690","Larissa Hatherly","Female","Langley Township","British Columbia","CA","F30-34","FIN","7:19:35","0:41:33","0:05:17","3:44:41","0:07:14","2:40:51","1099","324","65","853","711","215","46","1013","283","59","1099","324","65","26375","2493","317","13481","434","9651"
"263","Matthew Kozal","Male","Los Angeles","California","US","M30-34","FIN","7:19:59","0:44:29","0:08:13","3:21:45","0:06:02","2:59:30","1100","776","138","700","896","612","111","806","609","109","1100","776","138","26399","2669","493","12105","362","10770"
"805","Jovan Ivezic","Male","New Westminster","British Columbia","RS","M18-24","FIN","7:20:22","0:34:14","0:03:46","4:17:44","0:02:36","2:22:02","1101","777","107","700","220","169","26","1187","824","111","1101","777","107","26422","2054","226","15464","156","8522"
"424","James Lai","Male","Yellowknife","Northwest Territories","CA","M45-49","FIN","7:20:30","0:59:31","0:06:30","3:50:54","0:06:03","2:17:31","1102","778","63","700","1242","841","70","1196","829","67","1102","778","63","26430","3571","390","13854","363","8251"
"376","Tristan Crebo","Male","Kelowna","British Columbia","CA","M18-24","FIN","7:20:30","0:52:04","0:05:45","4:00:59","0:03:27","2:18:15","1103","779","108","700","1172","798","115","1201","830","112","1103","779","108","26430","3124","345","14459","207","8295"
"362","Raychel Davies","Female","Vancouver","British Columbia","CA","F25-29","FIN","7:21:12","0:36:08","0:05:28","3:54:54","0:05:28","2:39:14","1104","325","85","926","305","78","27","1051","303","77","1104","325","85","26472","2168","328","14094","328","9554"
"245","Catalina Roberts","Female","Calgary","CA-AB","CA","F25-29","FIN","7:21:13","0:41:04","0:03:41","4:09:05","0:03:18","2:24:05","1105","326","86","926","675","196","56","1174","360","90","1105","326","86","26473","2464","221","14945","198","8645"
"1446","Jamin Zuroski","Male","Tsawwassen","BC","CA","M45-49","FIN","7:21:45","0:56:47","0:09:05","3:50:05","0:06:58","2:18:50","1106","780","64","700","1225","828","68","1190","826","66","1106","780","64","26505","3407","545","13805","418","8330"
"1103","Baylee Colton","Female","Farmington","UT","US","F30-34","FIN","7:21:50","0:35:26","0:08:25","3:24:11","0:05:36","3:08:11","1107","327","66","812","270","67","15","709","163","37","1107","327","66","26510","2126","505","12251","336","11291"
"1520","Ashley Capobianco","Female","ATHOL","ID","US","F35-39","FIN","7:22:10","0:49:39","0:03:43","3:56:35","0:03:45","2:28:28","1108","328","45","812","1119","356","47","1152","351","48","1108","328","45","26530","2979","223","14195","225","8908"
"1047","Alison Cross","Female","Louisville","CO","US","F18-24","FIN","7:23:03","0:32:32","0:10:37","3:37:35","0:05:19","2:57:01","1109","329","44","979","145","29","8","892","235","30","1109","329","44","26583","1952","637","13055","319","10621"
"423","Peter Sanders","Male","North Cowichan","British Columbia","CA","M40-44","FIN","7:23:18","0:43:54","0:05:41","4:14:59","0:05:25","2:13:19","1110","781","86","700","874","600","61","1224","843","88","1110","781","86","26598","2634","341","15299","325","7999"
"1268","Kate Dalforno","Female","Goleta","US-CA","US","F25-29","FIN","7:23:20","0:42:41","0:10:15","3:47:30","0:04:58","2:37:55","1111","330","87","887","785","247","73","1081","317","80","1111","330","87","26600","2561","615","13650","298","9475"
"355","alexandre granger","Male","Calgary","ALBERTA","CA","M35-39","FIN","7:23:34","0:49:14","0:07:33","3:23:45","0:07:36","2:55:26","1112","782","104","700","1105","755","96","890","656","87","1112","782","104","26614","2954","453","12225","456","10526"
"383","Kelly Cohen","Female","Bandera","US-TX","US","F60-64","FIN","7:24:30","0:42:56","0:06:40","3:46:00","0:04:36","2:44:17","1113","331","8","2071","806","258","8","1047","299","9","1113","331","8","26670","2576","400","13560","276","9857"
"863","Mareike Johnson","Female","Calgary","CA-AB","CA","F45-49","FIN","7:24:34","0:44:31","0:07:46","3:38:51","0:03:32","2:49:53","1114","332","20","1068","897","285","17","1010","282","14","1114","332","20","26674","2671","466","13131","212","10193"
"1125","Yuriy Maslovskiy","Male","Everett","Washington","US","M35-39","FIN","7:24:35","0:52:19","0:08:23","3:29:18","0:03:54","2:50:41","1115","783","105","700","1176","799","105","1001","722","98","1115","783","105","26675","3139","503","12558","234","10241"
"1162","Emma Samson","Female","North Vancouver","British Columbia","CA","F25-29","FIN","7:24:38","0:42:56","0:05:27","3:34:46","0:05:57","2:55:31","1116","333","88","864","804","257","76","928","253","68","1116","333","88","26678","2576","327","12886","357","10531"
"1104","Arnold Lee","Male","Allston","MA","US","M25-29","FIN","7:24:56","0:52:38","0:17:32","3:52:39","0:13:03","2:09:03","1117","784","162","700","1184","803","161","1218","841","170","1117","784","162","26696","3158","1052","13959","783","7743"
"1139","Selena Suarez","Female","Joliet","Illinois","US","F25-29","FIN","7:25:14","0:48:35","0:05:02","4:16:56","0:03:35","2:11:06","1118","334","89","853","1085","345","93","1247","390","99","1118","334","89","26714","2915","302","15416","215","7866"
"1285","Zane Eldridge","Male","Norah Head","NSW","AU","M18-24","FIN","7:25:23","0:53:10","0:08:50","3:38:52","0:07:26","2:37:05","1119","785","109","700","1188","806","116","1086","768","104","1119","785","109","26723","3190","530","13132","446","9425"
"35","Alan Griffitts","Male","Hayden","US-ID","US","M60-64","FIN","7:25:30","0:40:43","0:06:41","3:23:20","0:05:32","3:09:14","1120","786","26","961","643","463","14","754","569","21","1120","786","26","26730","2443","401","12200","332","11354"
"567","Colleen Loeppky","Female","Lacombe","Alberta","CA","F40-44","FIN","7:25:43","0:44:02","0:05:01","3:45:18","0:03:38","2:47:45","1121","335","32","700","881","277","23","1043","295","28","1121","335","32","26743","2642","301","13518","218","10065"
"67","Nathan Panek","Male","Tigard","OR","US","M40-44","FIN","7:25:44","0:49:39","0:04:23","4:10:57","0:05:18","2:15:26","1122","787","87","700","1120","764","84","1226","845","89","1122","787","87","26744","2979","263","15057","318","8126"
"517","Rolando Dominguez Silos","Male","Mexico Df","US-TX","MX","M35-39","FIN","7:26:02","0:46:55","0:06:37","3:29:13","0:05:51","2:57:27","1123","788","106","700","1020","696","90","920","672","91","1123","788","106","26762","2815","397","12553","351","10647"
"1026","Kaylee Oliver","Female","Victoria","BC","CA","F18-24","FIN","7:26:41","0:48:57","0:05:51","3:58:56","0:03:04","2:29:53","1124","336","45","913","1100","350","46","1173","359","45","1124","336","45","26801","2937","351","14336","184","8993"
"247","Charlean Parks","Female","East Point","GA","US","F50-54","FIN","7:26:52","0:55:43","0:08:52","3:46:40","0:07:05","2:28:31","1125","337","18","1184","1219","396","23","1155","353","20","1125","337","18","26812","3343","532","13600","425","8911"
"733","John Organick-Lee","Male","Portland","OR","US","M30-34","FIN","7:27:02","0:43:23","0:05:55","3:54:41","0:04:47","2:38:18","1126","789","139","700","836","570","103","1106","779","140","1126","789","139","26822","2603","355","14081","287","9498"
"779","Paul Sankar","Male","Whitehorse","Yukon","CA","M30-34","FIN","7:27:31","0:46:00","0:10:45","3:55:25","0:05:21","2:30:00","1127","790","140","700","973","660","119","1163","808","148","1127","790","140","26851","2760","645","14125","321","9000"
"1115","Ben Kopczynski","Male","Calgary","AB","CA","M30-34","FIN","7:27:33","0:39:11","0:24:40","3:36:54","0:10:09","2:36:38","1128","791","141","700","518","373","68","1085","767","136","1128","791","141","26853","2351","1480","13014","609","9398"
"269","Maureen Brook","Female","Toronto","ON","CA","F65-69","FIN","7:27:37","0:41:09","0:06:41","3:44:36","0:07:51","2:47:20","1129","338","4","2203","678","198","1","1026","288","5","1129","338","4","26857","2469","401","13476","471","10040"
"492","Jacques Du Toit","Male","Powell River","CA-BC","CA","M70-74","FIN","7:28:07","0:42:08","0:11:40","3:39:08","0:07:06","2:48:06","1130","792","5","1692","754","521","5","1028","740","5","1130","792","5","26887","2528","700","13148","426","10086"
"341","Stephane Goyette","Male","Terrebonne","CA-QC","CA","M50-54","FIN","7:28:15","1:01:56","0:06:45","3:24:41","0:06:01","2:48:52","1131","793","36","766","1257","852","40","1034","743","35","1131","793","36","26895","3716","405","12281","361","10132"
"1376","Lisa Zhang","Female","West Vancouver","British Columbia","CA","F25-29","FIN","7:28:28","0:53:28","0:08:35","4:13:58","0:06:29","2:05:58","1132","339","90","795","1197","385","102","1257","395","101","1132","339","90","26908","3208","515","15238","389","7558"
"1263","Nicole Goerz","Female","Calgary","Alberta","CA","F30-34","FIN","7:29:05","0:39:10","0:08:49","3:46:17","0:05:53","2:48:56","1133","340","67","700","515","143","36","1041","293","61","1133","340","67","26945","2350","529","13577","353","10136"
"974","Reza Javandel","Male","Alameda","CA","US","M55-59","FIN","7:29:18","0:40:18","0:07:48","3:43:32","0:07:56","2:49:46","1134","794","52","700","609","436","30","1014","731","50","1134","794","52","26958","2418","468","13412","476","10186"
"558","Samuel Zarky","Male","Seattle","WA","US","M30-34","FIN","7:29:24","1:02:37","0:09:29","3:26:05","0:09:07","2:42:06","1135","795","142","700","1259","854","154","1062","756","132","1135","795","142","26964","3757","569","12365","547","9726"
"608","Diego Calero Pallo","Male","Victoria","British Columbia","EC","M30-34","FIN","7:29:39","1:00:37","0:06:58","3:38:58","0:09:02","2:34:04","1136","796","143","700","1250","846","152","1126","787","144","1136","796","143","26979","3637","418","13138","542","9244"
"233","Mo Callahan","Female","Portland","OR","US","F60-64","FIN","7:30:03","0:37:40","0:06:24","3:48:06","0:07:40","2:50:14","1137","341","9","1971","416","115","1","1022","286","8","1137","341","9","27003","2260","384","13686","460","10214"
"801","Gilles Cinq-Mars","Male","Aurora","CA-ON","CA","M60-64","FIN","7:30:08","0:37:57","0:10:56","3:45:02","0:08:36","2:47:36","1138","797","27","878","434","314","10","1038","746","27","1138","797","27","27008","2277","656","13502","516","10056"
"1435","Hailey Dungca","Female","Victoria","BC","CA","F25-29","FIN","7:30:37","0:50:26","0:10:35","3:41:17","0:07:42","2:40:37","1139","342","91","756","1138","363","97","1096","323","83","1139","342","91","27037","3026","635","13277","462","9637"
"1532","Jake Korpi","Male","Wasaga Beach","ONTARIO","CA","M25-29","FIN","7:30:37","0:38:04","0:10:04","4:03:27","0:06:23","2:32:40","1140","798","163","700","443","322","55","1157","803","163","1140","798","163","27037","2284","604","14607","383","9160"
"336","Mike Sexton","Male","Monroe","WA","US","M30-34","FIN","7:30:44","0:48:45","0:06:31","3:46:41","0:05:36","2:43:11","1141","799","144","700","1088","743","133","1092","771","138","1141","799","144","27044","2925","391","13601","336","9791"
"1472","Diego Garcia","Male","Vancouver","British Columbia","MX","M25-29","FIN","7:30:46","0:54:09","0:10:49","3:46:52","0:06:24","2:32:32","1142","800","164","700","1203","816","165","1158","804","164","1142","800","164","27046","3249","649","13612","384","9152"
"354","Megan Tobin","Female","Longmont","Colorado","US","F55-59","FIN","7:31:01","0:39:59","0:03:49","3:49:20","0:03:33","2:54:20","1143","343","11","1330","584","170","4","1032","290","11","1143","343","11","27061","2399","229","13760","213","10460"
"322","Jenna Motz","Female","Oakville","Ontario","CA","F30-34","FIN","7:31:04","0:52:23","0:07:19","4:27:16","0:05:47","1:58:19","1144","344","68","700","1177","378","75","1270","407","82","1144","344","68","27064","3143","439","16036","347","7099"
"952","Kristin Esterberg","Female","Mill Creek","WA","US","F65-69","FIN","7:31:24","0:41:16","0:07:53","3:34:03","0:07:05","3:01:08","1145","345","5","2135","687","203","2","929","254","3","1145","345","5","27084","2476","473","12843","425","10868"
"1291","Colin Johnstone","Male","Aurora","Ontario","CA","M25-29","FIN","7:31:26","0:49:35","0:06:45","3:48:50","0:07:43","2:38:33","1146","801","165","700","1116","762","151","1117","782","156","1146","801","165","27086","2975","405","13730","463","9513"
"1025","Jessica Miller","Female","Toronto","ON","CA","F30-34","FIN","7:31:28","0:54:37","0:06:56","4:01:33","0:08:38","2:19:44","1147","346","69","700","1210","389","80","1219","378","77","1147","346","69","27088","3277","416","14493","518","8384"
"1013","Edward Latham","Male","Toronto","Ontario","GB","M35-39","FIN","7:31:33","0:43:44","0:17:53","4:01:34","0:08:37","2:19:45","1148","802","107","700","866","596","78","1220","842","111","1148","802","107","27093","2624","1073","14494","517","8385"
"1181","Isaac Dovalina","Male","Billings","Montana","US","M35-39","FIN","7:32:06","0:55:12","0:08:58","3:52:20","0:10:23","2:25:14","1149","803","108","700","1214","823","109","1193","828","109","1149","803","108","27126","3312","538","13940","623","8714"
"671","Christina Bigrigg","Female","Whitehorse","YT","CA","F30-34","FIN","7:32:09","0:48:52","0:12:12","3:34:53","0:12:13","2:44:00","1150","347","70","700","1095","347","70","1049","301","62","1150","347","70","27129","2932","732","12893","733","9840"
"1322","Tristan Bartrim","Male","Prince George","British Columbia","CA","M18-24","FIN","7:32:28","0:47:16","0:06:56","4:07:12","0:04:27","2:26:37","1151","804","110","700","1038","711","104","1211","836","114","1151","804","110","27148","2836","416","14832","267","8797"
"449","Nicholas Emmott","Male","Camrose","AB","CA","M40-44","FIN","7:32:40","0:50:40","0:06:30","3:16:19","0:09:19","3:09:52","1152","805","88","700","1142","777","85","790","596","70","1152","805","88","27160","3040","390","11779","559","11392"
"1492","Elizabeth Swanberg","Female","Seattle","Washington","US","F30-34","FIN","7:33:13","0:42:39","0:06:51","3:55:46","0:05:47","2:42:10","1153","348","71","700","782","244","49","1118","336","68","1153","348","71","27193","2559","411","14146","347","9730"
"364","Daphne Heenan","Female","Terrace","British Columbia","CA","F50-54","FIN","7:33:16","0:45:31","0:09:42","3:49:01","0:08:42","2:40:20","1154","349","19","1068","949","303","14","1109","329","19","1154","349","19","27196","2731","582","13741","522","9620"
"1001","Alex Stewart","Male","Vancouver","British Columbia","CA","M25-29","FIN","7:33:17","0:53:55","0:05:19","4:02:18","0:04:24","2:27:20","1155","806","166","700","1201","814","164","1213","838","169","1155","806","166","27197","3235","319","14538","264","8840"
"259","Jeffrey Wolan","Male","Bonney Lake","WA","US","M50-54","FIN","7:33:55","0:43:27","0:04:38","3:22:30","0:06:19","3:17:02","1156","807","37","700","841","573","31","752","567","30","1156","807","37","27235","2607","278","12150","379","11822"
"789","emma gordon","Female","Seattle","Washington","US","F40-44","FIN","7:34:22","0:40:18","0:05:10","4:01:12","0:04:39","2:43:03","1157","350","33","700","610","174","13","1128","341","33","1157","350","33","27262","2418","310","14472","279","9783"
"1092","Monika Kriedemann","Female","Kamloops","BC","CA","F60-64","FIN","7:34:46","0:48:51","0:10:17","3:50:18","0:07:59","2:37:20","1158","351","10","1886","1093","346","12","1148","348","10","1158","351","10","27286","2931","617","13818","479","9440"
"393","Victoria Chao","Female","New York","NY","US","F30-34","FIN","7:34:48","0:34:16","0:04:35","4:00:03","0:07:31","2:48:22","1159","352","72","700","223","52","9","1070","309","64","1159","352","72","27288","2056","275","14403","451","10102"
"637","Jad Tamimi","Male","Ottawa","Ontario","PS","M18-24","FIN","7:35:02","0:39:22","0:06:12","4:06:22","0:08:42","2:34:24","1160","808","111","700","534","383","57","1161","806","108","1160","808","111","27302","2362","372","14782","522","9264"
"597","Mike Nelson","Male","Seattle","US-WA","US","M75-79","FIN","7:35:58","0:39:41","0:05:44","3:24:13","0:06:01","3:20:19","1161","809","1","3500","559","399","1","735","559","1","1161","809","1","27358","2381","344","12253","361","12019"
"1313","Quynh-Tien Nguyen-Ruffy","Female","Dublin","US-CA","CA","F25-29","FIN","7:36:07","0:52:26","0:04:38","4:09:49","0:05:30","2:23:44","1162","353","92","700","1179","379","99","1234","384","96","1162","353","92","27367","3146","278","14989","330","8624"
"289","Philip Kadlec","Male","Toronto","CA-ON","CA","M25-29","FIN","7:36:15","0:47:07","0:09:07","4:05:12","0:06:55","2:27:53","1163","810","167","700","1029","703","137","1212","837","168","1163","810","167","27375","2827","547","14712","415","8873"
"605","Emilio Marcos Chapa","Male","Santa Catarina","MX-Santa Catarina","MX","M25-29","FIN","7:36:17","0:47:13","0:11:36","4:09:52","0:10:31","2:17:05","1164","811","168","700","1035","708","140","1238","852","171","1164","811","168","27377","2833","696","14992","631","8225"
"1149","Glenn Cato","Male","Vancouver","BC","CA","M25-29","FIN","7:36:21","1:00:28","0:04:19","3:55:48","0:03:47","2:31:59","1165","812","169","700","1249","845","169","1208","834","167","1165","812","169","27381","3628","259","14148","227","9119"
"1002","Mischa Grover","Female","Kamloops","BRITISH COLUMBIA","CA","F18-24","FIN","7:36:49","0:34:37","0:11:47","4:17:20","0:06:52","2:26:13","1166","354","46","731","238","60","16","1221","379","48","1166","354","46","27409","2077","707","15440","412","8773"
"431","Casey Compton Labonte","Female","Edmonton","AB","CA","F50-54","FIN","7:37:35","0:49:59","0:06:18","3:58:40","0:07:32","2:35:04","1167","355","20","991","1128","360","20","1181","362","21","1167","355","20","27455","2999","378","14320","452","9304"
"1106","Erin Bruns","Female","Chicago","Illinois","US","F25-29","FIN","7:37:58","0:53:09","0:06:29","3:53:57","0:05:44","2:38:38","1168","356","93","700","1187","382","100","1172","358","89","1168","356","93","27478","3189","389","14037","344","9518"
"670","Taylar Brown","Female","Spruce Grove","Alberta","CA","F18-24","FIN","7:38:55","0:45:34","0:09:18","4:28:15","0:06:00","2:09:47","1169","357","47","700","952","305","41","1269","406","52","1169","357","47","27535","2734","558","16095","360","7787"
"1182","Gordon Alliksaar","Male","Port Moody","British Columbia","CA","M35-39","FIN","7:39:13","0:49:16","0:08:49","3:57:54","0:07:55","2:35:20","1170","813","109","700","1107","756","97","1191","827","108","1170","813","109","27553","2956","529","14274","475","9320"
"223","Michelle Krell","Female","Vashon","WA","US","F40-44","FIN","7:39:23","0:35:47","0:05:06","3:57:39","0:04:38","2:56:13","1171","358","34","700","287","70","4","1065","307","31","1171","358","34","27563","2147","306","14259","278","10573"
"840","Preston Mar","Male","Bothell","Washington","US","M30-34","FIN","7:39:33","0:50:49","0:07:30","3:50:50","0:05:26","2:44:58","1172","814","145","700","1147","782","142","1144","797","145","1172","814","145","27573","3049","450","13850","326","9898"
"220","Adam Beitz","Male","DESTIN","FL","US","M40-44","FIN","7:40:16","0:43:21","0:10:24","4:02:11","0:10:04","2:34:16","1173","815","89","700","835","569","57","1189","825","87","1173","815","89","27616","2601","624","14531","604","9256"
"823","Calder Hudson","Male","San Francisco","US-CA","US","M45-49","FIN","7:41:03","0:53:16","0:09:57","3:50:40","0:05:52","2:41:18","1174","816","65","700","1193","811","65","1175","815","64","1174","816","65","27663","3196","597","13840","352","9678"
"775","James Deltour","Male","Gatineau","CA-QC","CA","M50-54","FIN","7:41:21","0:43:17","0:05:50","3:47:38","0:06:17","2:58:19","1175","817","38","700","827","564","30","1056","751","37","1175","817","38","27681","2597","350","13658","377","10699"
"249","Cole Dalton","Male","Victoria","BC","CA","M30-34","FIN","7:42:11","0:46:24","0:07:56","3:51:23","0:06:53","2:49:35","1176","818","146","700","998","677","122","1122","785","143","1176","818","146","27731","2784","476","13883","413","10175"
"414","Stevie Nguyen","Female","Vancouver","British Columbia","CA","F35-39","FIN","7:42:21","0:52:13","0:05:57","3:41:31","0:06:49","2:55:50","1177","359","46","700","1175","377","51","1075","314","38","1177","359","46","27741","3133","357","13291","409","10550"
"1151","Perneet Sekhon","Male","Vancouver","British Columbia","CA","M30-34","FIN","7:42:44","0:41:00","0:08:45","3:51:30","0:06:55","2:54:35","1178","819","147","700","668","476","89","1090","770","137","1178","819","147","27764","2460","525","13890","415","10475"
"1143","Emma Darimont","Female","Sparwood","BC","CA","F30-34","FIN","7:42:56","0:50:37","0:04:24","3:31:37","0:07:12","3:09:07","1179","360","73","700","1140","365","72","966","269","57","1179","360","73","27776","3037","264","12697","432","11347"
"294","Cyrus Yang","Male","Richmond","British Columbia","CA","M25-29","FIN","7:43:26","0:51:59","0:08:30","4:09:57","0:04:49","2:28:11","1180","820","170","700","1168","797","160","1245","856","173","1180","820","170","27806","3119","510","14997","289","8891"
"731","Ann Marie Malayo","Female","Vancouver","British Columbia","PH","F30-34","FIN","7:43:51","0:53:30","0:09:28","4:02:45","0:05:27","2:32:40","1181","361","74","700","1198","386","78","1228","382","78","1181","361","74","27831","3210","568","14565","327","9160"
"1008","Rene Ledesma","Male","Dublin 14","Co. Dublin","PH","M50-54","FIN","7:43:54","0:53:12","0:08:19","4:10:46","0:05:21","2:26:17","1182","821","39","700","1189","807","38","1250","859","40","1182","821","39","27834","3192","499","15046","321","8777"
"183","Misha Bruning-Haid","Male","Winnipeg","Manitoba","CA","M18-24","FIN","7:43:57","0:48:30","0:08:22","4:11:08","0:05:40","2:30:18","1183","822","112","700","1082","739","107","1237","851","115","1183","822","112","27837","2910","502","15068","340","9018"
"1417","Sam Craig","Male","Calgary","Alberta","CA","M18-24","FIN","7:44:43","0:44:26","0:08:28","4:16:03","0:04:24","2:31:23","1184","823","113","700","893","611","88","1239","853","116","1184","823","113","27883","2666","508","15363","264","9083"
"1421","Ethan Craig","Male","Calgary","AB","CA","M18-24","FIN","7:44:49","0:44:32","0:08:25","4:07:14","0:13:14","2:31:23","1185","824","114","700","898","613","89","1205","831","113","1185","824","114","27889","2672","505","14834","794","9083"
"761","Eliza Rowley","Female","Milwaukie","OR","US","F50-54","FIN","7:45:02","0:40:22","0:07:51","3:46:03","0:07:18","3:03:28","1186","362","21","857","620","177","10","1042","294","16","1186","362","21","27902","2422","471","13563","438","11008"
"764","Marcy Lampshire","Female","Edmonton","AB","CA","F45-49","FIN","7:45:50","0:44:38","0:08:08","3:51:05","0:10:43","2:51:16","1187","363","21","700","906","289","18","1104","327","20","1187","363","21","27950","2678","488","13865","643","10276"
"724","Lawson Hui","Male","Vancouver","British Columbia","CA","M25-29","FIN","7:46:19","0:45:12","0:06:05","3:17:04","0:04:01","3:33:57","1188","825","171","700","930","633","120","715","550","96","1188","825","171","27979","2712","365","11824","241","12837"
"969","Ali Miri","Male","Port Moody","BC","CA","M45-49","FIN","7:46:30","1:03:54","0:07:11","3:55:25","0:06:47","2:33:13","1189","826","66","700","1264","857","72","1232","849","71","1189","826","66","27990","3834","431","14125","407","9193"
"211","Michal Cerny","Male","Oakville","ON","CA","M60-64","FIN","7:46:50","0:52:33","0:09:21","3:37:00","0:10:37","2:57:19","1190","827","28","700","1183","802","30","1069","761","28","1190","827","28","28010","3153","561","13020","637","10639"
"201","Robin Gill","Male","Vancouver","Region","CA","M50-54","FIN","7:47:34","0:46:23","0:10:08","3:52:50","0:10:48","2:47:26","1191","828","40","700","996","675","34","1147","800","39","1191","828","40","28054","2783","608","13970","648","10046"
"864","Nicholas Kotsos","Male","Vancouver","BC","CA","M30-34","FIN","7:48:23","0:42:02","0:09:13","4:02:51","0:05:14","2:49:03","1192","829","148","700","749","516","96","1178","818","150","1192","829","148","28103","2522","553","14571","314","10143"
"497","Byoung Min Noh","Male","Ho Chi Minh","VN-SG","KR","M65-69","FIN","7:49:54","1:01:29","0:06:19","3:45:08","0:06:10","2:50:48","1193","830","7","1276","1254","850","7","1168","812","7","1193","830","7","28194","3689","379","13508","370","10248"
"568","Will Doud","Male","San Francisco","California","US","M25-29","FIN","7:50:03","0:49:19","0:05:49","4:14:10","0:04:04","2:36:42","1194","831","172","700","1110","758","150","1241","854","172","1194","831","172","28203","2959","349","15250","244","9402"
"1180","Brendan Tisseur","Male","Port Coquitlam","British Columbia","CA","M35-39","FIN","7:50:17","0:56:50","0:08:02","4:05:06","0:12:41","2:27:37","1195","832","110","700","1226","829","111","1243","855","113","1195","832","110","28217","3410","482","14706","761","8857"
"662","Edwige Duclos","Female","Shannon","QC","CA","F25-29","FIN","7:50:41","0:42:40","0:05:54","4:17:52","0:05:26","2:38:49","1196","364","94","700","784","246","72","1231","383","95","1196","364","94","28241","2560","354","15472","326","9529"
"591","Karlie Salih","Female","Ottawa","CA-ON","CA","F35-39","FIN","7:51:41","0:55:03","0:06:17","3:56:26","0:08:11","2:45:44","1197","365","47","700","1213","391","52","1199","370","51","1197","365","47","28301","3303","377","14186","491","9944"
"1534","Yukie Chan","Female","Hong Kong","Hong Kong","HK","F18-24","FIN","7:52:07","0:43:00","0:05:47","4:29:45","0:06:24","2:27:10","1198","366","48","700","809","260","39","1259","397","50","1198","366","48","28327","2580","347","16185","384","8830"
"1487","Andrew Greenham","Male","Langford","BC","CA","M30-34","FIN","7:52:21","0:47:36","0:06:30","3:51:32","0:06:59","2:59:43","1199","833","149","700","1050","719","130","1121","784","142","1199","833","149","28341","2856","390","13892","419","10783"
"1332","Yura Kostiukevych","Male","Seattle","WA","UA","M40-44","FIN","7:52:34","1:02:00","0:07:47","4:02:51","0:06:12","2:33:43","1200","834","90","700","1258","853","89","1251","860","91","1200","834","90","28354","3720","467","14571","372","9223"
"1176","Diana Sears","Female","Seattle","Washington","US","F25-29","FIN","7:53:20","0:33:50","0:08:33","4:14:10","0:09:25","2:47:21","1201","367","95","700","195","44","16","1194","366","91","1201","367","95","28400","2030","513","15250","565","10041"
"455","Sam Rondeau","Male","Kamloops","British Columbia","CA","M30-34","FIN","7:53:46","0:44:40","0:10:47","4:16:05","0:06:30","2:35:44","1202","835","150","700","909","620","113","1249","858","154","1202","835","150","28426","2680","647","15365","390","9344"
"60","Brad Daly","Male","WALLA WALLA","WA","US","M70-74","FIN","7:53:51","0:40:06","0:09:15","3:59:50","0:07:29","2:57:11","1203","836","6","1229","592","422","4","1145","798","7","1203","836","6","28431","2406","555","14390","449","10631"
"1088","Christine Teague","Female","Seattle","WASHINGTON","US","F35-39","FIN","7:54:14","0:49:52","0:08:28","3:58:54","0:06:48","2:50:12","1204","368","48","700","1124","358","48","1198","369","50","1204","368","48","28454","2992","508","14334","408","10212"
"856","Martin Keefe","Male","Calgary","Alberta","CA","M60-64","FIN","7:54:36","0:48:56","0:06:22","3:56:33","0:06:18","2:56:29","1205","837","29","700","1099","750","28","1159","805","30","1205","837","29","28476","2936","382","14193","378","10589"
"1179","Esteban Ordonez","Male","North vancouver","BC","CA","M18-24","FIN","7:54:39","0:48:36","0:07:37","3:32:14","0:06:00","3:20:13","1206","838","115","700","1087","742","108","984","710","96","1206","838","115","28479","2916","457","12734","360","12013"
"1178","Derek Thiessen","Male","Langley","BC","CA","M35-39","FIN","7:55:10","0:47:51","0:17:09","4:01:35","0:16:05","2:32:30","1207","839","111","700","1064","728","92","1233","850","112","1207","839","111","28510","2871","1029","14495","965","9150"
"296","Kellyann Reidy","Female","Denver","Colorado","US","F25-29","FIN","7:55:16","0:55:32","0:04:27","4:09:15","0:04:54","2:41:07","1208","369","96","700","1216","393","103","1240","387","97","1208","369","96","28516","3332","267","14955","294","9667"
"339","Nicolas Bertoni","Male","Victoria","CA-BC","CA","M30-34","FIN","7:55:17","0:49:56","0:11:02","4:03:40","0:10:01","2:40:39","1209","840","151","700","1126","768","138","1225","844","153","1209","840","151","28517","2996","662","14620","601","9639"
"502","Nicole Soto","Female","Richmond Hill","Ontario","MX","F25-29","FIN","7:55:33","1:00:09","0:06:31","4:06:55","0:07:05","2:34:53","1210","370","97","700","1247","403","104","1253","392","100","1210","370","97","28533","3609","391","14815","425","9293"
"238","Truc Huynh","Female","Calgary","ALBERTA","VN","F25-29","FIN","7:56:04","0:50:22","0:04:49","4:14:48","0:02:41","2:43:24","1211","371","98","700","1135","361","96","1242","388","98","1211","371","98","28564","3022","289","15288","161","9804"
"523","Julian Kian An Wyss","Male","Chur","GRIGIONI","CH","M35-39","FIN","7:56:12","0:38:09","0:07:25","4:24:56","0:04:23","2:41:19","1212","841","112","700","449","326","46","1246","857","114","1212","841","112","28572","2289","445","15896","263","9679"
"452","Daniel Scozzafava","Male","Edmonton","AB","CA","M35-39","FIN","7:56:20","0:57:10","0:04:40","3:53:36","0:05:03","2:55:51","1213","842","113","700","1231","833","112","1185","823","107","1213","842","113","28580","3430","280","14016","303","10551"
"416","Sarah Hill","Female","London","Ontario","CA","F30-34","FIN","7:56:42","0:55:30","0:06:55","3:58:43","0:05:34","2:50:00","1214","372","75","700","1215","392","81","1210","375","75","1214","372","75","28602","3330","415","14323","334","10200"
"440","Caroline Peterson","Female","West Kelowna","BC","CA","F25-29","FIN","7:57:05","0:41:48","0:07:21","3:50:14","0:06:57","3:10:45","1215","373","99","700","736","227","65","1071","310","78","1215","373","99","28625","2508","441","13814","417","11445"
"202","Tayler Blackman","Female","Pacific City","OR","US","F30-34","FIN","7:57:32","0:36:01","0:09:12","4:04:27","0:07:21","3:00:30","1216","374","76","700","298","74","16","1149","349","70","1216","374","76","28652","2161","552","14667","441","10830"
"758","Hayden Kuttenkeuler","Female","Vancouver","British Columbia","CA","F25-29","FIN","7:57:49","0:45:00","0:06:27","3:58:53","0:06:34","3:00:55","1217","375","100","700","923","295","81","1154","352","88","1217","375","100","28669","2700","387","14333","394","10855"
"1003","Hannah Norton","Female","Wheat Ridge","CO","US","F30-34","FIN","7:58:03","0:53:25","0:05:42","4:07:53","0:08:23","2:42:40","1218","376","77","700","1196","384","77","1235","385","79","1218","376","77","28683","3205","342","14873","503","9760"
"841","Meganna Martin","Female","SAN FRANCISCO","CA","US","F35-39","FIN","7:59:06","0:48:01","0:07:32","3:54:08","0:09:22","3:00:02","1219","377","49","700","1069","339","43","1150","350","47","1219","377","49","28746","2881","452","14048","562","10802"
"935","Talia Herbermann","Female","San Clemente","California","CA","F18-24","FIN","7:59:21","0:36:19","0:09:46","3:58:23","0:09:19","3:05:34","1220","378","49","700","314","79","18","1111","331","44","1220","378","49","28761","2179","586","14303","559","11134"
"293","Kelli Martin","Female","Delaware","OH","US","F55-59","FIN","7:59:21","0:46:29","0:04:51","4:03:16","0:08:16","2:56:29","1221","379","12","820","1002","322","11","1179","361","13","1221","379","12","28761","2789","291","14596","496","10589"
"1352","Nazmi Kamal","Male","Tsawwassen ","British Columbia","CA","M45-49","FIN","7:59:29","0:42:04","0:05:31","4:12:46","0:05:38","2:53:30","1222","843","67","700","750","517","46","1207","833","68","1222","843","67","28769","2524","331","15166","338","10410"
"1388","Kelly McCullogh","Female","Westmount","Quebec","CA","F30-34","FIN","7:59:38","0:47:09","0:04:17","4:01:58","0:05:41","3:00:33","1223","380","78","700","1031","327","65","1170","357","72","1223","380","78","28778","2829","257","14518","341","10833"
"373","Tyler Pigman","Male","Hamilton","Montana","US","M30-34","FIN","8:00:08","0:49:04","0:06:49","3:56:30","0:07:37","3:00:09","1224","844","152","700","1103","753","134","1165","810","149","1224","844","152","28808","2944","409","14190","457","10809"
"446","Terry Ingles","Male","Penticton","BC","CA","M70-74","FIN","8:00:28","0:52:40","0:10:38","3:35:11","0:05:51","3:16:09","1225","845","7","1110","1185","804","7","1064","758","6","1225","845","7","28828","3160","638","12911","351","11769"
"50","Jonathan Rozendaal","Male","Edmonton","Alberta","CA","M45-49","FIN","8:01:08","0:56:56","0:06:19","4:17:01","0:11:08","2:29:44","1226","846","68","700","1229","831","69","1265","863","72","1226","846","68","28868","3416","379","15421","668","8984"
"252","Kristina Perkins","Female","Everett","WA","CA","F35-39","FIN","8:01:29","0:44:50","0:07:24","3:59:37","0:09:04","3:00:36","1227","381","50","700","920","294","37","1160","355","49","1227","381","50","28889","2690","444","14377","544","10836"
"72","Michael Post","Male","Big Bear City","CA","US","M60-64","FIN","8:02:48","0:51:19","0:05:41","3:28:55","0:05:46","3:31:07","1228","847","30","700","1157","789","29","961","695","26","1228","847","30","28968","3079","341","12535","346","12667"
"1410","Jorge Luis Escobar Flores","Male","Burnaby","Bc","CA","M30-34","FIN","8:02:52","0:40:55","0:06:22","4:25:26","0:03:52","2:46:18","1229","848","153","700","661","473","88","1252","861","155","1229","848","153","28972","2455","382","15926","232","9978"
"934","bethany english","Female","New Orleans","Louisiana","AU","F25-29","FIN","8:03:06","0:36:56","0:07:09","4:20:09","0:06:04","2:52:48","1230","382","101","700","362","91","30","1222","380","94","1230","382","101","28986","2216","429","15609","364","10368"
"291","Danielle Dube","Female","Orleans","CA-ON","CA","F50-54","FIN","8:03:12","0:55:39","0:14:25","3:48:41","0:15:55","2:48:33","1231","383","22","700","1218","395","22","1200","371","22","1231","383","22","28992","3339","865","13721","955","10113"
"631","John Hall","Male","Seattle","Washington","US","M45-49","FIN","8:03:16","0:55:45","0:06:22","3:51:46","0:06:18","3:03:05","1232","849","69","700","1220","824","67","1176","816","65","1232","849","69","28996","3345","382","13906","378","10985"
"659","Gordon Richardson","Male","SACRAMENTO","CA","US","M55-59","FIN","8:04:25","0:56:54","0:05:28","3:59:17","0:06:34","2:56:13","1233","850","53","700","1228","830","50","1214","839","53","1233","850","53","29065","3414","328","14357","394","10573"
"1290","Carol Earles","Female","RAVENDEN SPGS","AR","US","F55-59","FIN","8:04:34","0:51:59","0:15:05","3:35:31","0:09:56","3:12:03","1234","384","13","726","1169","372","13","1098","325","12","1234","384","13","29074","3119","905","12931","596","11523"
"986","Luana Cimpean","Female","San Francisco","California","CA","F35-39","FIN","8:04:39","0:42:35","0:09:07","4:15:43","0:07:50","2:49:24","1235","385","51","700","778","242","28","1236","386","52","1235","385","51","29079","2555","547","15343","470","10164"
"256","Anna Danowitz","Female","New York","New York","US","F18-24","FIN","8:05:29","0:48:14","0:06:16","4:08:18","0:04:24","2:58:17","1236","386","50","700","1073","340","45","1217","377","47","1236","386","50","29129","2894","376","14898","264","10697"
"1296","Linda Beale","Female","CAMAS","WA","US","F60-64","FIN","8:05:43","0:47:23","0:16:59","4:14:21","0:06:18","2:40:42","1237","387","11","1329","1042","329","11","1260","398","12","1237","387","11","29143","2843","1019","15261","378","9642"
"1129","Raminderpreet Khaira","Male","Brampton","Ontario","CA","M30-34","FIN","8:06:15","1:06:56","0:14:47","3:33:20","0:05:11","3:06:02","1238","851","154","700","1269","861","156","1182","820","151","1238","851","154","29175","4016","887","12800","311","11162"
"428","Paige Shaw","Female","Victoria","BC","CA","F30-34","FIN","8:06:22","0:51:18","0:07:07","4:12:23","0:04:25","2:51:09","1239","388","79","700","1156","368","74","1248","391","81","1239","388","79","29182","3078","427","15143","265","10269"
"468","Laurence Vallières","Female","LÉVIS","Quebec","CA","F30-34","FIN","8:07:03","0:47:45","0:06:22","4:02:21","0:06:17","3:04:18","1240","389","80","700","1060","335","67","1192","365","73","1240","389","80","29223","2865","382","14541","377","11058"
"329","Quyen Mai","Male","temple city","CA","US","M40-44","FIN","8:07:24","0:57:43","0:11:14","3:56:58","0:06:39","2:54:50","1241","852","91","700","1236","837","86","1230","848","90","1241","852","91","29244","3463","674","14218","399","10490"
"332","Michael De Santi","Male","Victoria","British Columbia","CA","M35-39","FIN","8:07:37","0:53:14","0:08:28","4:00:09","0:05:24","3:00:22","1242","853","114","700","1192","810","106","1215","840","110","1242","853","114","29257","3194","508","14409","324","10822"
"1302","Jamie Porter","Male","Grande Prairie","AB","CA","M45-49","FIN","8:07:51","0:43:45","0:06:25","3:38:48","0:06:27","3:32:26","1243","854","70","700","867","597","52","990","715","58","1243","854","70","29271","2625","385","13128","387","12746"
"1426","Devin Lothrop","Male","Ottawa","Ontario","CA","M18-24","FIN","8:08:39","0:51:16","0:05:39","4:16:59","0:10:01","2:44:44","1244","855","116","700","1155","788","114","1255","862","117","1244","855","116","29319","3076","339","15419","601","9884"
"1449","Shannon Dietrich","Female","Spruce Grove","AB","CA","F45-49","FIN","8:10:09","0:40:13","0:04:46","4:10:35","0:07:15","3:07:19","1245","390","22","700","603","172","9","1186","363","23","1245","390","22","29409","2413","286","15035","435","11239"
"203","Virginia Mech","Female","OAKVILLE","ON","CA","F60-64","FIN","8:10:42","0:43:03","0:10:46","4:02:57","0:10:32","3:03:24","1246","391","12","1239","812","261","9","1195","367","11","1246","391","12","29442","2583","646","14577","632","11004"
"851","Abby Kerbyson","Female","Seattle","Washington","US","F18-24","FIN","8:12:01","0:58:11","0:07:04","3:59:14","0:04:00","3:03:33","1247","392","51","700","1238","400","50","1223","381","49","1247","392","51","29521","3491","424","14354","240","11013"
"554","Megan Guisse","Female","North Vancouver","CA-BC","CA","F25-29","FIN","8:12:13","0:48:31","0:07:16","4:33:35","0:04:46","2:38:04","1248","393","102","700","1083","344","92","1272","408","105","1248","393","102","29533","2911","436","16415","286","9484"
"39","Brittany Scott","Female","Calgary","AB","CA","F35-39","FIN","8:12:33","0:49:18","0:05:12","3:51:48","0:04:14","3:22:02","1249","394","52","700","1109","352","45","1125","339","44","1249","394","52","29553","2958","312","13908","254","12122"
"937","Grant Gamble","Male","Mukilteo","Washington","AU","M18-24","FIN","8:13:02","0:49:02","0:04:56","4:00:46","0:06:11","3:12:07","1250","856","117","700","1101","751","109","1180","819","109","1250","856","117","29582","2942","296","14446","371","11527"
"308","Suzanne Degner","Female","Kelowna","AB","NL","F50-54","FIN","8:13:19","1:08:27","0:06:46","4:07:03","0:09:53","2:41:11","1251","395","23","700","1272","409","24","1267","404","24","1251","395","23","29599","4107","406","14823","593","9671"
"1365","James Leman","Male","SPOKANE","WA","US","M45-49","FIN","8:13:52","0:54:11","0:05:44","4:05:36","0:09:33","2:58:48","1252","857","71","700","1205","817","66","1227","846","70","1252","857","71","29632","3251","344","14736","573","10728"
"1007","Chloe McCarron","Female","Vancouver","British Columbia","CA","F25-29","FIN","8:14:13","0:49:48","0:04:30","4:24:39","0:07:04","2:48:13","1253","396","103","700","1123","357","95","1261","399","102","1253","396","103","29653","2988","270","15879","424","10093"
"839","Maggie Fei","Female","San Francisco","CA","CA","F25-29","FIN","8:14:14","0:52:01","0:12:42","4:18:08","0:07:45","2:43:38","1254","397","104","700","1171","374","98","1268","405","104","1254","397","104","29654","3121","762","15488","465","9818"
"377","Anne Pigman","Female","Hamilton","MT","US","F55-59","FIN","8:15:09","0:54:51","0:08:35","4:13:04","0:08:14","2:50:25","1255","398","14","700","1212","390","14","1258","396","14","1255","398","14","29709","3291","515","15184","494","10225"
"1082","Ben Emeny","Male","toronto","ON","CA","M30-34","FIN","8:15:18","0:46:46","0:08:34","4:00:00","0:07:49","3:12:09","1256","858","155","700","1014","690","125","1184","822","152","1256","858","155","29718","2806","514","14400","469","11529"
"1051","Gage Smith","Male","Roseville","California","US","M30-34","FIN","8:16:42","1:04:43","0:09:44","4:13:09","0:06:21","2:42:45","1257","859","156","700","1267","860","155","1271","864","156","1257","859","156","29802","3883","584","15189","381","9765"
"234","Fred Lambright","Male","West Kelowna","BC","CA","M80-84","FIN","8:17:40","1:02:55","0:11:00","3:46:22","0:10:42","3:06:41","1258","860","1","3500","1260","855","1","1206","832","1","1258","860","1","29860","3775","660","13582","642","11201"
"356","Katie Henderson","Female","Vancouver","British Columbia","CA","F30-34","FIN","8:18:40","0:47:32","0:11:01","4:11:46","0:06:47","3:01:35","1259","399","81","700","1048","331","66","1244","389","80","1259","399","81","29920","2852","661","15106","407","10895"
"1122","Charlie Yoo","Male","Seattle","Washington","US","M25-29","FIN","8:18:46","0:33:48","0:08:39","4:11:02","0:11:37","3:13:39","1260","861","173","700","192","150","27","1171","814","166","1260","861","173","29926","2028","519","15062","697","11619"
"331","Stacy Johnson","Female","Calgary","AB","CA","F50-54","FIN","8:21:57","0:51:46","0:08:19","4:14:05","0:06:35","3:01:11","1261","400","24","700","1165","371","21","1256","394","23","1261","400","24","30117","3106","499","15245","395","10871"
"673","Kiki Vidal","Female","Whitehorse","Yukon","CA","F35-39","FIN","8:21:57","0:59:38","0:09:46","4:09:49","0:08:46","2:53:58","1262","401","53","700","1243","402","54","1262","400","53","1262","401","53","30117","3578","586","14989","526","10438"
"456","Allison Gavin","Female","Langley","BC","CA","F45-49","FIN","8:22:39","0:46:23","0:06:10","4:00:10","0:05:03","3:24:52","1263","402","23","700","995","321","19","1167","356","22","1263","402","23","30159","2783","370","14410","303","12292"
"250","Aaron Christensen","Male","Auburn","WA","US","M55-59","FIN","8:23:02","1:04:38","0:04:59","3:56:08","0:07:05","3:10:13","1264","862","54","700","1266","859","54","1229","847","54","1264","862","54","30182","3878","299","14168","425","11413"
"314","Paul Dube","Male","Ottawa","CA-ON","CA","M45-49","FIN","8:23:04","0:48:36","0:08:14","4:03:50","0:08:24","3:14:00","1265","863","72","700","1086","741","58","1209","835","69","1265","863","72","30184","2916","494","14630","504","11640"
"505","Christina Long","Female","Coeur D Alene","ID","US","F45-49","FIN","8:23:32","0:43:36","0:09:04","4:07:28","0:06:01","3:17:23","1266","403","24","700","851","269","15","1204","374","24","1266","403","24","30212","2616","544","14848","361","11843"
"756","Charlotte Atkinson","Female","Grimsby","WA","GB","F30-34","FIN","8:24:31","1:03:32","0:05:53","3:50:37","0:08:18","3:16:11","1267","404","82","700","1263","407","82","1203","373","74","1267","404","82","30271","3812","353","13837","498","11771"
"504","Lindsey Sichelstiel","Female","Coeur d Alene","ID","US","F40-44","FIN","8:25:24","0:56:53","0:06:28","4:10:32","0:03:33","3:07:58","1268","405","35","700","1227","398","35","1254","393","35","1268","405","35","30324","3413","388","15032","213","11278"
"668","Unjelika Kogutowicz","Female","Edmonton","AB","CA","F18-24","FIN","8:26:08","1:03:31","0:05:52","4:10:32","0:04:54","3:01:19","1269","406","52","700","1262","406","52","1263","401","51","1269","406","52","30368","3811","352","15032","294","10879"
"357","Avril Waller","Female","Anchorage","Alaska","US","F35-39","FIN","8:28:07","0:56:25","0:06:54","4:26:16","0:05:04","2:53:29","1270","407","54","700","1223","397","53","1273","409","54","1270","407","54","30487","3385","414","15976","304","10409"
"1188","Linda Hamilton","Female","Whitehorse","Yukon","CA","F55-59","FIN","8:28:15","1:06:05","0:12:22","4:01:49","0:09:15","2:58:44","1271","408","15","700","1268","408","15","1264","402","15","1271","408","15","30495","3965","742","14509","555","10724"
"402","Hannah Traynor","Female","St. Catharines","ON","CA","F25-29","FIN","8:28:29","0:45:56","0:07:53","4:26:39","0:06:07","3:01:55","1272","409","105","700","971","313","86","1266","403","103","1272","409","105","30509","2756","473","15999","367","10915"
"1029","Franco Cazzola","Male","Mesa","US-AZ","US","M60-64","FIN","8:29:34","0:48:49","0:08:46","3:56:28","0:08:14","3:27:18","1273","864","31","700","1092","747","27","1177","817","31","1273","864","31","30574","2929","526","14188","494","12438"
"1448","Abdullah Shaikh","Male","Prince George","BC","CA","M25-29","DNF","","0:56:32","0:09:47","","0:00:00","","99999","99999","99999","","99999","99999","99999","99999","99999","99999","99999","99999","99999","","3392","587","","",""
"1226","Brad Speidel","Male","Buenos Aires","Ciudad Autónoma de Buenos Aires","CA","M35-39","DNF","","0:48:08","0:05:11","3:03:18","0:03:02","","99999","99999","99999","","99999","99999","99999","99999","99999","99999","99999","99999","99999","","2888","311","10998","182",""
"1303","Noah Grant-Byrnes","Male","Sechelt","BC","CA","M18-24","FIN","8:44:19","0:38:11","0:08:42","3:52:52","0:08:26","3:56:09","99999","99999","99999","","99999","99999","99999","99999","99999","99999","99999","99999","99999","31459","2291","522","13972","506","14169"
"965","David Chan","Male","Richmond Hill","CA-ON","CA","M35-39","FIN","8:12:40","1:08:31","0:04:42","4:26:21","0:05:00","2:28:06","99999","99999","99999","","99999","99999","99999","99999","99999","99999","99999","99999","99999","29560","4111","282","15981","300","8886"
"261","Gary Rafferty","Male","Edmonton","AB","IE","F40-44","FIN","","","0:00:00","","0:00:00","","99999","99999","99999","","99999","99999","99999","99999","99999","99999","99999","99999","99999","","","","","",""
"818","Timothy Raphael","Male","North Vancouver","BC","CA","M65-69","FIN","","","0:00:00","","0:00:00","","99999","99999","99999","","99999","99999","99999","99999","99999","99999","99999","99999","99999","","","","","",""
"1304","Domhnall Wildy","Male","Tacoma","WA","IE","M40-44","DNF","","0:40:26","0:00:00","","0:00:00","","99999","99999","99999","","99999","99999","99999","99999","99999","99999","99999","99999","99999","","2426","","","",""
"593","Tom Nullet","Male","CHICAGO","IL","US","M35-39","FIN","","","0:00:00","","0:00:00","","99999","99999","99999","","99999","99999","99999","99999","99999","99999","99999","99999","99999","","","","","",""
"1091","Suriya Sundaramurthi","Male","University Place","WASHINGTON","US","M25-29","DNF","","","0:00:00","","0:00:00","","99999","99999","99999","","99999","99999","99999","99999","99999","99999","99999","99999","99999","","","","","",""
"810","Ali Hassona","Male","Surrey","British Columbia","CA","M18-24","DNF","7:31:29","0:48:20","0:07:43","4:54:57","0:06:32","1:33:56","99999","99999","99999","","99999","99999","99999","99999","99999","99999","99999","99999","99999","27089","2900","463","17697","392","5636"
"1185","Sebastian Cobos","Male","Quito","EC-P","EC","M18-24","DNF","","","0:00:00","","0:00:00","","99999","99999","99999","","99999","99999","99999","99999","99999","99999","99999","99999","99999","","","","","",""
"464","Karlie Schriber","Female","Coquitlam","BC","CA","F30-34","FIN","","","0:00:00","","0:00:00","","99999","99999","99999","","99999","99999","99999","99999","99999","99999","99999","99999","99999","","","","","",""
"1267","Tj Generoso","Male","CHULA VISTA","CA","US","M40-44","DNF","","0:35:43","0:03:00","2:56:03","0:02:26","","99999","99999","99999","","99999","99999","99999","99999","99999","99999","99999","99999","99999","","2143","180","10563","146",""
"1425","Tejas Harish","Male","SURREY","British Columbia","IN","M30-34","DNF","","","0:00:00","","0:00:00","","99999","99999","99999","","99999","99999","99999","99999","99999","99999","99999","99999","99999","","","","","",""
"1229","Ivan Solomakha","Male","Saskatoon","Saskatchewan","UA","M30-34","FIN","","","0:00:00","","0:00:00","","99999","99999","99999","","99999","99999","99999","99999","99999","99999","99999","99999","99999","","","","","",""
"917","Elijah Monney","Male","Altamont","Utah","US","M18-24","FIN","8:37:52","0:37:06","0:13:54","4:30:25","0:10:47","3:05:40","99999","99999","99999","","99999","99999","99999","99999","99999","99999","99999","99999","99999","31072","2226","834","16225","647","11140"
"1200","Ambrose Robitaille","Male","edmonton","AB","CA","M30-34","FIN","8:47:24","0:43:11","0:06:12","4:48:18","0:05:52","3:03:52","99999","99999","99999","","99999","99999","99999","99999","99999","99999","99999","99999","99999","31644","2591","372","17298","352","11032"
"44","Joanne Kitzul","Female","Penticton","CA-BC","CA","F55-59","DNF","","0:41:15","0:05:40","3:23:59","0:00:00","","99999","99999","99999","","99999","99999","99999","99999","99999","99999","99999","99999","99999","","2475","340","12239","",""
"445","Gabe Haver","Male","Cheney","Washington","US","M18-24","FIN","8:12:07","1:03:41","0:03:01","4:26:05","0:04:50","2:34:31","99999","99999","99999","","99999","99999","99999","99999","99999","99999","99999","99999","99999","29527","3821","181","15965","290","9271"
"596","Silke Nonnweiler","Female","Saarbruecken","SH","DE","F50-54","FIN","","","0:00:00","","0:00:00","","99999","99999","99999","","99999","99999","99999","99999","99999","99999","99999","99999","99999","","","","","",""
"1478","Diego Villavicencio","Male","Vancouver","British Columbia","CA","M25-29","DNF","6:15:08","0:45:21","0:00:00","","0:00:00","1:59:02","99999","99999","99999","","99999","99999","99999","99999","99999","99999","99999","99999","99999","22508","2721","","","","7142"
"330","Kevin Johnson","Male","Calgary","AB","CA","M50-54","FIN","8:32:43","0:54:56","0:05:56","3:46:03","0:06:21","3:39:28","99999","99999","99999","","99999","99999","99999","99999","99999","99999","99999","99999","99999","30763","3296","356","13563","381","13168"
"1324","Blake St. Clair","Male","Vancouver","WA","US","M30-34","FIN","8:05:47","0:40:44","0:16:33","4:33:58","0:06:53","2:27:41","99999","99999","99999","","99999","99999","99999","99999","99999","99999","99999","99999","99999","29147","2444","993","16438","413","8861"
"906","Gabriel Rhone","Male","North Vancouver","BC","CA","M18-24","FIN","","","0:00:00","","0:00:00","","99999","99999","99999","","99999","99999","99999","99999","99999","99999","99999","99999","99999","","","","","",""
"1158","Wendy Cole","Female","Kalispell","Montana","US","F40-44","DNF","","0:58:38","0:12:28","","0:00:00","","99999","99999","99999","","99999","99999","99999","99999","99999","99999","99999","99999","99999","","3518","748","","",""
"825","Christine Miranda","Female","Langley","BC","IN","F30-34","DNF","","1:17:53","0:00:00","","0:00:00","","99999","99999","99999","","99999","99999","99999","99999","99999","99999","99999","99999","99999","","4673","","","",""
"403","Carlos Rivera","Male","Edmonton","AB","CA","M55-59","DNF","","0:48:59","0:10:43","3:57:24","0:09:40","","99999","99999","99999","","99999","99999","99999","99999","99999","99999","99999","99999","99999","","2939","643","14244","580",""
"37","Kimberley Padgett","Female","Kelowna","BC","CA","F50-54","DNF","","0:45:04","0:06:54","4:20:05","0:07:27","","99999","99999","99999","","99999","99999","99999","99999","99999","99999","99999","99999","99999","","2704","414","15605","447",""
"1175","Brandon Hilliard","Male","New Haven","CT","US","M30-34","DNF","","0:39:55","0:05:05","","0:00:00","","99999","99999","99999","","99999","99999","99999","99999","99999","99999","99999","99999","99999","","2395","305","","",""
"209","Tyler Casias","Male","Sumner","Washington","US","M30-34","FIN","8:13:39","1:01:37","0:06:32","4:26:27","0:04:00","2:35:02","99999","99999","99999","","99999","99999","99999","99999","99999","99999","99999","99999","99999","29619","3697","392","15987","240","9302"
"651","Stephen Davis","Male","Vancouver","WA","US","M65-69","FIN","","","0:00:00","","0:00:00","","99999","99999","99999","","99999","99999","99999","99999","99999","99999","99999","99999","99999","","","","","",""
"750","Jonathan Phan","Male","Vancouver","British Columbia","CA","M25-29","DNF","","","0:00:00","","0:00:00","","99999","99999","99999","","99999","99999","99999","99999","99999","99999","99999","99999","99999","","","","","",""
"1118","Marisa Babb","Female","San Diego","California","US","F30-34","DNF","","0:38:24","0:07:05","5:00:11","0:03:55","","99999","99999","99999","","99999","99999","99999","99999","99999","99999","99999","99999","99999","","2304","425","18011","235",""
"963","Murray Smith","Male","Manly","NSW","AU","M25-29","DNF","","0:32:02","0:05:50","2:58:58","0:00:00","","99999","99999","99999","","99999","99999","99999","99999","99999","99999","99999","99999","99999","","1922","350","10738","",""
"1535","Erkhembileg Sainbat","Male","Vancouver","British Columbia","MN","M18-24","FIN","8:07:11","1:03:07","0:07:40","4:19:51","0:05:05","2:31:28","99999","99999","99999","","99999","99999","99999","99999","99999","99999","99999","99999","99999","29231","3787","460","15591","305","9088"
"1356","Javier Ramirez Villanueva","Male","Puebla","MX-PUE","MX","M40-44","FIN","","","0:00:00","","0:00:00","","99999","99999","99999","","99999","99999","99999","99999","99999","99999","99999","99999","99999","","","","","",""
"200","Karell Rivest-Roy","Female","Victoria","BC","CA","F40-44","DQ","","","0:00:00","","0:00:00","","99999","99999","99999","","99999","99999","99999","99999","99999","99999","99999","99999","99999","","","","","",""
"727","Danielle Truant","Female","Mill Bay","BRITISH COLUMBIA","CA","F35-39","FIN","","","0:00:00","","0:00:00","","99999","99999","99999","","99999","99999","99999","99999","99999","99999","99999","99999","99999","","","","","",""
"1496","Diego Franco","Male","Nanaimo","British Columbia","BR","M35-39","FIN","9:28:58","0:50:23","0:08:32","4:27:31","0:04:13","3:58:20","99999","99999","99999","","99999","99999","99999","99999","99999","99999","99999","99999","99999","34138","3023","512","16051","253","14300"
"1519","Nick Chaika","Male","North Vancouver","BRITISH COLUMBIA","CA","M18-24","DNF","","0:42:12","0:11:07","","0:00:00","","99999","99999","99999","","99999","99999","99999","99999","99999","99999","99999","99999","99999","","2532","667","","",""
"1205","Alexa Isaac","Female","Vancouver","British Columbia","US","F18-24","FIN","8:39:44","0:56:07","0:07:19","4:23:20","0:05:49","3:07:11","99999","99999","99999","","99999","99999","99999","99999","99999","99999","99999","99999","99999","31184","3367","439","15800","349","11231"
"1361","Anthony Madson","Male","Lynnwood","Washington","US","M18-24","DNF","","0:51:25","0:11:46","","0:00:00","","99999","99999","99999","","99999","99999","99999","99999","99999","99999","99999","99999","99999","","3085","706","","",""
"248","Jennifer O'Carroll","Female","Calgary","AB","CA","F55-59","DNF","","0:44:25","0:09:32","","0:00:00","","99999","99999","99999","","99999","99999","99999","99999","99999","99999","99999","99999","99999","","2665","572","","",""
"1486","Mae Elise Cannon","Female","Friday Harbor","WASHINGTON","US","F50-54","FIN","","","0:00:00","","0:00:00","","99999","99999","99999","","99999","99999","99999","99999","99999","99999","99999","99999","99999","","","","","",""
"1246","Anand Jangar","Male","Vancouver","British Columbia","MN","M18-24","FIN","7:05:29","1:12:55","0:07:29","3:53:52","0:03:52","1:47:21","99999","99999","99999","","99999","99999","99999","99999","99999","99999","99999","99999","99999","25529","4375","449","14032","232","6441"
"557","Chris Cannon","Male","Port Moody","BC","CA","M55-59","DNF","","0:41:54","0:04:47","","0:00:00","","99999","99999","99999","","99999","99999","99999","99999","99999","99999","99999","99999","99999","","2514","287","","",""
"98","Sue Ducros","Female","ottawa","CA-ON","CA","F60-64","DNF","","0:37:24","0:05:20","","0:00:00","","99999","99999","99999","","99999","99999","99999","99999","99999","99999","99999","99999","99999","","2244","320","","",""
"410","Alan Dionson","Male","Covina","CA","PH","M55-59","DNF","","0:51:55","0:09:03","4:22:47","0:05:33","","99999","99999","99999","","99999","99999","99999","99999","99999","99999","99999","99999","99999","","3115","543","15767","333",""
"496","Sarah Gerritsen","Female","Courtenay","BRITISH COLUMBIA","CA","F30-34","DNF","","","0:00:00","","0:00:00","","99999","99999","99999","","99999","99999","99999","99999","99999","99999","99999","99999","99999","","","","","",""
"763","Karen Pottruff","Female","Edmonton","AB","CA","F50-54","FIN","9:02:57","0:51:49","0:06:10","4:37:57","0:06:29","3:20:32","99999","99999","99999","","99999","99999","99999","99999","99999","99999","99999","99999","99999","32577","3109","370","16677","389","12032"
"967","Mohamad El Refai","Male","Toronto","ON","CA","M30-34","DNF","","0:55:06","0:09:22","","0:00:00","","99999","99999","99999","","99999","99999","99999","99999","99999","99999","99999","99999","99999","","3306","562","","",""
"601","Shemine Gulamhusein","Female","Victoria","BC","CA","F35-39","FIN","","","0:00:00","","0:00:00","","99999","99999","99999","","99999","99999","99999","99999","99999","99999","99999","99999","99999","","","","","",""
"781","Dylan Macgregor","","Victoria","BC","CA","M40-44","DNF","","0:45:13","0:13:28","3:49:42","0:00:00","","99999","99999","99999","","99999","99999","99999","99999","99999","99999","99999","99999","99999","","2713","808","13782","",""
"286","Jy Anderson","Female","Lac supérieur","CA-QC","CA","F18-24","DNF","","0:30:23","0:03:15","","0:00:00","","99999","99999","99999","","99999","99999","99999","99999","99999","99999","99999","99999","99999","","1823","195","","",""
"303","Detra Jones","Female","Playa  del Rey","CA","US","F60-64","DNF","","","0:00:00","","0:00:00","","99999","99999","99999","","99999","99999","99999","99999","99999","99999","99999","99999","99999","","","","","",""
"302","Angus Ferguson","Male","Richmond","BC","CA","M70-74","FIN","","","0:00:00","","0:00:00","","99999","99999","99999","","99999","99999","99999","99999","99999","99999","99999","99999","99999","","","","","",""
"493","Steve Outhouse","Male","Ottawa","ON","CA","M50-54","FIN","8:49:14","0:52:13","0:09:00","4:25:32","0:04:34","3:17:54","99999","99999","99999","","99999","99999","99999","99999","99999","99999","99999","99999","99999","31754","3133","540","15932","274","11874"
"1059","Sarah Kadi","Female","Vancouver","CA-BC","CA","F45-49","DNF","","0:47:15","0:11:05","4:36:21","0:07:20","","99999","99999","99999","","99999","99999","99999","99999","99999","99999","99999","99999","99999","","2835","665","16581","440",""
"1250","Marcus Dovalina","Male","San Antonio","TX","US","M40-44","FIN","","","0:00:00","","0:00:00","","99999","99999","99999","","99999","99999","99999","99999","99999","99999","99999","99999","99999","","","","","",""
"381","Thomas Scheer","Male","Cheltenham","US-MD","US","M50-54","FIN","8:36:06","0:45:09","0:06:23","4:07:43","0:04:04","3:32:47","99999","99999","99999","","99999","99999","99999","99999","99999","99999","99999","99999","99999","30966","2709","383","14863","244","12767"
"36","Heidi Kerko","Female","NEW CANAAN","CT","US","F50-54","FIN","","","0:00:00","","0:00:00","","99999","99999","99999","","99999","99999","99999","99999","99999","99999","99999","99999","99999","","","","","",""
"390","Shannon Bonney","Female","Burlington","CA-ON","CA","F45-49","DNF","","0:59:12","0:05:08","","0:00:00","","99999","99999","99999","","99999","99999","99999","99999","99999","99999","99999","99999","99999","","3552","308","","",""
"544","Michon Edgington","Female","Reno","Nevada","US","F30-34","FIN","8:41:02","0:43:00","0:08:08","4:48:51","0:05:43","2:55:19","99999","99999","99999","","99999","99999","99999","99999","99999","99999","99999","99999","99999","31262","2580","488","17331","343","10519"
"1319","Lyle Crispin","Male","Rossland","BC","CA","M60-64","FIN","","","0:00:00","","0:00:00","","99999","99999","99999","","99999","99999","99999","99999","99999","99999","99999","99999","99999","","","","","",""
"1021","Christopher McCulloch","Male","Canmore","AB","CA","M25-29","FIN","8:05:05","1:04:16","0:04:20","4:33:34","0:03:34","2:19:21","99999","99999","99999","","99999","99999","99999","99999","99999","99999","99999","99999","99999","29105","3856","260","16414","214","8361"
"1111","Ali Duke","Female","North Vancouver","BC","CA","F50-54","DNF","","0:59:11","0:08:20","","0:00:00","","99999","99999","99999","","99999","99999","99999","99999","99999","99999","99999","99999","99999","","3551","500","","",""
"583","Josh Reighley","Male","SPOKANE VLY","WA","US","M50-54","FIN","8:30:44","0:49:03","0:05:39","4:03:41","0:05:25","3:26:57","99999","99999","99999","","99999","99999","99999","99999","99999","99999","99999","99999","99999","30644","2943","339","14621","325","12417"
"1218","Norm Seidel","Male","Tacoma","WA","US","M55-59","FIN","8:32:36","0:50:05","0:12:53","4:12:31","0:10:41","3:06:25","99999","99999","99999","","99999","99999","99999","99999","99999","99999","99999","99999","99999","30756","3005","773","15151","641","11185"
"885","Krystian Guevara","Male","Vancouver","BC","CA","M18-24","DNF","","1:08:20","0:04:44","","0:00:00","","99999","99999","99999","","99999","99999","99999","99999","99999","99999","99999","99999","99999","","4100","284","","",""
"388","Jasper MacMillan","Female","Sherwood Park","Alberta","CA","F18-24","FIN","8:22:29","0:51:52","0:10:05","4:34:36","0:07:04","2:38:51","99999","99999","99999","","99999","99999","99999","99999","99999","99999","99999","99999","99999","30149","3112","605","16476","424","9531"
"323","Renee Larsen","Female","Auburn","WA","US","F60-64","FIN","9:03:45","1:01:11","0:10:54","4:21:52","0:08:03","3:21:45","99999","99999","99999","","99999","99999","99999","99999","99999","99999","99999","99999","99999","32625","3671","654","15712","483","12105"
"212","Kaitlyn Holly","Female","Hopkinton","MA","US","F25-29","DNF","","1:09:02","0:05:46","","0:00:00","","99999","99999","99999","","99999","99999","99999","99999","99999","99999","99999","99999","99999","","4142","346","","",""
"1184","Nicholas Fischer","Male","Port Coquitlam","British Columbia","CA","M35-39","DNF","","0:52:56","0:13:36","","0:00:00","","99999","99999","99999","","99999","99999","99999","99999","99999","99999","99999","99999","99999","","3176","816","","",""
"521","James Tate","Male","Vancouver","BC","CA","M60-64","DNF","","0:37:45","0:05:19","3:07:27","0:05:02","","99999","99999","99999","","99999","99999","99999","99999","99999","99999","99999","99999","99999","","2265","319","11247","302",""
"1343","Peter Dobud","Male","port moody ","British Columbia","CA","M30-34","FIN","8:57:48","0:45:14","0:09:37","4:32:00","0:07:30","3:23:27","99999","99999","99999","","99999","99999","99999","99999","99999","99999","99999","99999","99999","32268","2714","577","16320","450","12207"
"87","Tara Beattie","Female","Calgary","CA-AB","CA","F55-59","FIN","","","0:00:00","","0:00:00","","99999","99999","99999","","99999","99999","99999","99999","99999","99999","99999","99999","99999","","","","","",""
"785","Magdalena Remillard","Female","SAN DIEGO","US-CA","PL","F65-69","DNF","","0:43:50","0:05:57","4:01:12","0:00:00","","99999","99999","99999","","99999","99999","99999","99999","99999","99999","99999","99999","99999","","2630","357","14472","",""
"192","Richard Dubois","Male","Seattle","WASHINGTON","US","M35-39","FIN","","","0:00:00","","0:00:00","","99999","99999","99999","","99999","99999","99999","99999","99999","99999","99999","99999","99999","","","","","",""
"956","Carl Drotsky","Male","Beaumont","AB","CA","M60-64","DNF","","0:38:49","0:06:26","3:39:33","0:05:36","","99999","99999","99999","","99999","99999","99999","99999","99999","99999","99999","99999","99999","","2329","386","13173","336",""
"712","Jinhyuk CHO","Male","Vancouver","CA-BC","KR","M30-34","DNF","","0:59:21","0:11:04","","0:00:00","","99999","99999","99999","","99999","99999","99999","99999","99999","99999","99999","99999","99999","","3561","664","","",""
"1134","Alex Poirier","Male","Maple Ridge","BC","CA","M35-39","DNF","7:04:24","0:43:42","0:03:35","3:26:32","0:02:03","2:48:30","99999","99999","99999","","99999","99999","99999","99999","99999","99999","99999","99999","99999","25464","2622","215","12392","123","10110"
"1372","Holly Eagleston","Female","Albuquerque","New Mexico","US","F40-44","FIN","8:23:13","0:59:59","0:06:18","4:27:44","0:05:30","2:43:41","99999","99999","99999","","99999","99999","99999","99999","99999","99999","99999","99999","99999","30193","3599","378","16064","330","9821"
"384","Scott MacMillan","Male","Sherwood Park","AB","CA","M45-49","FIN","8:22:24","0:51:46","0:10:06","4:34:34","0:07:51","2:38:06","99999","99999","99999","","99999","99999","99999","99999","99999","99999","99999","99999","99999","30144","3106","606","16474","471","9486"
"1281","Christopher Mcmillan","Male","Winnipeg","MB","CA","M45-49","DNF","","0:54:12","0:05:56","4:23:37","0:00:00","","99999","99999","99999","","99999","99999","99999","99999","99999","99999","99999","99999","99999","","3252","356","15817","",""
"70","Lishan Sharples","Male","Vancouver","BC","CA","M35-39","DNF","4:29:27","0:31:57","0:03:22","2:27:38","0:01:24","1:25:06","99999","99999","99999","","99999","99999","99999","99999","99999","99999","99999","99999","99999","16167","1917","202","8858","84","5106"
"391","Beatrice Van Horne","Female","Corvallis","OR","US","F75-79","DNF","","0:45:18","0:10:58","4:21:08","0:09:03","","99999","99999","99999","","99999","99999","99999","99999","99999","99999","99999","99999","99999","","2718","658","15668","543",""
"1339","Vaspan Gutta","Male","Burnaby ","BRITISH COLUMBIA","CA","M35-39","DNF","6:09:12","0:41:03","0:00:00","","0:00:00","1:47:46","99999","99999","99999","","99999","99999","99999","99999","99999","99999","99999","99999","99999","22152","2463","","","","6466"
"304","Annabelle Swenson","Female","Colorado Springs","CO","US","F18-24","FIN","8:16:55","0:49:04","0:12:01","4:30:15","0:06:26","2:39:09","99999","99999","99999","","99999","99999","99999","99999","99999","99999","99999","99999","99999","29815","2944","721","16215","386","9549"
"904","Jennifer Campbell","Female","Sexsmith","AB","CA","F45-49","FIN","9:04:40","0:52:47","0:05:39","4:38:15","0:04:12","3:23:46","99999","99999","99999","","99999","99999","99999","99999","99999","99999","99999","99999","99999","32680","3167","339","16695","252","12226"
"51","Robin Clegg","Male","Calgary","AB","CA","M45-49","DNF","","0:32:31","0:03:45","2:28:10","0:02:33","","99999","99999","99999","","99999","99999","99999","99999","99999","99999","99999","99999","99999","","1951","225","8890","153",""